annee,semaine,mois,date_debut,date_fin,marche,tendance,source
2023,1,,2023-01-02,2023-01-08,LIMOGES,COURS RECONDUITS.,COT-VRO-GB_maigres-A23-S01.csv
2023,1,,2023-01-02,2023-01-08,CLERMONT-FERRAND,"PEU DE TRANSACTION POUR CETTE SEMAINE DE REPRISE APRÈS LES FÊTES, COURS DANS L'ENSEMBLE RECONDUITS.",COT-VRO-GB_maigres-A23-S01.csv
2023,1,,2023-01-02,2023-01-08,DIJON,SEMAINE DE REPRISE APRÈS NOËL. COURS RECONDUITS.,COT-VRO-GB_maigres-A23-S01.csv
2023,1,,2023-01-02,2023-01-08,TOULOUSE,COURS RECONDUITS.,COT-VRO-GB_maigres-A23-S01.csv
2023,1,,2023-01-02,2023-01-08,NANTES,COURS RECONDUITS POUR INFORMATION.,COT-VRO-GB_maigres-A23-S01.csv
2023,1,,2023-01-02,2023-01-08,NANCY,,COT-VRO-GB_maigres-A23-S01.csv
2023,1,,2023-01-02,2023-01-08,MOYENNE NATIONALE,,COT-VRO-GB_maigres-A23-S01.csv
2023,2,,2023-01-09,2023-01-15,LIMOGES,BONNE DEMANDE.,COT-VRO-GB_maigres-A23-S02.csv
2023,2,,2023-01-09,2023-01-15,CLERMONT-FERRAND,LE MARCHÉ TARDE À REPRENDRE DE LA VIGUEUR APRÈS LES FÊTES.,COT-VRO-GB_maigres-A23-S02.csv
2023,2,,2023-01-09,2023-01-15,DIJON,"REPRISE D'ACTIVITÉ, COURS FACILEMENT RECONDUITS.",COT-VRO-GB_maigres-A23-S02.csv
2023,2,,2023-01-09,2023-01-15,TOULOUSE,"REPRISE DE L'EXPORT, LÉGER TASSEMENT DES COURS EN LIMOUSINS.",COT-VRO-GB_maigres-A23-S02.csv
2023,2,,2023-01-09,2023-01-15,NANTES,"L'ACTIVITÉ REDÉMARRE, LA BONNE MARCHANDISE EST PRIVILÉGIÉE.",COT-VRO-GB_maigres-A23-S02.csv
2023,2,,2023-01-09,2023-01-15,NANCY,,COT-VRO-GB_maigres-A23-S02.csv
2023,2,,2023-01-09,2023-01-15,MOYENNE NATIONALE,,COT-VRO-GB_maigres-A23-S02.csv
2023,3,,2023-01-16,2023-01-22,LIMOGES,"MARCHÉ TOUJOURS PORTEUR, LÉGÈRE HAUSSE.",COT-VRO-GB_maigres-A23-S03.csv
2023,3,,2023-01-16,2023-01-22,CLERMONT-FERRAND,LÉGÈRE REPRISE EN MÂLES. COURS TRÈS DIFFICILEMENT RECONDUITS EN FEMELLES.,COT-VRO-GB_maigres-A23-S03.csv
2023,3,,2023-01-16,2023-01-22,DIJON,QUORUM NON ATTEINT. COURS RECONDUITS.,COT-VRO-GB_maigres-A23-S03.csv
2023,3,,2023-01-16,2023-01-22,TOULOUSE,MARCHÉ PLUS DIFFICILE EN MARCHANDISES ORDINAIRES ET FEMELLES.,COT-VRO-GB_maigres-A23-S03.csv
2023,3,,2023-01-16,2023-01-22,NANTES,DEMANDE PRUDENTE ET DANS L'EXPECTATIVE AVEC UNE PRESSION SUR LES COURS.,COT-VRO-GB_maigres-A23-S03.csv
2023,3,,2023-01-16,2023-01-22,NANCY,,COT-VRO-GB_maigres-A23-S03.csv
2023,3,,2023-01-16,2023-01-22,MOYENNE NATIONALE,,COT-VRO-GB_maigres-A23-S03.csv
2023,4,,2023-01-23,2023-01-29,LIMOGES,MARCHÉ DYNAMIQUE.,COT-VRO-GB_maigres-A23-S04.csv
2023,4,,2023-01-23,2023-01-29,CLERMONT-FERRAND,"LÉGÈRE PROGRESSION DES COURS EN MÂLES, PLUS DIFFICILE EN FEMELLES.",COT-VRO-GB_maigres-A23-S04.csv
2023,4,,2023-01-23,2023-01-29,DIJON,LA BONNE DEMANDE FAIT PROGRESSER LES COURS DANS TOUTES LES CATÉGORIES.,COT-VRO-GB_maigres-A23-S04.csv
2023,4,,2023-01-23,2023-01-29,TOULOUSE,"MARCHÉ PEU APPROVISIONNÉ EN RAISON DES CONDITIONS DE CIRCULATION, COURS FACILEMENT RECONDUITS.",COT-VRO-GB_maigres-A23-S04.csv
2023,4,,2023-01-23,2023-01-29,NANTES,L'OFFRE ET LA DEMANDE SONT À L'ÉQUILIBRE AVEC DES COURS BIEN ORIENTÉS.,COT-VRO-GB_maigres-A23-S04.csv
2023,4,,2023-01-23,2023-01-29,NANCY,,COT-VRO-GB_maigres-A23-S04.csv
2023,4,,2023-01-23,2023-01-29,MOYENNE NATIONALE,,COT-VRO-GB_maigres-A23-S04.csv
2023,5,,2023-01-30,2023-02-05,LIMOGES,"OFFRE MODÉRÉE, COURS SOUTENUS.",COT-VRO-GB_maigres-A23-S05.csv
2023,5,,2023-01-30,2023-02-05,CLERMONT-FERRAND,LES COURS SONT GLOBALEMENT RECONDUITS.,COT-VRO-GB_maigres-A23-S05.csv
2023,5,,2023-01-30,2023-02-05,DIJON,LE PEU D'OFFRE DYNAMISE LES COURS.,COT-VRO-GB_maigres-A23-S05.csv
2023,5,,2023-01-30,2023-02-05,TOULOUSE,LE MARCHÉ PEU APPROVISIONNÉ PERMET UN MAINTIEN FACILE DES COURS.,COT-VRO-GB_maigres-A23-S05.csv
2023,5,,2023-01-30,2023-02-05,NANTES,BONNE AMBIANCE COMMERCIALE AVEC DES COURS À LA HAUSSE.,COT-VRO-GB_maigres-A23-S05.csv
2023,5,,2023-01-30,2023-02-05,NANCY,,COT-VRO-GB_maigres-A23-S05.csv
2023,5,,2023-01-30,2023-02-05,MOYENNE NATIONALE,,COT-VRO-GB_maigres-A23-S05.csv
2023,6,,2023-02-06,2023-02-12,LIMOGES,"MARCHÉ ACTIF, BONNE DEMANDE.",COT-VRO-GB_maigres-A23-S06.csv
2023,6,,2023-02-06,2023-02-12,CLERMONT-FERRAND,COURS RECONDUITS EN TOUTES CATÉGORIES.,COT-VRO-GB_maigres-A23-S06.csv
2023,6,,2023-02-06,2023-02-12,DIJON,COURS FACILEMENT RECONDUITS.,COT-VRO-GB_maigres-A23-S06.csv
2023,6,,2023-02-06,2023-02-12,TOULOUSE,"LES APPORTS RESTENT MODÉRÉS ET LA DEMANDE STABLE, CE QUI PERMET DE RECONDUIRE FACILEMENT LES COURS.",COT-VRO-GB_maigres-A23-S06.csv
2023,6,,2023-02-06,2023-02-12,NANTES,LES COURS SONT BOOSTÉS PAR UNE OFFRE INSUFFISANTE POUR UNE DEMANDE À LA RECHERCHE DE VOLUMES.,COT-VRO-GB_maigres-A23-S06.csv
2023,6,,2023-02-06,2023-02-12,NANCY,,COT-VRO-GB_maigres-A23-S06.csv
2023,6,,2023-02-06,2023-02-12,MOYENNE NATIONALE,,COT-VRO-GB_maigres-A23-S06.csv
2023,7,,2023-02-13,2023-02-19,LIMOGES,"OFFRE RESTREINTE, COURS SOUTENUS.",COT-VRO-GB_maigres-A23-S07.csv
2023,7,,2023-02-13,2023-02-19,CLERMONT-FERRAND,LES COURS CONTINUENT DE RESTER À UN NIVEAU STABLE.,COT-VRO-GB_maigres-A23-S07.csv
2023,7,,2023-02-13,2023-02-19,DIJON,COURS FACILEMENT RECONDUITS.,COT-VRO-GB_maigres-A23-S07.csv
2023,7,,2023-02-13,2023-02-19,TOULOUSE,MARCHÉ ACTIF EN BONS BROUTARDS. PEU D'APPORTS.,COT-VRO-GB_maigres-A23-S07.csv
2023,7,,2023-02-13,2023-02-19,NANTES,POURSUITE DE LA HAUSSE AVEC DES VOLUMES PRÉSENTÉS INSUFFISANTS POUR UNE FORTE DEMANDE.,COT-VRO-GB_maigres-A23-S07.csv
2023,7,,2023-02-13,2023-02-19,NANCY,,COT-VRO-GB_maigres-A23-S07.csv
2023,7,,2023-02-13,2023-02-19,MOYENNE NATIONALE,,COT-VRO-GB_maigres-A23-S07.csv
2023,8,,2023-02-20,2023-02-26,LIMOGES,LA RÉDUCTION DE L'OFFRE PERMET UNE NOUVELLE HAUSSE DES COURS.,COT-VRO-GB_maigres-A23-S08.csv
2023,8,,2023-02-20,2023-02-26,CLERMONT-FERRAND,LA HAUSSE SAISONNIÈRE SEMBLE S'AMORCER.,COT-VRO-GB_maigres-A23-S08.csv
2023,8,,2023-02-20,2023-02-26,DIJON,COURS FACILEMENT RECONDUITS.,COT-VRO-GB_maigres-A23-S08.csv
2023,8,,2023-02-20,2023-02-26,TOULOUSE,"APPORTS TOUJOURS MODÉRÉS, COURS BIEN ORIENTÉS.",COT-VRO-GB_maigres-A23-S08.csv
2023,8,,2023-02-20,2023-02-26,NANTES,TOUES LES CATÉGORIES DE BROUTARDS VOIENT LEURS COURS À LA HAUSSE.,COT-VRO-GB_maigres-A23-S08.csv
2023,8,,2023-02-20,2023-02-26,NANCY,,COT-VRO-GB_maigres-A23-S08.csv
2023,8,,2023-02-20,2023-02-26,MOYENNE NATIONALE,,COT-VRO-GB_maigres-A23-S08.csv
2023,9,,2023-02-27,2023-03-05,LIMOGES,COURS RECONDUITS.,COT-VRO-GB_maigres-A23-S09.csv
2023,9,,2023-02-27,2023-03-05,CLERMONT-FERRAND,COURS EN LÉGÈRE PROGRESSION.,COT-VRO-GB_maigres-A23-S09.csv
2023,9,,2023-02-27,2023-03-05,DIJON,QUORUM NON ATTEINT. COURS RECONDUITS.,COT-VRO-GB_maigres-A23-S09.csv
2023,9,,2023-02-27,2023-03-05,TOULOUSE,LES APPORTS TOUJOURS LIMITÉS FAVORISENT DES TRANSACTIONS RAPIDES.,COT-VRO-GB_maigres-A23-S09.csv
2023,9,,2023-02-27,2023-03-05,NANTES,LES VOLUMES OFFERTS SONT INSUFFISANTS POUR UNE DEMANDE ACTIVE. NOUVELLE HAUSSE DES COURS.,COT-VRO-GB_maigres-A23-S09.csv
2023,9,,2023-02-27,2023-03-05,NANCY,,COT-VRO-GB_maigres-A23-S09.csv
2023,9,,2023-02-27,2023-03-05,MOYENNE NATIONALE,,COT-VRO-GB_maigres-A23-S09.csv
2023,10,,2023-03-06,2023-03-12,LIMOGES,COURS RECONDUITS. MARCHÉ ÉQUILIBRÉ.,COT-VRO-GB_maigres-A23-S10.csv
2023,10,,2023-03-06,2023-03-12,CLERMONT-FERRAND,COURS RECONDUITS.,COT-VRO-GB_maigres-A23-S10.csv
2023,10,,2023-03-06,2023-03-12,DIJON,COURS À LA HAUSSE DANS LES MÂLES ET GLOBALEMENT RECONDUITS DANS LES FEMELLES.,COT-VRO-GB_maigres-A23-S10.csv
2023,10,,2023-03-06,2023-03-12,TOULOUSE,"APPORTS MODÉRÉS, LÉGÈRES PLUS-VALUES EN MÂLES BLONDS DE BONNE QUALITÉ ET FEMELLES.",COT-VRO-GB_maigres-A23-S10.csv
2023,10,,2023-03-06,2023-03-12,NANTES,POURSUITE DE LA HAUSSE.,COT-VRO-GB_maigres-A23-S10.csv
2023,10,,2023-03-06,2023-03-12,NANCY,,COT-VRO-GB_maigres-A23-S10.csv
2023,10,,2023-03-06,2023-03-12,MOYENNE NATIONALE,,COT-VRO-GB_maigres-A23-S10.csv
2023,11,,2023-03-13,2023-03-19,LIMOGES,MARCHÉ SOUTENU.,COT-VRO-GB_maigres-A23-S11.csv
2023,11,,2023-03-13,2023-03-19,CLERMONT-FERRAND,L'OFFRE RESTREINTE ENTRAÎNE UNE AUGMENTATION DES COURS.,COT-VRO-GB_maigres-A23-S11.csv
2023,11,,2023-03-13,2023-03-19,DIJON,QUORUM NON ATTEINT. COURS RECONDUITS.,COT-VRO-GB_maigres-A23-S11.csv
2023,11,,2023-03-13,2023-03-19,TOULOUSE,"APPORTS LIMITÉS, MARCHÉ ACTIF.",COT-VRO-GB_maigres-A23-S11.csv
2023,11,,2023-03-13,2023-03-19,NANTES,OFFRE INSUFFISANTE POUR SATISFAIRE LES BESOINS. COURS EN HAUSSE.,COT-VRO-GB_maigres-A23-S11.csv
2023,11,,2023-03-13,2023-03-19,NANCY,,COT-VRO-GB_maigres-A23-S11.csv
2023,11,,2023-03-13,2023-03-19,MOYENNE NATIONALE,,COT-VRO-GB_maigres-A23-S11.csv
2023,12,,2023-03-20,2023-03-26,LIMOGES,"COURS RECONDUITS, MARCHÉ STABLE.",COT-VRO-GB_maigres-A23-S12.csv
2023,12,,2023-03-20,2023-03-26,CLERMONT-FERRAND,LES COURS SONT GLOBALEMENT RECONDUITS.,COT-VRO-GB_maigres-A23-S12.csv
2023,12,,2023-03-20,2023-03-26,DIJON,DEMANDE ACTIVE DANS LES MÂLES ENTRAINANT LA HAUSSE DES COURS. COURS RECONDUITS CHEZ LES FEMELLES.,COT-VRO-GB_maigres-A23-S12.csv
2023,12,,2023-03-20,2023-03-26,TOULOUSE,"OFFRE LIMITÉE, DEMANDE ET MARCHÉ ACTIF.;; ;;;;",COT-VRO-GB_maigres-A23-S12.csv
2023,12,,2023-03-20,2023-03-26,NANTES,ACTIVITÉ FLUIDE AVEC DES COURS INCHANGÉS.,COT-VRO-GB_maigres-A23-S12.csv
2023,12,,2023-03-20,2023-03-26,NANCY,,COT-VRO-GB_maigres-A23-S12.csv
2023,12,,2023-03-20,2023-03-26,MOYENNE NATIONALE,,COT-VRO-GB_maigres-A23-S12.csv
2023,13,,2023-03-27,2023-04-02,LIMOGES,PLAFONNEMENT DES COURS.,COT-VRO-GB_maigres-A23-S13.csv
2023,13,,2023-03-27,2023-04-02,CLERMONT-FERRAND,"OFFRE LIMITÉE, COURS RECONDUITS.",COT-VRO-GB_maigres-A23-S13.csv
2023,13,,2023-03-27,2023-04-02,DIJON,"BONNE DEMANDE DANS LES MÂLES, COMMERCE DYNAMIQUE.",COT-VRO-GB_maigres-A23-S13.csv
2023,13,,2023-03-27,2023-04-02,TOULOUSE,COURS FERMEMENT RECONDUITS.,COT-VRO-GB_maigres-A23-S13.csv
2023,13,,2023-03-27,2023-04-02,NANTES,"COURS RECONDUITS DANS LES BONS BROUTARDS CHAROLAIS, LIMOUSINS ET BLONDS D'AQUITAINE.",COT-VRO-GB_maigres-A23-S13.csv
2023,13,,2023-03-27,2023-04-02,NANCY,,COT-VRO-GB_maigres-A23-S13.csv
2023,13,,2023-03-27,2023-04-02,MOYENNE NATIONALE,,COT-VRO-GB_maigres-A23-S13.csv
2023,14,,2023-04-03,2023-04-09,LIMOGES,"DEMANDE RÉGULIÈRE, COURS RECONDUITS.",COT-VRO-GB_maigres-A23-S14.csv
2023,14,,2023-04-03,2023-04-09,CLERMONT-FERRAND,"LE MARCHÉ EST PLUS TENDU, LES COURS DES MÂLES PERDENT QUELQUES CENTIMES.",COT-VRO-GB_maigres-A23-S14.csv
2023,14,,2023-04-03,2023-04-09,DIJON,COURS FACILEMENT RECONDUITS DANS LES MÂLES. COMMERCE UN PEU PLUS DIFFICILE DANS LES FEMELLES.,COT-VRO-GB_maigres-A23-S14.csv
2023,14,,2023-04-03,2023-04-09,TOULOUSE,"QUELQUES RÉAJUSTEMENTS, MARCHÉ TOUJOURS ACTIF EN BONS BROUTARDS.",COT-VRO-GB_maigres-A23-S14.csv
2023,14,,2023-04-03,2023-04-09,NANTES,LA BONNE MARCHANDISE EST RECHERCHÉE AVEC DES COURS ORIENTÉS À LA HAUSSE.,COT-VRO-GB_maigres-A23-S14.csv
2023,14,,2023-04-03,2023-04-09,NANCY,,COT-VRO-GB_maigres-A23-S14.csv
2023,14,,2023-04-03,2023-04-09,MOYENNE NATIONALE,,COT-VRO-GB_maigres-A23-S14.csv
2023,15,,2023-04-10,2023-04-16,LIMOGES,BONNE DEMANDE EN ANIMAUX DE BONNE QUALITÉ.,COT-VRO-GB_maigres-A23-S15.csv
2023,15,,2023-04-10,2023-04-16,CLERMONT-FERRAND,LES COURS SONT GLOBALEMENT RECONDUITS.,COT-VRO-GB_maigres-A23-S15.csv
2023,15,,2023-04-10,2023-04-16,DIJON,COURS PLUS DIFFICILEMENT RECONDUITS DANS LES MÂLES. COMMERCE TOUJOURS DIFFICILE EN FEMELLES.,COT-VRO-GB_maigres-A23-S15.csv
2023,15,,2023-04-10,2023-04-16,TOULOUSE,"PEU OU PAS D'EXPORT, MARCHÉ PEU REPRÉSENTATIF.",COT-VRO-GB_maigres-A23-S15.csv
2023,15,,2023-04-10,2023-04-16,NANTES,LA DEMANDE EST RÉGULIÈRE DANS LES BONS SUJETS. UNE TENDANCE AU PLAFONNEMENT DES COURS APPARAÎT.,COT-VRO-GB_maigres-A23-S15.csv
2023,15,,2023-04-10,2023-04-16,NANCY,,COT-VRO-GB_maigres-A23-S15.csv
2023,15,,2023-04-10,2023-04-16,MOYENNE NATIONALE,,COT-VRO-GB_maigres-A23-S15.csv
2023,16,,2023-04-17,2023-04-23,LIMOGES,COMMERCE PLUS LENT POUR LES ANIMAUX DE QUALITÉ INFÉRIEURE ET LES FEMELLES.,COT-VRO-GB_maigres-A23-S16.csv
2023,16,,2023-04-17,2023-04-23,CLERMONT-FERRAND,MARCHÉ PLUS DIFFICILE NOTAMMENT EN MÂLES SALERS ET FEMELLES.,COT-VRO-GB_maigres-A23-S16.csv
2023,16,,2023-04-17,2023-04-23,DIJON,L'OFFRE ET LA DEMANDE SONT ÉQUILIBRÉES.,COT-VRO-GB_maigres-A23-S16.csv
2023,16,,2023-04-17,2023-04-23,TOULOUSE,"COURS RECONDUITS EN BONNE MARCHANDISE, PLUS SÉLECTIF DANS LE RESTE.",COT-VRO-GB_maigres-A23-S16.csv
2023,16,,2023-04-17,2023-04-23,NANTES,VENTE FACILE EN BONS SUJETS DE QUALITÉ. COMMERCE PLUS LABORIEUX DANS LES CHOIX SECONDAIRES.,COT-VRO-GB_maigres-A23-S16.csv
2023,16,,2023-04-17,2023-04-23,NANCY,,COT-VRO-GB_maigres-A23-S16.csv
2023,16,,2023-04-17,2023-04-23,MOYENNE NATIONALE,,COT-VRO-GB_maigres-A23-S16.csv
2023,17,,2023-04-24,2023-04-30,LIMOGES,"COURS RECONDUITS, MARCHÉ STABLE.",COT-VRO-GB_maigres-A23-S17.csv
2023,17,,2023-04-24,2023-04-30,CLERMONT-FERRAND,MARCHÉ PLUS TENDU NOTAMMENT EN MÂLES CROISÉS.,COT-VRO-GB_maigres-A23-S17.csv
2023,17,,2023-04-24,2023-04-30,DIJON,COURS FACILEMENT RECONDUITS.,COT-VRO-GB_maigres-A23-S17.csv
2023,17,,2023-04-24,2023-04-30,TOULOUSE,MARCHÉ ACTIF ET RAPIDE AVEC UN PLAFONNEMENT DES COURS.,COT-VRO-GB_maigres-A23-S17.csv
2023,17,,2023-04-24,2023-04-30,NANTES,RECONDUCTION DES COURS.,COT-VRO-GB_maigres-A23-S17.csv
2023,17,,2023-04-24,2023-04-30,NANCY,,COT-VRO-GB_maigres-A23-S17.csv
2023,17,,2023-04-24,2023-04-30,MOYENNE NATIONALE,,COT-VRO-GB_maigres-A23-S17.csv
2023,18,,2023-05-01,2023-05-07,LIMOGES,COURS RECONDUITS. MARCHÉ ÉQUILIBRÉ.,COT-VRO-GB_maigres-A23-S18.csv
2023,18,,2023-05-01,2023-05-07,CLERMONT-FERRAND,LES COURS SONT FACILEMENT RECONDUITS.,COT-VRO-GB_maigres-A23-S18.csv
2023,18,,2023-05-01,2023-05-07,DIJON,"MOINS D'OFFRE, COURS RECONDUITS FACILEMENT EN MÂLES.",COT-VRO-GB_maigres-A23-S18.csv
2023,18,,2023-05-01,2023-05-07,TOULOUSE,"APPORTS FAIBLES, RECONDUCTION DES COURS.",COT-VRO-GB_maigres-A23-S18.csv
2023,18,,2023-05-01,2023-05-07,NANTES,"À L'EXCEPTION DES BONS SUJETS RACES PURES TRÈS RECHERCHÉS, TENDANCE AU PLAFONNEMENT, COURS SENSIBLEMENT RECONDUITS.",COT-VRO-GB_maigres-A23-S18.csv
2023,18,,2023-05-01,2023-05-07,NANCY,,COT-VRO-GB_maigres-A23-S18.csv
2023,18,,2023-05-01,2023-05-07,MOYENNE NATIONALE,,COT-VRO-GB_maigres-A23-S18.csv
2023,19,,2023-05-08,2023-05-14,LIMOGES,COURS SANS CHANGEMENT.,COT-VRO-GB_maigres-A23-S19.csv
2023,19,,2023-05-08,2023-05-14,CLERMONT-FERRAND,"COURS RECONDUITS FACILEMENT EN MÂLES À L'EXCEPTION DES SALERS, COMMERCE PLUS DIFFICILE EN FEMELLES.",COT-VRO-GB_maigres-A23-S19.csv
2023,19,,2023-05-08,2023-05-14,DIJON,"PEU DE VOLUME EN VENTE, LES COURS SONT RECONDUITS.",COT-VRO-GB_maigres-A23-S19.csv
2023,19,,2023-05-08,2023-05-14,TOULOUSE,"APPORTS ET EXPORTS MODÉRÉS EN RAISON DU 8 MAI, COURS RECONDUITS.",COT-VRO-GB_maigres-A23-S19.csv
2023,19,,2023-05-08,2023-05-14,NANTES,"OFFRE MESURÉE, COURS RECONDUITS.;;;;;;; ;;;;;;; ;;;;;;; ;;;;;;;",COT-VRO-GB_maigres-A23-S19.csv
2023,19,,2023-05-08,2023-05-14,NANCY,,COT-VRO-GB_maigres-A23-S19.csv
2023,19,,2023-05-08,2023-05-14,MOYENNE NATIONALE,,COT-VRO-GB_maigres-A23-S19.csv
2023,20,,2023-05-15,2023-05-21,LIMOGES,"SORTIES D'ANIMAUX RÉGULIÈRES, PLAFONNEMENT DES COURS.",COT-VRO-GB_maigres-A23-S20.csv
2023,20,,2023-05-15,2023-05-21,CLERMONT-FERRAND,LA FAIBLESSE DE L'OFFRE PERMET LA RECONDUCTION DES COURS.,COT-VRO-GB_maigres-A23-S20.csv
2023,20,,2023-05-15,2023-05-21,DIJON,LA TENDANCE DES COURS EST À LA HAUSSE.,COT-VRO-GB_maigres-A23-S20.csv
2023,20,,2023-05-15,2023-05-21,TOULOUSE,"APPORTS ET EXPORT MODÉRÉS, COURS RECONDUITS.",COT-VRO-GB_maigres-A23-S20.csv
2023,20,,2023-05-15,2023-05-21,NANTES,ACTIVITÉ AU RALENTI POUR CETTE SEMAINE DE 3 JOURS. COURS RECONDUITS POUR INFORMATION.,COT-VRO-GB_maigres-A23-S20.csv
2023,20,,2023-05-15,2023-05-21,NANCY,,COT-VRO-GB_maigres-A23-S20.csv
2023,20,,2023-05-15,2023-05-21,MOYENNE NATIONALE,,COT-VRO-GB_maigres-A23-S20.csv
2023,21,,2023-05-22,2023-05-28,LIMOGES,COURS RECONDUITS.,COT-VRO-GB_maigres-A23-S21.csv
2023,21,,2023-05-22,2023-05-28,CLERMONT-FERRAND,COURS GLOBALEMENT RECONDUITS.,COT-VRO-GB_maigres-A23-S21.csv
2023,21,,2023-05-22,2023-05-28,DIJON,"COURS À LA HAUSSE, MARCHÉ DYNAMIQUE.",COT-VRO-GB_maigres-A23-S21.csv
2023,21,,2023-05-22,2023-05-28,TOULOUSE,"APPORTS MODÉRÉS, ÉCOULEMENTS FUIDES, RECONDUCTION DES COURS.",COT-VRO-GB_maigres-A23-S21.csv
2023,21,,2023-05-22,2023-05-28,NANTES,SEMAINE AMPUTÉE PAR UN JOUR FÉRIÉ. RECONDUCTION DES COURS.,COT-VRO-GB_maigres-A23-S21.csv
2023,21,,2023-05-22,2023-05-28,NANCY,,COT-VRO-GB_maigres-A23-S21.csv
2023,21,,2023-05-22,2023-05-28,MOYENNE NATIONALE,,COT-VRO-GB_maigres-A23-S21.csv
2023,22,,2023-05-29,2023-06-04,LIMOGES,"SORTIES RÉGULIÈRES, MARCHÉ STABLE.",COT-VRO-GB_maigres-A23-S22.csv
2023,22,,2023-05-29,2023-06-04,CLERMONT-FERRAND,COURS RECONDUITS.,COT-VRO-GB_maigres-A23-S22.csv
2023,22,,2023-05-29,2023-06-04,DIJON,"MALGRÉ UNE AUGMENTATION DANS LES MÂLES LOURDS, LE COMMERCE EST PLUS FACILE DANS LES ANIMAUX LÉGERS.",COT-VRO-GB_maigres-A23-S22.csv
2023,22,,2023-05-29,2023-06-04,TOULOUSE,"APPORTS LIMITÉS, MARCHÉ ACTIF, FACILE RECONDUCTION DES COURS.",COT-VRO-GB_maigres-A23-S22.csv
2023,22,,2023-05-29,2023-06-04,NANTES,L'ACTIVITÉ EST RÉGULIÈRE. LES COURS SONT STABLES.,COT-VRO-GB_maigres-A23-S22.csv
2023,22,,2023-05-29,2023-06-04,NANCY,,COT-VRO-GB_maigres-A23-S22.csv
2023,22,,2023-05-29,2023-06-04,MOYENNE NATIONALE,,COT-VRO-GB_maigres-A23-S22.csv
2023,23,,2023-06-05,2023-06-11,LIMOGES,"COMMERCE STABLE, COURS RECONDUITS.",COT-VRO-GB_maigres-A23-S23.csv
2023,23,,2023-06-05,2023-06-11,CLERMONT-FERRAND,LES COURS SONT RECONDUITS DANS TOUTES LES CATÉGORIES.,COT-VRO-GB_maigres-A23-S23.csv
2023,23,,2023-06-05,2023-06-11,DIJON,"PEU DE MARCHANDISE, COURS FACILEMENT RECONDUITS.",COT-VRO-GB_maigres-A23-S23.csv
2023,23,,2023-06-05,2023-06-11,TOULOUSE,LÉGERS RÉAJUSTEMENTS QUI NE REFLÈTENT PAS FORCÉMENT LA TENDANCE.,COT-VRO-GB_maigres-A23-S23.csv
2023,23,,2023-06-05,2023-06-11,NANTES,BONNE DEMANDE FAVORISANT DES COURS À LA HAUSSE.,COT-VRO-GB_maigres-A23-S23.csv
2023,23,,2023-06-05,2023-06-11,NANCY,,COT-VRO-GB_maigres-A23-S23.csv
2023,23,,2023-06-05,2023-06-11,MOYENNE NATIONALE,,COT-VRO-GB_maigres-A23-S23.csv
2023,24,,2023-06-12,2023-06-18,LIMOGES,"OFFRE PLUS IMPORTANTE, COURS DIFFICILEMENT RECONDUITS.",COT-VRO-GB_maigres-A23-S24.csv
2023,24,,2023-06-12,2023-06-18,CLERMONT-FERRAND,LA FAIBLESSE DE L'OFFRE PERMET UNE BONNE TENUE DES COURS.,COT-VRO-GB_maigres-A23-S24.csv
2023,24,,2023-06-12,2023-06-18,DIJON,COURS PLUS DIFFICILEMENT RECONDUITS.,COT-VRO-GB_maigres-A23-S24.csv
2023,24,,2023-06-12,2023-06-18,TOULOUSE,TASSEMENT DES COURS SUR LES BONS ANIMAUX.,COT-VRO-GB_maigres-A23-S24.csv
2023,24,,2023-06-12,2023-06-18,NANTES,LES COURS SE MAINTIENNENT DANS L'ENSEMBLE DES CATÉGORIES.,COT-VRO-GB_maigres-A23-S24.csv
2023,24,,2023-06-12,2023-06-18,NANCY,,COT-VRO-GB_maigres-A23-S24.csv
2023,24,,2023-06-12,2023-06-18,MOYENNE NATIONALE,,COT-VRO-GB_maigres-A23-S24.csv
2023,25,,2023-06-19,2023-06-25,LIMOGES,OFFRE PLUS CONSÉQUENTE COUVRANT LARGEMENT DES BESOINS LIMITÉS.,COT-VRO-GB_maigres-A23-S25.csv
2023,25,,2023-06-19,2023-06-25,CLERMONT-FERRAND,"COURS DIFFICILEMENT RECONDUITS, L'OFFRE EST RÉDUITE.",COT-VRO-GB_maigres-A23-S25.csv
2023,25,,2023-06-19,2023-06-25,DIJON,COMMERCE PLUS DIFFICILE LIÉ À LA SAISON ET À UNE PRESSION SUR LES PRIX.,COT-VRO-GB_maigres-A23-S25.csv
2023,25,,2023-06-19,2023-06-25,TOULOUSE,"MALGRÉ LA DEMANDE ACTIVE, LES COURS PLAFONNENT.",COT-VRO-GB_maigres-A23-S25.csv
2023,25,,2023-06-19,2023-06-25,NANTES,L'ACTIVITÉ SE TEND AVEC DES COURS PÉNIBLEMENT RECONDUITS.,COT-VRO-GB_maigres-A23-S25.csv
2023,25,,2023-06-19,2023-06-25,NANCY,,COT-VRO-GB_maigres-A23-S25.csv
2023,25,,2023-06-19,2023-06-25,MOYENNE NATIONALE,,COT-VRO-GB_maigres-A23-S25.csv
2023,26,,2023-06-26,2023-07-02,LIMOGES,MARCHÉ TRÈS CALME. PEU DE DEMANDE.,COT-VRO-GB_maigres-A23-S26.csv
2023,26,,2023-06-26,2023-07-02,CLERMONT-FERRAND,LES COURS DES JEUNES BOVINS EN BERNE ENTRAINENT LA BAISSE DES COURS DES BROUTARDS.,COT-VRO-GB_maigres-A23-S26.csv
2023,26,,2023-06-26,2023-07-02,DIJON,"QUORUM NON ATTEINT, COURS RECONDUITS.",COT-VRO-GB_maigres-A23-S26.csv
2023,26,,2023-06-26,2023-07-02,TOULOUSE,ÉCRÊTEMENT DES COURS DANS LES BONS ANIMAUX DESTINÉS À L'ITALIE.,COT-VRO-GB_maigres-A23-S26.csv
2023,26,,2023-06-26,2023-07-02,NANTES,LA PRESSION À LA BAISSE SE CONCRÉTISE MALGRÉ UNE BONNE QUALITÉ DE L'OFFRE.,COT-VRO-GB_maigres-A23-S26.csv
2023,26,,2023-06-26,2023-07-02,NANCY,,COT-VRO-GB_maigres-A23-S26.csv
2023,26,,2023-06-26,2023-07-02,MOYENNE NATIONALE,,COT-VRO-GB_maigres-A23-S26.csv
2023,27,,2023-07-03,2023-07-09,LIMOGES,"TRÈS PEU DE DEMANDE, SURTOUT DANS LES MÂLES.",COT-VRO-GB_maigres-A23-S27.csv
2023,27,,2023-07-03,2023-07-09,CLERMONT-FERRAND,BAISSE GÉNÉRALISÉE DES COURS.,COT-VRO-GB_maigres-A23-S27.csv
2023,27,,2023-07-03,2023-07-09,DIJON,"COMMISSION ANNULÉE, COURS RECONDUITS.",COT-VRO-GB_maigres-A23-S27.csv
2023,27,,2023-07-03,2023-07-09,TOULOUSE,TRI PLUS SÉLECTIF DANS LES BONS ANIMAUX DESTINÉS À L'ITALIE.,COT-VRO-GB_maigres-A23-S27.csv
2023,27,,2023-07-03,2023-07-09,NANTES,LA BAISSE DES COURS DU JB FAVORISE UNE NOUVELLE BAISSE SUR LES BROUTARDS.,COT-VRO-GB_maigres-A23-S27.csv
2023,27,,2023-07-03,2023-07-09,NANCY,,COT-VRO-GB_maigres-A23-S27.csv
2023,27,,2023-07-03,2023-07-09,MOYENNE NATIONALE,,COT-VRO-GB_maigres-A23-S27.csv
2023,28,,2023-07-10,2023-07-16,LIMOGES,DEMANDE RÉDUITE À L'EXPORT.,COT-VRO-GB_maigres-A23-S28.csv
2023,28,,2023-07-10,2023-07-16,CLERMONT-FERRAND,NOUVELLE BAISSE GÉNÉRALISÉE DES COURS MALGRÉ DES SORTIES FAIBLES.,COT-VRO-GB_maigres-A23-S28.csv
2023,28,,2023-07-10,2023-07-16,DIJON,RÉAJUSTEMENT À LA BAISSE APRÈS DEUX SEMAINES SANS COTATIONS. COMMERCE TRÈS CALME AMPLIFIÉ PAR DE FORTES CHALEURS.,COT-VRO-GB_maigres-A23-S28.csv
2023,28,,2023-07-10,2023-07-16,TOULOUSE,COURS RECONDUITS.,COT-VRO-GB_maigres-A23-S28.csv
2023,28,,2023-07-10,2023-07-16,NANTES,"MALGRÉ L'ABSENCE DE VOLUMES, LES TARIFS SONT REVUS À LA BAISSE.",COT-VRO-GB_maigres-A23-S28.csv
2023,28,,2023-07-10,2023-07-16,NANCY,,COT-VRO-GB_maigres-A23-S28.csv
2023,28,,2023-07-10,2023-07-16,MOYENNE NATIONALE,,COT-VRO-GB_maigres-A23-S28.csv
2023,29,,2023-07-17,2023-07-23,LIMOGES,"COURS JUSTE RECONDUITS EN TRÈS BONS ANIMAUX, COMMERCE TRÈS DIFFICILE EN MARCHANDISES INTERMÉDIAIRES ET EN LOURDS.",COT-VRO-GB_maigres-A23-S29.csv
2023,29,,2023-07-17,2023-07-23,CLERMONT-FERRAND,"APRÈS LA BAISSE DE CES DERNIÈRES SEMAINES, LE MARCHÉ SEMBLE SE RESSAISIR.",COT-VRO-GB_maigres-A23-S29.csv
2023,29,,2023-07-17,2023-07-23,DIJON,PEU D'ANIMAUX ET PEU DE DEMANDE. COMMERCE FACILE EN FEMELLES. ABSENCE DE CERTAINES COTATIONS (FAIBLE ACTIVITÉ).,COT-VRO-GB_maigres-A23-S29.csv
2023,29,,2023-07-17,2023-07-23,TOULOUSE,COURS RECONDUITS.,COT-VRO-GB_maigres-A23-S29.csv
2023,29,,2023-07-17,2023-07-23,NANTES,L'OFFRE EST RÉDUITE ET LA DEMANDE EST TRÈS SÉLECTIVE. LES COURS SE MAINTIENNENT PÉNIBLEMENT.,COT-VRO-GB_maigres-A23-S29.csv
2023,29,,2023-07-17,2023-07-23,NANCY,,COT-VRO-GB_maigres-A23-S29.csv
2023,29,,2023-07-17,2023-07-23,MOYENNE NATIONALE,,COT-VRO-GB_maigres-A23-S29.csv
2023,30,,2023-07-24,2023-07-30,LIMOGES,"COMMERCE CALME, TOUJOURS DIFFICILE EN QUALITÉ INFÉRIEURE.",COT-VRO-GB_maigres-A23-S30.csv
2023,30,,2023-07-24,2023-07-30,CLERMONT-FERRAND,COURS DIFFICILEMENT RECONDUITS.,COT-VRO-GB_maigres-A23-S30.csv
2023,30,,2023-07-24,2023-07-30,DIJON,"PÉRIODE ESTIVALE, PEU DE SORTIES. COURS RECONDUITS.",COT-VRO-GB_maigres-A23-S30.csv
2023,30,,2023-07-24,2023-07-30,TOULOUSE,COURS RECONDUITS.,COT-VRO-GB_maigres-A23-S30.csv
2023,30,,2023-07-24,2023-07-30,NANTES,ACTIVITÉ LIMITÉE PENDANT CETTE PÉRIODE ESTIVALE. COURS RECONDUITS.,COT-VRO-GB_maigres-A23-S30.csv
2023,30,,2023-07-24,2023-07-30,NANCY,,COT-VRO-GB_maigres-A23-S30.csv
2023,30,,2023-07-24,2023-07-30,MOYENNE NATIONALE,,COT-VRO-GB_maigres-A23-S30.csv
2023,31,,2023-07-31,2023-08-06,LIMOGES,MARCHÉ PLUS ACTIF DANS LES ANIMAUX DE QUALITÉ SUPÉRIEURE.,COT-VRO-GB_maigres-A23-S31.csv
2023,31,,2023-07-31,2023-08-06,CLERMONT-FERRAND,"PEU D'ACTIVITÉ, COURS RECONDUITS EN TOUTES CATÉGORIES.",COT-VRO-GB_maigres-A23-S31.csv
2023,31,,2023-07-31,2023-08-06,DIJON,EXPORT AU RALENTI. COURS RECONDUITS.,COT-VRO-GB_maigres-A23-S31.csv
2023,31,,2023-07-31,2023-08-06,TOULOUSE,RECONDUCTION DES COURS.,COT-VRO-GB_maigres-A23-S31.csv
2023,31,,2023-07-31,2023-08-06,NANTES,L'OFFRE EST RÉDUITE ET LA DEMANDE ÉGALEMENT. LES COURS SONT STABLES.,COT-VRO-GB_maigres-A23-S31.csv
2023,31,,2023-07-31,2023-08-06,NANCY,,COT-VRO-GB_maigres-A23-S31.csv
2023,31,,2023-07-31,2023-08-06,MOYENNE NATIONALE,,COT-VRO-GB_maigres-A23-S31.csv
2023,32,,2023-08-07,2023-08-13,LIMOGES,COMMERCE TRÈS DIFFICILE EN MARCHANDISE MOYENNE OU ÂGÉE.,COT-VRO-GB_maigres-A23-S32.csv
2023,32,,2023-08-07,2023-08-13,CLERMONT-FERRAND,COURS RECONDUITS.,COT-VRO-GB_maigres-A23-S32.csv
2023,32,,2023-08-07,2023-08-13,DIJON,COURS FACILEMENT RECONDUITS SUR LES BONS ANIMAUX. MARCHÉ PLUS DIFFICILE EN QUALITÉS INFÉRIEURES.,COT-VRO-GB_maigres-A23-S32.csv
2023,32,,2023-08-07,2023-08-13,TOULOUSE,"RÉAJUSTEMENT DES COURS, APPORTS FAIBLES.",COT-VRO-GB_maigres-A23-S32.csv
2023,32,,2023-08-07,2023-08-13,NANTES,L'ACTIVITÉ EST CALME SANS CHANGEMENT TARIFAIRE.,COT-VRO-GB_maigres-A23-S32.csv
2023,32,,2023-08-07,2023-08-13,NANCY,,COT-VRO-GB_maigres-A23-S32.csv
2023,32,,2023-08-07,2023-08-13,MOYENNE NATIONALE,,COT-VRO-GB_maigres-A23-S32.csv
2023,33,,2023-08-14,2023-08-20,LIMOGES,"COMMERCE QUASI INEXISTANT CETTE SEMAINE, COURS RECONDUITS.",COT-VRO-GB_maigres-A23-S33.csv
2023,33,,2023-08-14,2023-08-20,CLERMONT-FERRAND,TRÈS PEU D'ACTIVITÉ EN CETTE SEMAINE DU 15 AOÛT. COURS GLOBALEMENT RECONDUITS.,COT-VRO-GB_maigres-A23-S33.csv
2023,33,,2023-08-14,2023-08-20,DIJON,COURS GLOBALEMENT RECONDUITS. LE PEU D'OFFRE MAINTIENT LES COURS.,COT-VRO-GB_maigres-A23-S33.csv
2023,33,,2023-08-14,2023-08-20,TOULOUSE,"RECONDUCTION DES COURS, SEMAINE TRONQUÉE.",COT-VRO-GB_maigres-A23-S33.csv
2023,33,,2023-08-14,2023-08-20,NANTES,COURS RECONDUITS POUR INFORMATION.,COT-VRO-GB_maigres-A23-S33.csv
2023,33,,2023-08-14,2023-08-20,NANCY,,COT-VRO-GB_maigres-A23-S33.csv
2023,33,,2023-08-14,2023-08-20,MOYENNE NATIONALE,,COT-VRO-GB_maigres-A23-S33.csv
2023,34,,2023-08-21,2023-08-27,LIMOGES,REPRISE DU MARCHÉ AVEC UNE OFFRE MODÉRÉE.,COT-VRO-GB_maigres-A23-S34.csv
2023,34,,2023-08-21,2023-08-27,CLERMONT-FERRAND,COURS RECONDUITS MAIS VENTE PLUS FACILE EN MÂLES DE 400 À 450 KG.,COT-VRO-GB_maigres-A23-S34.csv
2023,34,,2023-08-21,2023-08-27,DIJON,HAUSSE DES COURS DANS LES BROUTARDS DE QUALITÉ AVEC LA REPRISE DU COMMERCE À L'EXPORT. OFFRE MODÉRÉE.,COT-VRO-GB_maigres-A23-S34.csv
2023,34,,2023-08-21,2023-08-27,TOULOUSE,"RECONDUCTION DES COURS, REPRISE TIMIDE.",COT-VRO-GB_maigres-A23-S34.csv
2023,34,,2023-08-21,2023-08-27,NANTES,"L'ACTIVITÉ EST TOUJOURS PERTURBÉE PAR LES FAIBLES VOLUMES OFFERTS, LES VACANCES ET LA CANICULE.",COT-VRO-GB_maigres-A23-S34.csv
2023,34,,2023-08-21,2023-08-27,NANCY,,COT-VRO-GB_maigres-A23-S34.csv
2023,34,,2023-08-21,2023-08-27,MOYENNE NATIONALE,,COT-VRO-GB_maigres-A23-S34.csv
2023,35,,2023-08-28,2023-09-03,LIMOGES,BONNE DEMANDE EN LAITONNES ET EN MÂLES.,COT-VRO-GB_maigres-A23-S35.csv
2023,35,,2023-08-28,2023-09-03,CLERMONT-FERRAND,"LA DEMANDE EST IMPORTANTE, NOTAMMENT SUR L'ALGÉRIE QUI PAIE AU PRIX FORT DES BROUTARDS LOURDS.",COT-VRO-GB_maigres-A23-S35.csv
2023,35,,2023-08-28,2023-09-03,DIJON,LA BONNE DEMANDE SUR LE MARCHÉ INTÉRIEUR DYNAMISE LES COURS.,COT-VRO-GB_maigres-A23-S35.csv
2023,35,,2023-08-28,2023-09-03,TOULOUSE,"BONNE REPRISE, MARCHÉ ACTIF.",COT-VRO-GB_maigres-A23-S35.csv
2023,35,,2023-08-28,2023-09-03,NANTES,BONNE DEMANDE AVEC DES COURS FACILEMENT RECONDUITS.,COT-VRO-GB_maigres-A23-S35.csv
2023,35,,2023-08-28,2023-09-03,NANCY,,COT-VRO-GB_maigres-A23-S35.csv
2023,35,,2023-08-28,2023-09-03,MOYENNE NATIONALE,,COT-VRO-GB_maigres-A23-S35.csv
2023,36,,2023-09-04,2023-09-10,LIMOGES,MARCHÉ TOUJOURS PORTEUR.,COT-VRO-GB_maigres-A23-S36.csv
2023,36,,2023-09-04,2023-09-10,CLERMONT-FERRAND,LA DEMANDE ALGÉRIENNE ORIENTE DE NOUVEAU LES PRIX À LA HAUSSE.,COT-VRO-GB_maigres-A23-S36.csv
2023,36,,2023-09-04,2023-09-10,DIJON,COURS FACILEMENT RECONDUITS.,COT-VRO-GB_maigres-A23-S36.csv
2023,36,,2023-09-04,2023-09-10,TOULOUSE,MARCHÉ DE REPRISE ACTIF.,COT-VRO-GB_maigres-A23-S36.csv
2023,36,,2023-09-04,2023-09-10,NANTES,LA FAIBLESSE DE L'OFFRE ET LA BONNE DEMANDE FAVORISENT UNE HAUSSE GÉNÉRALISÉE DES COURS.,COT-VRO-GB_maigres-A23-S36.csv
2023,36,,2023-09-04,2023-09-10,NANCY,,COT-VRO-GB_maigres-A23-S36.csv
2023,36,,2023-09-04,2023-09-10,MOYENNE NATIONALE,,COT-VRO-GB_maigres-A23-S36.csv
2023,37,,2023-09-11,2023-09-17,LIMOGES,MARCHÉ ACTIF.,COT-VRO-GB_maigres-A23-S37.csv
2023,37,,2023-09-11,2023-09-17,CLERMONT-FERRAND,"L'ALGÉRIE EST TOUJOURS SUR LE MARCHÉ ET LES PRIX, APRÈS UNE NETTE PROGRESSION, SONT RECONDUITS.",COT-VRO-GB_maigres-A23-S37.csv
2023,37,,2023-09-11,2023-09-17,DIJON,COMMERCE DYNAMIQUE. BONNE DEMANDE SUR LE MARCHÉ FRANÇAIS AINSI QUE SUR L'ALGÉRIE POUR DES ANIMAUX DE QUALITÉ.,COT-VRO-GB_maigres-A23-S37.csv
2023,37,,2023-09-11,2023-09-17,TOULOUSE,MARCHÉ ACTIF ET RAPIDE TOUTES CATÉGORIES.,COT-VRO-GB_maigres-A23-S37.csv
2023,37,,2023-09-11,2023-09-17,NANTES,HAUSSE DES COURS.,COT-VRO-GB_maigres-A23-S37.csv
2023,37,,2023-09-11,2023-09-17,NANCY,,COT-VRO-GB_maigres-A23-S37.csv
2023,37,,2023-09-11,2023-09-17,MOYENNE NATIONALE,,COT-VRO-GB_maigres-A23-S37.csv
2023,38,,2023-09-18,2023-09-24,LIMOGES,MARCHÉ TRÈS IMPACTÉ PAR LES EXPORTATIONS VERS LES PAYS TIERS.,COT-VRO-GB_maigres-A23-S38.csv
2023,38,,2023-09-18,2023-09-24,CLERMONT-FERRAND,LA SEMAINE DERNIÉRE L'EXPORTATION VERS L'ALGÉRIE TIRAIT ENCORE LES PRIX VERS LE HAUT. LA FERMETURE DES FRONTIÈRES DEVRAI,COT-VRO-GB_maigres-A23-S38.csv
2023,38,,2023-09-18,2023-09-24,DIJON,"DEMANDE SOUTENUE, COMMERCE ACTIF PARTICULIÈREMENT DANS LES ANIMAUX LÉGERS.",COT-VRO-GB_maigres-A23-S38.csv
2023,38,,2023-09-18,2023-09-24,TOULOUSE,MARCHÉ ATTENTIF À L'ÉVOLUTION DE LA MHE SUR LE SUD OUEST QUI SE TRADUIT PAR UN ARRÊT DE L'EXPORT.,COT-VRO-GB_maigres-A23-S38.csv
2023,38,,2023-09-18,2023-09-24,NANTES,AMBIANCE COMMERCIALE PLUS CALME AVEC STABILISATION DES COURS .,COT-VRO-GB_maigres-A23-S38.csv
2023,38,,2023-09-18,2023-09-24,NANCY,,COT-VRO-GB_maigres-A23-S38.csv
2023,38,,2023-09-18,2023-09-24,MOYENNE NATIONALE,,COT-VRO-GB_maigres-A23-S38.csv
2023,39,,2023-09-25,2023-10-01,LIMOGES,MARCHÉ DIFFICILE EN RAISON DES BROUTARDS QUI NE PARTENT PLUS VERS LES PAYS TIERS.,COT-VRO-GB_maigres-A23-S39.csv
2023,39,,2023-09-25,2023-10-01,CLERMONT-FERRAND,LA FERMETURE DE LA FRONTIÈRE ALGÉRIENNE IMPACTE FORTEMENT LE COMMERCE. LES COURS DES MÂLES BAISSENT FORTEMENT.,COT-VRO-GB_maigres-A23-S39.csv
2023,39,,2023-09-25,2023-10-01,DIJON,COURS RECONDUITS EN MÂLES ET L'AUGMENTATION DE LA DEMANDE EN FEMELLES FAIT PROGRESSER LES COURS.,COT-VRO-GB_maigres-A23-S39.csv
2023,39,,2023-09-25,2023-10-01,TOULOUSE,MARCHÉ PERTURBÉ PAR LA MHE.,COT-VRO-GB_maigres-A23-S39.csv
2023,39,,2023-09-25,2023-10-01,NANTES,L'ANNONCE DE LA MHE DONNE UN COUP DE FREIN SUR LES COURS AVEC DES PERSPECTIVES DE BAISSE DANS LES SEMAINES À VENIR.,COT-VRO-GB_maigres-A23-S39.csv
2023,39,,2023-09-25,2023-10-01,NANCY,,COT-VRO-GB_maigres-A23-S39.csv
2023,39,,2023-09-25,2023-10-01,MOYENNE NATIONALE,,COT-VRO-GB_maigres-A23-S39.csv
2023,40,,2023-10-02,2023-10-08,LIMOGES,COURS RECONDUITS EN BONNES MARCHANDISES.,COT-VRO-GB_maigres-A23-S40.csv
2023,40,,2023-10-02,2023-10-08,CLERMONT-FERRAND,"LES PERTURBATIONS LIÉES À LA FERMETURE DU MARCHÉ ALGÉRIEN S'ESTOMPENT, LE MARCHÉ RETROUVE DE LA FLUIDITÉ.",COT-VRO-GB_maigres-A23-S40.csv
2023,40,,2023-10-02,2023-10-08,DIJON,"FAUTE DE DONNÉES DISPONIBLES POUR CAUSE DE MHE, COMMISSION ANNULÉE. LES COURS SONT RECONDUITS.",COT-VRO-GB_maigres-A23-S40.csv
2023,40,,2023-10-02,2023-10-08,TOULOUSE,MARCHÉ PERTURBÉ PAR LA MHE.,COT-VRO-GB_maigres-A23-S40.csv
2023,40,,2023-10-02,2023-10-08,NANTES,"LA BAISSE ANNONCÉE SE CONFIRME TOUTES CATÉGORIES CONFONDUES, PLUS ACCENTUÉE EN CHAROLAIS ET LIMOUSINS.",COT-VRO-GB_maigres-A23-S40.csv
2023,40,,2023-10-02,2023-10-08,NANCY,,COT-VRO-GB_maigres-A23-S40.csv
2023,40,,2023-10-02,2023-10-08,MOYENNE NATIONALE,,COT-VRO-GB_maigres-A23-S40.csv
2023,41,,2023-10-09,2023-10-15,LIMOGES,"OFFRE RÉGULIÈRE, COURS STABLES.",COT-VRO-GB_maigres-A23-S41.csv
2023,41,,2023-10-09,2023-10-15,CLERMONT-FERRAND,"APRÈS LES PERTURBATIONS DES SEMAINES PASSÉES, LE MARCHÉ SE STABILISE.",COT-VRO-GB_maigres-A23-S41.csv
2023,41,,2023-10-09,2023-10-15,DIJON,"COMMERCE FACILE EN FEMELLES, PLUS COMPLIQUÉ EN MÂLES.",COT-VRO-GB_maigres-A23-S41.csv
2023,41,,2023-10-09,2023-10-15,TOULOUSE,"PEU DE TRANSACTIONS EN RAISON DE LA ZONE RÉGLEMENTÉE MHE, COURS RECONDUITS.",COT-VRO-GB_maigres-A23-S41.csv
2023,41,,2023-10-09,2023-10-15,NANTES,"BAISSE DES COURS. LES ACHETEURS FONT PRESSION, LE DOSSIER MHE CRÉE DES INCERTITUDES SUR LES MARCHÉS EXPORT VERS L'ITALIE",COT-VRO-GB_maigres-A23-S41.csv
2023,41,,2023-10-09,2023-10-15,NANCY,,COT-VRO-GB_maigres-A23-S41.csv
2023,41,,2023-10-09,2023-10-15,MOYENNE NATIONALE,,COT-VRO-GB_maigres-A23-S41.csv
2023,42,,2023-10-16,2023-10-22,LIMOGES,COMMERCE UN PEU PLUS DIFFICILE EN MÂLES LOURDS.,COT-VRO-GB_maigres-A23-S42.csv
2023,42,,2023-10-16,2023-10-22,CLERMONT-FERRAND,"L'ITALIE RESTE DEMANDEUSE. LES COURS, EN DEÇA DE LEUR NIVEAU DU MOIS PASSÉ, SONT RECONDUITS DANS UN MARCHÉ FLUIDE.",COT-VRO-GB_maigres-A23-S42.csv
2023,42,,2023-10-16,2023-10-22,DIJON,QUORUM NON ATTEINT. COURS RECONDUITS.,COT-VRO-GB_maigres-A23-S42.csv
2023,42,,2023-10-16,2023-10-22,TOULOUSE,"PEU DE TRANSACTIONS, COURS RECONDUITS.",COT-VRO-GB_maigres-A23-S42.csv
2023,42,,2023-10-16,2023-10-22,NANTES,RETOUR À LA NORMALE AVEC UNE OFFRE RÉDUITE POUR UNE DEMANDE RÉGIONALE FERME. STABILISATION DES COURS.,COT-VRO-GB_maigres-A23-S42.csv
2023,42,,2023-10-16,2023-10-22,NANCY,,COT-VRO-GB_maigres-A23-S42.csv
2023,42,,2023-10-16,2023-10-22,MOYENNE NATIONALE,,COT-VRO-GB_maigres-A23-S42.csv
2023,43,,2023-10-23,2023-10-29,LIMOGES,COURS STABLES MALGRÉ LA PROGRESSION DE LA ZONE RÉGLEMENTÉE MHE.,COT-VRO-GB_maigres-A23-S43.csv
2023,43,,2023-10-23,2023-10-29,CLERMONT-FERRAND,OFFRE PLUTÔT ABONDANTE. L'ITALIE EST AUX ACHATS. TRANSACTIONS LÉGÈREMENT PLUS EXIGEANTES CONCERNANT LES MÂLES.,COT-VRO-GB_maigres-A23-S43.csv
2023,43,,2023-10-23,2023-10-29,DIJON,COMMERCE DIFFICILE AVEC DAVANTAGE DE SORTIES D'ÉLEVAGE ET LE DÉVELOPPEMENT DE LA MHE.,COT-VRO-GB_maigres-A23-S43.csv
2023,43,,2023-10-23,2023-10-29,TOULOUSE,"BONNE DEMANDE POUR LES ANIMAUX COMMERCIALISABLES SUR L'ITALIE, CEUX CONTRAINTS AU DÉBOUCHÉ ESPAGNOL SONT PLUS MALMENÉS.",COT-VRO-GB_maigres-A23-S43.csv
2023,43,,2023-10-23,2023-10-29,NANTES,L'ÉPISODE MHE S'ÉCARTE. VENTE RÉGULIÈRE AVEC DES COURS DÉFENDUS.,COT-VRO-GB_maigres-A23-S43.csv
2023,43,,2023-10-23,2023-10-29,NANCY,,COT-VRO-GB_maigres-A23-S43.csv
2023,43,,2023-10-23,2023-10-29,MOYENNE NATIONALE,,COT-VRO-GB_maigres-A23-S43.csv
2023,44,,2023-10-30,2023-11-05,LIMOGES,"COURS RECONDUITS, MARCHÉ STABLE.",COT-VRO-GB_maigres-A23-S44.csv
2023,44,,2023-10-30,2023-11-05,CLERMONT-FERRAND,"COMMERCE ""FLUIDE"", TRANSACTIONS TRANSALPINES TOUJOURS D'ACTUALITÉ, LES FEMELLES SONT PARTICULIÈREMENT SOLLICITÉES.;;;;;;",COT-VRO-GB_maigres-A23-S44.csv
2023,44,,2023-10-30,2023-11-05,DIJON,QUORUM NON ATTEINT. COURS RECONDUITS.,COT-VRO-GB_maigres-A23-S44.csv
2023,44,,2023-10-30,2023-11-05,TOULOUSE,"BONNE DEMANDE EN FEMELLES, COURS RECONDUITS EN MÂLES.",COT-VRO-GB_maigres-A23-S44.csv
2023,44,,2023-10-30,2023-11-05,NANTES,"OFFRE MODÉRÉE POUR CETTE SEMAINE PERTURBÉE PAR UN JOUR FÉRIÉ. COMMERCE CALME, COURS RECONDUITS.",COT-VRO-GB_maigres-A23-S44.csv
2023,44,,2023-10-30,2023-11-05,NANCY,,COT-VRO-GB_maigres-A23-S44.csv
2023,44,,2023-10-30,2023-11-05,MOYENNE NATIONALE,,COT-VRO-GB_maigres-A23-S44.csv
2023,45,,2023-11-06,2023-11-12,LIMOGES,"COURS SANS CHANGEMENT, MARCHÉ PERTURBÉ PAR LA MHE.",COT-VRO-GB_maigres-A23-S45.csv
2023,45,,2023-11-06,2023-11-12,CLERMONT-FERRAND,"LES SORTIES SONT IMPORTANTES, COURS DES FEMELLES ORIENTÉS À LA HAUSSE.",COT-VRO-GB_maigres-A23-S45.csv
2023,45,,2023-11-06,2023-11-12,DIJON,"TENDANCE LOURDE EN MÂLES LÉGERS, SORTIES IMPORTANTES. BONNE TENUE DES COURS EN FEMELLES.",COT-VRO-GB_maigres-A23-S45.csv
2023,45,,2023-11-06,2023-11-12,TOULOUSE,"BONNE DEMANDE EN FEMELLES ET MÂLES DESTINÉS À L'ITALIE, PLUS COMPLIQUÉ EN MÂLES DESTINÉS AU MARCHÉ ESPAGNOL.",COT-VRO-GB_maigres-A23-S45.csv
2023,45,,2023-11-06,2023-11-12,NANTES,COMMERCE CALME AVEC DES COURS PLUS DISCUTÉS.,COT-VRO-GB_maigres-A23-S45.csv
2023,45,,2023-11-06,2023-11-12,NANCY,,COT-VRO-GB_maigres-A23-S45.csv
2023,45,,2023-11-06,2023-11-12,MOYENNE NATIONALE,,COT-VRO-GB_maigres-A23-S45.csv
2023,47,,2023-11-20,2023-11-26,LIMOGES,"COURS RECONDUITS, MARCHÉ CALME.",COT-VRO-GB_maigres-A23-S47.csv
2023,47,,2023-11-20,2023-11-26,CLERMONT-FERRAND,COURS DIFFICILEMENT RECONDUITS EN MÂLES. LES COURS DES FEMELLES SE TIENNENT TOUJOURS BIEN.,COT-VRO-GB_maigres-A23-S47.csv
2023,47,,2023-11-20,2023-11-26,DIJON,COURS RECONDUITS EN MÂLES. COMMERCE RELATIVEMENT FLUIDE EN FEMELLES.,COT-VRO-GB_maigres-A23-S47.csv
2023,47,,2023-11-20,2023-11-26,TOULOUSE,"DEMANDE ACTIVE SUR LES ANIMAUX DESTINÉS À L'ITALIE ET LES FEMELLES, DIFFICILEMENT RECONDUITS DANS LES AUTRES.",COT-VRO-GB_maigres-A23-S47.csv
2023,47,,2023-11-20,2023-11-26,NANTES,LA MHE PÈSE SUR L'ACTIVITÉ AVEC UNE POURSUITE DE LA BAISSE DES COURS.,COT-VRO-GB_maigres-A23-S47.csv
2023,47,,2023-11-20,2023-11-26,NANCY,,COT-VRO-GB_maigres-A23-S47.csv
2023,47,,2023-11-20,2023-11-26,MOYENNE NATIONALE,,COT-VRO-GB_maigres-A23-S47.csv
2023,48,,2023-11-27,2023-12-03,LIMOGES,COURS STABLES.,COT-VRO-GB_maigres-A23-S48.csv
2023,48,,2023-11-27,2023-12-03,CLERMONT-FERRAND,"MALGRÉ UN MARCHÉ PLUS ACTIF, LES COURS SONT RECONDUITS DANS TOUTES LES CATÉGORIES.",COT-VRO-GB_maigres-A23-S48.csv
2023,48,,2023-11-27,2023-12-03,DIJON,COMMERCE PLUS FACILE EN FEMELLES. MÂLES : PEU DE PLACES DISPONIBLES CHEZ LES ENGRAISSEURS.,COT-VRO-GB_maigres-A23-S48.csv
2023,48,,2023-11-27,2023-12-03,TOULOUSE,"ÉCOULEMENTS FLUIDES POUR LES ANIMAUX DESTINÉS À L'ITALIE, TRI PLUS SÉLECTIF POUR LES AUTRES.",COT-VRO-GB_maigres-A23-S48.csv
2023,48,,2023-11-27,2023-12-03,NANTES,"PEU DE BESOINS, PAS D'EXPORT. LES COURS SONT DE NOUVEAU À LA BAISSE.",COT-VRO-GB_maigres-A23-S48.csv
2023,48,,2023-11-27,2023-12-03,NANCY,,COT-VRO-GB_maigres-A23-S48.csv
2023,48,,2023-11-27,2023-12-03,MOYENNE NATIONALE,,COT-VRO-GB_maigres-A23-S48.csv
2023,49,,2023-12-04,2023-12-10,LIMOGES,L'ÉCART DE PRIX SE CREUSE ENTRE LES ANIMAUX EXPORTABLES (VACCINÉS FCO ET PCR MHE) ET LES AUTRES.,COT-VRO-GB_maigres-A23-S49.csv
2023,49,,2023-12-04,2023-12-10,CLERMONT-FERRAND,"COURS DISCUTÉS EN MÂLES, RECONDUITS EN FEMELLES.",COT-VRO-GB_maigres-A23-S49.csv
2023,49,,2023-12-04,2023-12-10,DIJON,"COURS FACILEMENT RECONDUITS, VOIRE À LA HAUSSE, DANS LE BON RAPPORT ÂGE/POIDS.",COT-VRO-GB_maigres-A23-S49.csv
2023,49,,2023-12-04,2023-12-10,TOULOUSE,MARCHÉ ÉQUILIBRÉ AVEC TOUJOURS DES DIFFÉRENCES NOTABLES ENTRE LES LOTS TESTÉS MHE ET LES AUTRES.,COT-VRO-GB_maigres-A23-S49.csv
2023,49,,2023-12-04,2023-12-10,NANTES,COMMERCE CALME AVEC PEU D'OFFRE ET DES BESOINS TRÈS CIBLÉS. COURS INCHANGÉS.,COT-VRO-GB_maigres-A23-S49.csv
2023,49,,2023-12-04,2023-12-10,NANCY,,COT-VRO-GB_maigres-A23-S49.csv
2023,49,,2023-12-04,2023-12-10,MOYENNE NATIONALE,,COT-VRO-GB_maigres-A23-S49.csv
2023,50,,2023-12-11,2023-12-17,LIMOGES,COURS FACILEMENT RECONDUITS EN ANIMAUX DE QUALITÉ.,COT-VRO-GB_maigres-A23-S50.csv
2023,50,,2023-12-11,2023-12-17,CLERMONT-FERRAND,COURS GLOBALEMENT RECONDUITS.,COT-VRO-GB_maigres-A23-S50.csv
2023,50,,2023-12-11,2023-12-17,DIJON,"L'OFFRE S'ÉQUILIBRE AVEC LA DEMANDE, COURS RECONDUITS.",COT-VRO-GB_maigres-A23-S50.csv
2023,50,,2023-12-11,2023-12-17,TOULOUSE,COURS FERMES AVEC TOUJOURS DES DIFFÉRENCES NOTABLES ENTRE LES LOTS DESTINÉS À L'EXPORT ET LES AUTRES.,COT-VRO-GB_maigres-A23-S50.csv
2023,50,,2023-12-11,2023-12-17,NANTES,LA QUALITÉ DE L OFFRE FAIT DÉFAUT ET LE NOMBRE DE MISE EN PLACE EST PLUS LIMITÉ. LÉGER REPLI DES COURS .,COT-VRO-GB_maigres-A23-S50.csv
2023,50,,2023-12-11,2023-12-17,NANCY,,COT-VRO-GB_maigres-A23-S50.csv
2023,50,,2023-12-11,2023-12-17,MOYENNE NATIONALE,,COT-VRO-GB_maigres-A23-S50.csv
2023,51,,2023-12-18,2023-12-24,LIMOGES,MARCHÉ PLUS DYNAMIQUE POUR CETTE FIN D'ANNÉE.,COT-VRO-GB_maigres-A23-S51.csv
2023,51,,2023-12-18,2023-12-24,CLERMONT-FERRAND,LE COMMERCE SE CALME EN FIN DE SEMAINE. LES COURS SONT RECONDUITS.;;;;;;;; ;;;;;;;; ;;;;;;;; ;;;;;;;;,COT-VRO-GB_maigres-A23-S51.csv
2023,51,,2023-12-18,2023-12-24,DIJON,COURS FACILEMENT RECONDUITS EN MÂLES. PLAFONNEMENT EN FEMELLES.,COT-VRO-GB_maigres-A23-S51.csv
2023,51,,2023-12-18,2023-12-24,TOULOUSE,"APPORTS LIMITÉS, COURS RECONDUITS.",COT-VRO-GB_maigres-A23-S51.csv
2023,51,,2023-12-18,2023-12-24,NANTES,COURS INCHANGÉS AVEC UNE ACTIVITÉ RESTREINTE POUR CETTE PÉRIODE DE FIN D'ANNÉE.,COT-VRO-GB_maigres-A23-S51.csv
2023,51,,2023-12-18,2023-12-24,NANCY,,COT-VRO-GB_maigres-A23-S51.csv
2023,51,,2023-12-18,2023-12-24,MOYENNE NATIONALE,,COT-VRO-GB_maigres-A23-S51.csv
2023,52,,2023-12-25,2023-12-31,LIMOGES,COURS RECONDUITS POUR INFORMATION.,COT-VRO-GB_maigres-A23-S52.csv
2023,52,,2023-12-25,2023-12-31,CLERMONT-FERRAND,COURS RECONDUITS POUR INFORMATION.,COT-VRO-GB_maigres-A23-S52.csv
2023,52,,2023-12-25,2023-12-31,DIJON,"FAUTE DE DONNÉES DISPONIBLES, COMMISSION ANNULÉE. LES COURS SONT RECONDUITS.",COT-VRO-GB_maigres-A23-S52.csv
2023,52,,2023-12-25,2023-12-31,TOULOUSE,"PEU D'APPORTS, COURS RECONDUITS.",COT-VRO-GB_maigres-A23-S52.csv
2023,52,,2023-12-25,2023-12-31,NANTES,RECONDUCTION DES COURS POUR INFORMATION.,COT-VRO-GB_maigres-A23-S52.csv
2023,52,,2023-12-25,2023-12-31,NANCY,,COT-VRO-GB_maigres-A23-S52.csv
2023,52,,2023-12-25,2023-12-31,MOYENNE NATIONALE,,COT-VRO-GB_maigres-A23-S52.csv
2024,1,,2024-01-01,2024-01-07,LIMOGES,"PEU DE COMMERCE, COURS RECONDUITS.",COT-VRO-GB_maigres-A24-S01.csv
2024,1,,2024-01-01,2024-01-07,CLERMONT-FERRAND,LA REPRISE DES TRANSACTIONS APRÈS LES FÊTES S'EFFECTUE SUR LES MÊMES BASES QU'EN FIN D'ANNÉE DERNIÈRE.,COT-VRO-GB_maigres-A24-S01.csv
2024,1,,2024-01-01,2024-01-07,DIJON,"FAUTE DE DONNÉES DISPONIBLES, COMMISSION ANNULÉE. LES COURS SONT RECONDUITS.",COT-VRO-GB_maigres-A24-S01.csv
2024,1,,2024-01-01,2024-01-07,TOULOUSE,"PEU D'APPORTS, COURS RECONDUITS.",COT-VRO-GB_maigres-A24-S01.csv
2024,1,,2024-01-01,2024-01-07,NANTES,"MALGRÉ LA MHE LIMITANT LES TRANSACTIONS, STABILITÉ DES COURS AVEC UNE ACTIVITÉ QUASI NULLE.",COT-VRO-GB_maigres-A24-S01.csv
2024,1,,2024-01-01,2024-01-07,NANCY,,COT-VRO-GB_maigres-A24-S01.csv
2024,1,,2024-01-01,2024-01-07,MOYENNE NATIONALE,,COT-VRO-GB_maigres-A24-S01.csv
2024,2,,2024-01-08,2024-01-14,LIMOGES,DEMANDE SOUTENUE DANS LA BONNE MARCHANDISE.,COT-VRO-GB_maigres-A24-S02.csv
2024,2,,2024-01-08,2024-01-14,CLERMONT-FERRAND,"COURS EN LÉGÈRE PROGRESSION EN MÂLES, RECONDUITS EN FEMELLES.",COT-VRO-GB_maigres-A24-S02.csv
2024,2,,2024-01-08,2024-01-14,DIJON,"COMMISSION ANNULÉE, COURS RECONDUITS, MARCHÉ DYNAMIQUE AVEC TENDANCE À LA HAUSSE.",COT-VRO-GB_maigres-A24-S02.csv
2024,2,,2024-01-08,2024-01-14,TOULOUSE,"PEU D'EFFECTIFS ENCORE CETTE SEMAINE, COURS RECONDUITS.",COT-VRO-GB_maigres-A24-S02.csv
2024,2,,2024-01-08,2024-01-14,NANTES,"ABSENCE DE VOLUME, LES COURS RESTENT STABLES. ISSUE FAVORABLE À LA MHE, PERSPECTIVES D'EXPORT SUR L'AFRIQUE DU NORD.",COT-VRO-GB_maigres-A24-S02.csv
2024,2,,2024-01-08,2024-01-14,NANCY,,COT-VRO-GB_maigres-A24-S02.csv
2024,2,,2024-01-08,2024-01-14,MOYENNE NATIONALE,,COT-VRO-GB_maigres-A24-S02.csv
2024,3,,2024-01-15,2024-01-21,LIMOGES,BONNE DEMANDE EN ANIMAUX DE QUALITÉ.,COT-VRO-GB_maigres-A24-S03.csv
2024,3,,2024-01-15,2024-01-21,CLERMONT-FERRAND,LES COURS PROGRESSENT MAIS PLUS TIMIDEMENT EN FEMELLES.,COT-VRO-GB_maigres-A24-S03.csv
2024,3,,2024-01-15,2024-01-21,DIJON,AJUSTEMENT SUITE À L'ABSENCE DE COMMISSIONS CES DERNIÈRES SEMAINES. LE DÉBUT D'ANNÉE PROVOQUE UN DYNAMISME DES COURS.,COT-VRO-GB_maigres-A24-S03.csv
2024,3,,2024-01-15,2024-01-21,TOULOUSE,"MARCHÉ ACTIF, COURS À LA HAUSSE.",COT-VRO-GB_maigres-A24-S03.csv
2024,3,,2024-01-15,2024-01-21,NANTES,LA BONNE DEMANDE ET UN NOMBRE PLUS IMPORTANT D'ANIMAUX VACCINÉS ORIENTENT LES COURS À LA HAUSSE.,COT-VRO-GB_maigres-A24-S03.csv
2024,3,,2024-01-15,2024-01-21,NANCY,,COT-VRO-GB_maigres-A24-S03.csv
2024,3,,2024-01-15,2024-01-21,MOYENNE NATIONALE,,COT-VRO-GB_maigres-A24-S03.csv
2024,4,,2024-01-22,2024-01-28,LIMOGES,MARCHÉ TOUJOURS PORTEUR EN BONNE MARCHANDISE.,COT-VRO-GB_maigres-A24-S04.csv
2024,4,,2024-01-22,2024-01-28,CLERMONT-FERRAND,COURS RECONDUITS.,COT-VRO-GB_maigres-A24-S04.csv
2024,4,,2024-01-22,2024-01-28,DIJON,MARCHÉ PLUS DYNAMIQUE POUR LES ANIMAUX DE - 450 KG.,COT-VRO-GB_maigres-A24-S04.csv
2024,4,,2024-01-22,2024-01-28,TOULOUSE,L'OFFRE EN DIMINUTION DYNAMISE LE MARCHÉ.,COT-VRO-GB_maigres-A24-S04.csv
2024,4,,2024-01-22,2024-01-28,NANTES,BONNE DEMANDE DANS LES SUJETS PRÉPARÉS FCO ET MHE. COURS BIEN ORIENTÉS POUR LA MARCHANDISE DE QUALITÉ.,COT-VRO-GB_maigres-A24-S04.csv
2024,4,,2024-01-22,2024-01-28,NANCY,,COT-VRO-GB_maigres-A24-S04.csv
2024,4,,2024-01-22,2024-01-28,MOYENNE NATIONALE,,COT-VRO-GB_maigres-A24-S04.csv
2024,5,,2024-01-29,2024-02-04,LIMOGES,L'OFFRE MODÉRÉE FACILITE LA BONNE ORIENTATION DES COURS.,COT-VRO-GB_maigres-A24-S05.csv
2024,5,,2024-01-29,2024-02-04,CLERMONT-FERRAND,"L'OFFRE EST MOINS IMPORTANTE, LES COURS SONT ORIENTÉS À LA HAUSSE.",COT-VRO-GB_maigres-A24-S05.csv
2024,5,,2024-01-29,2024-02-04,DIJON,LA BONNE DEMANDE DU MARCHÉ NATIONAL CRÉE UNE DYNAMIQUE DE COMMERCE POUR LES MÂLES. BON ÉQUILIBRE EN FEMELLES.,COT-VRO-GB_maigres-A24-S05.csv
2024,5,,2024-01-29,2024-02-04,TOULOUSE,COURS EN LÉGÈRE HAUSSE SUR LA MARCHANDISE MOYENNE.,COT-VRO-GB_maigres-A24-S05.csv
2024,5,,2024-01-29,2024-02-04,NANTES,DEMANDE TRÈS ACTIVE EN TOUTES CATÉGORIES. POURSUITE DE LA HAUSSE DES COURS .,COT-VRO-GB_maigres-A24-S05.csv
2024,5,,2024-01-29,2024-02-04,NANCY,,COT-VRO-GB_maigres-A24-S05.csv
2024,5,,2024-01-29,2024-02-04,MOYENNE NATIONALE,,COT-VRO-GB_maigres-A24-S05.csv
2024,6,,2024-02-05,2024-02-11,LIMOGES,COURS RECONDUITS.,COT-VRO-GB_maigres-A24-S06.csv
2024,6,,2024-02-05,2024-02-11,CLERMONT-FERRAND,COURS FACILEMENT RECONDUITS.,COT-VRO-GB_maigres-A24-S06.csv
2024,6,,2024-02-05,2024-02-11,DIJON,"EN MÂLES, LA BAISSE DU VOLUME SUR LE MARCHÉ ENTRAÎNE UNE HAUSSE DES COURS. TOUJOURS ÉQUILIBRÉ EN FEMELLES.",COT-VRO-GB_maigres-A24-S06.csv
2024,6,,2024-02-05,2024-02-11,TOULOUSE,"APPORTS LIMITÉS, VENTES FACILES ET RAPIDES.",COT-VRO-GB_maigres-A24-S06.csv
2024,6,,2024-02-05,2024-02-11,NANTES,COURS EN HAUSSE AVEC UNE OFFRE INSUFFISANTE POUR UNE DEMANDE ACTIVE.,COT-VRO-GB_maigres-A24-S06.csv
2024,6,,2024-02-05,2024-02-11,NANCY,,COT-VRO-GB_maigres-A24-S06.csv
2024,6,,2024-02-05,2024-02-11,MOYENNE NATIONALE,,COT-VRO-GB_maigres-A24-S06.csv
2024,7,,2024-02-12,2024-02-18,LIMOGES,L'OFFRE S'AMENUISE CHAQUE SEMAINE.,COT-VRO-GB_maigres-A24-S07.csv
2024,7,,2024-02-12,2024-02-18,CLERMONT-FERRAND,COURS ORIENTÉS À LA HAUSSE.,COT-VRO-GB_maigres-A24-S07.csv
2024,7,,2024-02-12,2024-02-18,DIJON,"QUORUM NON ATTEINT, APPLICATION DES PRIX DU RÉSEAU.",COT-VRO-GB_maigres-A24-S07.csv
2024,7,,2024-02-12,2024-02-18,TOULOUSE,"APPORTS LIMITÉS, COURS FACILEMENT RECONDUITS.",COT-VRO-GB_maigres-A24-S07.csv
2024,7,,2024-02-12,2024-02-18,NANTES,L'OFFRE EST INSUFFISANTE PAR RAPPORT À UNE BONNE DEMANDE À L'EXPORT COMME POUR LES MISES EN PLACE SUR LA RÉGION.,COT-VRO-GB_maigres-A24-S07.csv
2024,7,,2024-02-12,2024-02-18,NANCY,,COT-VRO-GB_maigres-A24-S07.csv
2024,7,,2024-02-12,2024-02-18,MOYENNE NATIONALE,,COT-VRO-GB_maigres-A24-S07.csv
2024,8,,2024-02-19,2024-02-25,LIMOGES,LA RARETÉ DE L'OFFRE PERMET LA FERMETÉ DES COURS.,COT-VRO-GB_maigres-A24-S08.csv
2024,8,,2024-02-19,2024-02-25,CLERMONT-FERRAND,COURS FACILEMENT RECONDUITS.,COT-VRO-GB_maigres-A24-S08.csv
2024,8,,2024-02-19,2024-02-25,DIJON,LE MANQUE D'OFFRE EN MÂLES FAIT PROGRESSER LES PRIX.,COT-VRO-GB_maigres-A24-S08.csv
2024,8,,2024-02-19,2024-02-25,TOULOUSE,VENTES FACILES.,COT-VRO-GB_maigres-A24-S08.csv
2024,8,,2024-02-19,2024-02-25,NANTES,LES COURS FAUTE DE MARCHANDISES DISPONIBLES SONT TOUJOURS ORIENTÉS À LA HAUSSE.,COT-VRO-GB_maigres-A24-S08.csv
2024,8,,2024-02-19,2024-02-25,NANCY,,COT-VRO-GB_maigres-A24-S08.csv
2024,8,,2024-02-19,2024-02-25,MOYENNE NATIONALE,,COT-VRO-GB_maigres-A24-S08.csv
2024,9,,2024-02-26,2024-03-03,LIMOGES,"BAISSE DES APPROVISIONNEMENTS, COURS EN HAUSSE.",COT-VRO-GB_maigres-A24-S09.csv
2024,9,,2024-02-26,2024-03-03,CLERMONT-FERRAND,L'OFFRE MOINS IMPORTANTE TIRE LES COURS VERS LE HAUT.,COT-VRO-GB_maigres-A24-S09.csv
2024,9,,2024-02-26,2024-03-03,DIJON,MARCHÉ TRÈS ACTIF EN MÂLES DE - 450 KG AVEC UN MANQUE D'OFFRE.,COT-VRO-GB_maigres-A24-S09.csv
2024,9,,2024-02-26,2024-03-03,TOULOUSE,COURS FACILEMENT RECONDUITS.,COT-VRO-GB_maigres-A24-S09.csv
2024,9,,2024-02-26,2024-03-03,NANTES,MODESTIE DE L'OFFRE ET BONNE DEMANDE ENTRAÎNE UN COMMERCE ACTIF.,COT-VRO-GB_maigres-A24-S09.csv
2024,9,,2024-02-26,2024-03-03,NANCY,,COT-VRO-GB_maigres-A24-S09.csv
2024,9,,2024-02-26,2024-03-03,MOYENNE NATIONALE,,COT-VRO-GB_maigres-A24-S09.csv
2024,10,,2024-03-04,2024-03-10,LIMOGES,BONNE DEMANDE.,COT-VRO-GB_maigres-A24-S10.csv
2024,10,,2024-03-04,2024-03-10,CLERMONT-FERRAND,LES COURS DES MÂLES SONT TOUJOURS ORIENTÉS À LA HAUSSE.,COT-VRO-GB_maigres-A24-S10.csv
2024,10,,2024-03-04,2024-03-10,DIJON,"QUORUM NON ATTEINT, APPLICATION DES PRIX DU RÉSEAU.",COT-VRO-GB_maigres-A24-S10.csv
2024,10,,2024-03-04,2024-03-10,TOULOUSE,COURS RECONDUITS.,COT-VRO-GB_maigres-A24-S10.csv
2024,10,,2024-03-04,2024-03-10,NANTES,LA BONNE MARCHANDISE EST TOUJOURS RECHERCHÉE AVEC DES COURS EN HAUSSE.,COT-VRO-GB_maigres-A24-S10.csv
2024,10,,2024-03-04,2024-03-10,NANCY,,COT-VRO-GB_maigres-A24-S10.csv
2024,10,,2024-03-04,2024-03-10,MOYENNE NATIONALE,,COT-VRO-GB_maigres-A24-S10.csv
2024,11,,2024-03-11,2024-03-17,LIMOGES,"MARCHÉ TOUJOURS ACTIF, COURS RECONDUITS.",COT-VRO-GB_maigres-A24-S11.csv
2024,11,,2024-03-11,2024-03-17,CLERMONT-FERRAND,COURS RECONDUITS.,COT-VRO-GB_maigres-A24-S11.csv
2024,11,,2024-03-11,2024-03-17,DIJON,"IMPOSSIBILITÉ DE SERVIR TOUS LES CLIENTS EN MÂLES. EN FEMELLES, PLUS DE SORTIES MAIS PAS PLUS DE DEMANDE.",COT-VRO-GB_maigres-A24-S11.csv
2024,11,,2024-03-11,2024-03-17,TOULOUSE,COURS FACILEMENT RECONDUITS AVEC UN LÉGER MIEUX EN ANIMAUX DE BONNES CONFORMATIONS.,COT-VRO-GB_maigres-A24-S11.csv
2024,11,,2024-03-11,2024-03-17,NANTES,DEMANDE ACTIVE ET COURS FACILEMENT RECONDUITS.,COT-VRO-GB_maigres-A24-S11.csv
2024,11,,2024-03-11,2024-03-17,NANCY,,COT-VRO-GB_maigres-A24-S11.csv
2024,11,,2024-03-11,2024-03-17,MOYENNE NATIONALE,,COT-VRO-GB_maigres-A24-S11.csv
2024,12,,2024-03-18,2024-03-24,LIMOGES,ANIMAUX DE QUALITÉ TOUJOURS RECHERCHÉS.,COT-VRO-GB_maigres-A24-S12.csv
2024,12,,2024-03-18,2024-03-24,CLERMONT-FERRAND,"PEU DE MARCHANDISE, DEMANDE SOUTENUE.",COT-VRO-GB_maigres-A24-S12.csv
2024,12,,2024-03-18,2024-03-24,DIJON,BONNE DEMANDE DANS LES MÂLES JUSQU'À 450 KG.,COT-VRO-GB_maigres-A24-S12.csv
2024,12,,2024-03-18,2024-03-24,TOULOUSE,MARCHÉ DYNAMIQUE.,COT-VRO-GB_maigres-A24-S12.csv
2024,12,,2024-03-18,2024-03-24,NANTES,L'OFFRE EST INSUFFISANTE POUR UNE DEMANDE ACTIVE. TENDANCE HAUSSIÈRE.,COT-VRO-GB_maigres-A24-S12.csv
2024,12,,2024-03-18,2024-03-24,NANCY,,COT-VRO-GB_maigres-A24-S12.csv
2024,12,,2024-03-18,2024-03-24,MOYENNE NATIONALE,,COT-VRO-GB_maigres-A24-S12.csv
2024,13,,2024-03-25,2024-03-31,LIMOGES,LA FAIBLE DISPONIBILITÉ PERMET DE GAGNER ENCORE QUELQUES CENTIMES.,COT-VRO-GB_maigres-A24-S13.csv
2024,13,,2024-03-25,2024-03-31,CLERMONT-FERRAND,TOUJOURS UNE BONNE DEMANDE POUR UNE OFFRE LIMITÉE.,COT-VRO-GB_maigres-A24-S13.csv
2024,13,,2024-03-25,2024-03-31,DIJON,"MÂLES : PEU D'OFFRE, COURS RECONDUITS. FEMELLES : MARCHÉ DIFFICILE EN + 400 KG.",COT-VRO-GB_maigres-A24-S13.csv
2024,13,,2024-03-25,2024-03-31,TOULOUSE,COURS FACILEMENT RECONDUITS.,COT-VRO-GB_maigres-A24-S13.csv
2024,13,,2024-03-25,2024-03-31,NANTES,VENTE ACTIVE AVEC DES COURS FACILEMENT RECONDUITS.,COT-VRO-GB_maigres-A24-S13.csv
2024,13,,2024-03-25,2024-03-31,NANCY,,COT-VRO-GB_maigres-A24-S13.csv
2024,13,,2024-03-25,2024-03-31,MOYENNE NATIONALE,,COT-VRO-GB_maigres-A24-S13.csv
2024,14,,2024-04-01,2024-04-07,LIMOGES,L'OFFRE RÉDUITE NE PERMET PAS DE SATISFAIRE UNE DEMANDE BIEN PRÉSENTE. LES COURS PROGRESSENT TOUJOURS.,COT-VRO-GB_maigres-A24-S14.csv
2024,14,,2024-04-01,2024-04-07,CLERMONT-FERRAND,"MARCHÉ TOUJOURS BIEN ORIENTÉ EN MÂLES, PLUS DIFFICILE EN FEMELLES.",COT-VRO-GB_maigres-A24-S14.csv
2024,14,,2024-04-01,2024-04-07,DIJON,QUORUM NON ATTEINT. APPLICATION DES PRIX DU RÉSEAU.,COT-VRO-GB_maigres-A24-S14.csv
2024,14,,2024-04-01,2024-04-07,TOULOUSE,COURS RECONDUITS. PEU DE MARCHANDISES EN RAISON DU JOUR FÉRIÉ.,COT-VRO-GB_maigres-A24-S14.csv
2024,14,,2024-04-01,2024-04-07,NANTES,LA FAIBLESSE DE L'OFFRE TIRE LES COURS À LA HAUSSE SURTOUT EN LIMOUSINS ET CHAROLAIS.,COT-VRO-GB_maigres-A24-S14.csv
2024,14,,2024-04-01,2024-04-07,NANCY,,COT-VRO-GB_maigres-A24-S14.csv
2024,14,,2024-04-01,2024-04-07,MOYENNE NATIONALE,,COT-VRO-GB_maigres-A24-S14.csv
2024,15,,2024-04-08,2024-04-14,LIMOGES,LE MANQUE DE MARCHANDISE FAIT ENCORE AUGMENTER LES PRIX.,COT-VRO-GB_maigres-A24-S15.csv
2024,15,,2024-04-08,2024-04-14,CLERMONT-FERRAND,"BONNE DEMANDE EN MÂLES DE QUALITÉ, LÉGER TASSEMENT EN FEMELLES.",COT-VRO-GB_maigres-A24-S15.csv
2024,15,,2024-04-08,2024-04-14,DIJON,"QUORUM NON ATTEINT, APPLICATION DES PRIX DU RÉSEAU.",COT-VRO-GB_maigres-A24-S15.csv
2024,15,,2024-04-08,2024-04-14,TOULOUSE,"COURS RECONDUITS EN FEMELLES, VENTES RAPIDES EN MÂLES.",COT-VRO-GB_maigres-A24-S15.csv
2024,15,,2024-04-08,2024-04-14,NANTES,L'ACTIVITÉ EST TOUJOURS FLUIDE AVEC DES COURS ATTRACTIFS.,COT-VRO-GB_maigres-A24-S15.csv
2024,15,,2024-04-08,2024-04-14,NANCY,,COT-VRO-GB_maigres-A24-S15.csv
2024,15,,2024-04-08,2024-04-14,MOYENNE NATIONALE,,COT-VRO-GB_maigres-A24-S15.csv
2024,16,,2024-04-15,2024-04-21,LIMOGES,BONNE DEMANDE EN ANIMAUX DE QUALITÉ.,COT-VRO-GB_maigres-A24-S16.csv
2024,16,,2024-04-15,2024-04-21,CLERMONT-FERRAND,COURS FACILEMENT RECONDUITS EN MÂLES DE QUALITÉ. LÉGER TASSEMENT EN FEMELLES.,COT-VRO-GB_maigres-A24-S16.csv
2024,16,,2024-04-15,2024-04-21,DIJON,QUORUM NON ATTEINT. APPLICATION DES PRIX DU RÉSEAU.,COT-VRO-GB_maigres-A24-S16.csv
2024,16,,2024-04-15,2024-04-21,TOULOUSE,COURS RECONDUITS.,COT-VRO-GB_maigres-A24-S16.csv
2024,16,,2024-04-15,2024-04-21,NANTES,LA FAIBLESSE DE L'OFFRE DYNAMISE L'ACTIVITÉ. LES COURS SONT TOUJOURS BIEN ORIENTÉS.,COT-VRO-GB_maigres-A24-S16.csv
2024,16,,2024-04-15,2024-04-21,NANCY,,COT-VRO-GB_maigres-A24-S16.csv
2024,16,,2024-04-15,2024-04-21,MOYENNE NATIONALE,,COT-VRO-GB_maigres-A24-S16.csv
2024,17,,2024-04-22,2024-04-28,LIMOGES,"OFFRE UN PEU PLUS ÉTOFFÉE, COURS TOUJOURS SOUTENUS.",COT-VRO-GB_maigres-A24-S17.csv
2024,17,,2024-04-22,2024-04-28,CLERMONT-FERRAND,COURS RECONDUITS.,COT-VRO-GB_maigres-A24-S17.csv
2024,17,,2024-04-22,2024-04-28,DIJON,MARCHÉ DYNAMIQUE EN MÂLES. PLUS DIFFICILE EN FEMELLES SURTOUT LOURDES.,COT-VRO-GB_maigres-A24-S17.csv
2024,17,,2024-04-22,2024-04-28,TOULOUSE,RECONDUCTION DES COURS.,COT-VRO-GB_maigres-A24-S17.csv
2024,17,,2024-04-22,2024-04-28,NANTES,OFFRE HÉTÉROGÈNE ET DEMANDE SOUTENUE. LES COURS SE STABILISENT.,COT-VRO-GB_maigres-A24-S17.csv
2024,17,,2024-04-22,2024-04-28,NANCY,,COT-VRO-GB_maigres-A24-S17.csv
2024,17,,2024-04-22,2024-04-28,MOYENNE NATIONALE,,COT-VRO-GB_maigres-A24-S17.csv
2024,18,,2024-04-29,2024-05-05,LIMOGES,COURS RECONDUITS. COMMERCE PERTURBÉ EN RAISON DU 1ER MAI.,COT-VRO-GB_maigres-A24-S18.csv
2024,18,,2024-04-29,2024-05-05,CLERMONT-FERRAND,"COURS RECONDUITS EN MÂLES, PLUS DIFFICILE EN FEMELLES LÉGÈRES.",COT-VRO-GB_maigres-A24-S18.csv
2024,18,,2024-04-29,2024-05-05,DIJON,QUORUM NON ATTEINT. APPLICATION DES PRIX DU RÉSEAU.,COT-VRO-GB_maigres-A24-S18.csv
2024,18,,2024-04-29,2024-05-05,TOULOUSE,COURS RECONDUITS.,COT-VRO-GB_maigres-A24-S18.csv
2024,18,,2024-04-29,2024-05-05,NANTES,RECONDUCTION DES COURS.,COT-VRO-GB_maigres-A24-S18.csv
2024,18,,2024-04-29,2024-05-05,NANCY,,COT-VRO-GB_maigres-A24-S18.csv
2024,18,,2024-04-29,2024-05-05,MOYENNE NATIONALE,,COT-VRO-GB_maigres-A24-S18.csv
2024,19,,2024-05-06,2024-05-12,LIMOGES,COURS RECONDUITS. PEU DE COMMERCE DU FAIT DES JOURS FÉRIÉS.,COT-VRO-GB_maigres-A24-S19.csv
2024,19,,2024-05-06,2024-05-12,CLERMONT-FERRAND,COURS RECONDUITS.,COT-VRO-GB_maigres-A24-S19.csv
2024,19,,2024-05-06,2024-05-12,DIJON,PAS DE COMMISSION CETTE SEMAINE FAUTE D'EFFECTIFS SUFFISANTS. RECONDUCTION DES COURS.,COT-VRO-GB_maigres-A24-S19.csv
2024,19,,2024-05-06,2024-05-12,TOULOUSE,COURS RECONDUITS.,COT-VRO-GB_maigres-A24-S19.csv
2024,19,,2024-05-06,2024-05-12,NANTES,SEMAINE PERTURBÉE PAR DEUX JOURS FÉRIÉS. COURS RECONDUITS.,COT-VRO-GB_maigres-A24-S19.csv
2024,19,,2024-05-06,2024-05-12,NANCY,,COT-VRO-GB_maigres-A24-S19.csv
2024,19,,2024-05-06,2024-05-12,MOYENNE NATIONALE,,COT-VRO-GB_maigres-A24-S19.csv
2024,20,,2024-05-13,2024-05-19,LIMOGES,UN PEU PLUS DE VOLUME CETTE SEMAINE. COURS SANS CHANGEMENT.,COT-VRO-GB_maigres-A24-S20.csv
2024,20,,2024-05-13,2024-05-19,CLERMONT-FERRAND,"DEMANDE SOUTENUE EN MÂLES TRÈS LOURDS, HAUSSE DES COURS. PEU D'APPORTS EN FEMELLES CROISÉES.",COT-VRO-GB_maigres-A24-S20.csv
2024,20,,2024-05-13,2024-05-19,DIJON,PAS DE SÉANCE FAUTE D'EFFECTIFS REMONTÉS SUFFISANTS. COURS RECONDUITS.,COT-VRO-GB_maigres-A24-S20.csv
2024,20,,2024-05-13,2024-05-19,TOULOUSE,"AVEC DES APPORTS RÉDUITS, LES VENTES SONT RAPIDES ET LES COURS RECONDUITS.",COT-VRO-GB_maigres-A24-S20.csv
2024,20,,2024-05-13,2024-05-19,NANTES,REPRISE D'ACTIVITÉ NORMALE APRÈS PLUSIEURS SEMAINES PERTURBÉES PAR DES JOURS FÉRIÉS. COURS RECONDUITS.,COT-VRO-GB_maigres-A24-S20.csv
2024,20,,2024-05-13,2024-05-19,NANCY,,COT-VRO-GB_maigres-A24-S20.csv
2024,20,,2024-05-13,2024-05-19,MOYENNE NATIONALE,,COT-VRO-GB_maigres-A24-S20.csv
2024,21,,2024-05-20,2024-05-26,LIMOGES,"COURS RECONDUITS, APPORTS PLUS IMPORTANTS.",COT-VRO-GB_maigres-A24-S21.csv
2024,21,,2024-05-20,2024-05-26,CLERMONT-FERRAND,"MARCHÉ STABLE ET VENTE FACILE EN TOUTES CATÉGORIES. TOUJOURS PEU D'APPORT, LES COURS SONT RECONDUITS.",COT-VRO-GB_maigres-A24-S21.csv
2024,21,,2024-05-20,2024-05-26,DIJON,TRÈS BONNE DEMANDE EN MÂLES NOUVELLE GÉNÉRATION ET MARCHÉ ÉQUILIBRÉ DANS LES FEMELLES.,COT-VRO-GB_maigres-A24-S21.csv
2024,21,,2024-05-20,2024-05-26,TOULOUSE,"PEU D'OFFRE, PEU DE DEMANDE, COURS STABLES.",COT-VRO-GB_maigres-A24-S21.csv
2024,21,,2024-05-20,2024-05-26,NANTES,COURS INCHANGÉS MALGRÉ UNE OFFRE RÉDUITE ET UNE DEMANDE SOUTENUE.,COT-VRO-GB_maigres-A24-S21.csv
2024,21,,2024-05-20,2024-05-26,NANCY,,COT-VRO-GB_maigres-A24-S21.csv
2024,21,,2024-05-20,2024-05-26,MOYENNE NATIONALE,,COT-VRO-GB_maigres-A24-S21.csv
2024,22,,2024-05-27,2024-06-02,LIMOGES,DEMANDE RÉGULIÈRE MALGRÉ UNE OFFRE UN PEU PLUS ÉTOFFÉE.,COT-VRO-GB_maigres-A24-S22.csv
2024,22,,2024-05-27,2024-06-02,CLERMONT-FERRAND,BONNE TENUE DU MARCHÉ.,COT-VRO-GB_maigres-A24-S22.csv
2024,22,,2024-05-27,2024-06-02,DIJON,"TRÈS BONNE DEMANDE POUR LES LOTS IMPORTANTS DE LAITON, HOMOGÈNES EN POIDS ET QUALITÉ.",COT-VRO-GB_maigres-A24-S22.csv
2024,22,,2024-05-27,2024-06-02,TOULOUSE,"LE MANQUE D'OFFRE SE FAIT TOUJOURS SENTIR, LES COURS RESTENT STABLES.",COT-VRO-GB_maigres-A24-S22.csv
2024,22,,2024-05-27,2024-06-02,NANTES,L'ACTIVITÉ EST RÉGULIÈRE SANS CHANGEMENT TARIFAIRE TOUTES RACES CONFONDUES.,COT-VRO-GB_maigres-A24-S22.csv
2024,22,,2024-05-27,2024-06-02,NANCY,,COT-VRO-GB_maigres-A24-S22.csv
2024,22,,2024-05-27,2024-06-02,MOYENNE NATIONALE,,COT-VRO-GB_maigres-A24-S22.csv
2024,23,,2024-06-03,2024-06-09,LIMOGES,LÉGER RÉAJUSTEMENT DES COURS.,COT-VRO-GB_maigres-A24-S23.csv
2024,23,,2024-06-03,2024-06-09,CLERMONT-FERRAND,COURS RECONDUITS.,COT-VRO-GB_maigres-A24-S23.csv
2024,23,,2024-06-03,2024-06-09,DIJON,UN MANQUE D'OFFRE STIMULE LES PRIX. DEMANDE DYNAMIQUE SUR LES MARCHÉS FRANÇAIS ET ITALIEN.,COT-VRO-GB_maigres-A24-S23.csv
2024,23,,2024-06-03,2024-06-09,TOULOUSE,"PEU D'OFFRE, VENTES RAPIDES, COURS EN HAUSSE.",COT-VRO-GB_maigres-A24-S23.csv
2024,23,,2024-06-03,2024-06-09,NANTES,"MALGRÉ LA MODESTIE DE L'OFFRE, STABILISATION DES COURS.",COT-VRO-GB_maigres-A24-S23.csv
2024,23,,2024-06-03,2024-06-09,NANCY,,COT-VRO-GB_maigres-A24-S23.csv
2024,23,,2024-06-03,2024-06-09,MOYENNE NATIONALE,,COT-VRO-GB_maigres-A24-S23.csv
2024,24,,2024-06-10,2024-06-16,LIMOGES,COMMERCE UN PEU PLUS DIFFICILE EN ANIMAUX LOURDS.,COT-VRO-GB_maigres-A24-S24.csv
2024,24,,2024-06-10,2024-06-16,CLERMONT-FERRAND,MARCHÉ DYNAMIQUE EN MÂLE.,COT-VRO-GB_maigres-A24-S24.csv
2024,24,,2024-06-10,2024-06-16,DIJON,"BONNE DEMANDE DANS LES MÂLES DE +400KG POUR LES SORTIES DE FIN D'ANNÉE. EN FEMELLES, OFFRE ET DEMANDE ÉQUILIBRÉES.",COT-VRO-GB_maigres-A24-S24.csv
2024,24,,2024-06-10,2024-06-16,TOULOUSE,"PEU D'APPPORTS, COURS RECONDUITS.",COT-VRO-GB_maigres-A24-S24.csv
2024,24,,2024-06-10,2024-06-16,NANTES,FACILE RECONDUCTION.,COT-VRO-GB_maigres-A24-S24.csv
2024,24,,2024-06-10,2024-06-16,NANCY,,COT-VRO-GB_maigres-A24-S24.csv
2024,24,,2024-06-10,2024-06-16,MOYENNE NATIONALE,,COT-VRO-GB_maigres-A24-S24.csv
2024,26,,2024-06-24,2024-06-30,LIMOGES,MARCHÉ ÉQUILIBRÉ. PLAFONNEMENT DES COURS.,COT-VRO-GB_maigres-A24-S26.csv
2024,26,,2024-06-24,2024-06-30,CLERMONT-FERRAND,BONNE TENUE DU MARCHE.,COT-VRO-GB_maigres-A24-S26.csv
2024,26,,2024-06-24,2024-06-30,DIJON,"INVERSION DE TENDANCE EN MÂLES, VENTES PLUS COMPLIQUÉES. MARCHÉ ÉQUILIBRÉ EN FEMELLES, OFFRE LIMITÉE.",COT-VRO-GB_maigres-A24-S26.csv
2024,26,,2024-06-24,2024-06-30,TOULOUSE,COURS RECONDUITS. MARCHÉ PLUS LENT EN BROUTARDS LOURDS.,COT-VRO-GB_maigres-A24-S26.csv
2024,26,,2024-06-24,2024-06-30,NANTES,LÉGER REPLI DANS LES MÂLES U.,COT-VRO-GB_maigres-A24-S26.csv
2024,26,,2024-06-24,2024-06-30,NANCY,,COT-VRO-GB_maigres-A24-S26.csv
2024,26,,2024-06-24,2024-06-30,MOYENNE NATIONALE,,COT-VRO-GB_maigres-A24-S26.csv
2024,27,,2024-07-01,2024-07-07,LIMOGES,COURS RECONDUITS.,COT-VRO-GB_maigres-A24-S27.csv
2024,27,,2024-07-01,2024-07-07,CLERMONT-FERRAND,MARCHÉ FERME. COURS RECONDUITS.,COT-VRO-GB_maigres-A24-S27.csv
2024,27,,2024-07-01,2024-07-07,DIJON,BAISSE ASSEZ CONSÉQUENTE EN BROUTARDS DUE À UN MANQUE DE DEMANDE FRANÇAISE ET ITALIENNE.,COT-VRO-GB_maigres-A24-S27.csv
2024,27,,2024-07-01,2024-07-07,TOULOUSE,"PEU D'OFFRE, COURS RECONDUITS.",COT-VRO-GB_maigres-A24-S27.csv
2024,27,,2024-07-01,2024-07-07,NANTES,LA SAISON N'EST PAS FAVORABLE AUX MISES EN PLACE. ACTIVITÉ RÉGULIÈRE ET STABILISATION DES COURS.,COT-VRO-GB_maigres-A24-S27.csv
2024,27,,2024-07-01,2024-07-07,NANCY,,COT-VRO-GB_maigres-A24-S27.csv
2024,27,,2024-07-01,2024-07-07,MOYENNE NATIONALE,,COT-VRO-GB_maigres-A24-S27.csv
2024,28,,2024-07-08,2024-07-14,LIMOGES,COURS FACILEMENT MAINTENUS AVEC UNE OFFRE MODÉRÉE.,COT-VRO-GB_maigres-A24-S28.csv
2024,28,,2024-07-08,2024-07-14,CLERMONT-FERRAND,COURS EN BAISSE POUR LES CROISÉS. COURS RECONDUITS DANS LES AUTRES CATÉGORIES.,COT-VRO-GB_maigres-A24-S28.csv
2024,28,,2024-07-08,2024-07-14,DIJON,TRÈS PEU D'OFFRES DANS LES FEMELLES FONT AUGMENTER LES COURS. MARCHÉ DIFFICILE EN MÂLES AUTANT EN FRANCE QU'EN ITALIE.,COT-VRO-GB_maigres-A24-S28.csv
2024,28,,2024-07-08,2024-07-14,TOULOUSE,"APPORTS RÉDUITS, COURS RECONDUITS.",COT-VRO-GB_maigres-A24-S28.csv
2024,28,,2024-07-08,2024-07-14,NANTES,LES FAIBLES VOLUMES OFFERTS ET LA PRESSION À LA BAISSE DE LA VIANDE DE JB SONT FAVORABLES À UNE RECONDUCTION DES COURS.,COT-VRO-GB_maigres-A24-S28.csv
2024,28,,2024-07-08,2024-07-14,NANCY,,COT-VRO-GB_maigres-A24-S28.csv
2024,28,,2024-07-08,2024-07-14,MOYENNE NATIONALE,,COT-VRO-GB_maigres-A24-S28.csv
2024,29,,2024-07-15,2024-07-21,LIMOGES,"COMMERCE FLUIDE, COURS RECONDUITS.",COT-VRO-GB_maigres-A24-S29.csv
2024,29,,2024-07-15,2024-07-21,CLERMONT-FERRAND,"L'OFFRE EST MODÉRÉE, LE MARCHÉ RESTE DYNAMIQUE. COURS RECONDUITS.",COT-VRO-GB_maigres-A24-S29.csv
2024,29,,2024-07-15,2024-07-21,DIJON,OFFRE LIMITÉE ET DEMANDE LIMITÉE. LES FEMELLES SONT TOUJOURS RECHERCHÉES.,COT-VRO-GB_maigres-A24-S29.csv
2024,29,,2024-07-15,2024-07-21,TOULOUSE,"APPORTS TOUJOURS FAIBLES, COURS RECONDUITS.",COT-VRO-GB_maigres-A24-S29.csv
2024,29,,2024-07-15,2024-07-21,NANTES,MODESTIE DE L'OFFRE ET RÉAJUSTEMENT DES COURS EN CHAROLAIS ET LIMOUSINS .,COT-VRO-GB_maigres-A24-S29.csv
2024,29,,2024-07-15,2024-07-21,NANCY,,COT-VRO-GB_maigres-A24-S29.csv
2024,29,,2024-07-15,2024-07-21,MOYENNE NATIONALE,,COT-VRO-GB_maigres-A24-S29.csv
2024,30,,2024-07-22,2024-07-28,LIMOGES,COURS STABLES.,COT-VRO-GB_maigres-A24-S30.csv
2024,30,,2024-07-22,2024-07-28,CLERMONT-FERRAND,COURS RECONDUITS. LE MARCHÉ RESTE STABLE ET DYNAMIQUE.,COT-VRO-GB_maigres-A24-S30.csv
2024,30,,2024-07-22,2024-07-28,DIJON,"COURS FERMES DANS LES ANIMAUX DE PLUS DE 400 KG, EN PRÉVISION DES SORTIES D'HIVER.",COT-VRO-GB_maigres-A24-S30.csv
2024,30,,2024-07-22,2024-07-28,TOULOUSE,LES APPORTS RESTREINTS LIÉS À LA SAISON NE PERMETTENT PAS DE FAIRE ÉVOLUER LES COURS.,COT-VRO-GB_maigres-A24-S30.csv
2024,30,,2024-07-22,2024-07-28,NANTES,COURS INCHANGÉS AVEC UNE OFFRE TOUJOURS LIMITÉE ET UNE DEMANDE PLUS SÉLECTIVE.,COT-VRO-GB_maigres-A24-S30.csv
2024,30,,2024-07-22,2024-07-28,NANCY,,COT-VRO-GB_maigres-A24-S30.csv
2024,30,,2024-07-22,2024-07-28,MOYENNE NATIONALE,,COT-VRO-GB_maigres-A24-S30.csv
2024,31,,2024-07-29,2024-08-04,LIMOGES,COURS DIFFICILEMENT RECONDUITS EN MARCHANDISE MOYENNE.,COT-VRO-GB_maigres-A24-S31.csv
2024,31,,2024-07-29,2024-08-04,CLERMONT-FERRAND,LE MARCHÉ RESTE FLUIDE ET LES COURS FACILEMENTS RECONDUITS.,COT-VRO-GB_maigres-A24-S31.csv
2024,31,,2024-07-29,2024-08-04,DIJON,"MÂLES LOURDS : BONNE DEMANDE EN PRÉVISION DES SORTIES DE DÉBUT 2025. FEMELLES : PEU DE VOLUMES, COURS EN HAUSSE.",COT-VRO-GB_maigres-A24-S31.csv
2024,31,,2024-07-29,2024-08-04,TOULOUSE,"LES APPORTS RESTENT FAIBLES, LES COURS SONT RECONDUITS.",COT-VRO-GB_maigres-A24-S31.csv
2024,31,,2024-07-29,2024-08-04,NANTES,"DEVANT LA FAIBLESSE DE L'OFFRE, LA BONNE MARCHANDISE EST TOUJOURS TRÈS RECHERCHÉE.",COT-VRO-GB_maigres-A24-S31.csv
2024,31,,2024-07-29,2024-08-04,NANCY,,COT-VRO-GB_maigres-A24-S31.csv
2024,31,,2024-07-29,2024-08-04,MOYENNE NATIONALE,,COT-VRO-GB_maigres-A24-S31.csv
2024,32,,2024-08-05,2024-08-11,LIMOGES,COURS RECONDUITS.,COT-VRO-GB_maigres-A24-S32.csv
2024,32,,2024-08-05,2024-08-11,CLERMONT-FERRAND,MARCHÉ TRÈS ACTIF EN CROISÉS ET SALERS.,COT-VRO-GB_maigres-A24-S32.csv
2024,32,,2024-08-05,2024-08-11,DIJON,"PEU D'OFFRE, MARCHÉS ACTIFS EN MÂLES ET FEMELLES. EXPORT CALME.",COT-VRO-GB_maigres-A24-S32.csv
2024,32,,2024-08-05,2024-08-11,TOULOUSE,"PEU D'ANIMAUX SUR LE MARCHÉ, COURS RECONDUITS.",COT-VRO-GB_maigres-A24-S32.csv
2024,32,,2024-08-05,2024-08-11,NANTES,L'ACTIVITÉ EST RALENTIE AVEC DE FAIBLES APPORTS ET DE FORTES CHALEURS. LES COURS SONT RECONDUITS.,COT-VRO-GB_maigres-A24-S32.csv
2024,32,,2024-08-05,2024-08-11,NANCY,,COT-VRO-GB_maigres-A24-S32.csv
2024,32,,2024-08-05,2024-08-11,MOYENNE NATIONALE,,COT-VRO-GB_maigres-A24-S32.csv
2024,33,,2024-08-12,2024-08-18,LIMOGES,RECONDUCTION DES COURS.,COT-VRO-GB_maigres-A24-S33.csv
2024,33,,2024-08-12,2024-08-18,CLERMONT-FERRAND,ABSENCE DE COTATIONS FAUTE D’ACTIVITÉ SUFFISANTE (SEMAINE DU 15 AOÛT).,COT-VRO-GB_maigres-A24-S33.csv
2024,33,,2024-08-12,2024-08-18,DIJON,LES COURS SONT RECONDUITS.,COT-VRO-GB_maigres-A24-S33.csv
2024,33,,2024-08-12,2024-08-18,TOULOUSE,"PAS D'EXPORT, COURS RECONDUITS.",COT-VRO-GB_maigres-A24-S33.csv
2024,33,,2024-08-12,2024-08-18,NANTES,RECONDUCTION DES COURS.,COT-VRO-GB_maigres-A24-S33.csv
2024,33,,2024-08-12,2024-08-18,NANCY,,COT-VRO-GB_maigres-A24-S33.csv
2024,33,,2024-08-12,2024-08-18,MOYENNE NATIONALE,,COT-VRO-GB_maigres-A24-S33.csv
2024,34,,2024-08-19,2024-08-25,LIMOGES,"COURS RECONDUITS, DEMANDE PLUS SÉLECTIVE DANS LES ANIMAUX LÉGERS.",COT-VRO-GB_maigres-A24-S34.csv
2024,34,,2024-08-19,2024-08-25,CLERMONT-FERRAND,"MARCHÉ TRÈS ACTIF, COURS EN HAUSSE.",COT-VRO-GB_maigres-A24-S34.csv
2024,34,,2024-08-19,2024-08-25,DIJON,LA SITUATION SANITAIRE INCERTAINE PERTURBE LE MARCHÉ ET LA CIRCULATION INTERNATIONALE. RARETÉ DANS LES FEMELLES.,COT-VRO-GB_maigres-A24-S34.csv
2024,34,,2024-08-19,2024-08-25,TOULOUSE,"DÉBUT DE REPRISE DANS UN CONTEXTE SANITAIRE INCERTAIN, COURS RECONDUITS.",COT-VRO-GB_maigres-A24-S34.csv
2024,34,,2024-08-19,2024-08-25,NANTES,"MALGRÉ UN CONTEXTE SANITAIRE DIFFICILE ET COMPLEXE, FERMETÉ DES COURS.",COT-VRO-GB_maigres-A24-S34.csv
2024,34,,2024-08-19,2024-08-25,NANCY,,COT-VRO-GB_maigres-A24-S34.csv
2024,34,,2024-08-19,2024-08-25,MOYENNE NATIONALE,,COT-VRO-GB_maigres-A24-S34.csv
2024,35,,2024-08-26,2024-09-01,LIMOGES,"SORTIES PLUS ÉTOFFÉES AVEC LES PREMIERS BROUTARDS DE PRINTEMPS, COURS STABLES.",COT-VRO-GB_maigres-A24-S35.csv
2024,35,,2024-08-26,2024-09-01,CLERMONT-FERRAND,"MARCHÉ ACTIF, COURS EN HAUSSE.",COT-VRO-GB_maigres-A24-S35.csv
2024,35,,2024-08-26,2024-09-01,DIJON,COMMISSION ANNULÉE FAUTE DE DONNÉES DISPONIBLES. LES COURS SONT RECONDUITS.,COT-VRO-GB_maigres-A24-S35.csv
2024,35,,2024-08-26,2024-09-01,TOULOUSE,"COMMERCE DIFFICILE, ANIMAUX VACCINÉS OU TESTÉS NÉGATIF MHE RECHERCHÉS PAR LES ACHETEURS POUR EXPORT ET ENGRAISSEMENT.",COT-VRO-GB_maigres-A24-S35.csv
2024,35,,2024-08-26,2024-09-01,NANTES,LA MODESTIE DE L'OFFRE DOPE LES COURS.,COT-VRO-GB_maigres-A24-S35.csv
2024,35,,2024-08-26,2024-09-01,NANCY,,COT-VRO-GB_maigres-A24-S35.csv
2024,35,,2024-08-26,2024-09-01,MOYENNE NATIONALE,,COT-VRO-GB_maigres-A24-S35.csv
2024,36,,2024-09-02,2024-09-08,LIMOGES,TARIFS RECONDUITS POUR LES ANIMAUX VACCINÉS 4 ET 8 MALGRÉ DES INQUIÉTUDES POUR LES PROCHAINES SEMAINES.,COT-VRO-GB_maigres-A24-S36.csv
2024,36,,2024-09-02,2024-09-08,CLERMONT-FERRAND,COURS FACILEMENT RECONDUITS.,COT-VRO-GB_maigres-A24-S36.csv
2024,36,,2024-09-02,2024-09-08,DIJON,COMMISSION ANNULÉE FAUTE DE DONNÉES DISPONIBLES. LES COURS SONT RECONDUITS.,COT-VRO-GB_maigres-A24-S36.csv
2024,36,,2024-09-02,2024-09-08,TOULOUSE,LE STATUT SANITAIRE EST LE FACTEUR DÉTERMINANT POUR LE DEVENIR COMMERCIAL DES ANIMAUX.,COT-VRO-GB_maigres-A24-S36.csv
2024,36,,2024-09-02,2024-09-08,NANTES,"MALGRÉ UN CONTEXTE SANITAIRE COMPLEXE, LA FAIBLESSE DES VOLUMES DISPONIBLES MAINTIENT LES COURS À DES NIVEAUX ÉLEVÉS.",COT-VRO-GB_maigres-A24-S36.csv
2024,36,,2024-09-02,2024-09-08,NANCY,,COT-VRO-GB_maigres-A24-S36.csv
2024,36,,2024-09-02,2024-09-08,MOYENNE NATIONALE,,COT-VRO-GB_maigres-A24-S36.csv
2024,37,,2024-09-09,2024-09-15,LIMOGES,"DEMANDE RÉGULIÈRE, COURS EN HAUSSE.",COT-VRO-GB_maigres-A24-S37.csv
2024,37,,2024-09-09,2024-09-15,CLERMONT-FERRAND,"MARCHÉ STABLE ET ACTIF, COURS RECONDUITS.",COT-VRO-GB_maigres-A24-S37.csv
2024,37,,2024-09-09,2024-09-15,DIJON,"MARCHÉ DYNAMIQUE DANS TOUTES LES CATÉGORIES. ATTENTION, PAS DE MARCHÉ POUR LES ANIMAUX POSITIFS FCO.",COT-VRO-GB_maigres-A24-S37.csv
2024,37,,2024-09-09,2024-09-15,TOULOUSE,VENTES FACILES MALGRÉ LES PERTURBATIONS LIÉES À LA MHE ET LA FCO.,COT-VRO-GB_maigres-A24-S37.csv
2024,37,,2024-09-09,2024-09-15,NANTES,PLUS D'OFFRE AVEC L'ÉLARGISSEMENT DES ZONES SANITAIRES. PLUS DE BESOINS DUS À UNE ACTIVITÉ RÉDUITE DEPUIS LA MI-AOÛT.,COT-VRO-GB_maigres-A24-S37.csv
2024,37,,2024-09-09,2024-09-15,NANCY,,COT-VRO-GB_maigres-A24-S37.csv
2024,37,,2024-09-09,2024-09-15,MOYENNE NATIONALE,,COT-VRO-GB_maigres-A24-S37.csv
2024,38,,2024-09-16,2024-09-22,LIMOGES,"MARCHÉ DÉSTABILISÉ SUIVANT LES ZONES RÉGLEMENTÉES, LES ANIMAUX SANITAIREMENT EN RÈGLE SONT RECHERCHÉS.",COT-VRO-GB_maigres-A24-S38.csv
2024,38,,2024-09-16,2024-09-22,CLERMONT-FERRAND,"MARCHÉ TOUJOURS ACTIF, BONNE DEMANDE.",COT-VRO-GB_maigres-A24-S38.csv
2024,38,,2024-09-16,2024-09-22,DIJON,"MARCHÉ ITALIEN DYNAMIQUE, MARCHÉ FRANÇAIS COMPLIQUÉ À CAUSE DES ANIMAUX POSITIFS. OFFRE TRÈS LIMITÉE SUR LES FEMELLES.",COT-VRO-GB_maigres-A24-S38.csv
2024,38,,2024-09-16,2024-09-22,TOULOUSE,VENTES FACILES EN BONNES MARCHANDISES.,COT-VRO-GB_maigres-A24-S38.csv
2024,38,,2024-09-16,2024-09-22,NANTES,SEMAINE DU SPACE. L'ACTIVITÉ EST PLUS CALME AVEC DES COURS SENSIBLEMENT RECONDUITS.,COT-VRO-GB_maigres-A24-S38.csv
2024,38,,2024-09-16,2024-09-22,NANCY,,COT-VRO-GB_maigres-A24-S38.csv
2024,38,,2024-09-16,2024-09-22,MOYENNE NATIONALE,,COT-VRO-GB_maigres-A24-S38.csv
2024,39,,2024-09-23,2024-09-29,LIMOGES,NOUVELLE HAUSSE DES COURS POUR LES ANIMAUX VALABLEMENT VACCINÉS (4 ET 8) ET INDEMNES FCO 3 ET MHE.,COT-VRO-GB_maigres-A24-S39.csv
2024,39,,2024-09-23,2024-09-29,CLERMONT-FERRAND,"MARCHÉ TOUJOURS ACTIF, DEMANDE SOUTENUE EN ZONE INDEMNE DE FCO 3, FAVORABLE À L'EXPORT.",COT-VRO-GB_maigres-A24-S39.csv
2024,39,,2024-09-23,2024-09-29,DIJON,"BONNE DEMANDE SUR MARCHÉ FRANÇAIS ET ITALIEN, OFFRE IMPORTANTE. MARCHÉ COMPLIQUÉ EN LOURDS NON TESTÉS OU POSITIFS FCO.",COT-VRO-GB_maigres-A24-S39.csv
2024,39,,2024-09-23,2024-09-29,TOULOUSE,COURS RECONDUITS.,COT-VRO-GB_maigres-A24-S39.csv
2024,39,,2024-09-23,2024-09-29,NANTES,OFFRE INSUFFISANTE POUR UNE DEMANDE TOUJOURS DE PLUS EN PLUS IMPORTANTE. NOUVELLE HAUSSE DES COURS.,COT-VRO-GB_maigres-A24-S39.csv
2024,39,,2024-09-23,2024-09-29,NANCY,,COT-VRO-GB_maigres-A24-S39.csv
2024,39,,2024-09-23,2024-09-29,MOYENNE NATIONALE,,COT-VRO-GB_maigres-A24-S39.csv
2024,40,,2024-09-30,2024-10-06,LIMOGES,"MOINS D'OFFRE, DEMANDE TOUJOURS ACTIVE.",COT-VRO-GB_maigres-A24-S40.csv
2024,40,,2024-09-30,2024-10-06,CLERMONT-FERRAND,"MARCHÉ TOUJOURS EN HAUSSE, DÛ À UNE OFFRE INSUFFISANTE.",COT-VRO-GB_maigres-A24-S40.csv
2024,40,,2024-09-30,2024-10-06,DIJON,PEU D'OFFRE POUR LA SAISON NOTAMMENT EN FEMELLES. BONNE DEMANDE DE L'ITALIE ET L'ESPAGNE EN BABY.,COT-VRO-GB_maigres-A24-S40.csv
2024,40,,2024-09-30,2024-10-06,TOULOUSE,"VOLUMES FAIBLES, LOTS MHE / FCO 3 NÉGATIFS RECHERCHÉS. RÉAJUSTEMENTS DES COURS EN BLONDS ET LIMOUSINS LÉGERS.",COT-VRO-GB_maigres-A24-S40.csv
2024,40,,2024-09-30,2024-10-06,NANTES,LES COURS SE STABILISENT DANS LA BONNE MARCHANDISE VACCINÉE ET INDEMNE. RÉAJUSTEMENT DES COURS DANS LE CHOIX SECONDAIRE.,COT-VRO-GB_maigres-A24-S40.csv
2024,40,,2024-09-30,2024-10-06,NANCY,,COT-VRO-GB_maigres-A24-S40.csv
2024,40,,2024-09-30,2024-10-06,MOYENNE NATIONALE,,COT-VRO-GB_maigres-A24-S40.csv
2024,41,,2024-10-07,2024-10-13,LIMOGES,COURS RECONDUITS DANS UN CONTEXTE SANITAIRE DÉLICAT.,COT-VRO-GB_maigres-A24-S41.csv
2024,41,,2024-10-07,2024-10-13,CLERMONT-FERRAND,"MARCHÉ TOUJOURS ACTIF, OFFRE PLUS IMPORTANTE.",COT-VRO-GB_maigres-A24-S41.csv
2024,41,,2024-10-07,2024-10-13,DIJON,QUORUM NON ATTEINT. APPLICATION DES PRIX DU RÉSEAU.,COT-VRO-GB_maigres-A24-S41.csv
2024,41,,2024-10-07,2024-10-13,TOULOUSE,OFFRE EN BROUTARDS FAIBLE POUR LA DEMANDE. LOTS MHE FCO 3 NÉGATIFS PRIVILÉGIÉS. RELÈVEMENT DES PRIX TOUTES CATÉGORIES.,COT-VRO-GB_maigres-A24-S41.csv
2024,41,,2024-10-07,2024-10-13,NANTES,"COURS RECONDUITS. INCERTITUDES LIÉES AUX CONDITIONS CLIMATIQUES, SANITAIRES (MHE/FCO) ET ÉCONOMIQUES (FILIÈRE JB).",COT-VRO-GB_maigres-A24-S41.csv
2024,41,,2024-10-07,2024-10-13,NANCY,,COT-VRO-GB_maigres-A24-S41.csv
2024,41,,2024-10-07,2024-10-13,MOYENNE NATIONALE,,COT-VRO-GB_maigres-A24-S41.csv
2024,42,,2024-10-14,2024-10-20,LIMOGES,BONNE DEMANDE AVEC UNE OFFRE MODÉRÉE.,COT-VRO-GB_maigres-A24-S42.csv
2024,42,,2024-10-14,2024-10-20,CLERMONT-FERRAND,"DEMANDE SOUTENUE, BONNE STABILITÉ DU MARCHÉ POUR LES ANIMAUX DE QUALITÉ.",COT-VRO-GB_maigres-A24-S42.csv
2024,42,,2024-10-14,2024-10-20,DIJON,MARCHÉ ÉQUILIBRÉ EN MÂLES. TRÈS FORTE DEMANDE DANS LES FEMELLES.,COT-VRO-GB_maigres-A24-S42.csv
2024,42,,2024-10-14,2024-10-20,TOULOUSE,MARCHÉ ACTIF EN ANIMAUX VALABLEMENT VACCINÉS FCO8/4 ET PCR FCO3/MHE NÉGATIFS.,COT-VRO-GB_maigres-A24-S42.csv
2024,42,,2024-10-14,2024-10-20,NANTES,"PLAFONNEMENT DES COURS, BONNE DEMANDE À L'EXPORT POUR LES SUJETS VACCINÉS. COURS DE VIANDE DE JB ORIENTÉS À LA HAUSSE.",COT-VRO-GB_maigres-A24-S42.csv
2024,42,,2024-10-14,2024-10-20,NANCY,,COT-VRO-GB_maigres-A24-S42.csv
2024,42,,2024-10-14,2024-10-20,MOYENNE NATIONALE,,COT-VRO-GB_maigres-A24-S42.csv
2024,43,,2024-10-21,2024-10-27,LIMOGES,"DEMANDE STABLE, COURS RECONDUITS.",COT-VRO-GB_maigres-A24-S43.csv
2024,43,,2024-10-21,2024-10-27,CLERMONT-FERRAND,LE MARCHÉ ESPAGNOL EST FERMÉ POUR LE CANTAL EN RAISON DE LA FCO 3. LES VENTES SONT PÉNALISÉES SUR LES ANIMAUX LÉGERS.,COT-VRO-GB_maigres-A24-S43.csv
2024,43,,2024-10-21,2024-10-27,DIJON,L'OFFRE ET LA DEMANDE SONT ÉQUILIBRÉES EN MÂLES. DEMANDE IMPORTANTE EN FEMELLES.,COT-VRO-GB_maigres-A24-S43.csv
2024,43,,2024-10-21,2024-10-27,TOULOUSE,LES APPORTS SONT EN FORTE BAISSE ET LES TRANSACTIONS MOINS DYNAMIQUES EN RAISON DE L'ÉVOLUTION DU CONTEXTE SANITAIRE.,COT-VRO-GB_maigres-A24-S43.csv
2024,43,,2024-10-21,2024-10-27,NANTES,COURS PÉNIBLEMENT RECONDUITS.,COT-VRO-GB_maigres-A24-S43.csv
2024,43,,2024-10-21,2024-10-27,NANCY,,COT-VRO-GB_maigres-A24-S43.csv
2024,43,,2024-10-21,2024-10-27,MOYENNE NATIONALE,,COT-VRO-GB_maigres-A24-S43.csv
2024,44,,2024-10-28,2024-11-03,LIMOGES,PLAFONNEMENT DES COURS MALGRÉ UNE OFFRE MODÉRÉE.,COT-VRO-GB_maigres-A24-S44.csv
2024,44,,2024-10-28,2024-11-03,CLERMONT-FERRAND,"DEMANDE STABLE, COURS RECONDUITS.",COT-VRO-GB_maigres-A24-S44.csv
2024,44,,2024-10-28,2024-11-03,DIJON,"QUORUM NON ATTEINT, APPLICATION DES PRIX DU RÉSEAU.",COT-VRO-GB_maigres-A24-S44.csv
2024,44,,2024-10-28,2024-11-03,TOULOUSE,COURS RECONDUITS.,COT-VRO-GB_maigres-A24-S44.csv
2024,44,,2024-10-28,2024-11-03,NANTES,MODESTIE DE L'OFFRE AVEC UNE QUALITÉ MOINDRE. LES COURS SONT PLUS DISCUTÉS.,COT-VRO-GB_maigres-A24-S44.csv
2024,44,,2024-10-28,2024-11-03,NANCY,,COT-VRO-GB_maigres-A24-S44.csv
2024,44,,2024-10-28,2024-11-03,MOYENNE NATIONALE,,COT-VRO-GB_maigres-A24-S44.csv
2024,45,,2024-11-04,2024-11-10,LIMOGES,COMMERCE STABLE.,COT-VRO-GB_maigres-A24-S45.csv
2024,45,,2024-11-04,2024-11-10,CLERMONT-FERRAND,COURS ORIENTÉS À LA HAUSSE POUR LES ANIMAUX AUX STANDARDS SANITAIRES.,COT-VRO-GB_maigres-A24-S45.csv
2024,45,,2024-11-04,2024-11-10,DIJON,"MALGRÉ L'OFFRE SUPÉRIEURE, LE COMMERCE RESTE DYNAMIQUE SUR LA FRANCE ET L'EXPORT.",COT-VRO-GB_maigres-A24-S45.csv
2024,45,,2024-11-04,2024-11-10,TOULOUSE,MARCHÉ SUSPENDU AUX IMPÉRATIFS SANITAIRES. COURS RECONDUITS AVEC QUELQUES RÉAJUSTEMENTS.,COT-VRO-GB_maigres-A24-S45.csv
2024,45,,2024-11-04,2024-11-10,NANTES,LES COURS SONT PLUS DISCUTÉS DANS LES MÂLES SURTOUT POUR LES BLONDS D'AQUITAINE.,COT-VRO-GB_maigres-A24-S45.csv
2024,45,,2024-11-04,2024-11-10,NANCY,,COT-VRO-GB_maigres-A24-S45.csv
2024,45,,2024-11-04,2024-11-10,MOYENNE NATIONALE,,COT-VRO-GB_maigres-A24-S45.csv
2024,46,,2024-11-11,2024-11-17,LIMOGES,COMMERCE PLUS COMPLIQUÉ EN SUJETS NON VACCINÉS FCO.,COT-VRO-GB_maigres-A24-S46.csv
2024,46,,2024-11-11,2024-11-17,CLERMONT-FERRAND,"TOUJOURS UNE BONNE DEMANDE DANS UN MARCHÉ DYNAMIQUE, OFFRE ABONDANTE EN BROUTARDS LÉGERS. COURS RECONDUITS.",COT-VRO-GB_maigres-A24-S46.csv
2024,46,,2024-11-11,2024-11-17,DIJON,"AJOUT D'UN OPÉRATEUR. MARCHÉ DYNAMIQUE, BONNE DEMANDE ITALIENNE, ESPAGNOLE ET FRANÇAISE. PEU DE SORTIES EN FEMELLES.",COT-VRO-GB_maigres-A24-S46.csv
2024,46,,2024-11-11,2024-11-17,TOULOUSE,COURS RECONDUITS.,COT-VRO-GB_maigres-A24-S46.csv
2024,46,,2024-11-11,2024-11-17,NANTES,L'ACTIVITÉ EST PERTURBÉE PAR LES SEMAINES AVEC UN JOUR FÉRIÉ. LES COURS SONT RECONDUITS.,COT-VRO-GB_maigres-A24-S46.csv
2024,46,,2024-11-11,2024-11-17,NANCY,,COT-VRO-GB_maigres-A24-S46.csv
2024,46,,2024-11-11,2024-11-17,MOYENNE NATIONALE,,COT-VRO-GB_maigres-A24-S46.csv
2024,47,,2024-11-18,2024-11-24,LIMOGES,BONNE DEMANDE EN ANIMAUX VALABLEMENT VACCINÉS.,COT-VRO-GB_maigres-A24-S47.csv
2024,47,,2024-11-18,2024-11-24,CLERMONT-FERRAND,L'OFFRE EST SOUTENUE AVEC UN PLAFONNEMENT DES COURS. LES COTATIONS SONT ETABLIES POUR DES ANIMAUX A JOUR DES VACCINATION,COT-VRO-GB_maigres-A24-S47.csv
2024,47,,2024-11-18,2024-11-24,DIJON,"QUORUM NON ATTEINT, APPLICATION DES PRIX RÉSEAU.",COT-VRO-GB_maigres-A24-S47.csv
2024,47,,2024-11-18,2024-11-24,TOULOUSE,"L'OFFRE AUGMENTE UN PEU, LE MARCHÉ DEVIENT PLUS SÉLECTIF.",COT-VRO-GB_maigres-A24-S47.csv
2024,47,,2024-11-18,2024-11-24,NANTES,AMBIANCE CALME AVEC DES COURS RECONDUITS.,COT-VRO-GB_maigres-A24-S47.csv
2024,47,,2024-11-18,2024-11-24,NANCY,,COT-VRO-GB_maigres-A24-S47.csv
2024,47,,2024-11-18,2024-11-24,MOYENNE NATIONALE,,COT-VRO-GB_maigres-A24-S47.csv
2024,48,,2024-11-25,2024-12-01,LIMOGES,"DEMANDE SOUTENUE, CONTEXTE SANITAIRE COMPLIQUÉ, VARIABILITÉ DES PRIX SELON L'ÉTAT VACCINAL DES ANIMAUX.",COT-VRO-GB_maigres-A24-S48.csv
2024,48,,2024-11-25,2024-12-01,CLERMONT-FERRAND,MARCHÉ TOUJOURS ACTIF.,COT-VRO-GB_maigres-A24-S48.csv
2024,48,,2024-11-25,2024-12-01,DIJON,LA HAUSSE DES JB ENTRAÎNE UN COMMERCE DYNAMIQUE DANS LES MÂLES. FEMELLES TOUJOURS TRÈS DEMANDÉES.,COT-VRO-GB_maigres-A24-S48.csv
2024,48,,2024-11-25,2024-12-01,TOULOUSE,"L'OFFRE RESTE FAIBLE POUR LA SAISON, COURS RECONDUITS.",COT-VRO-GB_maigres-A24-S48.csv
2024,48,,2024-11-25,2024-12-01,NANTES,LE SUJET MERCOSUR FIGE LA SITUATION ET SUPPLANTE LA CRISE SANITAIRE. RECONDUCTION DES COURS.,COT-VRO-GB_maigres-A24-S48.csv
2024,48,,2024-11-25,2024-12-01,NANCY,,COT-VRO-GB_maigres-A24-S48.csv
2024,48,,2024-11-25,2024-12-01,MOYENNE NATIONALE,,COT-VRO-GB_maigres-A24-S48.csv
2024,49,,2024-12-02,2024-12-08,LIMOGES,"DEMANDE ACTIVE POUR LES ANIMAUX VALABLEMENT VACCINÉS (SÉROTYPES 4, 8 ET 3).",COT-VRO-GB_maigres-A24-S49.csv
2024,49,,2024-12-02,2024-12-08,CLERMONT-FERRAND,MARCHÉ ACTIF. COURS RECONDUITS.,COT-VRO-GB_maigres-A24-S49.csv
2024,49,,2024-12-02,2024-12-08,DIJON,COURS FACILEMENT RECONDUITS AVEC UNE HAUSSE DANS LES ANIMAUX LOURDS.,COT-VRO-GB_maigres-A24-S49.csv
2024,49,,2024-12-02,2024-12-08,TOULOUSE,"VENTES PLUS ACTIVES DANS LES ANIMAUX AYANT UN STATUT SANITAIRE CONFORME À L'EXPORT, COURS RECONDUITS.",COT-VRO-GB_maigres-A24-S49.csv
2024,49,,2024-12-02,2024-12-08,NANTES,L'ORIENTATION DES BROUTARDS VERS L'EXPORT (VACCINÉS) OU LE MARCHÉ INTÉRIEUR (PRODUCTION DE JB) CONDITIONNE LES COURS.,COT-VRO-GB_maigres-A24-S49.csv
2024,49,,2024-12-02,2024-12-08,NANCY,,COT-VRO-GB_maigres-A24-S49.csv
2024,49,,2024-12-02,2024-12-08,MOYENNE NATIONALE,,COT-VRO-GB_maigres-A24-S49.csv
2024,50,,2024-12-09,2024-12-15,LIMOGES,"COURS RECONDUITS, L'OFFRE ET LA DEMANDE S'ÉQUILIBRENT.",COT-VRO-GB_maigres-A24-S50.csv
2024,50,,2024-12-09,2024-12-15,CLERMONT-FERRAND,COURS RECONDUITS. VENTE PLUS CALME AVEC LÉGÈRE BAISSE DANS LES FEMELLES.,COT-VRO-GB_maigres-A24-S50.csv
2024,50,,2024-12-09,2024-12-15,DIJON,"BONNE DEMANDE EN MÂLES SUR LES MARCHÉS FRANÇAIS, ITALIEN ET ESPAGNOL. PLAFONNEMENT EN FEMELLES, OFFRE PLUS IMPORTANTE.",COT-VRO-GB_maigres-A24-S50.csv
2024,50,,2024-12-09,2024-12-15,TOULOUSE,"LES APPORTS RESTENT LIMITÉS, COURS RECONDUITS.",COT-VRO-GB_maigres-A24-S50.csv
2024,50,,2024-12-09,2024-12-15,NANTES,PLAFONNEMENT DES COURS ET COMMERCE PLUS LABORIEUX DANS LES CHOIX SECONDAIRES.,COT-VRO-GB_maigres-A24-S50.csv
2024,50,,2024-12-09,2024-12-15,NANCY,,COT-VRO-GB_maigres-A24-S50.csv
2024,50,,2024-12-09,2024-12-15,MOYENNE NATIONALE,,COT-VRO-GB_maigres-A24-S50.csv
2024,51,,2024-12-16,2024-12-22,LIMOGES,COURS GLOBALEMENT RECONDUITS.,COT-VRO-GB_maigres-A24-S51.csv
2024,51,,2024-12-16,2024-12-22,CLERMONT-FERRAND,COURS RECONDUITS.,COT-VRO-GB_maigres-A24-S51.csv
2024,51,,2024-12-16,2024-12-22,DIJON,"MÂLES : COMMERCE DYNAMIQUE EN MOINS DE 450 KG. FEMELLES : COMMERCE PLUS COMPLIQUÉ, AVEC MOINS DE PLACE EN ITALIE.",COT-VRO-GB_maigres-A24-S51.csv
2024,51,,2024-12-16,2024-12-22,TOULOUSE,COURS RECONDUITS.,COT-VRO-GB_maigres-A24-S51.csv
2024,51,,2024-12-16,2024-12-22,NANTES,PÉRIODE DE QUEUES DE LOTS AVEC PLUS DE MARCHANDISES DE QUALITÉ MOINDRE. COURS RECONDUITS.,COT-VRO-GB_maigres-A24-S51.csv
2024,51,,2024-12-16,2024-12-22,NANCY,,COT-VRO-GB_maigres-A24-S51.csv
2024,51,,2024-12-16,2024-12-22,MOYENNE NATIONALE,,COT-VRO-GB_maigres-A24-S51.csv
2024,52,,2024-12-23,2024-12-29,LIMOGES,COURS RECONDUITS.,COT-VRO-GB_maigres-A24-S52.csv
2024,52,,2024-12-23,2024-12-29,CLERMONT-FERRAND,COURS RECONDUITS.,COT-VRO-GB_maigres-A24-S52.csv
2024,52,,2024-12-23,2024-12-29,DIJON,"FAUTE DE DONNÉES DISPONIBLES, COMMISSION ANNULÉE. LES COURS SONT RECONDUITS.",COT-VRO-GB_maigres-A24-S52.csv
2024,52,,2024-12-23,2024-12-29,TOULOUSE,COURS RECONDUITS.,COT-VRO-GB_maigres-A24-S52.csv
2024,52,,2024-12-23,2024-12-29,NANTES,COURS RECONDUITS.,COT-VRO-GB_maigres-A24-S52.csv
2024,52,,2024-12-23,2024-12-29,NANCY,,COT-VRO-GB_maigres-A24-S52.csv
2024,52,,2024-12-23,2024-12-29,MOYENNE NATIONALE,,COT-VRO-GB_maigres-A24-S52.csv
2025,1,,2024-12-30,2025-01-05,LIMOGES,COURS RECONDUITS.,COT-VRO-GB_maigres-A25-S01.csv
2025,1,,2024-12-30,2025-01-05,CLERMONT-FERRAND,COURS RECONDUITS.,COT-VRO-GB_maigres-A25-S01.csv
2025,1,,2024-12-30,2025-01-05,DIJON,COURS RECONDUITS.,COT-VRO-GB_maigres-A25-S01.csv
2025,1,,2024-12-30,2025-01-05,TOULOUSE,PAS D'EXPORT. COURS RECONDUITS.,COT-VRO-GB_maigres-A25-S01.csv
2025,1,,2024-12-30,2025-01-05,NANTES,COURS RECONDUITS.,COT-VRO-GB_maigres-A25-S01.csv
2025,1,,2024-12-30,2025-01-05,NANCY,,COT-VRO-GB_maigres-A25-S01.csv
2025,1,,2024-12-30,2025-01-05,MOYENNE NATIONALE,,COT-VRO-GB_maigres-A25-S01.csv
2025,2,,2025-01-06,2025-01-12,LIMOGES,COMMERCE TOUJOURS DYNAMIQUE EN CETTE SEMAINE DE REPRISE.,COT-VRO-GB_maigres-A25-S02.csv
2025,2,,2025-01-06,2025-01-12,CLERMONT-FERRAND,DEMANDE SOUTENUE DANS UN MARCHÉ ACTIF. TENDANCE À LA HAUSSE.,COT-VRO-GB_maigres-A25-S02.csv
2025,2,,2025-01-06,2025-01-12,DIJON,REDÉMARRAGE TRÈS ACTIF APRÈS 2 SEMAINES SANS ACTIVITÉ. GROSSES COMMANDES SUR LES MARCHÉS ITALIEN ET ESPAGNOL.,COT-VRO-GB_maigres-A25-S02.csv
2025,2,,2025-01-06,2025-01-12,TOULOUSE,PAS D'EXPORT. COURS RECONDUITS.,COT-VRO-GB_maigres-A25-S02.csv
2025,2,,2025-01-06,2025-01-12,NANTES,L'ACTIVITÉ REDÉMARRE AVEC UNE OFFRE LIMITÉE MOINS QUALITEUSE MAIS AVEC DES COURS BIEN ORIENTÉS.,COT-VRO-GB_maigres-A25-S02.csv
2025,2,,2025-01-06,2025-01-12,NANCY,,COT-VRO-GB_maigres-A25-S02.csv
2025,2,,2025-01-06,2025-01-12,MOYENNE NATIONALE,,COT-VRO-GB_maigres-A25-S02.csv
2025,3,,2025-01-13,2025-01-19,LIMOGES,"APPORTS EN HAUSSE, MARCHÉ FERME, COURS EN HAUSSE.",COT-VRO-GB_maigres-A25-S03.csv
2025,3,,2025-01-13,2025-01-19,CLERMONT-FERRAND,MARCHÉ TOUJOURS ACTIF. HAUSSE PERSISTANTE.,COT-VRO-GB_maigres-A25-S03.csv
2025,3,,2025-01-13,2025-01-19,DIJON,TRÈS FORTE DEMANDE AVEC UNE HAUSSE CONSÉQUENTE MALGRÉ UNE OFFRE IMPORTANTE.,COT-VRO-GB_maigres-A25-S03.csv
2025,3,,2025-01-13,2025-01-19,TOULOUSE,BONNE DEMANDE.,COT-VRO-GB_maigres-A25-S03.csv
2025,3,,2025-01-13,2025-01-19,NANTES,LA FORTE DEMANDE EN BROUTARDS COMME CELLE DES JB VIANDES ORIENTE LES COURS À LA HAUSSE.,COT-VRO-GB_maigres-A25-S03.csv
2025,3,,2025-01-13,2025-01-19,NANCY,,COT-VRO-GB_maigres-A25-S03.csv
2025,3,,2025-01-13,2025-01-19,MOYENNE NATIONALE,,COT-VRO-GB_maigres-A25-S03.csv
2025,4,,2025-01-20,2025-01-26,LIMOGES,DEMANDE TRÈS ACTIVE EN BONS BROUTARDS VACCINÉS EN TOTALITÉ.,COT-VRO-GB_maigres-A25-S04.csv
2025,4,,2025-01-20,2025-01-26,CLERMONT-FERRAND,OFFRE NE SATISFAISANT PAS LA DEMANDE. COURS TOUJOURS EN HAUSSE.,COT-VRO-GB_maigres-A25-S04.csv
2025,4,,2025-01-20,2025-01-26,DIJON,TRÈS FORTE DEMANDE AVEC UNE HAUSSE CONSÉQUENTE.,COT-VRO-GB_maigres-A25-S04.csv
2025,4,,2025-01-20,2025-01-26,TOULOUSE,VENTES FACILES EN SUJETS VALABLEMENT VACCINÉS.,COT-VRO-GB_maigres-A25-S04.csv
2025,4,,2025-01-20,2025-01-26,NANTES,L'OFFRE EST INSUFFISANTE POUR UNE DEMANDE CROISSANTE. LES COURS SONT EN FORTE HAUSSE.,COT-VRO-GB_maigres-A25-S04.csv
2025,4,,2025-01-20,2025-01-26,NANCY,,COT-VRO-GB_maigres-A25-S04.csv
2025,4,,2025-01-20,2025-01-26,MOYENNE NATIONALE,,COT-VRO-GB_maigres-A25-S04.csv
2025,5,,2025-01-27,2025-02-02,LIMOGES,"DEMANDE IMPORTANTE, APPORTS STABLES.",COT-VRO-GB_maigres-A25-S05.csv
2025,5,,2025-01-27,2025-02-02,CLERMONT-FERRAND,"DEMANDE TRÈS ACTIVE, HAUSSE PERSISTANTE.",COT-VRO-GB_maigres-A25-S05.csv
2025,5,,2025-01-27,2025-02-02,DIJON,FORTE DEMANDE SUR TOUS LES MARCHÉS FRANÇAIS ET EUROPÉENS.,COT-VRO-GB_maigres-A25-S05.csv
2025,5,,2025-01-27,2025-02-02,TOULOUSE,"PEU D'APPORTS, HAUSSE DES COURS.",COT-VRO-GB_maigres-A25-S05.csv
2025,5,,2025-01-27,2025-02-02,NANTES,"LES COURS SONT TOUJOURS BIEN ORIENTÉS, POURSUITE DE LA HAUSSE.",COT-VRO-GB_maigres-A25-S05.csv
2025,5,,2025-01-27,2025-02-02,NANCY,,COT-VRO-GB_maigres-A25-S05.csv
2025,5,,2025-01-27,2025-02-02,MOYENNE NATIONALE,,COT-VRO-GB_maigres-A25-S05.csv
2025,6,,2025-02-03,2025-02-09,LIMOGES,"MARCHÉ DYNAMIQUE, COURS SOUTENUS.",COT-VRO-GB_maigres-A25-S06.csv
2025,6,,2025-02-03,2025-02-09,CLERMONT-FERRAND,"BONNE DEMANDE, MARCHÉ DYNAMIQUE.",COT-VRO-GB_maigres-A25-S06.csv
2025,6,,2025-02-03,2025-02-09,DIJON,LA RÉDUCTION DE L'OFFRE ET LA BONNE DEMANDE SUR TOUS LES MARCHÉS ENCOURAGENT LA HAUSSE.,COT-VRO-GB_maigres-A25-S06.csv
2025,6,,2025-02-03,2025-02-09,TOULOUSE,"PEU D'APPORTS, MARCHÉ ACTIF.",COT-VRO-GB_maigres-A25-S06.csv
2025,6,,2025-02-03,2025-02-09,NANTES,LA FAIBLESSE DE L'OFFRE PAR RAPPORT À UNE FORTE DEMANDE ORIENTE LES COURS À LA HAUSSE.,COT-VRO-GB_maigres-A25-S06.csv
2025,6,,2025-02-03,2025-02-09,NANCY,,COT-VRO-GB_maigres-A25-S06.csv
2025,6,,2025-02-03,2025-02-09,MOYENNE NATIONALE,,COT-VRO-GB_maigres-A25-S06.csv
2025,7,,2025-02-10,2025-02-16,LIMOGES,DEMANDE TOUJOURS SOUTENUE. COURS EN HAUSSE.,COT-VRO-GB_maigres-A25-S07.csv
2025,7,,2025-02-10,2025-02-16,CLERMONT-FERRAND,"DEMANDE ACTIVE, OFFRE INSUFFISANTE.",COT-VRO-GB_maigres-A25-S07.csv
2025,7,,2025-02-10,2025-02-16,DIJON,MARCHÉ TRÈS ACTIF AVEC DES AUGMENTATIONS IMPORTANTES DE SEMAINE EN SEMAINE.,COT-VRO-GB_maigres-A25-S07.csv
2025,7,,2025-02-10,2025-02-16,TOULOUSE,MARCHÉ TRÈS ACTIF.,COT-VRO-GB_maigres-A25-S07.csv
2025,7,,2025-02-10,2025-02-16,NANTES,MARCHÉ HYPER DYNAMIQUE.,COT-VRO-GB_maigres-A25-S07.csv
2025,7,,2025-02-10,2025-02-16,NANCY,,COT-VRO-GB_maigres-A25-S07.csv
2025,7,,2025-02-10,2025-02-16,MOYENNE NATIONALE,,COT-VRO-GB_maigres-A25-S07.csv
2025,8,,2025-02-17,2025-02-23,LIMOGES,"L'OFFRE S'ÉFFRITE AVEC UNE DEMANDE BIEN PRÉSENTE, NOUVELLE HAUSSE DES COURS.",COT-VRO-GB_maigres-A25-S08.csv
2025,8,,2025-02-17,2025-02-23,CLERMONT-FERRAND,"DEMANDE SOUTENUE, TENDANCE TOUJOURS À LA HAUSSE.",COT-VRO-GB_maigres-A25-S08.csv
2025,8,,2025-02-17,2025-02-23,DIJON,COMMERCE TOUJOURS TRÈS DYNAMIQUE DANS TOUTES LES CATÉGORIES.,COT-VRO-GB_maigres-A25-S08.csv
2025,8,,2025-02-17,2025-02-23,TOULOUSE,MARCHÉ TRÈS ACTIF.,COT-VRO-GB_maigres-A25-S08.csv
2025,8,,2025-02-17,2025-02-23,NANTES,POURSUITE DE LA HAUSSE BOOSTÉE PAR UNE DEMANDE ACTIVE.,COT-VRO-GB_maigres-A25-S08.csv
2025,8,,2025-02-17,2025-02-23,NANCY,,COT-VRO-GB_maigres-A25-S08.csv
2025,8,,2025-02-17,2025-02-23,MOYENNE NATIONALE,,COT-VRO-GB_maigres-A25-S08.csv
2025,9,,2025-02-24,2025-03-02,LIMOGES,BONNE DEMANDE EN BROUTARDS VALABLEMENT VACCINÉS.,COT-VRO-GB_maigres-A25-S09.csv
2025,9,,2025-02-24,2025-03-02,CLERMONT-FERRAND,"DEMANDE SOUTENUE, TENDANCE TOUJOURS EN HAUSSE.",COT-VRO-GB_maigres-A25-S09.csv
2025,9,,2025-02-24,2025-03-02,DIJON,UNE FORTE DEMANDE FACE À UNE OFFRE LIMITÉE EN FERME.,COT-VRO-GB_maigres-A25-S09.csv
2025,9,,2025-02-24,2025-03-02,TOULOUSE,"OFFRE LIMITÉE, MARCHÉ TRÈS ACTIF.",COT-VRO-GB_maigres-A25-S09.csv
2025,9,,2025-02-24,2025-03-02,NANTES,MARCHÉ ACTIF ET DYNAMIQUE.,COT-VRO-GB_maigres-A25-S09.csv
2025,9,,2025-02-24,2025-03-02,NANCY,,COT-VRO-GB_maigres-A25-S09.csv
2025,9,,2025-02-24,2025-03-02,MOYENNE NATIONALE,,COT-VRO-GB_maigres-A25-S09.csv
2025,10,,2025-03-03,2025-03-09,LIMOGES,BONNE DEMANDE POUR L'EXPORT ET POUR LE MARCHÉ FRANÇAIS.,COT-VRO-GB_maigres-A25-S10.csv
2025,10,,2025-03-03,2025-03-09,CLERMONT-FERRAND,"MARCHÉ ACTIF, HAUSSE PERSISTANTE.",COT-VRO-GB_maigres-A25-S10.csv
2025,10,,2025-03-03,2025-03-09,DIJON,COURS TOUJOURS TRÈS ACTIFS.,COT-VRO-GB_maigres-A25-S10.csv
2025,10,,2025-03-03,2025-03-09,TOULOUSE,"OFFRE LIMITÉE, DEMANDE SOUTENUE.",COT-VRO-GB_maigres-A25-S10.csv
2025,10,,2025-03-03,2025-03-09,NANTES,L'EXPORT DYNAMISE L'ACTIVITÉ AVEC DES COURS TOUJOURS À LA HAUSSE.,COT-VRO-GB_maigres-A25-S10.csv
2025,10,,2025-03-03,2025-03-09,NANCY,,COT-VRO-GB_maigres-A25-S10.csv
2025,10,,2025-03-03,2025-03-09,MOYENNE NATIONALE,,COT-VRO-GB_maigres-A25-S10.csv
2025,11,,2025-03-10,2025-03-16,LIMOGES,"DEMANDE TOUJOURS BIEN PRÉSENTE, COURS STABLES.",COT-VRO-GB_maigres-A25-S11.csv
2025,11,,2025-03-10,2025-03-16,CLERMONT-FERRAND,"MARCHÉ DYNAMIQUE, TENDANCE AU PLAFONNEMENT DES COURS.",COT-VRO-GB_maigres-A25-S11.csv
2025,11,,2025-03-10,2025-03-16,DIJON,"BONNE DEMANDE EN ANIMAUX LÉGERS, POUR DES SORTIES APRÈS L'ÉTÉ. COURS RECONDUITS DANS LES CATÉGORIES LOURDES.",COT-VRO-GB_maigres-A25-S11.csv
2025,11,,2025-03-10,2025-03-16,TOULOUSE,COMMERCE FLUIDE AVEC UNE TENDANCE AU PLAFONNEMENT DES PRIX.,COT-VRO-GB_maigres-A25-S11.csv
2025,11,,2025-03-10,2025-03-16,NANTES,HAUSSE DES COURS.,COT-VRO-GB_maigres-A25-S11.csv
2025,11,,2025-03-10,2025-03-16,NANCY,,COT-VRO-GB_maigres-A25-S11.csv
2025,11,,2025-03-10,2025-03-16,MOYENNE NATIONALE,,COT-VRO-GB_maigres-A25-S11.csv
2025,12,,2025-03-17,2025-03-23,LIMOGES,STABILISATION DES COURS AVEC UNE OFFRE MODÉRÉE.,COT-VRO-GB_maigres-A25-S12.csv
2025,12,,2025-03-17,2025-03-23,CLERMONT-FERRAND,"MARCHÉ STABLE, BONNE DEMANDE. TASSEMENT DES COURS DANS LES BROUTARDS LOURDS.",COT-VRO-GB_maigres-A25-S12.csv
2025,12,,2025-03-17,2025-03-23,DIJON,MARCHÉ COMPLIQUÉ DANS LES LOURDS MAIS TRÈS ACTIF JUSQU'À 350 KG.,COT-VRO-GB_maigres-A25-S12.csv
2025,12,,2025-03-17,2025-03-23,TOULOUSE,MARCHÉ ACTIF.,COT-VRO-GB_maigres-A25-S12.csv
2025,12,,2025-03-17,2025-03-23,NANTES,L'OFFRE EST TOUJOURS INSUFFISANTE POUR UNE DEMANDE ACTIVE. LES COURS SONT TOUJOURS BIEN ORIENTÉS.,COT-VRO-GB_maigres-A25-S12.csv
2025,12,,2025-03-17,2025-03-23,NANCY,,COT-VRO-GB_maigres-A25-S12.csv
2025,12,,2025-03-17,2025-03-23,MOYENNE NATIONALE,,COT-VRO-GB_maigres-A25-S12.csv
2025,13,,2025-03-24,2025-03-30,LIMOGES,L'OFFRE ET LA DEMANDE S'ÉQUILIBRENT.,COT-VRO-GB_maigres-A25-S13.csv
2025,13,,2025-03-24,2025-03-30,CLERMONT-FERRAND,"BONNE DEMANDE EN BROUTARDS LÉGERS, TENSION SUR LES PRIX DANS LES LOURDS.",COT-VRO-GB_maigres-A25-S13.csv
2025,13,,2025-03-24,2025-03-30,DIJON,QUORUM NON ATTEINT. APPLICATION DES PRIX DU RÉSEAU.,COT-VRO-GB_maigres-A25-S13.csv
2025,13,,2025-03-24,2025-03-30,TOULOUSE,VENTES FACILES EN SUJETS LÉGERS.,COT-VRO-GB_maigres-A25-S13.csv
2025,13,,2025-03-24,2025-03-30,NANTES,TENDANCE À LA STABILISATION DES COURS MALGRÉ UNE DEMANDE SOUTENUE.,COT-VRO-GB_maigres-A25-S13.csv
2025,13,,2025-03-24,2025-03-30,NANCY,,COT-VRO-GB_maigres-A25-S13.csv
2025,13,,2025-03-24,2025-03-30,MOYENNE NATIONALE,,COT-VRO-GB_maigres-A25-S13.csv
2025,14,,2025-03-31,2025-04-06,LIMOGES,"REDYNAMISATION DU MARCHÉ, BONNE DEMANDE DANS LA MARCHANDISE DE POIDS STANDARD.",COT-VRO-GB_maigres-A25-S14.csv
2025,14,,2025-03-31,2025-04-06,CLERMONT-FERRAND,MARCHÉ ACTIF.,COT-VRO-GB_maigres-A25-S14.csv
2025,14,,2025-03-31,2025-04-06,DIJON,"BEAUCOUP D'OFFRE EN MÂLES +430 KG ET FEMELLES +380 KG, FAIBLE DEMANDE INTERNATIONALE, BAISSE GÉNÉRALE EN ANIMAUX LOURDS.",COT-VRO-GB_maigres-A25-S14.csv
2025,14,,2025-03-31,2025-04-06,TOULOUSE,VENTES FLUIDES.,COT-VRO-GB_maigres-A25-S14.csv
2025,14,,2025-03-31,2025-04-06,NANTES,"MALGRÉ UNE VOLONTÉ DE STABILISER LES COURS, POURSUITE DE LA HAUSSE DANS LA MARCHANDISE DE QUALITÉ.",COT-VRO-GB_maigres-A25-S14.csv
2025,14,,2025-03-31,2025-04-06,NANCY,,COT-VRO-GB_maigres-A25-S14.csv
2025,14,,2025-03-31,2025-04-06,MOYENNE NATIONALE,,COT-VRO-GB_maigres-A25-S14.csv
2025,15,,2025-04-07,2025-04-13,LIMOGES,MARCHÉ STABLE.,COT-VRO-GB_maigres-A25-S15.csv
2025,15,,2025-04-07,2025-04-13,CLERMONT-FERRAND,MARCHÉ TOUJOURS ACTIF. DEMANDE SÉLECTIVE EN POIDS. PLAFONNEMENT DES COURS DANS LES LOURDS.,COT-VRO-GB_maigres-A25-S15.csv
2025,15,,2025-04-07,2025-04-13,DIJON,COURS FACILEMENT RECONDUITS EN LÉGERS JUSQU'À 350 KG. MARCHÉ PLUS COMPLIQUÉ EN LOURDS AVEC DES VOLUMES IMPORTANTS.,COT-VRO-GB_maigres-A25-S15.csv
2025,15,,2025-04-07,2025-04-13,TOULOUSE,MARCHÉ ÉQUILIBRÉ.,COT-VRO-GB_maigres-A25-S15.csv
2025,15,,2025-04-07,2025-04-13,NANTES,BONNE DEMANDE EN LIMOUSINS ET CHAROLAIS AVEC DES TARIFS EN HAUSSE. RECONDUCTION EN BLONDS.,COT-VRO-GB_maigres-A25-S15.csv
2025,15,,2025-04-07,2025-04-13,NANCY,,COT-VRO-GB_maigres-A25-S15.csv
2025,15,,2025-04-07,2025-04-13,MOYENNE NATIONALE,,COT-VRO-GB_maigres-A25-S15.csv
2025,16,,2025-04-14,2025-04-20,LIMOGES,COURS GLOBALEMENT RECONDUITS.,COT-VRO-GB_maigres-A25-S16.csv
2025,16,,2025-04-14,2025-04-20,CLERMONT-FERRAND,COURS RECONDUITS.,COT-VRO-GB_maigres-A25-S16.csv
2025,16,,2025-04-14,2025-04-20,DIJON,"COURS RECONDUITS VOIRE EN HAUSSE POUR LES ANIMAUX JEUNES, LÉGERS ET DE QUALITÉ. PLUS COMPLIQUÉ HORS BONS CRITÈRES.",COT-VRO-GB_maigres-A25-S16.csv
2025,16,,2025-04-14,2025-04-20,TOULOUSE,BONNES VENTES EN ANIMAUX LÉGERS.,COT-VRO-GB_maigres-A25-S16.csv
2025,16,,2025-04-14,2025-04-20,NANTES,L'EQUILIBRE OFFRE-DEMANDE STABILISE LES COURS. LES TRAVAUX DES CHAMPS DEVIENNENT UNE PRIORITÉ.,COT-VRO-GB_maigres-A25-S16.csv
2025,16,,2025-04-14,2025-04-20,NANCY,,COT-VRO-GB_maigres-A25-S16.csv
2025,16,,2025-04-14,2025-04-20,MOYENNE NATIONALE,,COT-VRO-GB_maigres-A25-S16.csv
2025,17,,2025-04-21,2025-04-27,LIMOGES,"BONNE DEMANDE, COURS FACILEMENT RECONDUITS.",COT-VRO-GB_maigres-A25-S17.csv
2025,17,,2025-04-21,2025-04-27,CLERMONT-FERRAND,MARCHÉ STABLE. COURS RECONDUITS.,COT-VRO-GB_maigres-A25-S17.csv
2025,17,,2025-04-21,2025-04-27,DIJON,MARCHÉ TENDU DANS LES LÉGERS JUSQU'À 400 KG AVEC UNE CONFORMITÉ ÂGE/POIDS. COURS DIFFICILEMENT RECONDUITS EN LOURDS.,COT-VRO-GB_maigres-A25-S17.csv
2025,17,,2025-04-21,2025-04-27,TOULOUSE,RECONDUCTION DES COURS.,COT-VRO-GB_maigres-A25-S17.csv
2025,17,,2025-04-21,2025-04-27,NANTES,BONNE DEMANDE ET POURSUITE DE LA HAUSSE DANS LA MARCHANDISE DE QUALITÉ.,COT-VRO-GB_maigres-A25-S17.csv
2025,17,,2025-04-21,2025-04-27,NANCY,,COT-VRO-GB_maigres-A25-S17.csv
2025,17,,2025-04-21,2025-04-27,MOYENNE NATIONALE,,COT-VRO-GB_maigres-A25-S17.csv
2025,18,,2025-04-28,2025-05-04,LIMOGES,BONNE DEMANDE EN LAITONS.,COT-VRO-GB_maigres-A25-S18.csv
2025,18,,2025-04-28,2025-05-04,CLERMONT-FERRAND,"DANS L'ENSEMBLE, LE MARCHÉ RESTE STABLE.",COT-VRO-GB_maigres-A25-S18.csv
2025,18,,2025-04-28,2025-05-04,DIJON,QUORUM NON ATTEINT. APPLICATION DES PRIX DU RÉSEAU.,COT-VRO-GB_maigres-A25-S18.csv
2025,18,,2025-04-28,2025-05-04,TOULOUSE,MARCHÉ RAPIDE EN MÂLES LÉGERS.,COT-VRO-GB_maigres-A25-S18.csv
2025,18,,2025-04-28,2025-05-04,NANTES,"ACTIVITÉ RÉGULIÈRE, COURS RECONDUITS.",COT-VRO-GB_maigres-A25-S18.csv
2025,18,,2025-04-28,2025-05-04,NANCY,,COT-VRO-GB_maigres-A25-S18.csv
2025,18,,2025-04-28,2025-05-04,MOYENNE NATIONALE,,COT-VRO-GB_maigres-A25-S18.csv
2025,19,,2025-05-05,2025-05-11,LIMOGES,FORTE DEMANDE EN BONS SUJETS FRAIS.,COT-VRO-GB_maigres-A25-S19.csv
2025,19,,2025-05-05,2025-05-11,CLERMONT-FERRAND,DEMANDE TOUJOURS ACTIVE. STABILITÉ DES COURS.,COT-VRO-GB_maigres-A25-S19.csv
2025,19,,2025-05-05,2025-05-11,DIJON,TRÈS GROSSE BAISSE DU VOLUME TOUTE CATÉGORIE QUI EXPLIQUE LA HAUSSE DES COURS. TRÈS FORTE DEMANDE JUSUQU'À 350 KG.,COT-VRO-GB_maigres-A25-S19.csv
2025,19,,2025-05-05,2025-05-11,TOULOUSE,COURS RAPIDEMENT RECONDUITS TOUTES CATÉGORIES.,COT-VRO-GB_maigres-A25-S19.csv
2025,19,,2025-05-05,2025-05-11,NANTES,L'OFFRE EST INSUFFISANTE POUR UNE DEMANDE TOUJOURS FORTE. LES TARIFS SONT FACILEMENT RECONDUITS.,COT-VRO-GB_maigres-A25-S19.csv
2025,19,,2025-05-05,2025-05-11,NANCY,,COT-VRO-GB_maigres-A25-S19.csv
2025,19,,2025-05-05,2025-05-11,MOYENNE NATIONALE,,COT-VRO-GB_maigres-A25-S19.csv
2025,20,,2025-05-12,2025-05-18,LIMOGES,L'OFFRE NE COUVRE PAS UNE DEMANDE SOUTENUE.,COT-VRO-GB_maigres-A25-S20.csv
2025,20,,2025-05-12,2025-05-18,CLERMONT-FERRAND,"MARCHÉ ACTIF, HAUSSE DES COURS.",COT-VRO-GB_maigres-A25-S20.csv
2025,20,,2025-05-12,2025-05-18,DIJON,QUORUM NON ATTEINT. APPLICATION DES PRIX DU RÉSEAU.,COT-VRO-GB_maigres-A25-S20.csv
2025,20,,2025-05-12,2025-05-18,TOULOUSE,VENTES TOUJOURS FACILES TOUTES CATÉGORIES.,COT-VRO-GB_maigres-A25-S20.csv
2025,20,,2025-05-12,2025-05-18,NANTES,LE MANQUE D'OFFRE COMBINÉ À UNE FORTE DEMANDE DOPE LES COURS.,COT-VRO-GB_maigres-A25-S20.csv
2025,20,,2025-05-12,2025-05-18,NANCY,,COT-VRO-GB_maigres-A25-S20.csv
2025,20,,2025-05-12,2025-05-18,MOYENNE NATIONALE,,COT-VRO-GB_maigres-A25-S20.csv
2025,21,,2025-05-19,2025-05-25,LIMOGES,LES BONS BROUTARDS D'AUTOMNE SONT RECHERCHÉS.,COT-VRO-GB_maigres-A25-S21.csv
2025,21,,2025-05-19,2025-05-25,CLERMONT-FERRAND,DEMANDE TOUJOURS ACTIVE AVEC UNE OFFRE LIMITÉE.,COT-VRO-GB_maigres-A25-S21.csv
2025,21,,2025-05-19,2025-05-25,DIJON,QUORUM NON ATTEINT. APPLICATION DES PRIX DU RÉSEAU.,COT-VRO-GB_maigres-A25-S21.csv
2025,21,,2025-05-19,2025-05-25,TOULOUSE,DEMANDE SOUTENUE TOUTES CATÉGORIES ENTRAÎNANT UNE HAUSSE DES COURS.,COT-VRO-GB_maigres-A25-S21.csv
2025,21,,2025-05-19,2025-05-25,NANTES,L'OFFRE EST STABLE AVEC UNE ACTIVITÉ FLUIDE ET DES COURS SOUTENUS.,COT-VRO-GB_maigres-A25-S21.csv
2025,21,,2025-05-19,2025-05-25,NANCY,,COT-VRO-GB_maigres-A25-S21.csv
2025,21,,2025-05-19,2025-05-25,MOYENNE NATIONALE,,COT-VRO-GB_maigres-A25-S21.csv
2025,22,,2025-05-26,2025-06-01,LIMOGES,DEMANDE TOUJOURS ACTIVE.,COT-VRO-GB_maigres-A25-S22.csv
2025,22,,2025-05-26,2025-06-01,CLERMONT-FERRAND,"MARCHÉ FLUIDE, COURS EN HAUSSE.",COT-VRO-GB_maigres-A25-S22.csv
2025,22,,2025-05-26,2025-06-01,DIJON,FORTE DEMANDE PAR RAPPORT À L'OFFRE LIMITÉE.,COT-VRO-GB_maigres-A25-S22.csv
2025,22,,2025-05-26,2025-06-01,TOULOUSE,"APPORTS LIMITÉS, HAUSSE DES COURS.",COT-VRO-GB_maigres-A25-S22.csv
2025,22,,2025-05-26,2025-06-01,NANTES,"LES VOLUMES OFFERTS SONT INSUFFISANTS, LES BROUTARDS BLONDS SONT TRÈS RECHERCHÉS.",COT-VRO-GB_maigres-A25-S22.csv
2025,22,,2025-05-26,2025-06-01,NANCY,,COT-VRO-GB_maigres-A25-S22.csv
2025,22,,2025-05-26,2025-06-01,MOYENNE NATIONALE,,COT-VRO-GB_maigres-A25-S22.csv
2025,23,,2025-06-02,2025-06-08,LIMOGES,COMMERCE DYNAMIQUE.,COT-VRO-GB_maigres-A25-S23.csv
2025,23,,2025-06-02,2025-06-08,CLERMONT-FERRAND,LE MARCHÉ RESTE DYNAMIQUE AVEC PEU DE VOLUME. LES COURS SONT À LA HAUSSE.,COT-VRO-GB_maigres-A25-S23.csv
2025,23,,2025-06-02,2025-06-08,DIJON,QUORUM NON ATTEINT. APPLICATION DES PRIX DU RÉSEAU.,COT-VRO-GB_maigres-A25-S23.csv
2025,23,,2025-06-02,2025-06-08,TOULOUSE,VENTES TOUJOURS SOUTENUES.,COT-VRO-GB_maigres-A25-S23.csv
2025,23,,2025-06-02,2025-06-08,NANTES,"HAUSSE DES COURS, MANQUE D'OFFRE ET FORTE DEMANDE.",COT-VRO-GB_maigres-A25-S23.csv
2025,23,,2025-06-02,2025-06-08,NANCY,,COT-VRO-GB_maigres-A25-S23.csv
2025,23,,2025-06-02,2025-06-08,MOYENNE NATIONALE,,COT-VRO-GB_maigres-A25-S23.csv
2025,24,,2025-06-09,2025-06-15,LIMOGES,DEMANDE SOUTENUE DANS LES ANIMAUX LÉGERS.,COT-VRO-GB_maigres-A25-S24.csv
2025,24,,2025-06-09,2025-06-15,CLERMONT-FERRAND,MARCHÉ TOUJOURS ACTIF.,COT-VRO-GB_maigres-A25-S24.csv
2025,24,,2025-06-09,2025-06-15,DIJON,LES PREMIERS BROUTARDS SONT TRÈS RECHERCHÉS CE QUI ORIENTE LE MARCHÉ À LA HAUSSE.,COT-VRO-GB_maigres-A25-S24.csv
2025,24,,2025-06-09,2025-06-15,TOULOUSE,"PEU D'OFFRE, DEMANDE SOUTENUE.",COT-VRO-GB_maigres-A25-S24.csv
2025,24,,2025-06-09,2025-06-15,NANTES,POURSUITE DE LA HAUSSE.,COT-VRO-GB_maigres-A25-S24.csv
2025,24,,2025-06-09,2025-06-15,NANCY,,COT-VRO-GB_maigres-A25-S24.csv
2025,24,,2025-06-09,2025-06-15,MOYENNE NATIONALE,,COT-VRO-GB_maigres-A25-S24.csv
2025,25,,2025-06-16,2025-06-22,LIMOGES,DEMANDE TOUJOURS SOUTENUE.,COT-VRO-GB_maigres-A25-S25.csv
2025,25,,2025-06-16,2025-06-22,CLERMONT-FERRAND,"DEMANDE SOUTENUE, HAUSSE DES COURS.",COT-VRO-GB_maigres-A25-S25.csv
2025,25,,2025-06-16,2025-06-22,DIJON,"VENTE TOUJOURS SOUTENUE, LE MANQUE D'OFFRE FAIT LES COURS.",COT-VRO-GB_maigres-A25-S25.csv
2025,25,,2025-06-16,2025-06-22,TOULOUSE,"VOLUMES FAIBLES, TRANSACTIONS RAPIDES.",COT-VRO-GB_maigres-A25-S25.csv
2025,25,,2025-06-16,2025-06-22,NANTES,"MANQUE DE MARCHANDISE, DEMANDE ACCRUE ET COURS TOUJOURS BIEN ORIENTÉS.",COT-VRO-GB_maigres-A25-S25.csv
2025,25,,2025-06-16,2025-06-22,NANCY,,COT-VRO-GB_maigres-A25-S25.csv
2025,25,,2025-06-16,2025-06-22,MOYENNE NATIONALE,,COT-VRO-GB_maigres-A25-S25.csv
2025,26,,2025-06-23,2025-06-29,LIMOGES,COURS RECONDUITS.,COT-VRO-GB_maigres-A25-S26.csv
2025,26,,2025-06-23,2025-06-29,CLERMONT-FERRAND,COURS RECONDUITS DANS UN CONTEXTE SANITAIRE PERTURBÉ EN ITALIE.,COT-VRO-GB_maigres-A25-S26.csv
2025,26,,2025-06-23,2025-06-29,DIJON,QUORUM NON ATTEINT. APPLICATION DES PRIX DU RÉSEAU.,COT-VRO-GB_maigres-A25-S26.csv
2025,26,,2025-06-23,2025-06-29,TOULOUSE,"EFFECTIFS FAIBLES, VENTES RAPIDES.",COT-VRO-GB_maigres-A25-S26.csv
2025,26,,2025-06-23,2025-06-29,NANTES,L'ACTIVITÉ TEND À SE STABILISER MAIS L'INSUFFISANCE DES APPORTS FAVORISE UNE PROGRESSION DES COURS.,COT-VRO-GB_maigres-A25-S26.csv
2025,26,,2025-06-23,2025-06-29,NANCY,,COT-VRO-GB_maigres-A25-S26.csv
2025,26,,2025-06-23,2025-06-29,MOYENNE NATIONALE,,COT-VRO-GB_maigres-A25-S26.csv
2025,27,,2025-06-30,2025-07-06,LIMOGES,MARCHÉ PLUS DIFFICILE POUR LES ANIMAUX ORIENTÉS VERS L'ITALIE.,COT-VRO-GB_maigres-A25-S27.csv
2025,27,,2025-06-30,2025-07-06,CLERMONT-FERRAND,COURS EN BAISSE SUITE AUX PROBLÈMES SANITAIRES EN ITALIE.,COT-VRO-GB_maigres-A25-S27.csv
2025,27,,2025-06-30,2025-07-06,DIJON,"LES COURS BAISSENT EN RAISON DE LA DNC, INCERTITUDE DANS LES SEMAINES À VENIR.",COT-VRO-GB_maigres-A25-S27.csv
2025,27,,2025-06-30,2025-07-06,TOULOUSE,LES INCERTITUDES LIÉES À LA CRISE SANITAIRE PÈSENT SUR LE MARCHÉ.,COT-VRO-GB_maigres-A25-S27.csv
2025,27,,2025-06-30,2025-07-06,NANTES,LA DNC DONNE UN COUP DE FREIN À LA DYNAMIQUE DU MARCHÉ DANS LE GRAND OUEST. STABILISATION DES COURS SANS EFFONDREMENT.,COT-VRO-GB_maigres-A25-S27.csv
2025,27,,2025-06-30,2025-07-06,NANCY,,COT-VRO-GB_maigres-A25-S27.csv
2025,27,,2025-06-30,2025-07-06,MOYENNE NATIONALE,,COT-VRO-GB_maigres-A25-S27.csv
2025,28,,2025-07-07,2025-07-13,LIMOGES,MARCHÉ PERTURBÉ (SURTOUT À L'EXPORT) PAR LES PROBLEMES SANITAIRES LIÉS À LA DERMATOSE NODULAIRE CONTAGIEUSE.,COT-VRO-GB_maigres-A25-S28.csv
2025,28,,2025-07-07,2025-07-13,CLERMONT-FERRAND,PEU DE TRANSACTION DU FAIT DE LA CRISE SANITAIRE EN ITALIE. LES COURS RESTENT STABLES.,COT-VRO-GB_maigres-A25-S28.csv
2025,28,,2025-07-07,2025-07-13,DIJON,"LES COURS ONT TENDANCE À SE STABILISER, À VOIR DANS LES SEMAINES SUIVANTES EN FONCTION DES VOLUMES TRAITÉS.",COT-VRO-GB_maigres-A25-S28.csv
2025,28,,2025-07-07,2025-07-13,TOULOUSE,COMMERCE CALME SURTOUT POUR LES ANIMAUX D'EXPORT.,COT-VRO-GB_maigres-A25-S28.csv
2025,28,,2025-07-07,2025-07-13,NANTES,UNE OFFRE TOUJOURS LIMITÉE ET DES ACHETEURS EN DEMANDE D'UN REPLI DES COURS ENTRAINENT UN PLAFONNEMENT DES COURS.,COT-VRO-GB_maigres-A25-S28.csv
2025,28,,2025-07-07,2025-07-13,NANCY,,COT-VRO-GB_maigres-A25-S28.csv
2025,28,,2025-07-07,2025-07-13,MOYENNE NATIONALE,,COT-VRO-GB_maigres-A25-S28.csv
2025,29,,2025-07-14,2025-07-20,LIMOGES,"ACTIVITÉ RÉDUITE POUR CETTE SEMAINE DU 14 JUILLET, COURS RECONDUITS.",COT-VRO-GB_maigres-A25-S29.csv
2025,29,,2025-07-14,2025-07-20,CLERMONT-FERRAND,MARCHÉ FLUIDE. LES COURS SONT FACILEMENT RECONDUITS.,COT-VRO-GB_maigres-A25-S29.csv
2025,29,,2025-07-14,2025-07-20,DIJON,"PEU DE VOLUME POUR LA SAISON, PEU DE DEMANDE, COURS MAINTENUS.",COT-VRO-GB_maigres-A25-S29.csv
2025,29,,2025-07-14,2025-07-20,TOULOUSE,RECONDUCTION,COT-VRO-GB_maigres-A25-S29.csv
2025,29,,2025-07-14,2025-07-20,NANTES,"L'IMPACT SUR LES MARCHÉS EXPORT DE LA DNC GÉNÉRE ""UN COUP DE FREIN"" SUR L'ÉVOLUTION DES COURS. BAISSE SIGNIFICATIVE.",COT-VRO-GB_maigres-A25-S29.csv
2025,29,,2025-07-14,2025-07-20,NANCY,,COT-VRO-GB_maigres-A25-S29.csv
2025,29,,2025-07-14,2025-07-20,MOYENNE NATIONALE,,COT-VRO-GB_maigres-A25-S29.csv
2025,30,,2025-07-21,2025-07-27,LIMOGES,"APRÉS QUELQUES SEMAINES INDÉCISES, LES COURS REPARTENT À LA HAUSSE.",COT-VRO-GB_maigres-A25-S30.csv
2025,30,,2025-07-21,2025-07-27,CLERMONT-FERRAND,LA DEMANDE EST FORTE ET L'OFFRE LIMITÉE. COURS EN HAUSSE. MARCHÉ DYNAMIQUE.,COT-VRO-GB_maigres-A25-S30.csv
2025,30,,2025-07-21,2025-07-27,DIJON,QUORUM NON ATTEINT. COURS RECONDUITS.,COT-VRO-GB_maigres-A25-S30.csv
2025,30,,2025-07-21,2025-07-27,TOULOUSE,"RECONDUCTION DES COURS, L'OFFRE RESTE LIMITÉE.",COT-VRO-GB_maigres-A25-S30.csv
2025,30,,2025-07-21,2025-07-27,NANTES,COMMERCE PLUS RÉGULIER AVEC UNE FACILE RECONDUCTION DES PRIX.,COT-VRO-GB_maigres-A25-S30.csv
2025,30,,2025-07-21,2025-07-27,NANCY,,COT-VRO-GB_maigres-A25-S30.csv
2025,30,,2025-07-21,2025-07-27,MOYENNE NATIONALE,,COT-VRO-GB_maigres-A25-S30.csv
2025,31,,2025-07-28,2025-08-03,LIMOGES,"COMMERCE STABLE, COURS RECONDUITS.",COT-VRO-GB_maigres-A25-S31.csv
2025,31,,2025-07-28,2025-08-03,CLERMONT-FERRAND,COURS RECONDUITS.,COT-VRO-GB_maigres-A25-S31.csv
2025,31,,2025-07-28,2025-08-03,DIJON,QUORUM NON ATTEINT. APPLICATION DES PRIX DU RÉSEAU.,COT-VRO-GB_maigres-A25-S31.csv
2025,31,,2025-07-28,2025-08-03,TOULOUSE,"RECONDUCTION DES COURS, COMMERCE PLUS ACTIF QUE LES SEMAINES PASSÉES.",COT-VRO-GB_maigres-A25-S31.csv
2025,31,,2025-07-28,2025-08-03,NANTES,"RETOUR À LA NORMALE, LES VOLUMES PROPOSÉS SONT LIMITÉS ET LA DEMANDE EST BONNE. COURS EN HAUSSE.",COT-VRO-GB_maigres-A25-S31.csv
2025,31,,2025-07-28,2025-08-03,NANCY,,COT-VRO-GB_maigres-A25-S31.csv
2025,31,,2025-07-28,2025-08-03,MOYENNE NATIONALE,,COT-VRO-GB_maigres-A25-S31.csv
2025,32,,2025-08-04,2025-08-10,LIMOGES,TENDANCE À LA HAUSSE DANS LA BONNE MARCHANDISE.,COT-VRO-GB_maigres-A25-S32.csv
2025,32,,2025-08-04,2025-08-10,CLERMONT-FERRAND,MARCHÉ TRÈS DYNAMIQUE.,COT-VRO-GB_maigres-A25-S32.csv
2025,32,,2025-08-04,2025-08-10,DIJON,"QUORUM NON ATTEINT, APPLICATION DES PRIX DU RÉSEAU.",COT-VRO-GB_maigres-A25-S32.csv
2025,32,,2025-08-04,2025-08-10,TOULOUSE,"COMMERCE CALME, EFFECTIFS FAIBLES, COURS RECONDUITS.",COT-VRO-GB_maigres-A25-S32.csv
2025,32,,2025-08-04,2025-08-10,NANTES,"PÉRIODE DES CONGÉS AVEC ACTIVITÉ RÉDUITE, COURS RECONDUITS EXCEPTÉS QUELQUES BONS LOTS BÉNÉFICIANT DE PLUS-VALUES.",COT-VRO-GB_maigres-A25-S32.csv
2025,32,,2025-08-04,2025-08-10,NANCY,,COT-VRO-GB_maigres-A25-S32.csv
2025,32,,2025-08-04,2025-08-10,MOYENNE NATIONALE,,COT-VRO-GB_maigres-A25-S32.csv
2025,33,,2025-08-11,2025-08-17,LIMOGES,COURS RECONDUITS.,COT-VRO-GB_maigres-A25-S33.csv
2025,33,,2025-08-11,2025-08-17,CLERMONT-FERRAND,COURS RECONDUITS.,COT-VRO-GB_maigres-A25-S33.csv
2025,33,,2025-08-11,2025-08-17,DIJON,COMMISSION ANNULÉE FAUTE DE DONNÉES DISPONIBLES. LES COURS SONT RECONDUITS.,COT-VRO-GB_maigres-A25-S33.csv
2025,33,,2025-08-11,2025-08-17,TOULOUSE,"COURS RECONDUITS, COMMERCE CALME, PEU DE MARCHANDISE.",COT-VRO-GB_maigres-A25-S33.csv
2025,33,,2025-08-11,2025-08-17,NANTES,"AVANT VEILLE DE 15 AÔUT, L'ACTIVITÉ EST AU RALENTI. RECONDUCTION DES COURS.",COT-VRO-GB_maigres-A25-S33.csv
2025,33,,2025-08-11,2025-08-17,NANCY,,COT-VRO-GB_maigres-A25-S33.csv
2025,33,,2025-08-11,2025-08-17,MOYENNE NATIONALE,,COT-VRO-GB_maigres-A25-S33.csv
2025,34,,2025-08-18,2025-08-24,LIMOGES,MARCHÉ TRÈS DYNAMIQUE.,COT-VRO-GB_maigres-A25-S34.csv
2025,34,,2025-08-18,2025-08-24,CLERMONT-FERRAND,REPRISE ACTIVE DU MARCHÉ.,COT-VRO-GB_maigres-A25-S34.csv
2025,34,,2025-08-18,2025-08-24,DIJON,AJUSTEMENT DES COURS. FORTE DEMANDE QUI ENTRAÎNE LA HAUSSE DES PRIX. TRÈS PEU D'OFFRE.,COT-VRO-GB_maigres-A25-S34.csv
2025,34,,2025-08-18,2025-08-24,TOULOUSE,"COMMERCE DE REPRISE, MARCHÉ DYNAMIQUE, COURS À LA HAUSSE.",COT-VRO-GB_maigres-A25-S34.csv
2025,34,,2025-08-18,2025-08-24,NANTES,RECONDUCTION DES COURS.,COT-VRO-GB_maigres-A25-S34.csv
2025,34,,2025-08-18,2025-08-24,NANCY,,COT-VRO-GB_maigres-A25-S34.csv
2025,34,,2025-08-18,2025-08-24,MOYENNE NATIONALE,,COT-VRO-GB_maigres-A25-S34.csv
2025,35,,2025-08-25,2025-08-31,LIMOGES,BONNE DEMANDE AVEC DES COURS BIEN ORIENTÉS.,COT-VRO-GB_maigres-A25-S35.csv
2025,35,,2025-08-25,2025-08-31,CLERMONT-FERRAND,MARCHÉ DYNAMIQUE.,COT-VRO-GB_maigres-A25-S35.csv
2025,35,,2025-08-25,2025-08-31,DIJON,BONNE DEMANDE JUSQU'À 450 KG.,COT-VRO-GB_maigres-A25-S35.csv
2025,35,,2025-08-25,2025-08-31,TOULOUSE,"COMMERCE DYNAMIQUE, COURS À LA HAUSSE.",COT-VRO-GB_maigres-A25-S35.csv
2025,35,,2025-08-25,2025-08-31,NANTES,LES COURS SONT FAVORABLEMENT ORIENTÉS À LA HAUSSE.,COT-VRO-GB_maigres-A25-S35.csv
2025,35,,2025-08-25,2025-08-31,NANCY,,COT-VRO-GB_maigres-A25-S35.csv
2025,35,,2025-08-25,2025-08-31,MOYENNE NATIONALE,,COT-VRO-GB_maigres-A25-S35.csv
2025,36,,2025-09-01,2025-09-07,LIMOGES,"DEMANDE SOUTENUE, COURS EN HAUSSE.",COT-VRO-GB_maigres-A25-S36.csv
2025,36,,2025-09-01,2025-09-07,CLERMONT-FERRAND,DES APPORTS PLUS IMPORTANTS AVEC UNE DEMANDE TOUJOURS SOUTENUE ENTRAÎNENT UN LÉGER TASSEMENT DE LA HAUSSE DES COURS.,COT-VRO-GB_maigres-A25-S36.csv
2025,36,,2025-09-01,2025-09-07,DIJON,QUORUM NON ATTEINT. APPLICATION DES PRIX DU RÉSEAU.,COT-VRO-GB_maigres-A25-S36.csv
2025,36,,2025-09-01,2025-09-07,TOULOUSE,MARCHÉ TOUJOURS ACTIF.,COT-VRO-GB_maigres-A25-S36.csv
2025,36,,2025-09-01,2025-09-07,NANTES,HAUSSE DES COURS CONSÉCUTIVE À LA FAIBLESSE DE L'OFFRE ET À LA BONNE DEMANDE.,COT-VRO-GB_maigres-A25-S36.csv
2025,36,,2025-09-01,2025-09-07,NANCY,,COT-VRO-GB_maigres-A25-S36.csv
2025,36,,2025-09-01,2025-09-07,MOYENNE NATIONALE,,COT-VRO-GB_maigres-A25-S36.csv
2025,37,,2025-09-08,2025-09-14,LIMOGES,L'OFFRE PEU ÉTOFFÉE PERMET UNE NOUVELLE HAUSSE DES COURS.,COT-VRO-GB_maigres-A25-S37.csv
2025,37,,2025-09-08,2025-09-14,CLERMONT-FERRAND,DEMANDE SOUTENUE AVEC UN LÉGER PLAFONNEMENT DES COURS DANS LES MÂLES ET UNE HAUSSE DANS LES FEMELLES.,COT-VRO-GB_maigres-A25-S37.csv
2025,37,,2025-09-08,2025-09-14,DIJON,MÂLES LÉGERS ET FEMELLES : DEMANDE FERME ET PRIX SOUTENUS. COMPLIQUÉ À L'EXPORT POUR LES MÂLES DE PLUS DE 350 KG.,COT-VRO-GB_maigres-A25-S37.csv
2025,37,,2025-09-08,2025-09-14,TOULOUSE,PLAFONNEMENT DES COURS.,COT-VRO-GB_maigres-A25-S37.csv
2025,37,,2025-09-08,2025-09-14,NANTES,POURSUITE DE LA HAUSSE LIÉE AUX VOLUMES OFFERTS INSUFFISANTS.,COT-VRO-GB_maigres-A25-S37.csv
2025,37,,2025-09-08,2025-09-14,NANCY,,COT-VRO-GB_maigres-A25-S37.csv
2025,37,,2025-09-08,2025-09-14,MOYENNE NATIONALE,,COT-VRO-GB_maigres-A25-S37.csv
2025,38,,2025-09-15,2025-09-21,LIMOGES,DEMANDE SOUTENUE EN BROUTARDS LÉGERS.,COT-VRO-GB_maigres-A25-S38.csv
2025,38,,2025-09-15,2025-09-21,CLERMONT-FERRAND,"MARCHÉ TOUJOURS DYNAMIQUE, DEMANDE SOUTENUE.",COT-VRO-GB_maigres-A25-S38.csv
2025,38,,2025-09-15,2025-09-21,DIJON,"MÂLES LÉGERS : LE MARCHÉ SE TIENT. FEMELLES : OFFRE RARE, PRIX EN HAUSSE.",COT-VRO-GB_maigres-A25-S38.csv
2025,38,,2025-09-15,2025-09-21,TOULOUSE,"APPORTS FAIBLES, REVALORISATION DES COURS.",COT-VRO-GB_maigres-A25-S38.csv
2025,38,,2025-09-15,2025-09-21,NANTES,L'OFFRE EST INSUFFISANTE POUR UNE DEMANDE TOUJOURS TRÈS ACTIVE. LES COURS GRIMPENT .,COT-VRO-GB_maigres-A25-S38.csv
2025,38,,2025-09-15,2025-09-21,NANCY,,COT-VRO-GB_maigres-A25-S38.csv
2025,38,,2025-09-15,2025-09-21,MOYENNE NATIONALE,,COT-VRO-GB_maigres-A25-S38.csv
2025,39,,2025-09-22,2025-09-28,LIMOGES,"COURS RECONDUITS, DEMNANDE SOUTENUE.",COT-VRO-GB_maigres-A25-S39.csv
2025,39,,2025-09-22,2025-09-28,CLERMONT-FERRAND,"DEMANDE TOUJOURS ACTIVE, STABILITÉ DES COURS.",COT-VRO-GB_maigres-A25-S39.csv
2025,39,,2025-09-22,2025-09-28,DIJON,"OFFRE IMPORTANTE EN MÂLES POUR L'EXPORT. DEMANDE SOUTENUE EN MÂLES LÉGERS ET FEMELLES, CONTRAIREMENT AUX MÂLES +400 KG.",COT-VRO-GB_maigres-A25-S39.csv
2025,39,,2025-09-22,2025-09-28,TOULOUSE,"VENTES FACILES EN FEMELLES, PLAFONNEMENT EN MÂLES.",COT-VRO-GB_maigres-A25-S39.csv
2025,39,,2025-09-22,2025-09-28,NANTES,PLAFONNEMENT DES COURS (EFFET DNC).,COT-VRO-GB_maigres-A25-S39.csv
2025,39,,2025-09-22,2025-09-28,NANCY,,COT-VRO-GB_maigres-A25-S39.csv
2025,39,,2025-09-22,2025-09-28,MOYENNE NATIONALE,,COT-VRO-GB_maigres-A25-S39.csv
2025,40,,2025-09-29,2025-10-05,LIMOGES,COURS SOUTENUS. DEMANDE TOUJOURS PRÉSENTE.,COT-VRO-GB_maigres-A25-S40.csv
2025,40,,2025-09-29,2025-10-05,CLERMONT-FERRAND,"MARCHÉ STABLE, COURS RECONDUITS.",COT-VRO-GB_maigres-A25-S40.csv
2025,40,,2025-09-29,2025-10-05,DIJON,STABILITÉ DANS TOUTES LES CATÉGORIES. MARCHÉ PLUS SEREIN VIS-À-VIS DE LA DNC.,COT-VRO-GB_maigres-A25-S40.csv
2025,40,,2025-09-29,2025-10-05,TOULOUSE,VENTES FACILES EN FEMELLES ET MÂLES LÉGERS.,COT-VRO-GB_maigres-A25-S40.csv
2025,40,,2025-09-29,2025-10-05,NANTES,LA DEMANDE EST PLUS SÉLECTIVE AVEC UN TASSEMENT DES COURS VOIR UN LÉGER REPLI DANS LES CHAROLAIS.,COT-VRO-GB_maigres-A25-S40.csv
2025,40,,2025-09-29,2025-10-05,NANCY,,COT-VRO-GB_maigres-A25-S40.csv
2025,40,,2025-09-29,2025-10-05,MOYENNE NATIONALE,,COT-VRO-GB_maigres-A25-S40.csv
2025,41,,2025-10-06,2025-10-12,LIMOGES,FORTE DEMANDE EN FEMELLE.,COT-VRO-GB_maigres-A25-S41.csv
2025,41,,2025-10-06,2025-10-12,CLERMONT-FERRAND,"OFFRE RÉGULIÈRE, STABILITÉ DES COURS AVEC UN PLAFONNEMENT DANS LES LOURDS.",COT-VRO-GB_maigres-A25-S41.csv
2025,41,,2025-10-06,2025-10-12,DIJON,MARCHÉ FERME EN FEMELLES ET JEUNES MÂLES LÉGERS. PLUS TENDU EN ANIMAUX TYPE EXPORT.,COT-VRO-GB_maigres-A25-S41.csv
2025,41,,2025-10-06,2025-10-12,TOULOUSE,TASSEMENT DES COURS EN MÂLES LOURDS.,COT-VRO-GB_maigres-A25-S41.csv
2025,41,,2025-10-06,2025-10-12,NANTES,"MALGRÉ UNE DEMANDETOUJOURS PRÉSENTE, COURS PÉNIBLEMENT RECONDUITS.",COT-VRO-GB_maigres-A25-S41.csv
2025,41,,2025-10-06,2025-10-12,NANCY,,COT-VRO-GB_maigres-A25-S41.csv
2025,41,,2025-10-06,2025-10-12,MOYENNE NATIONALE,,COT-VRO-GB_maigres-A25-S41.csv
2025,42,,2025-10-13,2025-10-19,LIMOGES,MARCHÉ EN ATTENTE DES ÉVOLUTIONS SANITAIRES.,COT-VRO-GB_maigres-A25-S42.csv
2025,42,,2025-10-13,2025-10-19,CLERMONT-FERRAND,"COURS RECONDUITS, COMMERCE PERTURBÉ PAR LA FERMETURE DE L'EXPORT DES BROUTARDS.",COT-VRO-GB_maigres-A25-S42.csv
2025,42,,2025-10-13,2025-10-19,DIJON,L'OFFRE SUPPLÉMENTAIRE EN PRÉVISION DE L'EXTENSION DE LA ZONE DNC ORIENTE LES COURS DES MÂLES À LA BAISSE.,COT-VRO-GB_maigres-A25-S42.csv
2025,42,,2025-10-13,2025-10-19,TOULOUSE,VENTES PLUS DIFFICILES EN MÂLES EN RAISON DU CONTEXTE SANITAIRE.,COT-VRO-GB_maigres-A25-S42.csv
2025,42,,2025-10-13,2025-10-19,NANTES,PLAFONNEMENT DES COURS.,COT-VRO-GB_maigres-A25-S42.csv
2025,42,,2025-10-13,2025-10-19,NANCY,,COT-VRO-GB_maigres-A25-S42.csv
2025,42,,2025-10-13,2025-10-19,MOYENNE NATIONALE,,COT-VRO-GB_maigres-A25-S42.csv
2025,43,,2025-10-20,2025-10-26,LIMOGES,MARCHÉ TRÈS FORTEMENT FREINÉ PAR LE CONTEXTE SANITAIRE. COURS SANS CHANGEMENT.,COT-VRO-GB_maigres-A25-S43.csv
2025,43,,2025-10-20,2025-10-26,CLERMONT-FERRAND,"EN L'ABSENCE DE DONNÉES REPRÉSENTATIVES, COMMISSION ANNULÉE.",COT-VRO-GB_maigres-A25-S43.csv
2025,43,,2025-10-20,2025-10-26,DIJON,"EN L'ABSENCE DE DONNÉES REPRÉSENTATIVES, COMMISSION ANNULÉE.",COT-VRO-GB_maigres-A25-S43.csv
2025,43,,2025-10-20,2025-10-26,TOULOUSE,"EN L'ABSENCE DE DONNÉES REPRÉSENTATIVES, COMMISSION ANNULÉE.",COT-VRO-GB_maigres-A25-S43.csv
2025,43,,2025-10-20,2025-10-26,NANTES,APPORTS PLUS MODÉRÉS LIÉS À LA DNC LIMITANT LES MOUVEMENTS D'ANIMAUX EN VIFS À L'EXPORTATION. COURS RECONDUITS.,COT-VRO-GB_maigres-A25-S43.csv
2025,43,,2025-10-20,2025-10-26,NANCY,,COT-VRO-GB_maigres-A25-S43.csv
2025,43,,2025-10-20,2025-10-26,MOYENNE NATIONALE,,COT-VRO-GB_maigres-A25-S43.csv
2025,43,,2025-10-20,2025-10-26,"L'ABSENCE DE DONNÉES RÉGIONALES REPRÉSENTATIVES DES TRANSACTIONS DE BOVINS MAIGRES, EN RAISON DU CONTEXTE LIÉ À LA SITUATION SANITAIRE, NE PERMET PAS D'ÉTABLIR LES COTATIONSNATIONALES DES BOVINS MAIGRES POUR LA SEMAINE 43 (DU 20/10/2025 AU 26/10/2025).",,COT-VRO-GB_maigres-A25-S43.csv
2025,44,,2025-10-27,2025-11-02,LIMOGES,PEU D'ÉCHANGES CETTE SEMAINE DANS UN MARCHÉ PERTURBÉ PAR LES CONDITIONS SANITAIRES. COURS RECONDUITS.,COT-VRO-GB_maigres-A25-S44.csv
2025,44,,2025-10-27,2025-11-02,CLERMONT-FERRAND,"EN L'ABSENCE DE DONNÉES REPRÉSENTATIVES, COMMISSION ANNULÉE.",COT-VRO-GB_maigres-A25-S44.csv
2025,44,,2025-10-27,2025-11-02,DIJON,"EN L'ABSENCE DE DONNÉES REPRÉSENTATIVES, COMMISSION ANNULÉE.",COT-VRO-GB_maigres-A25-S44.csv
2025,44,,2025-10-27,2025-11-02,TOULOUSE,"EN L'ABSENCE DE DONNÉES REPRÉSENTATIVES, COMMISSION ANNULÉE.",COT-VRO-GB_maigres-A25-S44.csv
2025,44,,2025-10-27,2025-11-02,NANTES,L'OFFRE EST RÉDUITE ET TRÈS HÉTÉROGÈNE. LA DEMANDE EST PRUDENTE ET ATTENTISTE. COURS ORIENTÉS À LA BAISSE.,COT-VRO-GB_maigres-A25-S44.csv
2025,44,,2025-10-27,2025-11-02,NANCY,,COT-VRO-GB_maigres-A25-S44.csv
2025,44,,2025-10-27,2025-11-02,MOYENNE NATIONALE,,COT-VRO-GB_maigres-A25-S44.csv
2025,44,,2025-10-27,2025-11-02,"L'ABSENCE DE DONNÉES RÉGIONALES REPRÉSENTATIVES DES TRANSACTIONS DE BOVINS MAIGRES, EN RAISON DU CONTEXTE LIÉ À LA SITUATION SANITAIRE, NE PERMET PAS D'ÉTABLIR LES",,COT-VRO-GB_maigres-A25-S44.csv
2025,44,,2025-10-27,2025-11-02,COTATIONS NATIONALES DES BOVINS MAIGRES POUR LA SEMAINE 44 (DU 27/10/2025 AU 02/11/2025).,,COT-VRO-GB_maigres-A25-S44.csv
2025,45,,2025-11-03,2025-11-09,LIMOGES,REPRISE DES EXPORTATIONS. MARCHÉ PLUS COMPLIQUÈ EN BROUTARDS LOURDS (400 KG ET PLUS).,COT-VRO-GB_maigres-A25-S45.csv
2025,45,,2025-11-03,2025-11-09,CLERMONT-FERRAND,MARCHÉ DYNAMIQUE AVEC UNE DEMANDE BIEN PRÉSENTE. LES COURS SE TASSENT SUITE AUX BLOCAGES DE L'EXPORTATION (DNC).,COT-VRO-GB_maigres-A25-S45.csv
2025,45,,2025-11-03,2025-11-09,DIJON,"EN L'ABSENCE DE DONNÉES REPRÉSENTATIVES, COMMISSION ANNULÉE.",COT-VRO-GB_maigres-A25-S45.csv
2025,45,,2025-11-03,2025-11-09,TOULOUSE,"RECONDUCTION EN FEMELLES, BAISSE DANS LES MÂLES LOURDS ET DE MOINDRE CONFORMATION.",COT-VRO-GB_maigres-A25-S45.csv
2025,45,,2025-11-03,2025-11-09,NANTES,L'ACTIVITÉ EST FORTEMENT RALENTIE. COURS PÉNIBLEMENT RECONDUITS VOIRE MALMENÉS POUR LES LOTS DE BROUTARDS LOURDS.,COT-VRO-GB_maigres-A25-S45.csv
2025,45,,2025-11-03,2025-11-09,NANCY,,COT-VRO-GB_maigres-A25-S45.csv
2025,45,,2025-11-03,2025-11-09,MOYENNE NATIONALE,,COT-VRO-GB_maigres-A25-S45.csv
2025,45,,2025-11-03,2025-11-09,L'ABSENCE DE DONNÉES REPRÉSENTATIVES SUR LE BASSIN DE DIJON NE PERMET PAS D'ÉTABLIR,,COT-VRO-GB_maigres-A25-S45.csv
2025,45,,2025-11-03,2025-11-09,LES COTATIONS NATIONALES DES CHAROLAIS POUR LA SEMAINE 45 (DU 03/11/2025 AU 09/11/2025).,,COT-VRO-GB_maigres-A25-S45.csv
2025,46,,2025-11-10,2025-11-16,LIMOGES,"L'OFFRE ET LA DEMANDE S'ÉQUILIBRENT, SAUF EN SUJETS LOURDS.",COT-VRO-GB_maigres-A25-S46.csv
2025,46,,2025-11-10,2025-11-16,CLERMONT-FERRAND,"BONNE DEMANDE, REPRISE SOUTENUE DES COURS AVEC LE DÉBLOCAGE DE L' EXPORTATION.",COT-VRO-GB_maigres-A25-S46.csv
2025,46,,2025-11-10,2025-11-16,DIJON,"BONNE DEMANDE POUR DES SORTIES IMPORTANTES JUSQU'À 450KG, MALGRÉ LA FERMETURE DE 15 JOURS.",COT-VRO-GB_maigres-A25-S46.csv
2025,46,,2025-11-10,2025-11-16,TOULOUSE,"RECONDUCTION EN MÂLES, HAUSSE DANS LES FEMELLES.",COT-VRO-GB_maigres-A25-S46.csv
2025,46,,2025-11-10,2025-11-16,NANTES,ACTIVITÉ LIMITÉE À QUELQUES LOTS NÉGOCIÉS AVEC UNE PRESSION DE VOIR LES COURS ÉVOLUER À LA BAISSE.,COT-VRO-GB_maigres-A25-S46.csv
2025,46,,2025-11-10,2025-11-16,NANCY,,COT-VRO-GB_maigres-A25-S46.csv
2025,46,,2025-11-10,2025-11-16,MOYENNE NATIONALE,,COT-VRO-GB_maigres-A25-S46.csv
2025,47,,2025-11-17,2025-11-23,LIMOGES,OFFRE PLUS IMPORTANTE.,COT-VRO-GB_maigres-A25-S47.csv
2025,47,,2025-11-17,2025-11-23,CLERMONT-FERRAND,"DEMANDE SOUTENUE, MARCHÉ ACTIF.",COT-VRO-GB_maigres-A25-S47.csv
2025,47,,2025-11-17,2025-11-23,DIJON,BONNE DEMANDE JUSQU'À 400 KG. MARCHÉ PLUS COMPLIQUÉ POUR LES ANIMAUX LOURDS.,COT-VRO-GB_maigres-A25-S47.csv
2025,47,,2025-11-17,2025-11-23,TOULOUSE,RECONDUCTION DES COURS.,COT-VRO-GB_maigres-A25-S47.csv
2025,47,,2025-11-17,2025-11-23,NANTES,"L'OFFRE EST PLUS IMPORTANTE. FORTE PRESSION DES ACHETEURS À LA BAISSE, SURTOUT SUR LES SUJETS LOURDS.",COT-VRO-GB_maigres-A25-S47.csv
2025,47,,2025-11-17,2025-11-23,NANCY,,COT-VRO-GB_maigres-A25-S47.csv
2025,47,,2025-11-17,2025-11-23,MOYENNE NATIONALE,,COT-VRO-GB_maigres-A25-S47.csv
2025,48,,2025-11-24,2025-11-30,LIMOGES,"L'ARRIVÉE DE L'HIVER ENTRAÎNE UNE OFFRE PLUS IMPORTANTE, IMPACTANT LES COURS.",COT-VRO-GB_maigres-A25-S48.csv
2025,48,,2025-11-24,2025-11-30,CLERMONT-FERRAND,PLAFONNEMENT DES COURS MALGRÉ UNE BONNE ACTIVITÉ DU MARCHÉ.,COT-VRO-GB_maigres-A25-S48.csv
2025,48,,2025-11-24,2025-11-30,DIJON,BEAUCOUP DE SORTIES FACE À UN MANQUE DE PLACE EN ITALIE POUR LES ANIMAUX LOURDS.,COT-VRO-GB_maigres-A25-S48.csv
2025,48,,2025-11-24,2025-11-30,TOULOUSE,DIFFICILE RECONDUCTION DES COURS.,COT-VRO-GB_maigres-A25-S48.csv
2025,48,,2025-11-24,2025-11-30,NANTES,POURSUITE DE LA BAISSE SUR TOUTES LES CATÉGORIES.,COT-VRO-GB_maigres-A25-S48.csv
2025,48,,2025-11-24,2025-11-30,NANCY,,COT-VRO-GB_maigres-A25-S48.csv
2025,48,,2025-11-24,2025-11-30,MOYENNE NATIONALE,,COT-VRO-GB_maigres-A25-S48.csv
2025,49,,2025-12-01,2025-12-07,LIMOGES,"MARCHÉ DYNAMIQUE, COURS RECONDUITS.",COT-VRO-GB_maigres-A25-S49.csv
2025,49,,2025-12-01,2025-12-07,CLERMONT-FERRAND,"ACTIVITÉ SOUTENUE, TASSEMENT DES COURS DANS LES LOURDS.",COT-VRO-GB_maigres-A25-S49.csv
2025,49,,2025-12-01,2025-12-07,DIJON,COURS FACILEMENT RECONDUITS EN MÂLES JUSQU'À 450 KG. PEU DE DEMANDE DANS LES LOURDS. BEAUCOUP DE SORTIES EN FEMELLES.,COT-VRO-GB_maigres-A25-S49.csv
2025,49,,2025-12-01,2025-12-07,TOULOUSE,RECONDUCTION DES COURS.,COT-VRO-GB_maigres-A25-S49.csv
2025,49,,2025-12-01,2025-12-07,NANTES,LES ACHETEURS BOUDENT UNE OFFRE HÉTÉROGÈNE ET DE QUALITÉ MOINDRE. LES TARIFS SONT PLUS DISCUTÉS.,COT-VRO-GB_maigres-A25-S49.csv
2025,49,,2025-12-01,2025-12-07,NANCY,,COT-VRO-GB_maigres-A25-S49.csv
2025,49,,2025-12-01,2025-12-07,MOYENNE NATIONALE,,COT-VRO-GB_maigres-A25-S49.csv
2025,50,,2025-12-08,2025-12-14,LIMOGES,"OFFRE IMPORTANTE, COURS STABLES.",COT-VRO-GB_maigres-A25-S50.csv
2025,50,,2025-12-08,2025-12-14,CLERMONT-FERRAND,MARCHÉ TOUJOURS DYNAMIQUE.,COT-VRO-GB_maigres-A25-S50.csv
2025,50,,2025-12-08,2025-12-14,DIJON,DAVANTAGE DE SORTIES EN PRÉVISION DE L'ARRÊT DES EXPORTS EN FIN D'ANNÉE.,COT-VRO-GB_maigres-A25-S50.csv
2025,50,,2025-12-08,2025-12-14,TOULOUSE,COURS RECONDUITS AVEC QUELQUES RÉAJUSTEMENTS.,COT-VRO-GB_maigres-A25-S50.csv
2025,50,,2025-12-08,2025-12-14,NANTES,ACTIVITÉ RÉGULIÈRE POUR LA SAISON. STABILISATION DES COURS.,COT-VRO-GB_maigres-A25-S50.csv
2025,50,,2025-12-08,2025-12-14,NANCY,,COT-VRO-GB_maigres-A25-S50.csv
2025,50,,2025-12-08,2025-12-14,MOYENNE NATIONALE,,COT-VRO-GB_maigres-A25-S50.csv
2025,51,,2025-12-15,2025-12-21,LIMOGES,COURS RECONDUITS.,COT-VRO-GB_maigres-A25-S51.csv
2025,51,,2025-12-15,2025-12-21,CLERMONT-FERRAND,RECONDUCTION DES COURS.,COT-VRO-GB_maigres-A25-S51.csv
2025,51,,2025-12-15,2025-12-21,DIJON,QUORUM NON ATTEINT. RECONDUCTION DES COURS.,COT-VRO-GB_maigres-A25-S51.csv
2025,51,,2025-12-15,2025-12-21,TOULOUSE,LE CONTEXTE SANITAIRE PÈSE SUR LE MARCHÉ.,COT-VRO-GB_maigres-A25-S51.csv
2025,51,,2025-12-15,2025-12-21,NANTES,BESOINS CIBLÉS ET COURS INCHANGÉS.,COT-VRO-GB_maigres-A25-S51.csv
2025,51,,2025-12-15,2025-12-21,NANCY,,COT-VRO-GB_maigres-A25-S51.csv
2025,51,,2025-12-15,2025-12-21,MOYENNE NATIONALE,,COT-VRO-GB_maigres-A25-S51.csv
2025,52,,2025-12-22,2025-12-28,LIMOGES,"DANS UN COMMERCE TRÈS RÉDUIT, LES COURS SONT RECONDUITS.",COT-VRO-GB_maigres-A25-S52.csv
2025,52,,2025-12-22,2025-12-28,CLERMONT-FERRAND,RECONDUCTION DES COURS.,COT-VRO-GB_maigres-A25-S52.csv
2025,52,,2025-12-22,2025-12-28,DIJON,"FAUTE DE DONNÉES DISPONIBLES, COMMISSION ANNULÉE. LES COURS SONT RECONDUITS.",COT-VRO-GB_maigres-A25-S52.csv
2025,52,,2025-12-22,2025-12-28,TOULOUSE,"MARCHÉ PEU REPRÉSENTATIF, COURS RECONDUITS.",COT-VRO-GB_maigres-A25-S52.csv
2025,52,,2025-12-22,2025-12-28,NANTES,COURS RECONDUITS POUR INFORMATION.,COT-VRO-GB_maigres-A25-S52.csv
2025,52,,2025-12-22,2025-12-28,NANCY,,COT-VRO-GB_maigres-A25-S52.csv
2025,52,,2025-12-22,2025-12-28,MOYENNE NATIONALE,,COT-VRO-GB_maigres-A25-S52.csv
2026,1,,2025-12-29,2026-01-04,LIMOGES,"PEU DE TRANSACTIONS PENDANT LES FÊTES, RECONDUCTION DES COURS.",COT-VRO-GB_maigres-A26-S01.csv
2026,1,,2025-12-29,2026-01-04,CLERMONT-FERRAND,COURS RECONDUITS.,COT-VRO-GB_maigres-A26-S01.csv
2026,1,,2025-12-29,2026-01-04,DIJON,"FAUTE DE DONNÉES DISPONIBLES, COMMISSION ANNULÉE. LES COURS SONT RECONDUITS.",COT-VRO-GB_maigres-A26-S01.csv
2026,1,,2025-12-29,2026-01-04,TOULOUSE,"PAS D'EXPORT, COURS RECONDUITS.; ; ;",COT-VRO-GB_maigres-A26-S01.csv
2026,1,,2025-12-29,2026-01-04,NANTES,RECONDUCTION DES COURS POUR INFORMATION.,COT-VRO-GB_maigres-A26-S01.csv
2026,1,,2025-12-29,2026-01-04,NANCY,,COT-VRO-GB_maigres-A26-S01.csv
2026,1,,2025-12-29,2026-01-04,MOYENNE NATIONALE,,COT-VRO-GB_maigres-A26-S01.csv
2026,2,,2026-01-05,2026-01-11,LIMOGES,"REPRISE DU COMMERCE, DEMANDE SUIVIE.",COT-VRO-GB_maigres-A26-S02.csv
2026,2,,2026-01-05,2026-01-11,CLERMONT-FERRAND,REPRISE DYNAMIQUE DU MARCHÉ.,COT-VRO-GB_maigres-A26-S02.csv
2026,2,,2026-01-05,2026-01-11,DIJON,REPRISE CORRECTE EN MÂLES. MARCHÉ ÉQUILIBRÉ EN FEMELLES.,COT-VRO-GB_maigres-A26-S02.csv
2026,2,,2026-01-05,2026-01-11,TOULOUSE,"MARCHÉ DE REPRISE, PEU D'EFFECTIFS, COURS RECONDUITS.",COT-VRO-GB_maigres-A26-S02.csv
2026,2,,2026-01-05,2026-01-11,NANTES,RECONDUCTION DES COURS.,COT-VRO-GB_maigres-A26-S02.csv
2026,2,,2026-01-05,2026-01-11,NANCY,,COT-VRO-GB_maigres-A26-S02.csv
2026,2,,2026-01-05,2026-01-11,MOYENNE NATIONALE,,COT-VRO-GB_maigres-A26-S02.csv
2026,3,,2026-01-12,2026-01-18,LIMOGES,"OFFRE STABLE, BONNE DEMANDE.",COT-VRO-GB_maigres-A26-S03.csv
2026,3,,2026-01-12,2026-01-18,CLERMONT-FERRAND,COMMERCE ACTIF AVEC UNE BONNE STABILITÉ DES COURS.,COT-VRO-GB_maigres-A26-S03.csv
2026,3,,2026-01-12,2026-01-18,DIJON,MARCHÉ FLUIDE DANS TOUTES LES CATÉGORIES MALGRÉ DAVANTAGE DE SORTIES.,COT-VRO-GB_maigres-A26-S03.csv
2026,3,,2026-01-12,2026-01-18,TOULOUSE,BONNE DEMANDE EN MÂLES LÉGERS.,COT-VRO-GB_maigres-A26-S03.csv
2026,3,,2026-01-12,2026-01-18,NANTES,HAUSSE DES COURS.,COT-VRO-GB_maigres-A26-S03.csv
2026,3,,2026-01-12,2026-01-18,NANCY,,COT-VRO-GB_maigres-A26-S03.csv
2026,3,,2026-01-12,2026-01-18,MOYENNE NATIONALE,,COT-VRO-GB_maigres-A26-S03.csv
2026,4,,2026-01-19,2026-01-25,LIMOGES,BONNE DEMANDE EN BROUTARDS LÉGERS ET FRAIS.,COT-VRO-GB_maigres-A26-S04.csv
2026,4,,2026-01-19,2026-01-25,CLERMONT-FERRAND,BONNE DEMANDE AVEC UNE TENDANCE À LA HAUSSE DES COURS.,COT-VRO-GB_maigres-A26-S04.csv
2026,4,,2026-01-19,2026-01-25,DIJON,VENTES TRÈS FACILES JUSQU'À 450 KG.,COT-VRO-GB_maigres-A26-S04.csv
2026,4,,2026-01-19,2026-01-25,TOULOUSE,COMMERCE FERME DÛ AUX FAIBLES APPORTS ET UNE DEMANDE FORTE.,COT-VRO-GB_maigres-A26-S04.csv
2026,4,,2026-01-19,2026-01-25,NANTES,PROGRESSION DES COURS AVEC UNE BONNE DEMANDE.,COT-VRO-GB_maigres-A26-S04.csv
2026,4,,2026-01-19,2026-01-25,NANCY,,COT-VRO-GB_maigres-A26-S04.csv
2026,4,,2026-01-19,2026-01-25,MOYENNE NATIONALE,,COT-VRO-GB_maigres-A26-S04.csv
2026,5,,2026-01-26,2026-02-01,LIMOGES,"DEMANDE STABLE, APPORT SUFFISANT.",COT-VRO-GB_maigres-A26-S05.csv
2026,5,,2026-01-26,2026-02-01,CLERMONT-FERRAND,"DEMANDE ACTIVE, BONNE STABILITÉ DES COURS.",COT-VRO-GB_maigres-A26-S05.csv
2026,5,,2026-01-26,2026-02-01,DIJON,MARCHÉ TOUJOURS DYNAMIQUE JUSQU'À 400 KG. PLUS COMPLIQUÉ DANS LES MÂLES LOURDS.,COT-VRO-GB_maigres-A26-S05.csv
2026,5,,2026-01-26,2026-02-01,TOULOUSE,VENTES DYNAMIQUES.,COT-VRO-GB_maigres-A26-S05.csv
2026,5,,2026-01-26,2026-02-01,NANTES,LE MANQUE D'OFFRE DOPE LES COURS.,COT-VRO-GB_maigres-A26-S05.csv
2026,5,,2026-01-26,2026-02-01,NANCY,I,COT-VRO-GB_maigres-A26-S05.csv
2026,5,,2026-01-26,2026-02-01,MOYENNE NATIONALE,,COT-VRO-GB_maigres-A26-S05.csv
2026,6,,2026-02-02,2026-02-08,LIMOGES,STABILITÉ DES COURS.,COT-VRO-GB_maigres-A26-S06.csv
2026,6,,2026-02-02,2026-02-08,CLERMONT-FERRAND,PERSISTANCE DU DYNAMISME DU MARCHÉ.,COT-VRO-GB_maigres-A26-S06.csv
2026,6,,2026-02-02,2026-02-08,DIJON,BAISSE DES COURS EN RAISON DU MANQUE DE PLACES EN ITALIE.,COT-VRO-GB_maigres-A26-S06.csv
2026,6,,2026-02-02,2026-02-08,TOULOUSE,"VENTES FLUIDES, APPORTS MODÉRÉS.",COT-VRO-GB_maigres-A26-S06.csv
2026,6,,2026-02-02,2026-02-08,NANTES,L'OFFRE EST INSUFFISANTE AU REGARD DE LA BONNE DEMANDE. STABILISATION DES COURS POUR LES BROUTARDS LOURDS.,COT-VRO-GB_maigres-A26-S06.csv
2026,6,,2026-02-02,2026-02-08,NANCY,,COT-VRO-GB_maigres-A26-S06.csv
2026,6,,2026-02-02,2026-02-08,MOYENNE NATIONALE,,COT-VRO-GB_maigres-A26-S06.csv
2026,7,,2026-02-09,2026-02-15,LIMOGES,BON ÉQUILIBRE ENTRE L'OFFRE ET LA DEMANDE.,COT-VRO-GB_maigres-A26-S07.csv
2026,7,,2026-02-09,2026-02-15,CLERMONT-FERRAND,MARCHÉ ACTIF. COURS RECONDUITS AVEC PLUS DE TENSION SUR LA MARCHANDISE LOURDE.,COT-VRO-GB_maigres-A26-S07.csv
2026,7,,2026-02-09,2026-02-15,DIJON,MARCHÉ À LA BAISSE D'AUTANT PLUS MARQUÉE DANS LES LOURDS.,COT-VRO-GB_maigres-A26-S07.csv
2026,7,,2026-02-09,2026-02-15,TOULOUSE,MARCHÉ PLUS DIFFICILE EN ANIMAUX LOURDS.,COT-VRO-GB_maigres-A26-S07.csv
2026,7,,2026-02-09,2026-02-15,NANTES,POURSUITE DE LA HAUSSE DES COURS AVEC UNE BONNE DYNAMIQUE COMMERCIALE.,COT-VRO-GB_maigres-A26-S07.csv
2026,7,,2026-02-09,2026-02-15,NANCY,,COT-VRO-GB_maigres-A26-S07.csv
2026,7,,2026-02-09,2026-02-15,MOYENNE NATIONALE,,COT-VRO-GB_maigres-A26-S07.csv
2026,8,,2026-02-16,2026-02-22,LIMOGES,COURS STABLE. BONNE DEMANDE EN MARCHANDISE SUPÉRIEURE.,COT-VRO-GB_maigres-A26-S08.csv
2026,8,,2026-02-16,2026-02-22,CLERMONT-FERRAND,MARCHÉ FLUIDE AVEC MAINTIEN DES COURS.,COT-VRO-GB_maigres-A26-S08.csv
2026,8,,2026-02-16,2026-02-22,DIJON,"MARCHÉ FERME, L'OFFRE CORRESPOND À LA DEMANDE.",COT-VRO-GB_maigres-A26-S08.csv
2026,8,,2026-02-16,2026-02-22,TOULOUSE,"COURS FACILEMENT RECONDUITS EN LÉGERS, PLUS DIFFICILE EN ANIMAUX LOURDS.",COT-VRO-GB_maigres-A26-S08.csv
2026,8,,2026-02-16,2026-02-22,NANTES,L'OFFRE EST MOINDRE ET DE QUALITÉ PLUS HÉTÉROGÈNE. TENDANCE À UNE STABILISATION DES COURS.,COT-VRO-GB_maigres-A26-S08.csv
2026,8,,2026-02-16,2026-02-22,NANCY,,COT-VRO-GB_maigres-A26-S08.csv
2026,8,,2026-02-16,2026-02-22,MOYENNE NATIONALE,,COT-VRO-GB_maigres-A26-S08.csv
2026,9,,2026-02-23,2026-03-01,LIMOGES,DEMANDE FERME EN MÂLES LÉGERS ET FRAIS.,COT-VRO-GB_maigres-A26-S09.csv
2026,9,,2026-02-23,2026-03-01,CLERMONT-FERRAND,BONNE DYNAMIQUE DU MARCHÉ.,COT-VRO-GB_maigres-A26-S09.csv
2026,9,,2026-02-23,2026-03-01,DIJON,MARCHÉ TRÈS DYNAMIQUE EN MÂLES JUSQU'À 450 KG. COURS RECONDUITS EN FEMELLES.,COT-VRO-GB_maigres-A26-S09.csv
2026,9,,2026-02-23,2026-03-01,TOULOUSE,"COURS RECONDUITS, TRANSACTIONS PLUS LENTES EN ANIMAUX LOURDS.",COT-VRO-GB_maigres-A26-S09.csv
2026,9,,2026-02-23,2026-03-01,NANTES,RECONDUCTION DES COURS.,COT-VRO-GB_maigres-A26-S09.csv
2026,9,,2026-02-23,2026-03-01,NANCY,,COT-VRO-GB_maigres-A26-S09.csv
2026,9,,2026-02-23,2026-03-01,MOYENNE NATIONALE,,COT-VRO-GB_maigres-A26-S09.csv
2026,10,,2026-03-02,2026-03-08,LIMOGES,MARCHÉ TOUJOURS BIEN ORIENTÉ EN ANIMAUX JEUNES ET DE QUALITÉ.,COT-VRO-GB_maigres-A26-S10.csv
2026,10,,2026-03-02,2026-03-08,CLERMONT-FERRAND,"MARCHÉ STABLE, MALGRÉ UN LÉGER TASSEMENT DES COURS DANS LES LOURDS.",COT-VRO-GB_maigres-A26-S10.csv
2026,10,,2026-03-02,2026-03-08,DIJON,"COMMERCE TOUJOURS ACTIF EN LÉGERS, COMPLIQUÉ DANS LES LOURDS.",COT-VRO-GB_maigres-A26-S10.csv
2026,10,,2026-03-02,2026-03-08,TOULOUSE,"COURS RECONDUITS, TRANSACTIONS DIFFICILES EN ANIMAUX LOURDS.",COT-VRO-GB_maigres-A26-S10.csv
2026,10,,2026-03-02,2026-03-08,NANTES,"TRÈS FORTE DEMANDE, HAUSSE DES COURS.",COT-VRO-GB_maigres-A26-S10.csv
2026,10,,2026-03-02,2026-03-08,NANCY,,COT-VRO-GB_maigres-A26-S10.csv
2026,10,,2026-03-02,2026-03-08,MOYENNE NATIONALE,,COT-VRO-GB_maigres-A26-S10.csv
2026,11,,2026-03-09,2026-03-15,LIMOGES,COURS SOUTENUS EN LAITONS.,COT-VRO-GB_maigres-A26-S11.csv
2026,11,,2026-03-09,2026-03-15,CLERMONT-FERRAND,"MARCHÉ STABLE, COURS RECONDUITS.",COT-VRO-GB_maigres-A26-S11.csv
2026,11,,2026-03-09,2026-03-15,DIJON,ANIMAUX LOURDS COMPLIQUÉS À VENDRE.,COT-VRO-GB_maigres-A26-S11.csv
2026,11,,2026-03-09,2026-03-15,TOULOUSE,"MARCHÉ PLUS CALME, RECONDUCTION DES COURS.",COT-VRO-GB_maigres-A26-S11.csv
2026,11,,2026-03-09,2026-03-15,NANTES,MODESTIE DE L'OFFRE ET FORTE DEMANDE. POURSUITE DE LA HAUSSE.,COT-VRO-GB_maigres-A26-S11.csv
2026,11,,2026-03-09,2026-03-15,NANCY,,COT-VRO-GB_maigres-A26-S11.csv
2026,11,,2026-03-09,2026-03-15,MOYENNE NATIONALE,,COT-VRO-GB_maigres-A26-S11.csv
2026,12,,2026-03-16,2026-03-22,LIMOGES,MARCHÉ PLUS DIFFICILE DANS LES ANIMAUX LOURDS.,COT-VRO-GB_maigres-A26-S12.csv
2026,12,,2026-03-16,2026-03-22,CLERMONT-FERRAND,"MAINTIEN DES COURS, STABILITÉ DU MARCHÉ.",COT-VRO-GB_maigres-A26-S12.csv
2026,12,,2026-03-16,2026-03-22,DIJON,MARCHÉ RECONDUIT.,COT-VRO-GB_maigres-A26-S12.csv
2026,12,,2026-03-16,2026-03-22,TOULOUSE,RECONDUCTION DES COURS.,COT-VRO-GB_maigres-A26-S12.csv
2026,12,,2026-03-16,2026-03-22,NANTES,AMBIANCE PLUS CALME AVEC UN LÉGER REPLI SUR LES BROUTARDS LOURDS.,COT-VRO-GB_maigres-A26-S12.csv
2026,12,,2026-03-16,2026-03-22,NANCY,,COT-VRO-GB_maigres-A26-S12.csv
2026,12,,2026-03-16,2026-03-22,MOYENNE NATIONALE,,COT-VRO-GB_maigres-A26-S12.csv
2026,13,,2026-03-23,2026-03-29,LIMOGES,LES ACHETEURS SONT EN RECHERCHE DE VEAUX JEUNES ET FRAIS.,COT-VRO-GB_maigres-A26-S13.csv
2026,13,,2026-03-23,2026-03-29,CLERMONT-FERRAND,"OFFRE LIMITÉE, COURS RECONDUITS.",COT-VRO-GB_maigres-A26-S13.csv
2026,13,,2026-03-23,2026-03-29,DIJON,QUORUM NON ATTEINT. APPLICATION DES PRIX RÉSEAU.,COT-VRO-GB_maigres-A26-S13.csv
2026,13,,2026-03-23,2026-03-29,TOULOUSE,RECONDUCTION DES COURS.,COT-VRO-GB_maigres-A26-S13.csv
2026,13,,2026-03-23,2026-03-29,NANTES,FAIBLES VOLUMES DISPONIBLES. VENTE FACILE AVEC DES COURS FACILEMENT RECONDUITS.,COT-VRO-GB_maigres-A26-S13.csv
2026,13,,2026-03-23,2026-03-29,NANCY,,COT-VRO-GB_maigres-A26-S13.csv
2026,13,,2026-03-23,2026-03-29,MOYENNE NATIONALE,,COT-VRO-GB_maigres-A26-S13.csv
2026,14,,2026-03-30,2026-04-05,LIMOGES,DEMANDE PLUS MODÉRÉE.,COT-VRO-GB_maigres-A26-S14.csv
2026,14,,2026-03-30,2026-04-05,CLERMONT-FERRAND,"MARCHÉ STABLE, COURS RECONDUITS.",COT-VRO-GB_maigres-A26-S14.csv
2026,14,,2026-03-30,2026-04-05,DIJON,QUORUM NON ATTEINT. APPLICATION DES PRIX DU RÉSEAU.,COT-VRO-GB_maigres-A26-S14.csv
2026,14,,2026-03-30,2026-04-05,TOULOUSE,"PEU D'OFFRE, COURS RECONDUITS.",COT-VRO-GB_maigres-A26-S14.csv
2026,14,,2026-03-30,2026-04-05,NANTES,LES VOLUMES DISPONIBLES SONT FAIBLES. LES COURS DEMEURENT RECONDUITS.,COT-VRO-GB_maigres-A26-S14.csv
2026,14,,2026-03-30,2026-04-05,NANCY,,COT-VRO-GB_maigres-A26-S14.csv
2026,14,,2026-03-30,2026-04-05,MOYENNE NATIONALE,,COT-VRO-GB_maigres-A26-S14.csv
2026,15,,2026-04-06,2026-04-12,LIMOGES,"APPORTS RÉGULIERS, DEMANDE STABLE.",COT-VRO-GB_maigres-A26-S15.csv
2026,15,,2026-04-06,2026-04-12,CLERMONT-FERRAND,"MARCHÉ ACTIF, COURS RECONDUITS.",COT-VRO-GB_maigres-A26-S15.csv
2026,15,,2026-04-06,2026-04-12,DIJON,QUORUM NON ATTEINT. COURS RECONDUITS.,COT-VRO-GB_maigres-A26-S15.csv
2026,15,,2026-04-06,2026-04-12,TOULOUSE,"APPORTS RÉDUITS EN RAISON DU JOUR FÉRIÉ, COURS RECONDUITS.",COT-VRO-GB_maigres-A26-S15.csv
2026,15,,2026-04-06,2026-04-12,NANTES,"PEU DE DISPONIBILITÉS, DEMANDE SÉLECTIVE ET LÉGER REPLI DES COURS DANS CERTAINES CATÉGORIES.",COT-VRO-GB_maigres-A26-S15.csv
2026,15,,2026-04-06,2026-04-12,NANCY,,COT-VRO-GB_maigres-A26-S15.csv
2026,15,,2026-04-06,2026-04-12,MOYENNE NATIONALE,,COT-VRO-GB_maigres-A26-S15.csv
2026,16,,2026-04-13,2026-04-19,LIMOGES,RECONDUCTION DES COURS DANS UN MARCHÉ UN PEU PLUS TENDU.,COT-VRO-GB_maigres-A26-S16.csv
2026,16,,2026-04-13,2026-04-19,CLERMONT-FERRAND,"BONNE DEMANDE, LÉGÈRE HAUSSE SUR LES BROUTARDS LÉGERS.",COT-VRO-GB_maigres-A26-S16.csv
2026,16,,2026-04-13,2026-04-19,DIJON,QUORUM NON ATTEINT. APPLICATION DES PRIX DU RÉSEAU.,COT-VRO-GB_maigres-A26-S16.csv
2026,16,,2026-04-13,2026-04-19,TOULOUSE,VENTES PLUS LENTES EN MÂLES ET PLUS LABORIEUSES EN SUJETS LOURDS.,COT-VRO-GB_maigres-A26-S16.csv
2026,16,,2026-04-13,2026-04-19,NANTES,"L'ANNONCE D'UNE BAISSE DES COURS EST PROGRAMMÉE, LIÉE À LA BAISSE DES COURS DES JB.",COT-VRO-GB_maigres-A26-S16.csv
2026,16,,2026-04-13,2026-04-19,NANCY,,COT-VRO-GB_maigres-A26-S16.csv
2026,16,,2026-04-13,2026-04-19,MOYENNE NATIONALE,,COT-VRO-GB_maigres-A26-S16.csv
2026,17,,2026-04-20,2026-04-26,LIMOGES,PLAFONNEMENT DES COURS AVEC UNE DEMANDE MOINDRE.,COT-VRO-GB_maigres-A26-S17.csv
2026,17,,2026-04-20,2026-04-26,CLERMONT-FERRAND,LÉGER TASSEMENT DES COURS DANS LES BROUTARDS LOURDS.,COT-VRO-GB_maigres-A26-S17.csv
2026,17,,2026-04-20,2026-04-26,DIJON,"MARCHÉ FLUCTUANT, EN ATTENTE DE NOUVELLES RÉFÉRENCES. APPLICATION DES PRIX DU RÉSEAU.",COT-VRO-GB_maigres-A26-S17.csv
2026,17,,2026-04-20,2026-04-26,TOULOUSE,LES APPORTS UN PEU PLUS IMPORTANTS ENTRAÎNENT UN TRI PLUS SÉLECTIF.,COT-VRO-GB_maigres-A26-S17.csv
2026,17,,2026-04-20,2026-04-26,NANTES,LES ANNONCES SE CONFIRMENT AVEC UNE BAISSE DES COURS SÉVÈRE.,COT-VRO-GB_maigres-A26-S17.csv
2026,17,,2026-04-20,2026-04-26,NANCY,,COT-VRO-GB_maigres-A26-S17.csv
2026,17,,2026-04-20,2026-04-26,MOYENNE NATIONALE,,COT-VRO-GB_maigres-A26-S17.csv
2026,18,,2026-04-27,2026-05-03,LIMOGES,MARCHÉ DIFFICILE. LA BAISSE DES COURS DES JEUNES BOVINS INQUIÈTE LES OPÉRATEURS.,COT-VRO-GB_maigres-A26-S18.csv
2026,18,,2026-04-27,2026-05-03,CLERMONT-FERRAND,"COMMERCE TRANSALPIN DIFFICILE, FORTE BAISSE DES COURS EN TOUTES CATÉGORIES.",COT-VRO-GB_maigres-A26-S18.csv
2026,18,,2026-04-27,2026-05-03,DIJON,QUORUM NON ATTEINT. APPLICATION DES PRIX RÉSEAU.,COT-VRO-GB_maigres-A26-S18.csv
2026,18,,2026-04-27,2026-05-03,TOULOUSE,"DEMANDE TRÈS CALME, VENTES COMPLIQUÉES.",COT-VRO-GB_maigres-A26-S18.csv
2026,18,,2026-04-27,2026-05-03,NANTES,CONFIRMATION DE LA BAISSE DES COURS DANS UN CONTEXTE PERTURBÉ ET SOUS PRESSION.,COT-VRO-GB_maigres-A26-S18.csv
2026,18,,2026-04-27,2026-05-03,NANCY,,COT-VRO-GB_maigres-A26-S18.csv
2026,18,,2026-04-27,2026-05-03,MOYENNE NATIONALE,,COT-VRO-GB_maigres-A26-S18.csv
2026,19,,2026-05-04,2026-05-10,LIMOGES,COMMERCE PEU DYNAMIQUE.,COT-VRO-GB_maigres-A26-S19.csv
2026,19,,2026-05-04,2026-05-10,CLERMONT-FERRAND,COURS RECONDUITS AVEC UNE PRESSION À LA BAISSE.,COT-VRO-GB_maigres-A26-S19.csv
2026,19,,2026-05-04,2026-05-10,DIJON,"MARCHÉ BAISSIER, DAVANTAGE MARQUÉ DANS LES LOURDS.",COT-VRO-GB_maigres-A26-S19.csv
2026,19,,2026-05-04,2026-05-10,TOULOUSE,"OFFRE RÉDUITE, COURS RECONDUITS.",COT-VRO-GB_maigres-A26-S19.csv
2026,19,,2026-05-04,2026-05-10,NANTES,DEMANDE LIMITÉE ET SÉLECTIVE. LA SITUATION EST MOINS DÉPRESSIVE MAIS LES TARIFS SONT TOUJOURS BAISSIERS.,COT-VRO-GB_maigres-A26-S19.csv
2026,19,,2026-05-04,2026-05-10,NANCY,,COT-VRO-GB_maigres-A26-S19.csv
2026,19,,2026-05-04,2026-05-10,MOYENNE NATIONALE,,COT-VRO-GB_maigres-A26-S19.csv
2026,20,,2026-05-11,2026-05-17,LIMOGES,MARCHÉ PERTURBÉ CETTE SEMAINE.,COT-VRO-GB_maigres-A26-S20.csv
2026,20,,2026-05-11,2026-05-17,CLERMONT-FERRAND,"COMMERCE DIFFICILE, COURS EN BAISSE.",COT-VRO-GB_maigres-A26-S20.csv
2026,20,,2026-05-11,2026-05-17,DIJON,PEU DE VOLUME ET PEU DE DEMANDE.,COT-VRO-GB_maigres-A26-S20.csv
2026,20,,2026-05-11,2026-05-17,TOULOUSE,COURS RECONDUITS.,COT-VRO-GB_maigres-A26-S20.csv
2026,20,,2026-05-11,2026-05-17,NANTES,LA PRESSION BAISSIÈRE DIMINUE ET LES COURS SE STABILISENT.,COT-VRO-GB_maigres-A26-S20.csv
2026,20,,2026-05-11,2026-05-17,NANCY,,COT-VRO-GB_maigres-A26-S20.csv
2026,20,,2026-05-11,2026-05-17,MOYENNE NATIONALE,,COT-VRO-GB_maigres-A26-S20.csv
2026,21,,2026-05-18,2026-05-24,LIMOGES,LES RETARDS DE SORTIE DES JEUNES BOVINS EN ITALIE PÈSENT SUR LE MARCHÉ FRANCAIS.,COT-VRO-GB_maigres-A26-S21.csv
2026,21,,2026-05-18,2026-05-24,CLERMONT-FERRAND,OFFRE LIMITÉE QUI CONFORTE LES COURS.,COT-VRO-GB_maigres-A26-S21.csv
2026,21,,2026-05-18,2026-05-24,DIJON,QUORUM NON ATTEINT. APPLICATION DES PRIX DU RÉSEAU.,COT-VRO-GB_maigres-A26-S21.csv
2026,21,,2026-05-18,2026-05-24,TOULOUSE,"COMMERCE COMPLIQUÉ, PEU DE DEMANDE.",COT-VRO-GB_maigres-A26-S21.csv
2026,21,,2026-05-18,2026-05-24,NANTES,STABILISATION DES PRIX AVEC DES PETITS VOLUMES.,COT-VRO-GB_maigres-A26-S21.csv
2026,21,,2026-05-18,2026-05-24,NANCY,,COT-VRO-GB_maigres-A26-S21.csv
2026,21,,2026-05-18,2026-05-24,MOYENNE NATIONALE,,COT-VRO-GB_maigres-A26-S21.csv
2026,22,,2026-05-25,2026-05-31,LIMOGES,COURS RECONDUITS.,COT-VRO-GB_maigres-A26-S22.csv
2026,22,,2026-05-25,2026-05-31,CLERMONT-FERRAND,"MARCHÉ DYNAMIQUE, RÉAJUSTEMENT DES COURS.",COT-VRO-GB_maigres-A26-S22.csv
2026,22,,2026-05-25,2026-05-31,DIJON,"PEU DE VOLUME, COURS RECONDUITS.",COT-VRO-GB_maigres-A26-S22.csv
2026,22,,2026-05-25,2026-05-31,TOULOUSE,"COMMERCE COMPLIQUÉ, PEU D'OFFRE, PEU DE DEMANDE.",COT-VRO-GB_maigres-A26-S22.csv
2026,22,,2026-05-25,2026-05-31,NANTES,ACTIVITÉ PERTURBÉE PAR UNE SEMAINE ÉCOURTÉE. COURS BIEN ORIENTÉS EN LIMOUSINS ET CHAROLAIS. TENDANCE LOURDE EN BLONDS.,COT-VRO-GB_maigres-A26-S22.csv
2026,22,,2026-05-25,2026-05-31,NANCY,,COT-VRO-GB_maigres-A26-S22.csv
2026,22,,2026-05-25,2026-05-31,MOYENNE NATIONALE,,COT-VRO-GB_maigres-A26-S22.csv
2026,23,,2026-06-01,2026-06-07,LIMOGES,COURS RECONDUITS. MARCHÉ PLUS DIFFICILE EN ANIMAUX LOURDS.,COT-VRO-GB_maigres-A26-S23.csv
2026,23,,2026-06-01,2026-06-07,CLERMONT-FERRAND,"MARCHÉ FLUIDE, COURS LÉGÈREMENT HAUSSIERS.",COT-VRO-GB_maigres-A26-S23.csv
2026,23,,2026-06-01,2026-06-07,DIJON,QUORUM NON ATTEINT. APPLICATION DES PRIX DU RÉSEAU.,COT-VRO-GB_maigres-A26-S23.csv
2026,23,,2026-06-01,2026-06-07,TOULOUSE,"PEU D'APPORTS, COURS RECONDUITS.",COT-VRO-GB_maigres-A26-S23.csv
2026,23,,2026-06-01,2026-06-07,NANTES,"LES VOLUMES OFFERTS SONT PLUS IMPORTANTS. LÉGER REPLI DES COURS DANS LES LIMOUSINS, PLUS MARQUÉ DANS LES CHAROLAIS.",COT-VRO-GB_maigres-A26-S23.csv
2026,23,,2026-06-01,2026-06-07,NANCY,,COT-VRO-GB_maigres-A26-S23.csv
2026,23,,2026-06-01,2026-06-07,MOYENNE NATIONALE,,COT-VRO-GB_maigres-A26-S23.csv
2026,24,,2026-06-08,2026-06-14,LIMOGES,COURS SANS CHANGEMENT.,COT-VRO-GB_maigres-A26-S24.csv
2026,24,,2026-06-08,2026-06-14,CLERMONT-FERRAND,"DEMANDE LIMITÉE, BAISSE DES COURS DANS LES LÉGERS.",COT-VRO-GB_maigres-A26-S24.csv
2026,24,,2026-06-08,2026-06-14,DIJON,COURS RECONDUITS EN MÂLES. PEU D'OFFRE EN FEMELLES.,COT-VRO-GB_maigres-A26-S24.csv
2026,24,,2026-06-08,2026-06-14,TOULOUSE,"TRI SÉLECTIF EN FAVEUR DES SUJETS LÉGERS, COURS RECONDUITS.",COT-VRO-GB_maigres-A26-S24.csv
2026,24,,2026-06-08,2026-06-14,NANTES,DEMANDE SÉLECTIVE CONDITIONNÉE PAR DES COURS DU JB TOUJOURS À LA BAISSE.,COT-VRO-GB_maigres-A26-S24.csv
2026,24,,2026-06-08,2026-06-14,NANCY,,COT-VRO-GB_maigres-A26-S24.csv
2026,24,,2026-06-08,2026-06-14,MOYENNE NATIONALE,,COT-VRO-GB_maigres-A26-S24.csv
2026,25,,2026-06-15,2026-06-21,LIMOGES,"MALGRÉ UN MARCHÉ PLUS CHARGÉ EN JEUNES BOVINS, LES COURS DES BROUTARDS SONT RECONDUITS.",COT-VRO-GB_maigres-A26-S25.csv
2026,25,,2026-06-15,2026-06-21,CLERMONT-FERRAND,"MARCHÉ FLUIDE, COURS RECONDUITS.",COT-VRO-GB_maigres-A26-S25.csv
2026,25,,2026-06-15,2026-06-21,DIJON,"COURS RECONDUITS JUSQU'À 450 KG. PEU DE COMMERCE, EFFET SAISONNIER.",COT-VRO-GB_maigres-A26-S25.csv
2026,25,,2026-06-15,2026-06-21,TOULOUSE,"APPORTS FAIBLES EN RAISON DES TRAVAUX SAISONNIERS, COURS RECONDUITS.",COT-VRO-GB_maigres-A26-S25.csv
2026,25,,2026-06-15,2026-06-21,NANTES,LES COURS SONT REVUS À LA BAISSE DANS UN CONTEXTE DE PRUDENCE.,COT-VRO-GB_maigres-A26-S25.csv
2026,25,,2026-06-15,2026-06-21,NANCY,,COT-VRO-GB_maigres-A26-S25.csv
2026,25,,2026-06-15,2026-06-21,MOYENNE NATIONALE,,COT-VRO-GB_maigres-A26-S25.csv
2026,26,,2026-06-22,2026-06-28,LIMOGES,LA CANICULE IMPACTE FORTEMENT LES TRANSACTIONS.,COT-VRO-GB_maigres-A26-S26.csv
2026,26,,2026-06-22,2026-06-28,CLERMONT-FERRAND,MARCHÉ CALME.,COT-VRO-GB_maigres-A26-S26.csv
2026,26,,2026-06-22,2026-06-28,DIJON,"PEU DE DEMANDE, BAISSE DANS TOUTES LES CATÉGORIES.",COT-VRO-GB_maigres-A26-S26.csv
2026,26,,2026-06-22,2026-06-28,TOULOUSE,"ACTIVITÉ RÉDUITE, IMPACTÉE PAR LES RESTRICTIONS DE TRANSPORT, RÉAJUSTEMENT DES COURS.",COT-VRO-GB_maigres-A26-S26.csv
2026,26,,2026-06-22,2026-06-28,NANTES,LA PRESSION À LA BAISSE PERSISTE AU REGARD DES COURS DES JB TOUJOURS MALMENÉS.,COT-VRO-GB_maigres-A26-S26.csv
2026,26,,2026-06-22,2026-06-28,NANCY,,COT-VRO-GB_maigres-A26-S26.csv
2026,26,,2026-06-22,2026-06-28,MOYENNE NATIONALE,,COT-VRO-GB_maigres-A26-S26.csv
2026,27,,2026-06-29,2026-07-05,LIMOGES,LES EFFETS CONJUGUÉS DE LA CHALEUR ET DU RETARD DE SORTIES DANS LES JEUNES BOVINS FINIS FONT À NOUVEAU BAISSER LES COURS,COT-VRO-GB_maigres-A26-S27.csv
2026,27,,2026-06-29,2026-07-05,CLERMONT-FERRAND,BAISSE D ACTIVITÉ SE TRADUISANT PAR UNE BAISSE DES COURS.,COT-VRO-GB_maigres-A26-S27.csv
2026,27,,2026-06-29,2026-07-05,DIJON,QUORUM NON ATTEINT. APPLICATION DES PRIX DU RÉSEAU.,COT-VRO-GB_maigres-A26-S27.csv
2026,27,,2026-06-29,2026-07-05,TOULOUSE,"VENTES TRÈS DIFFICILES, PEU DE DEMANDES.",COT-VRO-GB_maigres-A26-S27.csv
2026,27,,2026-06-29,2026-07-05,NANTES,LES COURS DÉVISSENT EN LIEN AVEC LA CANICULE ET LA BAISSE CONTINUELLE DES COURS DU JB.,COT-VRO-GB_maigres-A26-S27.csv
2026,27,,2026-06-29,2026-07-05,NANCY,,COT-VRO-GB_maigres-A26-S27.csv
2026,27,,2026-06-29,2026-07-05,MOYENNE NATIONALE,,COT-VRO-GB_maigres-A26-S27.csv
2026,28,,2026-07-06,2026-07-12,LIMOGES,BAISSE DES COURS INEXPLIQUÉE.,COT-VRO-GB_maigres-A26-S28.csv
2026,28,,2026-07-06,2026-07-12,CLERMONT-FERRAND,RECONDUCTION DES COURS POUR INFORMATION.,COT-VRO-GB_maigres-A26-S28.csv
2026,28,,2026-07-06,2026-07-12,DIJON,COMMISSION ANNULÉE FAUTE DE DONNÉES DISPONIBLES. LES COURS SONT RECONDUITS.,COT-VRO-GB_maigres-A26-S28.csv
2026,28,,2026-07-06,2026-07-12,TOULOUSE,"VENTES TRÈS DIFFICILES, BAISSE DES COURS.",COT-VRO-GB_maigres-A26-S28.csv
2026,28,,2026-07-06,2026-07-12,NANTES,"MAUVAIS COMMERCE , COURS EN BAISSE.",COT-VRO-GB_maigres-A26-S28.csv
2026,28,,2026-07-06,2026-07-12,NANCY,,COT-VRO-GB_maigres-A26-S28.csv
2026,28,,2026-07-06,2026-07-12,MOYENNE NATIONALE,,COT-VRO-GB_maigres-A26-S28.csv
2026,29,,2026-07-13,2026-07-19,LIMOGES,"AVEC UNE DEMANDE ESPAGNOLE QUASI INEXISTANTE ET UNE OFFRE PLUS ABONDANTE, LES COURS SONT ORIENTÉS À LA BAISSE.",COT-VRO-GB_maigres-A26-S29.csv
2026,29,,2026-07-13,2026-07-19,CLERMONT-FERRAND,"PEU D'ACTIVITÉ, COURS EN BAISSE.",COT-VRO-GB_maigres-A26-S29.csv
2026,29,,2026-07-13,2026-07-19,DIJON,COMMISSION ANNULÉE FAUTE DE DONNÉES DISPONIBLES. COURS RECONDUITS.,COT-VRO-GB_maigres-A26-S29.csv
2026,29,,2026-07-13,2026-07-19,TOULOUSE,"PEU DE MARCHANDISES, RECONDUCTION DES COURS.",COT-VRO-GB_maigres-A26-S29.csv
2026,29,,2026-07-13,2026-07-19,NANTES,LES COURS SONT PLOMBÉS PAR UNE MULTITUDE DE FACTEURS DONT LA CANICULE.,COT-VRO-GB_maigres-A26-S29.csv
2026,29,,2026-07-13,2026-07-19,NANCY,,COT-VRO-GB_maigres-A26-S29.csv
2026,29,,2026-07-13,2026-07-19,MOYENNE NATIONALE,,COT-VRO-GB_maigres-A26-S29.csv
2026,30,,2026-07-20,2026-07-26,LIMOGES,COURS RECONDUITS.,COT-VRO-GB_maigres-A26-S30.csv
2026,30,,2026-07-20,2026-07-26,CLERMONT-FERRAND,BAISSE DES COURS EN TOUTES CATÉGORIES MALGRÉ UN MARCHÉ FLUIDE.,COT-VRO-GB_maigres-A26-S30.csv
2026,30,,2026-07-20,2026-07-26,DIJON,LES COURS SONT RÉAJUSTÉS PAR RAPPORT À DEUX SEMAINES SANS COTATIONS. POSSIBLE STABILISATION DANS LES SEMAINES À VENIR.,COT-VRO-GB_maigres-A26-S30.csv
2026,30,,2026-07-20,2026-07-26,TOULOUSE,"BAISSE GÉNÉRALE DES COURS, COMMERCE DIFFICILE.",COT-VRO-GB_maigres-A26-S30.csv
2026,30,,2026-07-20,2026-07-26,NANTES,LES BESOINS SONT SÉLECTIFS AVEC DES TARIFS REVUS À LA BAISSE.,COT-VRO-GB_maigres-A26-S30.csv
2026,30,,2026-07-20,2026-07-26,NANCY,,COT-VRO-GB_maigres-A26-S30.csv
2026,30,,2026-07-20,2026-07-26,MOYENNE NATIONALE,,COT-VRO-GB_maigres-A26-S30.csv
2026,31,,2026-07-27,2026-08-02,LIMOGES,STABILISATION DES COURS.,COT-VRO-GB_maigres-A26-S31.csv
2026,31,,2026-07-27,2026-08-02,CLERMONT-FERRAND,"MARCHÉ FLUIDE, COURS RECONDUITS.",COT-VRO-GB_maigres-A26-S31.csv
2026,31,,2026-07-27,2026-08-02,DIJON,COMMISSION ANNULÉE FAUTE DE DONNÉES DISPONIBLES. COURS RECONDUITS.,COT-VRO-GB_maigres-A26-S31.csv
2026,31,,2026-07-27,2026-08-02,TOULOUSE,"MARCHÉ DIFFICILE, RECONDUCTION DES COURS.",COT-VRO-GB_maigres-A26-S31.csv
2026,31,,2026-07-27,2026-08-02,NANTES,"LES OPÉRATEURS S'ADAPTENT AUX NOUVEAUX TARIFS, STABILISATION DES COURS.",COT-VRO-GB_maigres-A26-S31.csv
2026,31,,2026-07-27,2026-08-02,NANCY,,COT-VRO-GB_maigres-A26-S31.csv
2026,31,,2026-07-27,2026-08-02,MOYENNE NATIONALE,,COT-VRO-GB_maigres-A26-S31.csv
2026,32,,2026-08-03,2026-08-09,LIMOGES,OFFRE EN ADÉQUATION AVEC LA DEMANDE. LÉGÈRE REPRISE DES COURS.,COT-VRO-GB_maigres-A26-S32.csv
2026,32,,2026-08-03,2026-08-09,CLERMONT-FERRAND,MARCHÉ FLUIDE. COURS RECONDUITS MALGRÉ UNE LÉGÈRE TENDANCE HAUSSIÈRE.,COT-VRO-GB_maigres-A26-S32.csv
2026,32,,2026-08-03,2026-08-09,DIJON,COMMISSION ANNULÉE FAUTE DE DONNÉES DISPONIBLES. COURS RECONDUITS.,COT-VRO-GB_maigres-A26-S32.csv
2026,32,,2026-08-03,2026-08-09,TOULOUSE,COURS RECONDUITS.,COT-VRO-GB_maigres-A26-S32.csv
2026,32,,2026-08-03,2026-08-09,NANTES,L'OFFRE EST ANORMALEMENT RÉDUITE. LES COURS SONT RECONDUITS TOUT EN ÉTANT TRÈS DISCUTÉS.,COT-VRO-GB_maigres-A26-S32.csv
2026,32,,2026-08-03,2026-08-09,NANCY,,COT-VRO-GB_maigres-A26-S32.csv
2026,32,,2026-08-03,2026-08-09,MOYENNE NATIONALE,,COT-VRO-GB_maigres-A26-S32.csv
2026,33,,2026-08-10,2026-08-16,LIMOGES,COURS RECONDUITS.,COT-VRO-GB_maigres-A26-S33.csv
2026,33,,2026-08-10,2026-08-16,CLERMONT-FERRAND,COURS RECONDUITS.,COT-VRO-GB_maigres-A26-S33.csv
2026,33,,2026-08-10,2026-08-16,DIJON,QUORUM NON ATTEINT. APPLICATION DES PRIX DU RÉSEAU.,COT-VRO-GB_maigres-A26-S33.csv
2026,33,,2026-08-10,2026-08-16,TOULOUSE,"COMMERCE AU RALENTI, COURS RECONDUITS.",COT-VRO-GB_maigres-A26-S33.csv
2026,33,,2026-08-10,2026-08-16,NANTES,COURS RECONDUITS.,COT-VRO-GB_maigres-A26-S33.csv
2026,33,,2026-08-10,2026-08-16,NANCY,,COT-VRO-GB_maigres-A26-S33.csv
2026,33,,2026-08-10,2026-08-16,MOYENNE NATIONALE,,COT-VRO-GB_maigres-A26-S33.csv
2026,34,,2026-08-17,2026-08-23,LIMOGES,L'OFFRE ET LA DEMANDE S'ÉQUILIBRENT.,COT-VRO-GB_maigres-A26-S34.csv
2026,34,,2026-08-17,2026-08-23,CLERMONT-FERRAND,COURS EN LÉGERE HAUSSE AVEC UNE REPRISE PROGRESSIVE DU COMMERCE.,COT-VRO-GB_maigres-A26-S34.csv
2026,34,,2026-08-17,2026-08-23,DIJON,"SEMAINE DE REPRISE, BONNE DEMANDE ET HAUSSE DE PRIX DANS TOUTES LES CATÉGORIES SURTOUT EN LOURDS.",COT-VRO-GB_maigres-A26-S34.csv
2026,34,,2026-08-17,2026-08-23,TOULOUSE,RÉAJUSTEMENT DES COURS.,COT-VRO-GB_maigres-A26-S34.csv
2026,34,,2026-08-17,2026-08-23,NANTES,"EN ATTENTE DE VOLUMES POUR VOIR L'ACTIVITÉ REDÉMARRER, RECONDUCTION DES COURS.",COT-VRO-GB_maigres-A26-S34.csv
2026,34,,2026-08-17,2026-08-23,NANCY,,COT-VRO-GB_maigres-A26-S34.csv
2026,34,,2026-08-17,2026-08-23,MOYENNE NATIONALE,,COT-VRO-GB_maigres-A26-S34.csv
2026,35,,2026-08-24,2026-08-30,LIMOGES,COURS RECONDUITS.,COT-VRO-GB_maigres-A26-S35.csv
2026,35,,2026-08-24,2026-08-30,CLERMONT-FERRAND,LÉGÈRE REPRISE À LA HAUSSE DES COURS.,COT-VRO-GB_maigres-A26-S35.csv
2026,35,,2026-08-24,2026-08-30,DIJON,L'OFFRE ET LA DEMANDE S'ÉQUILIBRENT.,COT-VRO-GB_maigres-A26-S35.csv
2026,35,,2026-08-24,2026-08-30,TOULOUSE,LÉGÈRE REPRISE DES MARCHÉS.,COT-VRO-GB_maigres-A26-S35.csv
2026,35,,2026-08-24,2026-08-30,NANTES,REPRISE D'ACTIVITÉ AVEC UNE BONNE DEMANDE ET DES PLUS-VALUES DANS TOUTES LES RACES ET TOUTES LES CATÉGORIES.,COT-VRO-GB_maigres-A26-S35.csv
2026,35,,2026-08-24,2026-08-30,NANCY,,COT-VRO-GB_maigres-A26-S35.csv
2026,35,,2026-08-24,2026-08-30,MOYENNE NATIONALE,,COT-VRO-GB_maigres-A26-S35.csv
2026,36,,2026-08-31,2026-09-06,LIMOGES,COMMERCE PLUS FLUIDE.,COT-VRO-GB_maigres-A26-S36.csv
2026,36,,2026-08-31,2026-09-06,CLERMONT-FERRAND,COURS STABLES.,COT-VRO-GB_maigres-A26-S36.csv
2026,36,,2026-08-31,2026-09-06,DIJON,RECONDUCTION EN ANIMAUX DE MOINS DE 400 KG. TENDANCE BAISSIÈRE EN LOURD.,COT-VRO-GB_maigres-A26-S36.csv
2026,36,,2026-08-31,2026-09-06,TOULOUSE,VENTES PLUS ACTIVES EN SUJETS LÉGERS.,COT-VRO-GB_maigres-A26-S36.csv
2026,36,,2026-08-31,2026-09-06,NANTES,COMMERCE ACTIF AVEC DES TARIFS MIEUX DÉFENDUS.,COT-VRO-GB_maigres-A26-S36.csv
2026,36,,2026-08-31,2026-09-06,NANCY,,COT-VRO-GB_maigres-A26-S36.csv
2026,36,,2026-08-31,2026-09-06,MOYENNE NATIONALE,,COT-VRO-GB_maigres-A26-S36.csv
2026,37,,2026-09-07,2026-09-13,LIMOGES,"APPORTS UN PEU PLUS IMPORTANTS, COURS RECONDUITS.",COT-VRO-GB_maigres-A26-S37.csv
2026,37,,2026-09-07,2026-09-13,CLERMONT-FERRAND,MARCHÉ FLUIDE AVEC UNE TENDANCE À LA HAUSSE.,COT-VRO-GB_maigres-A26-S37.csv
2026,37,,2026-09-07,2026-09-13,DIJON,MARCHÉ FRANCAIS PRÉSENT EN LÉGER (- 400 KG). MARCHÉ EXPORT À L'ÉQUILIBRE.,COT-VRO-GB_maigres-A26-S37.csv
2026,37,,2026-09-07,2026-09-13,TOULOUSE,"DEMANDE MOINS SOUTENUE, QUELQUES RÉAJUSTEMENTS.",COT-VRO-GB_maigres-A26-S37.csv
2026,37,,2026-09-07,2026-09-13,NANTES,COMMERCE PLUS TENDU AVEC UNE DEMANDE SÉLECTIVE. STABILISATION DES COURS.,COT-VRO-GB_maigres-A26-S37.csv
2026,37,,2026-09-07,2026-09-13,NANCY,,COT-VRO-GB_maigres-A26-S37.csv
2026,37,,2026-09-07,2026-09-13,MOYENNE NATIONALE,,COT-VRO-GB_maigres-A26-S37.csv
