annee,semaine,mois,date_debut,date_fin,qualite,categorie,conformation,etat_engraissement,unite,prix,variation,source
2023,1,,2023-01-02,2023-01-08,Standard,Males non castres de moins de 2 ans,E,2,EUR/kg carcasse,5.78,,COT-VRO-GBEA_communautaire-A23-S01.csv
2023,1,,2023-01-02,2023-01-08,Standard,Males non castres de moins de 2 ans,U,2,EUR/kg carcasse,5.62,,COT-VRO-GBEA_communautaire-A23-S01.csv
2023,1,,2023-01-02,2023-01-08,Standard,Males non castres de moins de 2 ans,U,3,EUR/kg carcasse,5.47,,COT-VRO-GBEA_communautaire-A23-S01.csv
2023,1,,2023-01-02,2023-01-08,Standard,Males non castres de moins de 2 ans,R,2,EUR/kg carcasse,5.41,,COT-VRO-GBEA_communautaire-A23-S01.csv
2023,1,,2023-01-02,2023-01-08,Standard,Males non castres de moins de 2 ans,R,3,EUR/kg carcasse,5.34,,COT-VRO-GBEA_communautaire-A23-S01.csv
2023,1,,2023-01-02,2023-01-08,Standard,Males non castres de moins de 2 ans,O,2,EUR/kg carcasse,4.97,,COT-VRO-GBEA_communautaire-A23-S01.csv
2023,1,,2023-01-02,2023-01-08,Standard,Males non castres de moins de 2 ans,O,3,EUR/kg carcasse,4.99,,COT-VRO-GBEA_communautaire-A23-S01.csv
2023,1,,2023-01-02,2023-01-08,Standard,Males non castres de moins de 2 ans,P,3,EUR/kg carcasse,4.91,,COT-VRO-GBEA_communautaire-A23-S01.csv
2023,1,,2023-01-02,2023-01-08,Standard,Autres males non castres,U,2,EUR/kg carcasse,4.75,,COT-VRO-GBEA_communautaire-A23-S01.csv
2023,1,,2023-01-02,2023-01-08,Standard,Autres males non castres,R,2,EUR/kg carcasse,4.68,,COT-VRO-GBEA_communautaire-A23-S01.csv
2023,1,,2023-01-02,2023-01-08,Standard,Autres males non castres,O,2,EUR/kg carcasse,4.35,,COT-VRO-GBEA_communautaire-A23-S01.csv
2023,1,,2023-01-02,2023-01-08,Standard,Males castres,R,3,EUR/kg carcasse,5.42,,COT-VRO-GBEA_communautaire-A23-S01.csv
2023,1,,2023-01-02,2023-01-08,Standard,Males castres,O,3,EUR/kg carcasse,4.93,,COT-VRO-GBEA_communautaire-A23-S01.csv
2023,1,,2023-01-02,2023-01-08,Standard,Males castres,P,3,EUR/kg carcasse,4.76,,COT-VRO-GBEA_communautaire-A23-S01.csv
2023,1,,2023-01-02,2023-01-08,Standard,Femelles ayant deja vele,U,3,EUR/kg carcasse,5.71,,COT-VRO-GBEA_communautaire-A23-S01.csv
2023,1,,2023-01-02,2023-01-08,Standard,Femelles ayant deja vele,R,2,EUR/kg carcasse,5.31,,COT-VRO-GBEA_communautaire-A23-S01.csv
2023,1,,2023-01-02,2023-01-08,Standard,Femelles ayant deja vele,R,3,EUR/kg carcasse,5.37,,COT-VRO-GBEA_communautaire-A23-S01.csv
2023,1,,2023-01-02,2023-01-08,Standard,Femelles ayant deja vele,R,4,EUR/kg carcasse,5.32,,COT-VRO-GBEA_communautaire-A23-S01.csv
2023,1,,2023-01-02,2023-01-08,Standard,Femelles ayant deja vele,O,2,EUR/kg carcasse,4.95,,COT-VRO-GBEA_communautaire-A23-S01.csv
2023,1,,2023-01-02,2023-01-08,Standard,Femelles ayant deja vele,O,3,EUR/kg carcasse,4.82,,COT-VRO-GBEA_communautaire-A23-S01.csv
2023,1,,2023-01-02,2023-01-08,Standard,Femelles ayant deja vele,O,4,EUR/kg carcasse,4.71,,COT-VRO-GBEA_communautaire-A23-S01.csv
2023,1,,2023-01-02,2023-01-08,Standard,Femelles ayant deja vele,P,2,EUR/kg carcasse,4.39,,COT-VRO-GBEA_communautaire-A23-S01.csv
2023,1,,2023-01-02,2023-01-08,Standard,Femelles ayant deja vele,P,3,EUR/kg carcasse,4.6,,COT-VRO-GBEA_communautaire-A23-S01.csv
2023,1,,2023-01-02,2023-01-08,Standard,Autres femelles,U,3,EUR/kg carcasse,5.72,,COT-VRO-GBEA_communautaire-A23-S01.csv
2023,1,,2023-01-02,2023-01-08,Standard,Autres femelles,R,2,EUR/kg carcasse,5.4,,COT-VRO-GBEA_communautaire-A23-S01.csv
2023,1,,2023-01-02,2023-01-08,Standard,Autres femelles,R,3,EUR/kg carcasse,5.42,,COT-VRO-GBEA_communautaire-A23-S01.csv
2023,1,,2023-01-02,2023-01-08,Standard,Autres femelles,R,4,EUR/kg carcasse,5.28,,COT-VRO-GBEA_communautaire-A23-S01.csv
2023,1,,2023-01-02,2023-01-08,Standard,Autres femelles,O,3,EUR/kg carcasse,4.95,,COT-VRO-GBEA_communautaire-A23-S01.csv
2023,2,,2023-01-09,2023-01-15,Standard,Males non castres de moins de 2 ans,E,2,EUR/kg carcasse,5.8,,COT-VRO-GBEA_communautaire-A23-S02.csv
2023,2,,2023-01-09,2023-01-15,Standard,Males non castres de moins de 2 ans,U,2,EUR/kg carcasse,5.64,,COT-VRO-GBEA_communautaire-A23-S02.csv
2023,2,,2023-01-09,2023-01-15,Standard,Males non castres de moins de 2 ans,U,3,EUR/kg carcasse,5.48,,COT-VRO-GBEA_communautaire-A23-S02.csv
2023,2,,2023-01-09,2023-01-15,Standard,Males non castres de moins de 2 ans,R,2,EUR/kg carcasse,5.41,,COT-VRO-GBEA_communautaire-A23-S02.csv
2023,2,,2023-01-09,2023-01-15,Standard,Males non castres de moins de 2 ans,R,3,EUR/kg carcasse,5.35,,COT-VRO-GBEA_communautaire-A23-S02.csv
2023,2,,2023-01-09,2023-01-15,Standard,Males non castres de moins de 2 ans,O,2,EUR/kg carcasse,5.02,,COT-VRO-GBEA_communautaire-A23-S02.csv
2023,2,,2023-01-09,2023-01-15,Standard,Males non castres de moins de 2 ans,O,3,EUR/kg carcasse,5.01,,COT-VRO-GBEA_communautaire-A23-S02.csv
2023,2,,2023-01-09,2023-01-15,Standard,Males non castres de moins de 2 ans,P,3,EUR/kg carcasse,4.94,,COT-VRO-GBEA_communautaire-A23-S02.csv
2023,2,,2023-01-09,2023-01-15,Standard,Autres males non castres,U,2,EUR/kg carcasse,4.77,,COT-VRO-GBEA_communautaire-A23-S02.csv
2023,2,,2023-01-09,2023-01-15,Standard,Autres males non castres,R,2,EUR/kg carcasse,4.67,,COT-VRO-GBEA_communautaire-A23-S02.csv
2023,2,,2023-01-09,2023-01-15,Standard,Autres males non castres,O,2,EUR/kg carcasse,4.37,,COT-VRO-GBEA_communautaire-A23-S02.csv
2023,2,,2023-01-09,2023-01-15,Standard,Males castres,R,3,EUR/kg carcasse,5.32,,COT-VRO-GBEA_communautaire-A23-S02.csv
2023,2,,2023-01-09,2023-01-15,Standard,Males castres,O,3,EUR/kg carcasse,4.92,,COT-VRO-GBEA_communautaire-A23-S02.csv
2023,2,,2023-01-09,2023-01-15,Standard,Males castres,P,3,EUR/kg carcasse,4.71,,COT-VRO-GBEA_communautaire-A23-S02.csv
2023,2,,2023-01-09,2023-01-15,Standard,Femelles ayant deja vele,U,3,EUR/kg carcasse,5.71,,COT-VRO-GBEA_communautaire-A23-S02.csv
2023,2,,2023-01-09,2023-01-15,Standard,Femelles ayant deja vele,R,2,EUR/kg carcasse,5.34,,COT-VRO-GBEA_communautaire-A23-S02.csv
2023,2,,2023-01-09,2023-01-15,Standard,Femelles ayant deja vele,R,3,EUR/kg carcasse,5.38,,COT-VRO-GBEA_communautaire-A23-S02.csv
2023,2,,2023-01-09,2023-01-15,Standard,Femelles ayant deja vele,R,4,EUR/kg carcasse,5.32,,COT-VRO-GBEA_communautaire-A23-S02.csv
2023,2,,2023-01-09,2023-01-15,Standard,Femelles ayant deja vele,O,2,EUR/kg carcasse,4.96,,COT-VRO-GBEA_communautaire-A23-S02.csv
2023,2,,2023-01-09,2023-01-15,Standard,Femelles ayant deja vele,O,3,EUR/kg carcasse,4.82,,COT-VRO-GBEA_communautaire-A23-S02.csv
2023,2,,2023-01-09,2023-01-15,Standard,Femelles ayant deja vele,O,4,EUR/kg carcasse,4.73,,COT-VRO-GBEA_communautaire-A23-S02.csv
2023,2,,2023-01-09,2023-01-15,Standard,Femelles ayant deja vele,P,2,EUR/kg carcasse,4.39,,COT-VRO-GBEA_communautaire-A23-S02.csv
2023,2,,2023-01-09,2023-01-15,Standard,Femelles ayant deja vele,P,3,EUR/kg carcasse,4.6,,COT-VRO-GBEA_communautaire-A23-S02.csv
2023,2,,2023-01-09,2023-01-15,Standard,Autres femelles,U,3,EUR/kg carcasse,5.73,,COT-VRO-GBEA_communautaire-A23-S02.csv
2023,2,,2023-01-09,2023-01-15,Standard,Autres femelles,R,2,EUR/kg carcasse,5.42,,COT-VRO-GBEA_communautaire-A23-S02.csv
2023,2,,2023-01-09,2023-01-15,Standard,Autres femelles,R,3,EUR/kg carcasse,5.45,,COT-VRO-GBEA_communautaire-A23-S02.csv
2023,2,,2023-01-09,2023-01-15,Standard,Autres femelles,R,4,EUR/kg carcasse,5.26,,COT-VRO-GBEA_communautaire-A23-S02.csv
2023,2,,2023-01-09,2023-01-15,Standard,Autres femelles,O,3,EUR/kg carcasse,4.96,,COT-VRO-GBEA_communautaire-A23-S02.csv
2023,3,,2023-01-16,2023-01-22,Standard,Males non castres de moins de 2 ans,E,2,EUR/kg carcasse,5.79,,COT-VRO-GBEA_communautaire-A23-S03.csv
2023,3,,2023-01-16,2023-01-22,Standard,Males non castres de moins de 2 ans,U,2,EUR/kg carcasse,5.64,,COT-VRO-GBEA_communautaire-A23-S03.csv
2023,3,,2023-01-16,2023-01-22,Standard,Males non castres de moins de 2 ans,U,3,EUR/kg carcasse,5.48,,COT-VRO-GBEA_communautaire-A23-S03.csv
2023,3,,2023-01-16,2023-01-22,Standard,Males non castres de moins de 2 ans,R,2,EUR/kg carcasse,5.42,,COT-VRO-GBEA_communautaire-A23-S03.csv
2023,3,,2023-01-16,2023-01-22,Standard,Males non castres de moins de 2 ans,R,3,EUR/kg carcasse,5.36,,COT-VRO-GBEA_communautaire-A23-S03.csv
2023,3,,2023-01-16,2023-01-22,Standard,Males non castres de moins de 2 ans,O,2,EUR/kg carcasse,4.96,,COT-VRO-GBEA_communautaire-A23-S03.csv
2023,3,,2023-01-16,2023-01-22,Standard,Males non castres de moins de 2 ans,O,3,EUR/kg carcasse,5.01,,COT-VRO-GBEA_communautaire-A23-S03.csv
2023,3,,2023-01-16,2023-01-22,Standard,Males non castres de moins de 2 ans,P,3,EUR/kg carcasse,4.95,,COT-VRO-GBEA_communautaire-A23-S03.csv
2023,3,,2023-01-16,2023-01-22,Standard,Autres males non castres,U,2,EUR/kg carcasse,4.77,,COT-VRO-GBEA_communautaire-A23-S03.csv
2023,3,,2023-01-16,2023-01-22,Standard,Autres males non castres,R,2,EUR/kg carcasse,4.71,,COT-VRO-GBEA_communautaire-A23-S03.csv
2023,3,,2023-01-16,2023-01-22,Standard,Autres males non castres,O,2,EUR/kg carcasse,4.41,,COT-VRO-GBEA_communautaire-A23-S03.csv
2023,3,,2023-01-16,2023-01-22,Standard,Males castres,O,3,EUR/kg carcasse,4.91,,COT-VRO-GBEA_communautaire-A23-S03.csv
2023,3,,2023-01-16,2023-01-22,Standard,Males castres,P,3,EUR/kg carcasse,4.76,,COT-VRO-GBEA_communautaire-A23-S03.csv
2023,3,,2023-01-16,2023-01-22,Standard,Femelles ayant deja vele,U,3,EUR/kg carcasse,5.71,,COT-VRO-GBEA_communautaire-A23-S03.csv
2023,3,,2023-01-16,2023-01-22,Standard,Femelles ayant deja vele,R,2,EUR/kg carcasse,5.32,,COT-VRO-GBEA_communautaire-A23-S03.csv
2023,3,,2023-01-16,2023-01-22,Standard,Femelles ayant deja vele,R,3,EUR/kg carcasse,5.38,,COT-VRO-GBEA_communautaire-A23-S03.csv
2023,3,,2023-01-16,2023-01-22,Standard,Femelles ayant deja vele,R,4,EUR/kg carcasse,5.28,,COT-VRO-GBEA_communautaire-A23-S03.csv
2023,3,,2023-01-16,2023-01-22,Standard,Femelles ayant deja vele,O,2,EUR/kg carcasse,4.92,,COT-VRO-GBEA_communautaire-A23-S03.csv
2023,3,,2023-01-16,2023-01-22,Standard,Femelles ayant deja vele,O,3,EUR/kg carcasse,4.83,,COT-VRO-GBEA_communautaire-A23-S03.csv
2023,3,,2023-01-16,2023-01-22,Standard,Femelles ayant deja vele,O,4,EUR/kg carcasse,4.69,,COT-VRO-GBEA_communautaire-A23-S03.csv
2023,3,,2023-01-16,2023-01-22,Standard,Femelles ayant deja vele,P,2,EUR/kg carcasse,4.39,,COT-VRO-GBEA_communautaire-A23-S03.csv
2023,3,,2023-01-16,2023-01-22,Standard,Femelles ayant deja vele,P,3,EUR/kg carcasse,4.6,,COT-VRO-GBEA_communautaire-A23-S03.csv
2023,3,,2023-01-16,2023-01-22,Standard,Autres femelles,U,3,EUR/kg carcasse,5.74,,COT-VRO-GBEA_communautaire-A23-S03.csv
2023,3,,2023-01-16,2023-01-22,Standard,Autres femelles,R,2,EUR/kg carcasse,5.35,,COT-VRO-GBEA_communautaire-A23-S03.csv
2023,3,,2023-01-16,2023-01-22,Standard,Autres femelles,R,3,EUR/kg carcasse,5.44,,COT-VRO-GBEA_communautaire-A23-S03.csv
2023,3,,2023-01-16,2023-01-22,Standard,Autres femelles,R,4,EUR/kg carcasse,5.33,,COT-VRO-GBEA_communautaire-A23-S03.csv
2023,3,,2023-01-16,2023-01-22,Standard,Autres femelles,O,3,EUR/kg carcasse,4.94,,COT-VRO-GBEA_communautaire-A23-S03.csv
2023,4,,2023-01-23,2023-01-29,Standard,Males non castres de moins de 2 ans,E,2,EUR/kg carcasse,5.78,,COT-VRO-GBEA_communautaire-A23-S04.csv
2023,4,,2023-01-23,2023-01-29,Standard,Males non castres de moins de 2 ans,U,2,EUR/kg carcasse,5.63,,COT-VRO-GBEA_communautaire-A23-S04.csv
2023,4,,2023-01-23,2023-01-29,Standard,Males non castres de moins de 2 ans,U,3,EUR/kg carcasse,5.48,,COT-VRO-GBEA_communautaire-A23-S04.csv
2023,4,,2023-01-23,2023-01-29,Standard,Males non castres de moins de 2 ans,R,2,EUR/kg carcasse,5.4,,COT-VRO-GBEA_communautaire-A23-S04.csv
2023,4,,2023-01-23,2023-01-29,Standard,Males non castres de moins de 2 ans,R,3,EUR/kg carcasse,5.34,,COT-VRO-GBEA_communautaire-A23-S04.csv
2023,4,,2023-01-23,2023-01-29,Standard,Males non castres de moins de 2 ans,O,2,EUR/kg carcasse,4.98,,COT-VRO-GBEA_communautaire-A23-S04.csv
2023,4,,2023-01-23,2023-01-29,Standard,Males non castres de moins de 2 ans,O,3,EUR/kg carcasse,5.01,,COT-VRO-GBEA_communautaire-A23-S04.csv
2023,4,,2023-01-23,2023-01-29,Standard,Males non castres de moins de 2 ans,P,3,EUR/kg carcasse,4.94,,COT-VRO-GBEA_communautaire-A23-S04.csv
2023,4,,2023-01-23,2023-01-29,Standard,Autres males non castres,U,2,EUR/kg carcasse,4.76,,COT-VRO-GBEA_communautaire-A23-S04.csv
2023,4,,2023-01-23,2023-01-29,Standard,Autres males non castres,R,2,EUR/kg carcasse,4.69,,COT-VRO-GBEA_communautaire-A23-S04.csv
2023,4,,2023-01-23,2023-01-29,Standard,Autres males non castres,O,2,EUR/kg carcasse,4.3,,COT-VRO-GBEA_communautaire-A23-S04.csv
2023,4,,2023-01-23,2023-01-29,Standard,Males castres,O,3,EUR/kg carcasse,4.91,,COT-VRO-GBEA_communautaire-A23-S04.csv
2023,4,,2023-01-23,2023-01-29,Standard,Males castres,P,3,EUR/kg carcasse,4.72,,COT-VRO-GBEA_communautaire-A23-S04.csv
2023,4,,2023-01-23,2023-01-29,Standard,Femelles ayant deja vele,U,3,EUR/kg carcasse,5.7,,COT-VRO-GBEA_communautaire-A23-S04.csv
2023,4,,2023-01-23,2023-01-29,Standard,Femelles ayant deja vele,R,2,EUR/kg carcasse,5.3,,COT-VRO-GBEA_communautaire-A23-S04.csv
2023,4,,2023-01-23,2023-01-29,Standard,Femelles ayant deja vele,R,3,EUR/kg carcasse,5.37,,COT-VRO-GBEA_communautaire-A23-S04.csv
2023,4,,2023-01-23,2023-01-29,Standard,Femelles ayant deja vele,R,4,EUR/kg carcasse,5.28,,COT-VRO-GBEA_communautaire-A23-S04.csv
2023,4,,2023-01-23,2023-01-29,Standard,Femelles ayant deja vele,O,2,EUR/kg carcasse,4.94,,COT-VRO-GBEA_communautaire-A23-S04.csv
2023,4,,2023-01-23,2023-01-29,Standard,Femelles ayant deja vele,O,3,EUR/kg carcasse,4.81,,COT-VRO-GBEA_communautaire-A23-S04.csv
2023,4,,2023-01-23,2023-01-29,Standard,Femelles ayant deja vele,O,4,EUR/kg carcasse,4.7,,COT-VRO-GBEA_communautaire-A23-S04.csv
2023,4,,2023-01-23,2023-01-29,Standard,Femelles ayant deja vele,P,2,EUR/kg carcasse,4.38,,COT-VRO-GBEA_communautaire-A23-S04.csv
2023,4,,2023-01-23,2023-01-29,Standard,Femelles ayant deja vele,P,3,EUR/kg carcasse,4.59,,COT-VRO-GBEA_communautaire-A23-S04.csv
2023,4,,2023-01-23,2023-01-29,Standard,Autres femelles,U,3,EUR/kg carcasse,5.74,,COT-VRO-GBEA_communautaire-A23-S04.csv
2023,4,,2023-01-23,2023-01-29,Standard,Autres femelles,R,2,EUR/kg carcasse,5.38,,COT-VRO-GBEA_communautaire-A23-S04.csv
2023,4,,2023-01-23,2023-01-29,Standard,Autres femelles,R,3,EUR/kg carcasse,5.44,,COT-VRO-GBEA_communautaire-A23-S04.csv
2023,4,,2023-01-23,2023-01-29,Standard,Autres femelles,R,4,EUR/kg carcasse,5.29,,COT-VRO-GBEA_communautaire-A23-S04.csv
2023,4,,2023-01-23,2023-01-29,Standard,Autres femelles,O,3,EUR/kg carcasse,4.97,,COT-VRO-GBEA_communautaire-A23-S04.csv
2023,5,,2023-01-30,2023-02-05,Standard,Males non castres de moins de 2 ans,E,2,EUR/kg carcasse,5.84,,COT-VRO-GBEA_communautaire-A23-S05.csv
2023,5,,2023-01-30,2023-02-05,Standard,Males non castres de moins de 2 ans,U,2,EUR/kg carcasse,5.62,,COT-VRO-GBEA_communautaire-A23-S05.csv
2023,5,,2023-01-30,2023-02-05,Standard,Males non castres de moins de 2 ans,U,3,EUR/kg carcasse,5.47,,COT-VRO-GBEA_communautaire-A23-S05.csv
2023,5,,2023-01-30,2023-02-05,Standard,Males non castres de moins de 2 ans,R,2,EUR/kg carcasse,5.41,,COT-VRO-GBEA_communautaire-A23-S05.csv
2023,5,,2023-01-30,2023-02-05,Standard,Males non castres de moins de 2 ans,R,3,EUR/kg carcasse,5.35,,COT-VRO-GBEA_communautaire-A23-S05.csv
2023,5,,2023-01-30,2023-02-05,Standard,Males non castres de moins de 2 ans,O,2,EUR/kg carcasse,4.98,,COT-VRO-GBEA_communautaire-A23-S05.csv
2023,5,,2023-01-30,2023-02-05,Standard,Males non castres de moins de 2 ans,O,3,EUR/kg carcasse,5,,COT-VRO-GBEA_communautaire-A23-S05.csv
2023,5,,2023-01-30,2023-02-05,Standard,Males non castres de moins de 2 ans,P,3,EUR/kg carcasse,4.9,,COT-VRO-GBEA_communautaire-A23-S05.csv
2023,5,,2023-01-30,2023-02-05,Standard,Autres males non castres,U,2,EUR/kg carcasse,4.76,,COT-VRO-GBEA_communautaire-A23-S05.csv
2023,5,,2023-01-30,2023-02-05,Standard,Autres males non castres,R,2,EUR/kg carcasse,4.66,,COT-VRO-GBEA_communautaire-A23-S05.csv
2023,5,,2023-01-30,2023-02-05,Standard,Autres males non castres,O,2,EUR/kg carcasse,4.33,,COT-VRO-GBEA_communautaire-A23-S05.csv
2023,5,,2023-01-30,2023-02-05,Standard,Males castres,R,3,EUR/kg carcasse,5.38,,COT-VRO-GBEA_communautaire-A23-S05.csv
2023,5,,2023-01-30,2023-02-05,Standard,Males castres,O,3,EUR/kg carcasse,4.89,,COT-VRO-GBEA_communautaire-A23-S05.csv
2023,5,,2023-01-30,2023-02-05,Standard,Males castres,P,3,EUR/kg carcasse,4.71,,COT-VRO-GBEA_communautaire-A23-S05.csv
2023,5,,2023-01-30,2023-02-05,Standard,Femelles ayant deja vele,U,3,EUR/kg carcasse,5.72,,COT-VRO-GBEA_communautaire-A23-S05.csv
2023,5,,2023-01-30,2023-02-05,Standard,Femelles ayant deja vele,R,2,EUR/kg carcasse,5.33,,COT-VRO-GBEA_communautaire-A23-S05.csv
2023,5,,2023-01-30,2023-02-05,Standard,Femelles ayant deja vele,R,3,EUR/kg carcasse,5.36,,COT-VRO-GBEA_communautaire-A23-S05.csv
2023,5,,2023-01-30,2023-02-05,Standard,Femelles ayant deja vele,R,4,EUR/kg carcasse,5.29,,COT-VRO-GBEA_communautaire-A23-S05.csv
2023,5,,2023-01-30,2023-02-05,Standard,Femelles ayant deja vele,O,2,EUR/kg carcasse,4.95,,COT-VRO-GBEA_communautaire-A23-S05.csv
2023,5,,2023-01-30,2023-02-05,Standard,Femelles ayant deja vele,O,3,EUR/kg carcasse,4.81,,COT-VRO-GBEA_communautaire-A23-S05.csv
2023,5,,2023-01-30,2023-02-05,Standard,Femelles ayant deja vele,O,4,EUR/kg carcasse,4.65,,COT-VRO-GBEA_communautaire-A23-S05.csv
2023,5,,2023-01-30,2023-02-05,Standard,Femelles ayant deja vele,P,2,EUR/kg carcasse,4.36,,COT-VRO-GBEA_communautaire-A23-S05.csv
2023,5,,2023-01-30,2023-02-05,Standard,Femelles ayant deja vele,P,3,EUR/kg carcasse,4.57,,COT-VRO-GBEA_communautaire-A23-S05.csv
2023,5,,2023-01-30,2023-02-05,Standard,Autres femelles,U,3,EUR/kg carcasse,5.75,,COT-VRO-GBEA_communautaire-A23-S05.csv
2023,5,,2023-01-30,2023-02-05,Standard,Autres femelles,R,2,EUR/kg carcasse,5.38,,COT-VRO-GBEA_communautaire-A23-S05.csv
2023,5,,2023-01-30,2023-02-05,Standard,Autres femelles,R,3,EUR/kg carcasse,5.44,,COT-VRO-GBEA_communautaire-A23-S05.csv
2023,5,,2023-01-30,2023-02-05,Standard,Autres femelles,R,4,EUR/kg carcasse,5.26,,COT-VRO-GBEA_communautaire-A23-S05.csv
2023,5,,2023-01-30,2023-02-05,Standard,Autres femelles,O,3,EUR/kg carcasse,4.97,,COT-VRO-GBEA_communautaire-A23-S05.csv
2023,9,,2023-02-27,2023-03-05,Standard,Males non castres de moins de 2 ans,E,2,EUR/kg carcasse,5.82,,COT-VRO-GBEA_communautaire-A23-S09.csv
2023,9,,2023-02-27,2023-03-05,Standard,Males non castres de moins de 2 ans,U,2,EUR/kg carcasse,5.67,,COT-VRO-GBEA_communautaire-A23-S09.csv
2023,9,,2023-02-27,2023-03-05,Standard,Males non castres de moins de 2 ans,U,3,EUR/kg carcasse,5.5,,COT-VRO-GBEA_communautaire-A23-S09.csv
2023,9,,2023-02-27,2023-03-05,Standard,Males non castres de moins de 2 ans,R,2,EUR/kg carcasse,5.4,,COT-VRO-GBEA_communautaire-A23-S09.csv
2023,9,,2023-02-27,2023-03-05,Standard,Males non castres de moins de 2 ans,R,3,EUR/kg carcasse,5.38,,COT-VRO-GBEA_communautaire-A23-S09.csv
2023,9,,2023-02-27,2023-03-05,Standard,Males non castres de moins de 2 ans,O,2,EUR/kg carcasse,5.05,,COT-VRO-GBEA_communautaire-A23-S09.csv
2023,9,,2023-02-27,2023-03-05,Standard,Males non castres de moins de 2 ans,O,3,EUR/kg carcasse,5.05,,COT-VRO-GBEA_communautaire-A23-S09.csv
2023,9,,2023-02-27,2023-03-05,Standard,Males non castres de moins de 2 ans,P,3,EUR/kg carcasse,5.01,,COT-VRO-GBEA_communautaire-A23-S09.csv
2023,9,,2023-02-27,2023-03-05,Standard,Autres males non castres,U,2,EUR/kg carcasse,4.83,,COT-VRO-GBEA_communautaire-A23-S09.csv
2023,9,,2023-02-27,2023-03-05,Standard,Autres males non castres,R,2,EUR/kg carcasse,4.78,,COT-VRO-GBEA_communautaire-A23-S09.csv
2023,9,,2023-02-27,2023-03-05,Standard,Autres males non castres,O,2,EUR/kg carcasse,4.43,,COT-VRO-GBEA_communautaire-A23-S09.csv
2023,9,,2023-02-27,2023-03-05,Standard,Males castres,R,3,EUR/kg carcasse,5.36,,COT-VRO-GBEA_communautaire-A23-S09.csv
2023,9,,2023-02-27,2023-03-05,Standard,Males castres,O,3,EUR/kg carcasse,4.98,,COT-VRO-GBEA_communautaire-A23-S09.csv
2023,9,,2023-02-27,2023-03-05,Standard,Males castres,P,3,EUR/kg carcasse,4.8,,COT-VRO-GBEA_communautaire-A23-S09.csv
2023,9,,2023-02-27,2023-03-05,Standard,Femelles ayant deja vele,U,3,EUR/kg carcasse,5.76,,COT-VRO-GBEA_communautaire-A23-S09.csv
2023,9,,2023-02-27,2023-03-05,Standard,Femelles ayant deja vele,R,2,EUR/kg carcasse,5.37,,COT-VRO-GBEA_communautaire-A23-S09.csv
2023,9,,2023-02-27,2023-03-05,Standard,Femelles ayant deja vele,R,3,EUR/kg carcasse,5.42,,COT-VRO-GBEA_communautaire-A23-S09.csv
2023,9,,2023-02-27,2023-03-05,Standard,Femelles ayant deja vele,R,4,EUR/kg carcasse,5.33,,COT-VRO-GBEA_communautaire-A23-S09.csv
2023,9,,2023-02-27,2023-03-05,Standard,Femelles ayant deja vele,O,2,EUR/kg carcasse,4.89,,COT-VRO-GBEA_communautaire-A23-S09.csv
2023,9,,2023-02-27,2023-03-05,Standard,Femelles ayant deja vele,O,3,EUR/kg carcasse,4.91,,COT-VRO-GBEA_communautaire-A23-S09.csv
2023,9,,2023-02-27,2023-03-05,Standard,Femelles ayant deja vele,O,4,EUR/kg carcasse,4.79,,COT-VRO-GBEA_communautaire-A23-S09.csv
2023,9,,2023-02-27,2023-03-05,Standard,Femelles ayant deja vele,P,2,EUR/kg carcasse,4.48,,COT-VRO-GBEA_communautaire-A23-S09.csv
2023,9,,2023-02-27,2023-03-05,Standard,Femelles ayant deja vele,P,3,EUR/kg carcasse,4.69,,COT-VRO-GBEA_communautaire-A23-S09.csv
2023,9,,2023-02-27,2023-03-05,Standard,Autres femelles,U,3,EUR/kg carcasse,5.78,,COT-VRO-GBEA_communautaire-A23-S09.csv
2023,9,,2023-02-27,2023-03-05,Standard,Autres femelles,R,2,EUR/kg carcasse,5.49,,COT-VRO-GBEA_communautaire-A23-S09.csv
2023,9,,2023-02-27,2023-03-05,Standard,Autres femelles,R,3,EUR/kg carcasse,5.48,,COT-VRO-GBEA_communautaire-A23-S09.csv
2023,9,,2023-02-27,2023-03-05,Standard,Autres femelles,R,4,EUR/kg carcasse,5.35,,COT-VRO-GBEA_communautaire-A23-S09.csv
2023,9,,2023-02-27,2023-03-05,Standard,Autres femelles,O,3,EUR/kg carcasse,5.06,,COT-VRO-GBEA_communautaire-A23-S09.csv
2023,10,,2023-03-06,2023-03-12,Standard,Males non castres de moins de 2 ans,E,2,EUR/kg carcasse,5.85,,COT-VRO-GBEA_communautaire-A23-S10.csv
2023,10,,2023-03-06,2023-03-12,Standard,Males non castres de moins de 2 ans,U,2,EUR/kg carcasse,5.67,,COT-VRO-GBEA_communautaire-A23-S10.csv
2023,10,,2023-03-06,2023-03-12,Standard,Males non castres de moins de 2 ans,U,3,EUR/kg carcasse,5.53,,COT-VRO-GBEA_communautaire-A23-S10.csv
2023,10,,2023-03-06,2023-03-12,Standard,Males non castres de moins de 2 ans,R,2,EUR/kg carcasse,5.45,,COT-VRO-GBEA_communautaire-A23-S10.csv
2023,10,,2023-03-06,2023-03-12,Standard,Males non castres de moins de 2 ans,R,3,EUR/kg carcasse,5.41,,COT-VRO-GBEA_communautaire-A23-S10.csv
2023,10,,2023-03-06,2023-03-12,Standard,Males non castres de moins de 2 ans,O,2,EUR/kg carcasse,5.06,,COT-VRO-GBEA_communautaire-A23-S10.csv
2023,10,,2023-03-06,2023-03-12,Standard,Males non castres de moins de 2 ans,O,3,EUR/kg carcasse,5.07,,COT-VRO-GBEA_communautaire-A23-S10.csv
2023,10,,2023-03-06,2023-03-12,Standard,Males non castres de moins de 2 ans,P,3,EUR/kg carcasse,5.03,,COT-VRO-GBEA_communautaire-A23-S10.csv
2023,10,,2023-03-06,2023-03-12,Standard,Autres males non castres,U,2,EUR/kg carcasse,4.89,,COT-VRO-GBEA_communautaire-A23-S10.csv
2023,10,,2023-03-06,2023-03-12,Standard,Autres males non castres,R,2,EUR/kg carcasse,4.82,,COT-VRO-GBEA_communautaire-A23-S10.csv
2023,10,,2023-03-06,2023-03-12,Standard,Males castres,R,3,EUR/kg carcasse,5.4,,COT-VRO-GBEA_communautaire-A23-S10.csv
2023,10,,2023-03-06,2023-03-12,Standard,Males castres,O,3,EUR/kg carcasse,5,,COT-VRO-GBEA_communautaire-A23-S10.csv
2023,10,,2023-03-06,2023-03-12,Standard,Males castres,P,3,EUR/kg carcasse,4.84,,COT-VRO-GBEA_communautaire-A23-S10.csv
2023,10,,2023-03-06,2023-03-12,Standard,Femelles ayant deja vele,U,3,EUR/kg carcasse,5.77,,COT-VRO-GBEA_communautaire-A23-S10.csv
2023,10,,2023-03-06,2023-03-12,Standard,Femelles ayant deja vele,R,2,EUR/kg carcasse,5.42,,COT-VRO-GBEA_communautaire-A23-S10.csv
2023,10,,2023-03-06,2023-03-12,Standard,Femelles ayant deja vele,R,3,EUR/kg carcasse,5.44,,COT-VRO-GBEA_communautaire-A23-S10.csv
2023,10,,2023-03-06,2023-03-12,Standard,Femelles ayant deja vele,R,4,EUR/kg carcasse,5.38,,COT-VRO-GBEA_communautaire-A23-S10.csv
2023,10,,2023-03-06,2023-03-12,Standard,Femelles ayant deja vele,O,2,EUR/kg carcasse,5.07,,COT-VRO-GBEA_communautaire-A23-S10.csv
2023,10,,2023-03-06,2023-03-12,Standard,Femelles ayant deja vele,O,3,EUR/kg carcasse,4.95,,COT-VRO-GBEA_communautaire-A23-S10.csv
2023,10,,2023-03-06,2023-03-12,Standard,Femelles ayant deja vele,O,4,EUR/kg carcasse,4.82,,COT-VRO-GBEA_communautaire-A23-S10.csv
2023,10,,2023-03-06,2023-03-12,Standard,Femelles ayant deja vele,P,2,EUR/kg carcasse,4.53,,COT-VRO-GBEA_communautaire-A23-S10.csv
2023,10,,2023-03-06,2023-03-12,Standard,Femelles ayant deja vele,P,3,EUR/kg carcasse,4.74,,COT-VRO-GBEA_communautaire-A23-S10.csv
2023,10,,2023-03-06,2023-03-12,Standard,Autres femelles,U,3,EUR/kg carcasse,5.8,,COT-VRO-GBEA_communautaire-A23-S10.csv
2023,10,,2023-03-06,2023-03-12,Standard,Autres femelles,R,2,EUR/kg carcasse,5.42,,COT-VRO-GBEA_communautaire-A23-S10.csv
2023,10,,2023-03-06,2023-03-12,Standard,Autres femelles,R,3,EUR/kg carcasse,5.51,,COT-VRO-GBEA_communautaire-A23-S10.csv
2023,10,,2023-03-06,2023-03-12,Standard,Autres femelles,R,4,EUR/kg carcasse,5.34,,COT-VRO-GBEA_communautaire-A23-S10.csv
2023,10,,2023-03-06,2023-03-12,Standard,Autres femelles,O,3,EUR/kg carcasse,5.1,,COT-VRO-GBEA_communautaire-A23-S10.csv
2023,11,,2023-03-13,2023-03-19,Standard,Males non castres de moins de 2 ans,E,2,EUR/kg carcasse,5.87,,COT-VRO-GBEA_communautaire-A23-S11.csv
2023,11,,2023-03-13,2023-03-19,Standard,Males non castres de moins de 2 ans,U,2,EUR/kg carcasse,5.72,,COT-VRO-GBEA_communautaire-A23-S11.csv
2023,11,,2023-03-13,2023-03-19,Standard,Males non castres de moins de 2 ans,U,3,EUR/kg carcasse,5.55,,COT-VRO-GBEA_communautaire-A23-S11.csv
2023,11,,2023-03-13,2023-03-19,Standard,Males non castres de moins de 2 ans,R,2,EUR/kg carcasse,5.51,,COT-VRO-GBEA_communautaire-A23-S11.csv
2023,11,,2023-03-13,2023-03-19,Standard,Males non castres de moins de 2 ans,R,3,EUR/kg carcasse,5.43,,COT-VRO-GBEA_communautaire-A23-S11.csv
2023,11,,2023-03-13,2023-03-19,Standard,Males non castres de moins de 2 ans,O,2,EUR/kg carcasse,5.1,,COT-VRO-GBEA_communautaire-A23-S11.csv
2023,11,,2023-03-13,2023-03-19,Standard,Males non castres de moins de 2 ans,O,3,EUR/kg carcasse,5.1,,COT-VRO-GBEA_communautaire-A23-S11.csv
2023,11,,2023-03-13,2023-03-19,Standard,Males non castres de moins de 2 ans,P,3,EUR/kg carcasse,5.05,,COT-VRO-GBEA_communautaire-A23-S11.csv
2023,11,,2023-03-13,2023-03-19,Standard,Autres males non castres,U,2,EUR/kg carcasse,4.9,,COT-VRO-GBEA_communautaire-A23-S11.csv
2023,11,,2023-03-13,2023-03-19,Standard,Autres males non castres,R,2,EUR/kg carcasse,4.85,,COT-VRO-GBEA_communautaire-A23-S11.csv
2023,11,,2023-03-13,2023-03-19,Standard,Autres males non castres,O,2,EUR/kg carcasse,4.54,,COT-VRO-GBEA_communautaire-A23-S11.csv
2023,11,,2023-03-13,2023-03-19,Standard,Males castres,R,3,EUR/kg carcasse,5.4,,COT-VRO-GBEA_communautaire-A23-S11.csv
2023,11,,2023-03-13,2023-03-19,Standard,Males castres,O,3,EUR/kg carcasse,5.02,,COT-VRO-GBEA_communautaire-A23-S11.csv
2023,11,,2023-03-13,2023-03-19,Standard,Males castres,P,3,EUR/kg carcasse,4.9,,COT-VRO-GBEA_communautaire-A23-S11.csv
2023,11,,2023-03-13,2023-03-19,Standard,Femelles ayant deja vele,U,3,EUR/kg carcasse,5.78,,COT-VRO-GBEA_communautaire-A23-S11.csv
2023,11,,2023-03-13,2023-03-19,Standard,Femelles ayant deja vele,R,2,EUR/kg carcasse,5.44,,COT-VRO-GBEA_communautaire-A23-S11.csv
2023,11,,2023-03-13,2023-03-19,Standard,Femelles ayant deja vele,R,3,EUR/kg carcasse,5.47,,COT-VRO-GBEA_communautaire-A23-S11.csv
2023,11,,2023-03-13,2023-03-19,Standard,Femelles ayant deja vele,R,4,EUR/kg carcasse,5.38,,COT-VRO-GBEA_communautaire-A23-S11.csv
2023,11,,2023-03-13,2023-03-19,Standard,Femelles ayant deja vele,O,2,EUR/kg carcasse,5.07,,COT-VRO-GBEA_communautaire-A23-S11.csv
2023,11,,2023-03-13,2023-03-19,Standard,Femelles ayant deja vele,O,3,EUR/kg carcasse,4.99,,COT-VRO-GBEA_communautaire-A23-S11.csv
2023,11,,2023-03-13,2023-03-19,Standard,Femelles ayant deja vele,O,4,EUR/kg carcasse,4.87,,COT-VRO-GBEA_communautaire-A23-S11.csv
2023,11,,2023-03-13,2023-03-19,Standard,Femelles ayant deja vele,P,2,EUR/kg carcasse,4.58,,COT-VRO-GBEA_communautaire-A23-S11.csv
2023,11,,2023-03-13,2023-03-19,Standard,Femelles ayant deja vele,P,3,EUR/kg carcasse,4.79,,COT-VRO-GBEA_communautaire-A23-S11.csv
2023,11,,2023-03-13,2023-03-19,Standard,Autres femelles,U,3,EUR/kg carcasse,5.8,,COT-VRO-GBEA_communautaire-A23-S11.csv
2023,11,,2023-03-13,2023-03-19,Standard,Autres femelles,R,2,EUR/kg carcasse,5.48,,COT-VRO-GBEA_communautaire-A23-S11.csv
2023,11,,2023-03-13,2023-03-19,Standard,Autres femelles,R,3,EUR/kg carcasse,5.5,,COT-VRO-GBEA_communautaire-A23-S11.csv
2023,11,,2023-03-13,2023-03-19,Standard,Autres femelles,R,4,EUR/kg carcasse,5.35,,COT-VRO-GBEA_communautaire-A23-S11.csv
2023,11,,2023-03-13,2023-03-19,Standard,Autres femelles,O,3,EUR/kg carcasse,5.07,,COT-VRO-GBEA_communautaire-A23-S11.csv
2023,12,,2023-03-20,2023-03-26,Standard,Males non castres de moins de 2 ans,E,2,EUR/kg carcasse,5.87,,COT-VRO-GBEA_communautaire-A23-S12.csv
2023,12,,2023-03-20,2023-03-26,Standard,Males non castres de moins de 2 ans,U,2,EUR/kg carcasse,5.72,,COT-VRO-GBEA_communautaire-A23-S12.csv
2023,12,,2023-03-20,2023-03-26,Standard,Males non castres de moins de 2 ans,U,3,EUR/kg carcasse,5.57,,COT-VRO-GBEA_communautaire-A23-S12.csv
2023,12,,2023-03-20,2023-03-26,Standard,Males non castres de moins de 2 ans,R,2,EUR/kg carcasse,5.5,,COT-VRO-GBEA_communautaire-A23-S12.csv
2023,12,,2023-03-20,2023-03-26,Standard,Males non castres de moins de 2 ans,R,3,EUR/kg carcasse,5.43,,COT-VRO-GBEA_communautaire-A23-S12.csv
2023,12,,2023-03-20,2023-03-26,Standard,Males non castres de moins de 2 ans,O,2,EUR/kg carcasse,5.11,,COT-VRO-GBEA_communautaire-A23-S12.csv
2023,12,,2023-03-20,2023-03-26,Standard,Males non castres de moins de 2 ans,O,3,EUR/kg carcasse,5.11,,COT-VRO-GBEA_communautaire-A23-S12.csv
2023,12,,2023-03-20,2023-03-26,Standard,Males non castres de moins de 2 ans,P,3,EUR/kg carcasse,5.06,,COT-VRO-GBEA_communautaire-A23-S12.csv
2023,12,,2023-03-20,2023-03-26,Standard,Autres males non castres,U,2,EUR/kg carcasse,4.91,,COT-VRO-GBEA_communautaire-A23-S12.csv
2023,12,,2023-03-20,2023-03-26,Standard,Autres males non castres,R,2,EUR/kg carcasse,4.82,,COT-VRO-GBEA_communautaire-A23-S12.csv
2023,12,,2023-03-20,2023-03-26,Standard,Autres males non castres,O,2,EUR/kg carcasse,4.53,,COT-VRO-GBEA_communautaire-A23-S12.csv
2023,12,,2023-03-20,2023-03-26,Standard,Males castres,R,3,EUR/kg carcasse,5.39,,COT-VRO-GBEA_communautaire-A23-S12.csv
2023,12,,2023-03-20,2023-03-26,Standard,Males castres,O,3,EUR/kg carcasse,5.05,,COT-VRO-GBEA_communautaire-A23-S12.csv
2023,12,,2023-03-20,2023-03-26,Standard,Males castres,P,3,EUR/kg carcasse,4.91,,COT-VRO-GBEA_communautaire-A23-S12.csv
2023,12,,2023-03-20,2023-03-26,Standard,Femelles ayant deja vele,U,3,EUR/kg carcasse,5.85,,COT-VRO-GBEA_communautaire-A23-S12.csv
2023,12,,2023-03-20,2023-03-26,Standard,Femelles ayant deja vele,R,2,EUR/kg carcasse,5.46,,COT-VRO-GBEA_communautaire-A23-S12.csv
2023,12,,2023-03-20,2023-03-26,Standard,Femelles ayant deja vele,R,3,EUR/kg carcasse,5.48,,COT-VRO-GBEA_communautaire-A23-S12.csv
2023,12,,2023-03-20,2023-03-26,Standard,Femelles ayant deja vele,R,4,EUR/kg carcasse,5.39,,COT-VRO-GBEA_communautaire-A23-S12.csv
2023,12,,2023-03-20,2023-03-26,Standard,Femelles ayant deja vele,O,2,EUR/kg carcasse,5.11,,COT-VRO-GBEA_communautaire-A23-S12.csv
2023,12,,2023-03-20,2023-03-26,Standard,Femelles ayant deja vele,O,3,EUR/kg carcasse,5,,COT-VRO-GBEA_communautaire-A23-S12.csv
2023,12,,2023-03-20,2023-03-26,Standard,Femelles ayant deja vele,O,4,EUR/kg carcasse,4.88,,COT-VRO-GBEA_communautaire-A23-S12.csv
2023,12,,2023-03-20,2023-03-26,Standard,Femelles ayant deja vele,P,2,EUR/kg carcasse,4.6,,COT-VRO-GBEA_communautaire-A23-S12.csv
2023,12,,2023-03-20,2023-03-26,Standard,Femelles ayant deja vele,P,3,EUR/kg carcasse,4.81,,COT-VRO-GBEA_communautaire-A23-S12.csv
2023,12,,2023-03-20,2023-03-26,Standard,Autres femelles,E,3,EUR/kg carcasse,7.29,,COT-VRO-GBEA_communautaire-A23-S12.csv
2023,12,,2023-03-20,2023-03-26,Standard,Autres femelles,U,3,EUR/kg carcasse,5.92,,COT-VRO-GBEA_communautaire-A23-S12.csv
2023,12,,2023-03-20,2023-03-26,Standard,Autres femelles,R,2,EUR/kg carcasse,5.47,,COT-VRO-GBEA_communautaire-A23-S12.csv
2023,12,,2023-03-20,2023-03-26,Standard,Autres femelles,R,3,EUR/kg carcasse,5.51,,COT-VRO-GBEA_communautaire-A23-S12.csv
2023,12,,2023-03-20,2023-03-26,Standard,Autres femelles,R,4,EUR/kg carcasse,5.4,,COT-VRO-GBEA_communautaire-A23-S12.csv
2023,12,,2023-03-20,2023-03-26,Standard,Autres femelles,O,3,EUR/kg carcasse,5.11,,COT-VRO-GBEA_communautaire-A23-S12.csv
2023,13,,2023-03-27,2023-04-02,Standard,Males non castres de moins de 2 ans,E,2,EUR/kg carcasse,5.86,,COT-VRO-GBEA_communautaire-A23-S13.csv
2023,13,,2023-03-27,2023-04-02,Standard,Males non castres de moins de 2 ans,U,2,EUR/kg carcasse,5.71,,COT-VRO-GBEA_communautaire-A23-S13.csv
2023,13,,2023-03-27,2023-04-02,Standard,Males non castres de moins de 2 ans,U,3,EUR/kg carcasse,5.57,,COT-VRO-GBEA_communautaire-A23-S13.csv
2023,13,,2023-03-27,2023-04-02,Standard,Males non castres de moins de 2 ans,R,2,EUR/kg carcasse,5.51,,COT-VRO-GBEA_communautaire-A23-S13.csv
2023,13,,2023-03-27,2023-04-02,Standard,Males non castres de moins de 2 ans,R,3,EUR/kg carcasse,5.44,,COT-VRO-GBEA_communautaire-A23-S13.csv
2023,13,,2023-03-27,2023-04-02,Standard,Males non castres de moins de 2 ans,O,2,EUR/kg carcasse,5.12,,COT-VRO-GBEA_communautaire-A23-S13.csv
2023,13,,2023-03-27,2023-04-02,Standard,Males non castres de moins de 2 ans,O,3,EUR/kg carcasse,5.11,,COT-VRO-GBEA_communautaire-A23-S13.csv
2023,13,,2023-03-27,2023-04-02,Standard,Males non castres de moins de 2 ans,P,3,EUR/kg carcasse,5.08,,COT-VRO-GBEA_communautaire-A23-S13.csv
2023,13,,2023-03-27,2023-04-02,Standard,Autres males non castres,U,2,EUR/kg carcasse,4.89,,COT-VRO-GBEA_communautaire-A23-S13.csv
2023,13,,2023-03-27,2023-04-02,Standard,Autres males non castres,R,2,EUR/kg carcasse,4.79,,COT-VRO-GBEA_communautaire-A23-S13.csv
2023,13,,2023-03-27,2023-04-02,Standard,Autres males non castres,O,2,EUR/kg carcasse,4.46,,COT-VRO-GBEA_communautaire-A23-S13.csv
2023,13,,2023-03-27,2023-04-02,Standard,Males castres,R,3,EUR/kg carcasse,5.41,,COT-VRO-GBEA_communautaire-A23-S13.csv
2023,13,,2023-03-27,2023-04-02,Standard,Males castres,O,3,EUR/kg carcasse,5.04,,COT-VRO-GBEA_communautaire-A23-S13.csv
2023,13,,2023-03-27,2023-04-02,Standard,Males castres,P,3,EUR/kg carcasse,4.91,,COT-VRO-GBEA_communautaire-A23-S13.csv
2023,13,,2023-03-27,2023-04-02,Standard,Femelles ayant deja vele,E,3,EUR/kg carcasse,7.41,,COT-VRO-GBEA_communautaire-A23-S13.csv
2023,13,,2023-03-27,2023-04-02,Standard,Femelles ayant deja vele,U,3,EUR/kg carcasse,5.97,,COT-VRO-GBEA_communautaire-A23-S13.csv
2023,13,,2023-03-27,2023-04-02,Standard,Femelles ayant deja vele,R,2,EUR/kg carcasse,5.46,,COT-VRO-GBEA_communautaire-A23-S13.csv
2023,13,,2023-03-27,2023-04-02,Standard,Femelles ayant deja vele,R,3,EUR/kg carcasse,5.47,,COT-VRO-GBEA_communautaire-A23-S13.csv
2023,13,,2023-03-27,2023-04-02,Standard,Femelles ayant deja vele,R,4,EUR/kg carcasse,5.42,,COT-VRO-GBEA_communautaire-A23-S13.csv
2023,13,,2023-03-27,2023-04-02,Standard,Femelles ayant deja vele,O,2,EUR/kg carcasse,5.05,,COT-VRO-GBEA_communautaire-A23-S13.csv
2023,13,,2023-03-27,2023-04-02,Standard,Femelles ayant deja vele,O,3,EUR/kg carcasse,5,,COT-VRO-GBEA_communautaire-A23-S13.csv
2023,13,,2023-03-27,2023-04-02,Standard,Femelles ayant deja vele,O,4,EUR/kg carcasse,4.88,,COT-VRO-GBEA_communautaire-A23-S13.csv
2023,13,,2023-03-27,2023-04-02,Standard,Femelles ayant deja vele,P,2,EUR/kg carcasse,4.6,,COT-VRO-GBEA_communautaire-A23-S13.csv
2023,13,,2023-03-27,2023-04-02,Standard,Femelles ayant deja vele,P,3,EUR/kg carcasse,4.81,,COT-VRO-GBEA_communautaire-A23-S13.csv
2023,13,,2023-03-27,2023-04-02,Standard,Autres femelles,E,3,EUR/kg carcasse,7.56,,COT-VRO-GBEA_communautaire-A23-S13.csv
2023,13,,2023-03-27,2023-04-02,Standard,Autres femelles,U,3,EUR/kg carcasse,5.93,,COT-VRO-GBEA_communautaire-A23-S13.csv
2023,13,,2023-03-27,2023-04-02,Standard,Autres femelles,R,2,EUR/kg carcasse,5.41,,COT-VRO-GBEA_communautaire-A23-S13.csv
2023,13,,2023-03-27,2023-04-02,Standard,Autres femelles,R,3,EUR/kg carcasse,5.5,,COT-VRO-GBEA_communautaire-A23-S13.csv
2023,13,,2023-03-27,2023-04-02,Standard,Autres femelles,R,4,EUR/kg carcasse,5.36,,COT-VRO-GBEA_communautaire-A23-S13.csv
2023,13,,2023-03-27,2023-04-02,Standard,Autres femelles,O,3,EUR/kg carcasse,5.14,,COT-VRO-GBEA_communautaire-A23-S13.csv
2023,14,,2023-04-03,2023-04-09,Standard,Males non castres de moins de 2 ans,E,2,EUR/kg carcasse,5.86,,COT-VRO-GBEA_communautaire-A23-S14.csv
2023,14,,2023-04-03,2023-04-09,Standard,Males non castres de moins de 2 ans,U,2,EUR/kg carcasse,5.7,,COT-VRO-GBEA_communautaire-A23-S14.csv
2023,14,,2023-04-03,2023-04-09,Standard,Males non castres de moins de 2 ans,U,3,EUR/kg carcasse,5.55,,COT-VRO-GBEA_communautaire-A23-S14.csv
2023,14,,2023-04-03,2023-04-09,Standard,Males non castres de moins de 2 ans,R,2,EUR/kg carcasse,5.49,,COT-VRO-GBEA_communautaire-A23-S14.csv
2023,14,,2023-04-03,2023-04-09,Standard,Males non castres de moins de 2 ans,R,3,EUR/kg carcasse,5.41,,COT-VRO-GBEA_communautaire-A23-S14.csv
2023,14,,2023-04-03,2023-04-09,Standard,Males non castres de moins de 2 ans,O,2,EUR/kg carcasse,5.13,,COT-VRO-GBEA_communautaire-A23-S14.csv
2023,14,,2023-04-03,2023-04-09,Standard,Males non castres de moins de 2 ans,O,3,EUR/kg carcasse,5.1,,COT-VRO-GBEA_communautaire-A23-S14.csv
2023,14,,2023-04-03,2023-04-09,Standard,Males non castres de moins de 2 ans,P,3,EUR/kg carcasse,5.06,,COT-VRO-GBEA_communautaire-A23-S14.csv
2023,14,,2023-04-03,2023-04-09,Standard,Autres males non castres,U,2,EUR/kg carcasse,4.9,,COT-VRO-GBEA_communautaire-A23-S14.csv
2023,14,,2023-04-03,2023-04-09,Standard,Autres males non castres,R,2,EUR/kg carcasse,4.81,,COT-VRO-GBEA_communautaire-A23-S14.csv
2023,14,,2023-04-03,2023-04-09,Standard,Autres males non castres,O,2,EUR/kg carcasse,4.44,,COT-VRO-GBEA_communautaire-A23-S14.csv
2023,14,,2023-04-03,2023-04-09,Standard,Males castres,R,3,EUR/kg carcasse,5.4,,COT-VRO-GBEA_communautaire-A23-S14.csv
2023,14,,2023-04-03,2023-04-09,Standard,Males castres,O,3,EUR/kg carcasse,5.01,,COT-VRO-GBEA_communautaire-A23-S14.csv
2023,14,,2023-04-03,2023-04-09,Standard,Males castres,P,3,EUR/kg carcasse,4.87,,COT-VRO-GBEA_communautaire-A23-S14.csv
2023,14,,2023-04-03,2023-04-09,Standard,Femelles ayant deja vele,U,3,EUR/kg carcasse,5.82,,COT-VRO-GBEA_communautaire-A23-S14.csv
2023,14,,2023-04-03,2023-04-09,Standard,Femelles ayant deja vele,R,2,EUR/kg carcasse,5.41,,COT-VRO-GBEA_communautaire-A23-S14.csv
2023,14,,2023-04-03,2023-04-09,Standard,Femelles ayant deja vele,R,3,EUR/kg carcasse,5.45,,COT-VRO-GBEA_communautaire-A23-S14.csv
2023,14,,2023-04-03,2023-04-09,Standard,Femelles ayant deja vele,R,4,EUR/kg carcasse,5.37,,COT-VRO-GBEA_communautaire-A23-S14.csv
2023,14,,2023-04-03,2023-04-09,Standard,Femelles ayant deja vele,O,2,EUR/kg carcasse,5.04,,COT-VRO-GBEA_communautaire-A23-S14.csv
2023,14,,2023-04-03,2023-04-09,Standard,Femelles ayant deja vele,O,3,EUR/kg carcasse,4.95,,COT-VRO-GBEA_communautaire-A23-S14.csv
2023,14,,2023-04-03,2023-04-09,Standard,Femelles ayant deja vele,O,4,EUR/kg carcasse,4.85,,COT-VRO-GBEA_communautaire-A23-S14.csv
2023,14,,2023-04-03,2023-04-09,Standard,Femelles ayant deja vele,P,2,EUR/kg carcasse,4.56,,COT-VRO-GBEA_communautaire-A23-S14.csv
2023,14,,2023-04-03,2023-04-09,Standard,Femelles ayant deja vele,P,3,EUR/kg carcasse,4.77,,COT-VRO-GBEA_communautaire-A23-S14.csv
2023,14,,2023-04-03,2023-04-09,Standard,Autres femelles,U,3,EUR/kg carcasse,5.83,,COT-VRO-GBEA_communautaire-A23-S14.csv
2023,14,,2023-04-03,2023-04-09,Standard,Autres femelles,R,2,EUR/kg carcasse,5.52,,COT-VRO-GBEA_communautaire-A23-S14.csv
2023,14,,2023-04-03,2023-04-09,Standard,Autres femelles,R,3,EUR/kg carcasse,5.51,,COT-VRO-GBEA_communautaire-A23-S14.csv
2023,14,,2023-04-03,2023-04-09,Standard,Autres femelles,R,4,EUR/kg carcasse,5.34,,COT-VRO-GBEA_communautaire-A23-S14.csv
2023,14,,2023-04-03,2023-04-09,Standard,Autres femelles,O,3,EUR/kg carcasse,5.07,,COT-VRO-GBEA_communautaire-A23-S14.csv
2023,15,,2023-04-10,2023-04-16,Standard,Males non castres de moins de 2 ans,E,2,EUR/kg carcasse,5.83,,COT-VRO-GBEA_communautaire-A23-S15.csv
2023,15,,2023-04-10,2023-04-16,Standard,Males non castres de moins de 2 ans,U,2,EUR/kg carcasse,5.69,,COT-VRO-GBEA_communautaire-A23-S15.csv
2023,15,,2023-04-10,2023-04-16,Standard,Males non castres de moins de 2 ans,U,3,EUR/kg carcasse,5.53,,COT-VRO-GBEA_communautaire-A23-S15.csv
2023,15,,2023-04-10,2023-04-16,Standard,Males non castres de moins de 2 ans,R,2,EUR/kg carcasse,5.49,,COT-VRO-GBEA_communautaire-A23-S15.csv
2023,15,,2023-04-10,2023-04-16,Standard,Males non castres de moins de 2 ans,R,3,EUR/kg carcasse,5.39,,COT-VRO-GBEA_communautaire-A23-S15.csv
2023,15,,2023-04-10,2023-04-16,Standard,Males non castres de moins de 2 ans,O,2,EUR/kg carcasse,5.08,,COT-VRO-GBEA_communautaire-A23-S15.csv
2023,15,,2023-04-10,2023-04-16,Standard,Males non castres de moins de 2 ans,O,3,EUR/kg carcasse,5.08,,COT-VRO-GBEA_communautaire-A23-S15.csv
2023,15,,2023-04-10,2023-04-16,Standard,Males non castres de moins de 2 ans,P,3,EUR/kg carcasse,5.03,,COT-VRO-GBEA_communautaire-A23-S15.csv
2023,15,,2023-04-10,2023-04-16,Standard,Autres males non castres,U,2,EUR/kg carcasse,4.87,,COT-VRO-GBEA_communautaire-A23-S15.csv
2023,15,,2023-04-10,2023-04-16,Standard,Autres males non castres,R,2,EUR/kg carcasse,4.77,,COT-VRO-GBEA_communautaire-A23-S15.csv
2023,15,,2023-04-10,2023-04-16,Standard,Autres males non castres,O,2,EUR/kg carcasse,4.44,,COT-VRO-GBEA_communautaire-A23-S15.csv
2023,15,,2023-04-10,2023-04-16,Standard,Males castres,R,3,EUR/kg carcasse,5.39,,COT-VRO-GBEA_communautaire-A23-S15.csv
2023,15,,2023-04-10,2023-04-16,Standard,Males castres,O,3,EUR/kg carcasse,5,,COT-VRO-GBEA_communautaire-A23-S15.csv
2023,15,,2023-04-10,2023-04-16,Standard,Males castres,P,3,EUR/kg carcasse,4.84,,COT-VRO-GBEA_communautaire-A23-S15.csv
2023,15,,2023-04-10,2023-04-16,Standard,Femelles ayant deja vele,U,3,EUR/kg carcasse,5.83,,COT-VRO-GBEA_communautaire-A23-S15.csv
2023,15,,2023-04-10,2023-04-16,Standard,Femelles ayant deja vele,R,2,EUR/kg carcasse,5.36,,COT-VRO-GBEA_communautaire-A23-S15.csv
2023,15,,2023-04-10,2023-04-16,Standard,Femelles ayant deja vele,R,3,EUR/kg carcasse,5.44,,COT-VRO-GBEA_communautaire-A23-S15.csv
2023,15,,2023-04-10,2023-04-16,Standard,Femelles ayant deja vele,R,4,EUR/kg carcasse,5.36,,COT-VRO-GBEA_communautaire-A23-S15.csv
2023,15,,2023-04-10,2023-04-16,Standard,Femelles ayant deja vele,O,2,EUR/kg carcasse,4.94,,COT-VRO-GBEA_communautaire-A23-S15.csv
2023,15,,2023-04-10,2023-04-16,Standard,Femelles ayant deja vele,O,3,EUR/kg carcasse,4.93,,COT-VRO-GBEA_communautaire-A23-S15.csv
2023,15,,2023-04-10,2023-04-16,Standard,Femelles ayant deja vele,O,4,EUR/kg carcasse,4.82,,COT-VRO-GBEA_communautaire-A23-S15.csv
2023,15,,2023-04-10,2023-04-16,Standard,Femelles ayant deja vele,P,2,EUR/kg carcasse,4.51,,COT-VRO-GBEA_communautaire-A23-S15.csv
2023,15,,2023-04-10,2023-04-16,Standard,Femelles ayant deja vele,P,3,EUR/kg carcasse,4.72,,COT-VRO-GBEA_communautaire-A23-S15.csv
2023,15,,2023-04-10,2023-04-16,Standard,Autres femelles,U,3,EUR/kg carcasse,5.83,,COT-VRO-GBEA_communautaire-A23-S15.csv
2023,15,,2023-04-10,2023-04-16,Standard,Autres femelles,R,2,EUR/kg carcasse,5.48,,COT-VRO-GBEA_communautaire-A23-S15.csv
2023,15,,2023-04-10,2023-04-16,Standard,Autres femelles,R,3,EUR/kg carcasse,5.51,,COT-VRO-GBEA_communautaire-A23-S15.csv
2023,15,,2023-04-10,2023-04-16,Standard,Autres femelles,R,4,EUR/kg carcasse,5.32,,COT-VRO-GBEA_communautaire-A23-S15.csv
2023,15,,2023-04-10,2023-04-16,Standard,Autres femelles,O,3,EUR/kg carcasse,5.03,,COT-VRO-GBEA_communautaire-A23-S15.csv
2023,16,,2023-04-17,2023-04-23,Standard,Males non castres de moins de 2 ans,E,2,EUR/kg carcasse,5.82,,COT-VRO-GBEA_communautaire-A23-S16.csv
2023,16,,2023-04-17,2023-04-23,Standard,Males non castres de moins de 2 ans,U,2,EUR/kg carcasse,5.67,,COT-VRO-GBEA_communautaire-A23-S16.csv
2023,16,,2023-04-17,2023-04-23,Standard,Males non castres de moins de 2 ans,U,3,EUR/kg carcasse,5.52,,COT-VRO-GBEA_communautaire-A23-S16.csv
2023,16,,2023-04-17,2023-04-23,Standard,Males non castres de moins de 2 ans,R,2,EUR/kg carcasse,5.43,,COT-VRO-GBEA_communautaire-A23-S16.csv
2023,16,,2023-04-17,2023-04-23,Standard,Males non castres de moins de 2 ans,R,3,EUR/kg carcasse,5.38,,COT-VRO-GBEA_communautaire-A23-S16.csv
2023,16,,2023-04-17,2023-04-23,Standard,Males non castres de moins de 2 ans,O,2,EUR/kg carcasse,5.04,,COT-VRO-GBEA_communautaire-A23-S16.csv
2023,16,,2023-04-17,2023-04-23,Standard,Males non castres de moins de 2 ans,O,3,EUR/kg carcasse,5.05,,COT-VRO-GBEA_communautaire-A23-S16.csv
2023,16,,2023-04-17,2023-04-23,Standard,Males non castres de moins de 2 ans,P,3,EUR/kg carcasse,5,,COT-VRO-GBEA_communautaire-A23-S16.csv
2023,16,,2023-04-17,2023-04-23,Standard,Autres males non castres,U,2,EUR/kg carcasse,4.85,,COT-VRO-GBEA_communautaire-A23-S16.csv
2023,16,,2023-04-17,2023-04-23,Standard,Autres males non castres,R,2,EUR/kg carcasse,4.75,,COT-VRO-GBEA_communautaire-A23-S16.csv
2023,16,,2023-04-17,2023-04-23,Standard,Autres males non castres,O,2,EUR/kg carcasse,4.43,,COT-VRO-GBEA_communautaire-A23-S16.csv
2023,16,,2023-04-17,2023-04-23,Standard,Males castres,R,3,EUR/kg carcasse,5.36,,COT-VRO-GBEA_communautaire-A23-S16.csv
2023,16,,2023-04-17,2023-04-23,Standard,Males castres,O,3,EUR/kg carcasse,4.97,,COT-VRO-GBEA_communautaire-A23-S16.csv
2023,16,,2023-04-17,2023-04-23,Standard,Males castres,O,4,EUR/kg carcasse,4.98,,COT-VRO-GBEA_communautaire-A23-S16.csv
2023,16,,2023-04-17,2023-04-23,Standard,Males castres,P,3,EUR/kg carcasse,4.8,,COT-VRO-GBEA_communautaire-A23-S16.csv
2023,16,,2023-04-17,2023-04-23,Standard,Femelles ayant deja vele,U,3,EUR/kg carcasse,5.79,,COT-VRO-GBEA_communautaire-A23-S16.csv
2023,16,,2023-04-17,2023-04-23,Standard,Femelles ayant deja vele,R,2,EUR/kg carcasse,5.38,,COT-VRO-GBEA_communautaire-A23-S16.csv
2023,16,,2023-04-17,2023-04-23,Standard,Femelles ayant deja vele,R,3,EUR/kg carcasse,5.42,,COT-VRO-GBEA_communautaire-A23-S16.csv
2023,16,,2023-04-17,2023-04-23,Standard,Femelles ayant deja vele,R,4,EUR/kg carcasse,5.31,,COT-VRO-GBEA_communautaire-A23-S16.csv
2023,16,,2023-04-17,2023-04-23,Standard,Femelles ayant deja vele,O,2,EUR/kg carcasse,4.97,,COT-VRO-GBEA_communautaire-A23-S16.csv
2023,16,,2023-04-17,2023-04-23,Standard,Femelles ayant deja vele,O,3,EUR/kg carcasse,4.91,,COT-VRO-GBEA_communautaire-A23-S16.csv
2023,16,,2023-04-17,2023-04-23,Standard,Femelles ayant deja vele,O,4,EUR/kg carcasse,4.78,,COT-VRO-GBEA_communautaire-A23-S16.csv
2023,16,,2023-04-17,2023-04-23,Standard,Femelles ayant deja vele,P,2,EUR/kg carcasse,4.48,,COT-VRO-GBEA_communautaire-A23-S16.csv
2023,16,,2023-04-17,2023-04-23,Standard,Femelles ayant deja vele,P,3,EUR/kg carcasse,4.69,,COT-VRO-GBEA_communautaire-A23-S16.csv
2023,16,,2023-04-17,2023-04-23,Standard,Autres femelles,U,3,EUR/kg carcasse,5.82,,COT-VRO-GBEA_communautaire-A23-S16.csv
2023,16,,2023-04-17,2023-04-23,Standard,Autres femelles,R,2,EUR/kg carcasse,5.46,,COT-VRO-GBEA_communautaire-A23-S16.csv
2023,16,,2023-04-17,2023-04-23,Standard,Autres femelles,R,3,EUR/kg carcasse,5.48,,COT-VRO-GBEA_communautaire-A23-S16.csv
2023,16,,2023-04-17,2023-04-23,Standard,Autres femelles,R,4,EUR/kg carcasse,5.33,,COT-VRO-GBEA_communautaire-A23-S16.csv
2023,16,,2023-04-17,2023-04-23,Standard,Autres femelles,O,3,EUR/kg carcasse,5.02,,COT-VRO-GBEA_communautaire-A23-S16.csv
2023,17,,2023-04-24,2023-04-30,Standard,Males non castres de moins de 2 ans,E,2,EUR/kg carcasse,5.84,,COT-VRO-GBEA_communautaire-A23-S17.csv
2023,17,,2023-04-24,2023-04-30,Standard,Males non castres de moins de 2 ans,U,2,EUR/kg carcasse,5.64,,COT-VRO-GBEA_communautaire-A23-S17.csv
2023,17,,2023-04-24,2023-04-30,Standard,Males non castres de moins de 2 ans,U,3,EUR/kg carcasse,5.49,,COT-VRO-GBEA_communautaire-A23-S17.csv
2023,17,,2023-04-24,2023-04-30,Standard,Males non castres de moins de 2 ans,R,2,EUR/kg carcasse,5.43,,COT-VRO-GBEA_communautaire-A23-S17.csv
2023,17,,2023-04-24,2023-04-30,Standard,Males non castres de moins de 2 ans,R,3,EUR/kg carcasse,5.35,,COT-VRO-GBEA_communautaire-A23-S17.csv
2023,17,,2023-04-24,2023-04-30,Standard,Males non castres de moins de 2 ans,O,2,EUR/kg carcasse,5.01,,COT-VRO-GBEA_communautaire-A23-S17.csv
2023,17,,2023-04-24,2023-04-30,Standard,Males non castres de moins de 2 ans,O,3,EUR/kg carcasse,5.03,,COT-VRO-GBEA_communautaire-A23-S17.csv
2023,17,,2023-04-24,2023-04-30,Standard,Males non castres de moins de 2 ans,P,3,EUR/kg carcasse,4.98,,COT-VRO-GBEA_communautaire-A23-S17.csv
2023,17,,2023-04-24,2023-04-30,Standard,Autres males non castres,U,2,EUR/kg carcasse,4.82,,COT-VRO-GBEA_communautaire-A23-S17.csv
2023,17,,2023-04-24,2023-04-30,Standard,Autres males non castres,R,2,EUR/kg carcasse,4.74,,COT-VRO-GBEA_communautaire-A23-S17.csv
2023,17,,2023-04-24,2023-04-30,Standard,Autres males non castres,O,2,EUR/kg carcasse,4.41,,COT-VRO-GBEA_communautaire-A23-S17.csv
2023,17,,2023-04-24,2023-04-30,Standard,Males castres,R,3,EUR/kg carcasse,5.36,,COT-VRO-GBEA_communautaire-A23-S17.csv
2023,17,,2023-04-24,2023-04-30,Standard,Males castres,O,3,EUR/kg carcasse,4.92,,COT-VRO-GBEA_communautaire-A23-S17.csv
2023,17,,2023-04-24,2023-04-30,Standard,Males castres,P,3,EUR/kg carcasse,4.78,,COT-VRO-GBEA_communautaire-A23-S17.csv
2023,17,,2023-04-24,2023-04-30,Standard,Femelles ayant deja vele,U,3,EUR/kg carcasse,5.8,,COT-VRO-GBEA_communautaire-A23-S17.csv
2023,17,,2023-04-24,2023-04-30,Standard,Femelles ayant deja vele,R,2,EUR/kg carcasse,5.36,,COT-VRO-GBEA_communautaire-A23-S17.csv
2023,17,,2023-04-24,2023-04-30,Standard,Femelles ayant deja vele,R,3,EUR/kg carcasse,5.41,,COT-VRO-GBEA_communautaire-A23-S17.csv
2023,17,,2023-04-24,2023-04-30,Standard,Femelles ayant deja vele,R,4,EUR/kg carcasse,5.3,,COT-VRO-GBEA_communautaire-A23-S17.csv
2023,17,,2023-04-24,2023-04-30,Standard,Femelles ayant deja vele,O,2,EUR/kg carcasse,4.95,,COT-VRO-GBEA_communautaire-A23-S17.csv
2023,17,,2023-04-24,2023-04-30,Standard,Femelles ayant deja vele,O,3,EUR/kg carcasse,4.88,,COT-VRO-GBEA_communautaire-A23-S17.csv
2023,17,,2023-04-24,2023-04-30,Standard,Femelles ayant deja vele,O,4,EUR/kg carcasse,4.78,,COT-VRO-GBEA_communautaire-A23-S17.csv
2023,17,,2023-04-24,2023-04-30,Standard,Femelles ayant deja vele,P,2,EUR/kg carcasse,4.45,,COT-VRO-GBEA_communautaire-A23-S17.csv
2023,17,,2023-04-24,2023-04-30,Standard,Femelles ayant deja vele,P,3,EUR/kg carcasse,4.66,,COT-VRO-GBEA_communautaire-A23-S17.csv
2023,17,,2023-04-24,2023-04-30,Standard,Autres femelles,U,3,EUR/kg carcasse,5.83,,COT-VRO-GBEA_communautaire-A23-S17.csv
2023,17,,2023-04-24,2023-04-30,Standard,Autres femelles,R,2,EUR/kg carcasse,5.32,,COT-VRO-GBEA_communautaire-A23-S17.csv
2023,17,,2023-04-24,2023-04-30,Standard,Autres femelles,R,3,EUR/kg carcasse,5.46,,COT-VRO-GBEA_communautaire-A23-S17.csv
2023,17,,2023-04-24,2023-04-30,Standard,Autres femelles,R,4,EUR/kg carcasse,5.37,,COT-VRO-GBEA_communautaire-A23-S17.csv
2023,17,,2023-04-24,2023-04-30,Standard,Autres femelles,O,3,EUR/kg carcasse,5.06,,COT-VRO-GBEA_communautaire-A23-S17.csv
2023,,5,2023-05-01,2023-05-31,Bio,Males castres,U,3,EUR/kg carcasse,5.75,,COT-VRO-GBBI_prix_UE-A23-M05.csv
2023,,5,2023-05-01,2023-05-31,Bio,Males castres,R,3,EUR/kg carcasse,5.64,,COT-VRO-GBBI_prix_UE-A23-M05.csv
2023,,5,2023-05-01,2023-05-31,Bio,Males castres,O,3,EUR/kg carcasse,5.27,,COT-VRO-GBBI_prix_UE-A23-M05.csv
2023,,5,2023-05-01,2023-05-31,Bio,Femelles ayant deja vele,U,3,EUR/kg carcasse,5.86,,COT-VRO-GBBI_prix_UE-A23-M05.csv
2023,,5,2023-05-01,2023-05-31,Bio,Femelles ayant deja vele,R,2,EUR/kg carcasse,5.56,,COT-VRO-GBBI_prix_UE-A23-M05.csv
2023,,5,2023-05-01,2023-05-31,Bio,Femelles ayant deja vele,R,3,EUR/kg carcasse,5.61,,COT-VRO-GBBI_prix_UE-A23-M05.csv
2023,,5,2023-05-01,2023-05-31,Bio,Femelles ayant deja vele,O,2,EUR/kg carcasse,5.18,,COT-VRO-GBBI_prix_UE-A23-M05.csv
2023,,5,2023-05-01,2023-05-31,Bio,Femelles ayant deja vele,O,3,EUR/kg carcasse,5.18,,COT-VRO-GBBI_prix_UE-A23-M05.csv
2023,,5,2023-05-01,2023-05-31,Bio,Femelles ayant deja vele,P,3,EUR/kg carcasse,5,,COT-VRO-GBBI_prix_UE-A23-M05.csv
2023,,5,2023-05-01,2023-05-31,Bio,Autres femelles,R,3,EUR/kg carcasse,5.65,,COT-VRO-GBBI_prix_UE-A23-M05.csv
2023,18,,2023-05-01,2023-05-07,Standard,Males non castres de moins de 2 ans,E,2,EUR/kg carcasse,5.79,,COT-VRO-GBEA_communautaire-A23-S18.csv
2023,18,,2023-05-01,2023-05-07,Standard,Males non castres de moins de 2 ans,U,2,EUR/kg carcasse,5.63,,COT-VRO-GBEA_communautaire-A23-S18.csv
2023,18,,2023-05-01,2023-05-07,Standard,Males non castres de moins de 2 ans,U,3,EUR/kg carcasse,5.45,,COT-VRO-GBEA_communautaire-A23-S18.csv
2023,18,,2023-05-01,2023-05-07,Standard,Males non castres de moins de 2 ans,R,2,EUR/kg carcasse,5.41,,COT-VRO-GBEA_communautaire-A23-S18.csv
2023,18,,2023-05-01,2023-05-07,Standard,Males non castres de moins de 2 ans,R,3,EUR/kg carcasse,5.32,,COT-VRO-GBEA_communautaire-A23-S18.csv
2023,18,,2023-05-01,2023-05-07,Standard,Males non castres de moins de 2 ans,O,2,EUR/kg carcasse,5,,COT-VRO-GBEA_communautaire-A23-S18.csv
2023,18,,2023-05-01,2023-05-07,Standard,Males non castres de moins de 2 ans,O,3,EUR/kg carcasse,5.01,,COT-VRO-GBEA_communautaire-A23-S18.csv
2023,18,,2023-05-01,2023-05-07,Standard,Males non castres de moins de 2 ans,P,3,EUR/kg carcasse,4.96,,COT-VRO-GBEA_communautaire-A23-S18.csv
2023,18,,2023-05-01,2023-05-07,Standard,Autres males non castres,U,2,EUR/kg carcasse,4.78,,COT-VRO-GBEA_communautaire-A23-S18.csv
2023,18,,2023-05-01,2023-05-07,Standard,Autres males non castres,R,2,EUR/kg carcasse,4.71,,COT-VRO-GBEA_communautaire-A23-S18.csv
2023,18,,2023-05-01,2023-05-07,Standard,Autres males non castres,O,2,EUR/kg carcasse,4.42,,COT-VRO-GBEA_communautaire-A23-S18.csv
2023,18,,2023-05-01,2023-05-07,Standard,Males castres,R,3,EUR/kg carcasse,5.37,,COT-VRO-GBEA_communautaire-A23-S18.csv
2023,18,,2023-05-01,2023-05-07,Standard,Males castres,O,3,EUR/kg carcasse,4.94,,COT-VRO-GBEA_communautaire-A23-S18.csv
2023,18,,2023-05-01,2023-05-07,Standard,Males castres,P,3,EUR/kg carcasse,4.73,,COT-VRO-GBEA_communautaire-A23-S18.csv
2023,18,,2023-05-01,2023-05-07,Standard,Femelles ayant deja vele,U,3,EUR/kg carcasse,5.8,,COT-VRO-GBEA_communautaire-A23-S18.csv
2023,18,,2023-05-01,2023-05-07,Standard,Femelles ayant deja vele,R,2,EUR/kg carcasse,5.31,,COT-VRO-GBEA_communautaire-A23-S18.csv
2023,18,,2023-05-01,2023-05-07,Standard,Femelles ayant deja vele,R,3,EUR/kg carcasse,5.39,,COT-VRO-GBEA_communautaire-A23-S18.csv
2023,18,,2023-05-01,2023-05-07,Standard,Femelles ayant deja vele,R,4,EUR/kg carcasse,5.32,,COT-VRO-GBEA_communautaire-A23-S18.csv
2023,18,,2023-05-01,2023-05-07,Standard,Femelles ayant deja vele,O,2,EUR/kg carcasse,4.96,,COT-VRO-GBEA_communautaire-A23-S18.csv
2023,18,,2023-05-01,2023-05-07,Standard,Femelles ayant deja vele,O,3,EUR/kg carcasse,4.86,,COT-VRO-GBEA_communautaire-A23-S18.csv
2023,18,,2023-05-01,2023-05-07,Standard,Femelles ayant deja vele,O,4,EUR/kg carcasse,4.73,,COT-VRO-GBEA_communautaire-A23-S18.csv
2023,18,,2023-05-01,2023-05-07,Standard,Femelles ayant deja vele,P,2,EUR/kg carcasse,4.41,,COT-VRO-GBEA_communautaire-A23-S18.csv
2023,18,,2023-05-01,2023-05-07,Standard,Femelles ayant deja vele,P,3,EUR/kg carcasse,4.62,,COT-VRO-GBEA_communautaire-A23-S18.csv
2023,18,,2023-05-01,2023-05-07,Standard,Autres femelles,U,3,EUR/kg carcasse,5.82,,COT-VRO-GBEA_communautaire-A23-S18.csv
2023,18,,2023-05-01,2023-05-07,Standard,Autres femelles,R,2,EUR/kg carcasse,5.42,,COT-VRO-GBEA_communautaire-A23-S18.csv
2023,18,,2023-05-01,2023-05-07,Standard,Autres femelles,R,3,EUR/kg carcasse,5.46,,COT-VRO-GBEA_communautaire-A23-S18.csv
2023,18,,2023-05-01,2023-05-07,Standard,Autres femelles,R,4,EUR/kg carcasse,5.32,,COT-VRO-GBEA_communautaire-A23-S18.csv
2023,18,,2023-05-01,2023-05-07,Standard,Autres femelles,O,3,EUR/kg carcasse,5.01,,COT-VRO-GBEA_communautaire-A23-S18.csv
2023,19,,2023-05-08,2023-05-14,Standard,Males non castres de moins de 2 ans,E,2,EUR/kg carcasse,5.82,,COT-VRO-GBEA_communautaire-A23-S19.csv
2023,19,,2023-05-08,2023-05-14,Standard,Males non castres de moins de 2 ans,U,2,EUR/kg carcasse,5.61,,COT-VRO-GBEA_communautaire-A23-S19.csv
2023,19,,2023-05-08,2023-05-14,Standard,Males non castres de moins de 2 ans,U,3,EUR/kg carcasse,5.44,,COT-VRO-GBEA_communautaire-A23-S19.csv
2023,19,,2023-05-08,2023-05-14,Standard,Males non castres de moins de 2 ans,R,2,EUR/kg carcasse,5.39,,COT-VRO-GBEA_communautaire-A23-S19.csv
2023,19,,2023-05-08,2023-05-14,Standard,Males non castres de moins de 2 ans,R,3,EUR/kg carcasse,5.3,,COT-VRO-GBEA_communautaire-A23-S19.csv
2023,19,,2023-05-08,2023-05-14,Standard,Males non castres de moins de 2 ans,O,2,EUR/kg carcasse,4.94,,COT-VRO-GBEA_communautaire-A23-S19.csv
2023,19,,2023-05-08,2023-05-14,Standard,Males non castres de moins de 2 ans,O,3,EUR/kg carcasse,4.97,,COT-VRO-GBEA_communautaire-A23-S19.csv
2023,19,,2023-05-08,2023-05-14,Standard,Males non castres de moins de 2 ans,P,3,EUR/kg carcasse,4.94,,COT-VRO-GBEA_communautaire-A23-S19.csv
2023,19,,2023-05-08,2023-05-14,Standard,Autres males non castres,U,2,EUR/kg carcasse,4.77,,COT-VRO-GBEA_communautaire-A23-S19.csv
2023,19,,2023-05-08,2023-05-14,Standard,Autres males non castres,R,2,EUR/kg carcasse,4.67,,COT-VRO-GBEA_communautaire-A23-S19.csv
2023,19,,2023-05-08,2023-05-14,Standard,Autres males non castres,O,2,EUR/kg carcasse,4.27,,COT-VRO-GBEA_communautaire-A23-S19.csv
2023,19,,2023-05-08,2023-05-14,Standard,Males castres,R,3,EUR/kg carcasse,5.36,,COT-VRO-GBEA_communautaire-A23-S19.csv
2023,19,,2023-05-08,2023-05-14,Standard,Males castres,O,3,EUR/kg carcasse,4.94,,COT-VRO-GBEA_communautaire-A23-S19.csv
2023,19,,2023-05-08,2023-05-14,Standard,Males castres,P,3,EUR/kg carcasse,4.74,,COT-VRO-GBEA_communautaire-A23-S19.csv
2023,19,,2023-05-08,2023-05-14,Standard,Femelles ayant deja vele,U,3,EUR/kg carcasse,5.8,,COT-VRO-GBEA_communautaire-A23-S19.csv
2023,19,,2023-05-08,2023-05-14,Standard,Femelles ayant deja vele,R,2,EUR/kg carcasse,5.28,,COT-VRO-GBEA_communautaire-A23-S19.csv
2023,19,,2023-05-08,2023-05-14,Standard,Femelles ayant deja vele,R,3,EUR/kg carcasse,5.4,,COT-VRO-GBEA_communautaire-A23-S19.csv
2023,19,,2023-05-08,2023-05-14,Standard,Femelles ayant deja vele,R,4,EUR/kg carcasse,5.29,,COT-VRO-GBEA_communautaire-A23-S19.csv
2023,19,,2023-05-08,2023-05-14,Standard,Femelles ayant deja vele,O,2,EUR/kg carcasse,4.89,,COT-VRO-GBEA_communautaire-A23-S19.csv
2023,19,,2023-05-08,2023-05-14,Standard,Femelles ayant deja vele,O,3,EUR/kg carcasse,4.84,,COT-VRO-GBEA_communautaire-A23-S19.csv
2023,19,,2023-05-08,2023-05-14,Standard,Femelles ayant deja vele,O,4,EUR/kg carcasse,4.56,,COT-VRO-GBEA_communautaire-A23-S19.csv
2023,19,,2023-05-08,2023-05-14,Standard,Femelles ayant deja vele,P,2,EUR/kg carcasse,4.39,,COT-VRO-GBEA_communautaire-A23-S19.csv
2023,19,,2023-05-08,2023-05-14,Standard,Femelles ayant deja vele,P,3,EUR/kg carcasse,4.6,,COT-VRO-GBEA_communautaire-A23-S19.csv
2023,19,,2023-05-08,2023-05-14,Standard,Autres femelles,U,3,EUR/kg carcasse,5.83,,COT-VRO-GBEA_communautaire-A23-S19.csv
2023,19,,2023-05-08,2023-05-14,Standard,Autres femelles,R,2,EUR/kg carcasse,5.42,,COT-VRO-GBEA_communautaire-A23-S19.csv
2023,19,,2023-05-08,2023-05-14,Standard,Autres femelles,R,3,EUR/kg carcasse,5.46,,COT-VRO-GBEA_communautaire-A23-S19.csv
2023,19,,2023-05-08,2023-05-14,Standard,Autres femelles,R,4,EUR/kg carcasse,5.33,,COT-VRO-GBEA_communautaire-A23-S19.csv
2023,19,,2023-05-08,2023-05-14,Standard,Autres femelles,O,3,EUR/kg carcasse,5.01,,COT-VRO-GBEA_communautaire-A23-S19.csv
2023,20,,2023-05-15,2023-05-21,Standard,Males non castres de moins de 2 ans,E,2,EUR/kg carcasse,5.75,,COT-VRO-GBEA_communautaire-A23-S20.csv
2023,20,,2023-05-15,2023-05-21,Standard,Males non castres de moins de 2 ans,U,2,EUR/kg carcasse,5.58,,COT-VRO-GBEA_communautaire-A23-S20.csv
2023,20,,2023-05-15,2023-05-21,Standard,Males non castres de moins de 2 ans,U,3,EUR/kg carcasse,5.42,,COT-VRO-GBEA_communautaire-A23-S20.csv
2023,20,,2023-05-15,2023-05-21,Standard,Males non castres de moins de 2 ans,R,2,EUR/kg carcasse,5.37,,COT-VRO-GBEA_communautaire-A23-S20.csv
2023,20,,2023-05-15,2023-05-21,Standard,Males non castres de moins de 2 ans,R,3,EUR/kg carcasse,5.28,,COT-VRO-GBEA_communautaire-A23-S20.csv
2023,20,,2023-05-15,2023-05-21,Standard,Males non castres de moins de 2 ans,O,2,EUR/kg carcasse,5,,COT-VRO-GBEA_communautaire-A23-S20.csv
2023,20,,2023-05-15,2023-05-21,Standard,Males non castres de moins de 2 ans,O,3,EUR/kg carcasse,4.95,,COT-VRO-GBEA_communautaire-A23-S20.csv
2023,20,,2023-05-15,2023-05-21,Standard,Males non castres de moins de 2 ans,P,3,EUR/kg carcasse,4.93,,COT-VRO-GBEA_communautaire-A23-S20.csv
2023,20,,2023-05-15,2023-05-21,Standard,Autres males non castres,U,2,EUR/kg carcasse,4.79,,COT-VRO-GBEA_communautaire-A23-S20.csv
2023,20,,2023-05-15,2023-05-21,Standard,Autres males non castres,R,2,EUR/kg carcasse,4.7,,COT-VRO-GBEA_communautaire-A23-S20.csv
2023,20,,2023-05-15,2023-05-21,Standard,Autres males non castres,O,2,EUR/kg carcasse,4.34,,COT-VRO-GBEA_communautaire-A23-S20.csv
2023,20,,2023-05-15,2023-05-21,Standard,Males castres,R,3,EUR/kg carcasse,5.44,,COT-VRO-GBEA_communautaire-A23-S20.csv
2023,20,,2023-05-15,2023-05-21,Standard,Males castres,O,3,EUR/kg carcasse,4.91,,COT-VRO-GBEA_communautaire-A23-S20.csv
2023,20,,2023-05-15,2023-05-21,Standard,Males castres,P,3,EUR/kg carcasse,4.72,,COT-VRO-GBEA_communautaire-A23-S20.csv
2023,20,,2023-05-15,2023-05-21,Standard,Femelles ayant deja vele,U,3,EUR/kg carcasse,5.82,,COT-VRO-GBEA_communautaire-A23-S20.csv
2023,20,,2023-05-15,2023-05-21,Standard,Femelles ayant deja vele,R,2,EUR/kg carcasse,5.35,,COT-VRO-GBEA_communautaire-A23-S20.csv
2023,20,,2023-05-15,2023-05-21,Standard,Femelles ayant deja vele,R,3,EUR/kg carcasse,5.41,,COT-VRO-GBEA_communautaire-A23-S20.csv
2023,20,,2023-05-15,2023-05-21,Standard,Femelles ayant deja vele,R,4,EUR/kg carcasse,5.28,,COT-VRO-GBEA_communautaire-A23-S20.csv
2023,20,,2023-05-15,2023-05-21,Standard,Femelles ayant deja vele,O,2,EUR/kg carcasse,4.92,,COT-VRO-GBEA_communautaire-A23-S20.csv
2023,20,,2023-05-15,2023-05-21,Standard,Femelles ayant deja vele,O,3,EUR/kg carcasse,4.84,,COT-VRO-GBEA_communautaire-A23-S20.csv
2023,20,,2023-05-15,2023-05-21,Standard,Femelles ayant deja vele,O,4,EUR/kg carcasse,4.73,,COT-VRO-GBEA_communautaire-A23-S20.csv
2023,20,,2023-05-15,2023-05-21,Standard,Femelles ayant deja vele,P,2,EUR/kg carcasse,4.39,,COT-VRO-GBEA_communautaire-A23-S20.csv
2023,20,,2023-05-15,2023-05-21,Standard,Femelles ayant deja vele,P,3,EUR/kg carcasse,4.6,,COT-VRO-GBEA_communautaire-A23-S20.csv
2023,20,,2023-05-15,2023-05-21,Standard,Autres femelles,U,3,EUR/kg carcasse,5.84,,COT-VRO-GBEA_communautaire-A23-S20.csv
2023,20,,2023-05-15,2023-05-21,Standard,Autres femelles,R,2,EUR/kg carcasse,5.44,,COT-VRO-GBEA_communautaire-A23-S20.csv
2023,20,,2023-05-15,2023-05-21,Standard,Autres femelles,R,3,EUR/kg carcasse,5.48,,COT-VRO-GBEA_communautaire-A23-S20.csv
2023,20,,2023-05-15,2023-05-21,Standard,Autres femelles,R,4,EUR/kg carcasse,5.31,,COT-VRO-GBEA_communautaire-A23-S20.csv
2023,20,,2023-05-15,2023-05-21,Standard,Autres femelles,O,3,EUR/kg carcasse,4.98,,COT-VRO-GBEA_communautaire-A23-S20.csv
2023,21,,2023-05-22,2023-05-28,Standard,Males non castres de moins de 2 ans,E,2,EUR/kg carcasse,5.81,,COT-VRO-GBEA_communautaire-A23-S21.csv
2023,21,,2023-05-22,2023-05-28,Standard,Males non castres de moins de 2 ans,U,2,EUR/kg carcasse,5.57,,COT-VRO-GBEA_communautaire-A23-S21.csv
2023,21,,2023-05-22,2023-05-28,Standard,Males non castres de moins de 2 ans,U,3,EUR/kg carcasse,5.4,,COT-VRO-GBEA_communautaire-A23-S21.csv
2023,21,,2023-05-22,2023-05-28,Standard,Males non castres de moins de 2 ans,R,2,EUR/kg carcasse,5.37,,COT-VRO-GBEA_communautaire-A23-S21.csv
2023,21,,2023-05-22,2023-05-28,Standard,Males non castres de moins de 2 ans,R,3,EUR/kg carcasse,5.28,,COT-VRO-GBEA_communautaire-A23-S21.csv
2023,21,,2023-05-22,2023-05-28,Standard,Males non castres de moins de 2 ans,O,2,EUR/kg carcasse,4.98,,COT-VRO-GBEA_communautaire-A23-S21.csv
2023,21,,2023-05-22,2023-05-28,Standard,Males non castres de moins de 2 ans,O,3,EUR/kg carcasse,4.95,,COT-VRO-GBEA_communautaire-A23-S21.csv
2023,21,,2023-05-22,2023-05-28,Standard,Males non castres de moins de 2 ans,P,3,EUR/kg carcasse,4.91,,COT-VRO-GBEA_communautaire-A23-S21.csv
2023,21,,2023-05-22,2023-05-28,Standard,Autres males non castres,U,2,EUR/kg carcasse,4.8,,COT-VRO-GBEA_communautaire-A23-S21.csv
2023,21,,2023-05-22,2023-05-28,Standard,Autres males non castres,R,2,EUR/kg carcasse,4.72,,COT-VRO-GBEA_communautaire-A23-S21.csv
2023,21,,2023-05-22,2023-05-28,Standard,Males castres,R,3,EUR/kg carcasse,5.41,,COT-VRO-GBEA_communautaire-A23-S21.csv
2023,21,,2023-05-22,2023-05-28,Standard,Males castres,O,3,EUR/kg carcasse,4.96,,COT-VRO-GBEA_communautaire-A23-S21.csv
2023,21,,2023-05-22,2023-05-28,Standard,Males castres,P,3,EUR/kg carcasse,4.75,,COT-VRO-GBEA_communautaire-A23-S21.csv
2023,21,,2023-05-22,2023-05-28,Standard,Femelles ayant deja vele,U,3,EUR/kg carcasse,5.8,,COT-VRO-GBEA_communautaire-A23-S21.csv
2023,21,,2023-05-22,2023-05-28,Standard,Femelles ayant deja vele,R,2,EUR/kg carcasse,5.31,,COT-VRO-GBEA_communautaire-A23-S21.csv
2023,21,,2023-05-22,2023-05-28,Standard,Femelles ayant deja vele,R,3,EUR/kg carcasse,5.41,,COT-VRO-GBEA_communautaire-A23-S21.csv
2023,21,,2023-05-22,2023-05-28,Standard,Femelles ayant deja vele,R,4,EUR/kg carcasse,5.33,,COT-VRO-GBEA_communautaire-A23-S21.csv
2023,21,,2023-05-22,2023-05-28,Standard,Femelles ayant deja vele,O,2,EUR/kg carcasse,4.83,,COT-VRO-GBEA_communautaire-A23-S21.csv
2023,21,,2023-05-22,2023-05-28,Standard,Femelles ayant deja vele,O,3,EUR/kg carcasse,4.86,,COT-VRO-GBEA_communautaire-A23-S21.csv
2023,21,,2023-05-22,2023-05-28,Standard,Femelles ayant deja vele,O,4,EUR/kg carcasse,4.75,,COT-VRO-GBEA_communautaire-A23-S21.csv
2023,21,,2023-05-22,2023-05-28,Standard,Femelles ayant deja vele,P,2,EUR/kg carcasse,4.41,,COT-VRO-GBEA_communautaire-A23-S21.csv
2023,21,,2023-05-22,2023-05-28,Standard,Femelles ayant deja vele,P,3,EUR/kg carcasse,4.62,,COT-VRO-GBEA_communautaire-A23-S21.csv
2023,21,,2023-05-22,2023-05-28,Standard,Autres femelles,U,3,EUR/kg carcasse,5.84,,COT-VRO-GBEA_communautaire-A23-S21.csv
2023,21,,2023-05-22,2023-05-28,Standard,Autres femelles,R,2,EUR/kg carcasse,5.45,,COT-VRO-GBEA_communautaire-A23-S21.csv
2023,21,,2023-05-22,2023-05-28,Standard,Autres femelles,R,3,EUR/kg carcasse,5.47,,COT-VRO-GBEA_communautaire-A23-S21.csv
2023,21,,2023-05-22,2023-05-28,Standard,Autres femelles,R,4,EUR/kg carcasse,5.34,,COT-VRO-GBEA_communautaire-A23-S21.csv
2023,21,,2023-05-22,2023-05-28,Standard,Autres femelles,O,3,EUR/kg carcasse,5.03,,COT-VRO-GBEA_communautaire-A23-S21.csv
2023,22,,2023-05-29,2023-06-04,Standard,Males non castres de moins de 2 ans,E,2,EUR/kg carcasse,5.82,,COT-VRO-GBEA_communautaire-A23-S22.csv
2023,22,,2023-05-29,2023-06-04,Standard,Males non castres de moins de 2 ans,U,2,EUR/kg carcasse,5.56,,COT-VRO-GBEA_communautaire-A23-S22.csv
2023,22,,2023-05-29,2023-06-04,Standard,Males non castres de moins de 2 ans,U,3,EUR/kg carcasse,5.38,,COT-VRO-GBEA_communautaire-A23-S22.csv
2023,22,,2023-05-29,2023-06-04,Standard,Males non castres de moins de 2 ans,R,2,EUR/kg carcasse,5.33,,COT-VRO-GBEA_communautaire-A23-S22.csv
2023,22,,2023-05-29,2023-06-04,Standard,Males non castres de moins de 2 ans,R,3,EUR/kg carcasse,5.25,,COT-VRO-GBEA_communautaire-A23-S22.csv
2023,22,,2023-05-29,2023-06-04,Standard,Males non castres de moins de 2 ans,O,2,EUR/kg carcasse,5,,COT-VRO-GBEA_communautaire-A23-S22.csv
2023,22,,2023-05-29,2023-06-04,Standard,Males non castres de moins de 2 ans,O,3,EUR/kg carcasse,4.96,,COT-VRO-GBEA_communautaire-A23-S22.csv
2023,22,,2023-05-29,2023-06-04,Standard,Males non castres de moins de 2 ans,P,3,EUR/kg carcasse,4.92,,COT-VRO-GBEA_communautaire-A23-S22.csv
2023,22,,2023-05-29,2023-06-04,Standard,Autres males non castres,U,2,EUR/kg carcasse,4.79,,COT-VRO-GBEA_communautaire-A23-S22.csv
2023,22,,2023-05-29,2023-06-04,Standard,Autres males non castres,R,2,EUR/kg carcasse,4.67,,COT-VRO-GBEA_communautaire-A23-S22.csv
2023,22,,2023-05-29,2023-06-04,Standard,Autres males non castres,O,2,EUR/kg carcasse,4.42,,COT-VRO-GBEA_communautaire-A23-S22.csv
2023,22,,2023-05-29,2023-06-04,Standard,Males castres,R,3,EUR/kg carcasse,5.33,,COT-VRO-GBEA_communautaire-A23-S22.csv
2023,22,,2023-05-29,2023-06-04,Standard,Males castres,O,3,EUR/kg carcasse,4.97,,COT-VRO-GBEA_communautaire-A23-S22.csv
2023,22,,2023-05-29,2023-06-04,Standard,Males castres,P,3,EUR/kg carcasse,4.8,,COT-VRO-GBEA_communautaire-A23-S22.csv
2023,22,,2023-05-29,2023-06-04,Standard,Femelles ayant deja vele,U,3,EUR/kg carcasse,5.82,,COT-VRO-GBEA_communautaire-A23-S22.csv
2023,22,,2023-05-29,2023-06-04,Standard,Femelles ayant deja vele,R,2,EUR/kg carcasse,5.37,,COT-VRO-GBEA_communautaire-A23-S22.csv
2023,22,,2023-05-29,2023-06-04,Standard,Femelles ayant deja vele,R,3,EUR/kg carcasse,5.43,,COT-VRO-GBEA_communautaire-A23-S22.csv
2023,22,,2023-05-29,2023-06-04,Standard,Femelles ayant deja vele,R,4,EUR/kg carcasse,5.37,,COT-VRO-GBEA_communautaire-A23-S22.csv
2023,22,,2023-05-29,2023-06-04,Standard,Femelles ayant deja vele,O,2,EUR/kg carcasse,5.04,,COT-VRO-GBEA_communautaire-A23-S22.csv
2023,22,,2023-05-29,2023-06-04,Standard,Femelles ayant deja vele,O,3,EUR/kg carcasse,4.87,,COT-VRO-GBEA_communautaire-A23-S22.csv
2023,22,,2023-05-29,2023-06-04,Standard,Femelles ayant deja vele,O,4,EUR/kg carcasse,4.62,,COT-VRO-GBEA_communautaire-A23-S22.csv
2023,22,,2023-05-29,2023-06-04,Standard,Femelles ayant deja vele,P,2,EUR/kg carcasse,4.45,,COT-VRO-GBEA_communautaire-A23-S22.csv
2023,22,,2023-05-29,2023-06-04,Standard,Femelles ayant deja vele,P,3,EUR/kg carcasse,4.66,,COT-VRO-GBEA_communautaire-A23-S22.csv
2023,22,,2023-05-29,2023-06-04,Standard,Autres femelles,U,3,EUR/kg carcasse,5.85,,COT-VRO-GBEA_communautaire-A23-S22.csv
2023,22,,2023-05-29,2023-06-04,Standard,Autres femelles,R,2,EUR/kg carcasse,5.5,,COT-VRO-GBEA_communautaire-A23-S22.csv
2023,22,,2023-05-29,2023-06-04,Standard,Autres femelles,R,3,EUR/kg carcasse,5.49,,COT-VRO-GBEA_communautaire-A23-S22.csv
2023,22,,2023-05-29,2023-06-04,Standard,Autres femelles,R,4,EUR/kg carcasse,5.32,,COT-VRO-GBEA_communautaire-A23-S22.csv
2023,22,,2023-05-29,2023-06-04,Standard,Autres femelles,O,3,EUR/kg carcasse,5.03,,COT-VRO-GBEA_communautaire-A23-S22.csv
2023,23,,2023-06-05,2023-06-11,Standard,Males non castres de moins de 2 ans,E,2,EUR/kg carcasse,5.72,,COT-VRO-GBEA_communautaire-A23-S23.csv
2023,23,,2023-06-05,2023-06-11,Standard,Males non castres de moins de 2 ans,U,2,EUR/kg carcasse,5.53,,COT-VRO-GBEA_communautaire-A23-S23.csv
2023,23,,2023-06-05,2023-06-11,Standard,Males non castres de moins de 2 ans,U,3,EUR/kg carcasse,5.37,,COT-VRO-GBEA_communautaire-A23-S23.csv
2023,23,,2023-06-05,2023-06-11,Standard,Males non castres de moins de 2 ans,R,2,EUR/kg carcasse,5.34,,COT-VRO-GBEA_communautaire-A23-S23.csv
2023,23,,2023-06-05,2023-06-11,Standard,Males non castres de moins de 2 ans,R,3,EUR/kg carcasse,5.26,,COT-VRO-GBEA_communautaire-A23-S23.csv
2023,23,,2023-06-05,2023-06-11,Standard,Males non castres de moins de 2 ans,O,2,EUR/kg carcasse,5.01,,COT-VRO-GBEA_communautaire-A23-S23.csv
2023,23,,2023-06-05,2023-06-11,Standard,Males non castres de moins de 2 ans,O,3,EUR/kg carcasse,4.96,,COT-VRO-GBEA_communautaire-A23-S23.csv
2023,23,,2023-06-05,2023-06-11,Standard,Males non castres de moins de 2 ans,P,3,EUR/kg carcasse,4.92,,COT-VRO-GBEA_communautaire-A23-S23.csv
2023,23,,2023-06-05,2023-06-11,Standard,Autres males non castres,U,2,EUR/kg carcasse,4.81,,COT-VRO-GBEA_communautaire-A23-S23.csv
2023,23,,2023-06-05,2023-06-11,Standard,Autres males non castres,R,2,EUR/kg carcasse,4.73,,COT-VRO-GBEA_communautaire-A23-S23.csv
2023,23,,2023-06-05,2023-06-11,Standard,Autres males non castres,O,2,EUR/kg carcasse,4.44,,COT-VRO-GBEA_communautaire-A23-S23.csv
2023,23,,2023-06-05,2023-06-11,Standard,Males castres,R,3,EUR/kg carcasse,5.38,,COT-VRO-GBEA_communautaire-A23-S23.csv
2023,23,,2023-06-05,2023-06-11,Standard,Males castres,O,3,EUR/kg carcasse,4.98,,COT-VRO-GBEA_communautaire-A23-S23.csv
2023,23,,2023-06-05,2023-06-11,Standard,Males castres,P,3,EUR/kg carcasse,4.81,,COT-VRO-GBEA_communautaire-A23-S23.csv
2023,23,,2023-06-05,2023-06-11,Standard,Femelles ayant deja vele,U,3,EUR/kg carcasse,5.84,,COT-VRO-GBEA_communautaire-A23-S23.csv
2023,23,,2023-06-05,2023-06-11,Standard,Femelles ayant deja vele,R,2,EUR/kg carcasse,5.4,,COT-VRO-GBEA_communautaire-A23-S23.csv
2023,23,,2023-06-05,2023-06-11,Standard,Femelles ayant deja vele,R,3,EUR/kg carcasse,5.45,,COT-VRO-GBEA_communautaire-A23-S23.csv
2023,23,,2023-06-05,2023-06-11,Standard,Femelles ayant deja vele,R,4,EUR/kg carcasse,5.36,,COT-VRO-GBEA_communautaire-A23-S23.csv
2023,23,,2023-06-05,2023-06-11,Standard,Femelles ayant deja vele,O,2,EUR/kg carcasse,5.05,,COT-VRO-GBEA_communautaire-A23-S23.csv
2023,23,,2023-06-05,2023-06-11,Standard,Femelles ayant deja vele,O,3,EUR/kg carcasse,4.91,,COT-VRO-GBEA_communautaire-A23-S23.csv
2023,23,,2023-06-05,2023-06-11,Standard,Femelles ayant deja vele,O,4,EUR/kg carcasse,4.66,,COT-VRO-GBEA_communautaire-A23-S23.csv
2023,23,,2023-06-05,2023-06-11,Standard,Femelles ayant deja vele,P,2,EUR/kg carcasse,4.49,,COT-VRO-GBEA_communautaire-A23-S23.csv
2023,23,,2023-06-05,2023-06-11,Standard,Femelles ayant deja vele,P,3,EUR/kg carcasse,4.7,,COT-VRO-GBEA_communautaire-A23-S23.csv
2023,23,,2023-06-05,2023-06-11,Standard,Autres femelles,U,3,EUR/kg carcasse,5.85,,COT-VRO-GBEA_communautaire-A23-S23.csv
2023,23,,2023-06-05,2023-06-11,Standard,Autres femelles,R,2,EUR/kg carcasse,5.43,,COT-VRO-GBEA_communautaire-A23-S23.csv
2023,23,,2023-06-05,2023-06-11,Standard,Autres femelles,R,3,EUR/kg carcasse,5.5,,COT-VRO-GBEA_communautaire-A23-S23.csv
2023,23,,2023-06-05,2023-06-11,Standard,Autres femelles,R,4,EUR/kg carcasse,5.32,,COT-VRO-GBEA_communautaire-A23-S23.csv
2023,23,,2023-06-05,2023-06-11,Standard,Autres femelles,O,3,EUR/kg carcasse,5.09,,COT-VRO-GBEA_communautaire-A23-S23.csv
2023,24,,2023-06-12,2023-06-18,Standard,Males non castres de moins de 2 ans,E,2,EUR/kg carcasse,5.73,,COT-VRO-GBEA_communautaire-A23-S24.csv
2023,24,,2023-06-12,2023-06-18,Standard,Males non castres de moins de 2 ans,U,2,EUR/kg carcasse,5.55,,COT-VRO-GBEA_communautaire-A23-S24.csv
2023,24,,2023-06-12,2023-06-18,Standard,Males non castres de moins de 2 ans,U,3,EUR/kg carcasse,5.37,,COT-VRO-GBEA_communautaire-A23-S24.csv
2023,24,,2023-06-12,2023-06-18,Standard,Males non castres de moins de 2 ans,R,2,EUR/kg carcasse,5.33,,COT-VRO-GBEA_communautaire-A23-S24.csv
2023,24,,2023-06-12,2023-06-18,Standard,Males non castres de moins de 2 ans,R,3,EUR/kg carcasse,5.24,,COT-VRO-GBEA_communautaire-A23-S24.csv
2023,24,,2023-06-12,2023-06-18,Standard,Males non castres de moins de 2 ans,O,2,EUR/kg carcasse,4.99,,COT-VRO-GBEA_communautaire-A23-S24.csv
2023,24,,2023-06-12,2023-06-18,Standard,Males non castres de moins de 2 ans,O,3,EUR/kg carcasse,4.98,,COT-VRO-GBEA_communautaire-A23-S24.csv
2023,24,,2023-06-12,2023-06-18,Standard,Males non castres de moins de 2 ans,P,3,EUR/kg carcasse,4.93,,COT-VRO-GBEA_communautaire-A23-S24.csv
2023,24,,2023-06-12,2023-06-18,Standard,Autres males non castres,U,2,EUR/kg carcasse,4.81,,COT-VRO-GBEA_communautaire-A23-S24.csv
2023,24,,2023-06-12,2023-06-18,Standard,Autres males non castres,R,2,EUR/kg carcasse,4.73,,COT-VRO-GBEA_communautaire-A23-S24.csv
2023,24,,2023-06-12,2023-06-18,Standard,Autres males non castres,O,2,EUR/kg carcasse,4.43,,COT-VRO-GBEA_communautaire-A23-S24.csv
2023,24,,2023-06-12,2023-06-18,Standard,Males castres,R,3,EUR/kg carcasse,5.37,,COT-VRO-GBEA_communautaire-A23-S24.csv
2023,24,,2023-06-12,2023-06-18,Standard,Males castres,O,3,EUR/kg carcasse,4.98,,COT-VRO-GBEA_communautaire-A23-S24.csv
2023,24,,2023-06-12,2023-06-18,Standard,Males castres,P,3,EUR/kg carcasse,4.8,,COT-VRO-GBEA_communautaire-A23-S24.csv
2023,24,,2023-06-12,2023-06-18,Standard,Femelles ayant deja vele,U,3,EUR/kg carcasse,5.84,,COT-VRO-GBEA_communautaire-A23-S24.csv
2023,24,,2023-06-12,2023-06-18,Standard,Femelles ayant deja vele,R,2,EUR/kg carcasse,5.45,,COT-VRO-GBEA_communautaire-A23-S24.csv
2023,24,,2023-06-12,2023-06-18,Standard,Femelles ayant deja vele,R,3,EUR/kg carcasse,5.46,,COT-VRO-GBEA_communautaire-A23-S24.csv
2023,24,,2023-06-12,2023-06-18,Standard,Femelles ayant deja vele,R,4,EUR/kg carcasse,5.36,,COT-VRO-GBEA_communautaire-A23-S24.csv
2023,24,,2023-06-12,2023-06-18,Standard,Femelles ayant deja vele,O,2,EUR/kg carcasse,5.08,,COT-VRO-GBEA_communautaire-A23-S24.csv
2023,24,,2023-06-12,2023-06-18,Standard,Femelles ayant deja vele,O,3,EUR/kg carcasse,4.93,,COT-VRO-GBEA_communautaire-A23-S24.csv
2023,24,,2023-06-12,2023-06-18,Standard,Femelles ayant deja vele,O,4,EUR/kg carcasse,4.97,,COT-VRO-GBEA_communautaire-A23-S24.csv
2023,24,,2023-06-12,2023-06-18,Standard,Femelles ayant deja vele,P,2,EUR/kg carcasse,4.49,,COT-VRO-GBEA_communautaire-A23-S24.csv
2023,24,,2023-06-12,2023-06-18,Standard,Femelles ayant deja vele,P,3,EUR/kg carcasse,4.7,,COT-VRO-GBEA_communautaire-A23-S24.csv
2023,24,,2023-06-12,2023-06-18,Standard,Autres femelles,U,3,EUR/kg carcasse,5.83,,COT-VRO-GBEA_communautaire-A23-S24.csv
2023,24,,2023-06-12,2023-06-18,Standard,Autres femelles,R,2,EUR/kg carcasse,5.44,,COT-VRO-GBEA_communautaire-A23-S24.csv
2023,24,,2023-06-12,2023-06-18,Standard,Autres femelles,R,3,EUR/kg carcasse,5.5,,COT-VRO-GBEA_communautaire-A23-S24.csv
2023,24,,2023-06-12,2023-06-18,Standard,Autres femelles,R,4,EUR/kg carcasse,5.4,,COT-VRO-GBEA_communautaire-A23-S24.csv
2023,24,,2023-06-12,2023-06-18,Standard,Autres femelles,O,3,EUR/kg carcasse,5.04,,COT-VRO-GBEA_communautaire-A23-S24.csv
2023,25,,2023-06-19,2023-06-25,Standard,Males non castres de moins de 2 ans,E,2,EUR/kg carcasse,5.75,,COT-VRO-GBEA_communautaire-A23-S25.csv
2023,25,,2023-06-19,2023-06-25,Standard,Males non castres de moins de 2 ans,U,2,EUR/kg carcasse,5.53,,COT-VRO-GBEA_communautaire-A23-S25.csv
2023,25,,2023-06-19,2023-06-25,Standard,Males non castres de moins de 2 ans,U,3,EUR/kg carcasse,5.34,,COT-VRO-GBEA_communautaire-A23-S25.csv
2023,25,,2023-06-19,2023-06-25,Standard,Males non castres de moins de 2 ans,R,2,EUR/kg carcasse,5.31,,COT-VRO-GBEA_communautaire-A23-S25.csv
2023,25,,2023-06-19,2023-06-25,Standard,Males non castres de moins de 2 ans,R,3,EUR/kg carcasse,5.21,,COT-VRO-GBEA_communautaire-A23-S25.csv
2023,25,,2023-06-19,2023-06-25,Standard,Males non castres de moins de 2 ans,O,2,EUR/kg carcasse,5.01,,COT-VRO-GBEA_communautaire-A23-S25.csv
2023,25,,2023-06-19,2023-06-25,Standard,Males non castres de moins de 2 ans,O,3,EUR/kg carcasse,4.97,,COT-VRO-GBEA_communautaire-A23-S25.csv
2023,25,,2023-06-19,2023-06-25,Standard,Males non castres de moins de 2 ans,P,3,EUR/kg carcasse,4.92,,COT-VRO-GBEA_communautaire-A23-S25.csv
2023,25,,2023-06-19,2023-06-25,Standard,Autres males non castres,U,2,EUR/kg carcasse,4.8,,COT-VRO-GBEA_communautaire-A23-S25.csv
2023,25,,2023-06-19,2023-06-25,Standard,Autres males non castres,R,2,EUR/kg carcasse,4.73,,COT-VRO-GBEA_communautaire-A23-S25.csv
2023,25,,2023-06-19,2023-06-25,Standard,Males castres,R,3,EUR/kg carcasse,5.34,,COT-VRO-GBEA_communautaire-A23-S25.csv
2023,25,,2023-06-19,2023-06-25,Standard,Males castres,O,3,EUR/kg carcasse,5,,COT-VRO-GBEA_communautaire-A23-S25.csv
2023,25,,2023-06-19,2023-06-25,Standard,Males castres,P,3,EUR/kg carcasse,4.79,,COT-VRO-GBEA_communautaire-A23-S25.csv
2023,25,,2023-06-19,2023-06-25,Standard,Femelles ayant deja vele,U,3,EUR/kg carcasse,5.85,,COT-VRO-GBEA_communautaire-A23-S25.csv
2023,25,,2023-06-19,2023-06-25,Standard,Femelles ayant deja vele,R,2,EUR/kg carcasse,5.44,,COT-VRO-GBEA_communautaire-A23-S25.csv
2023,25,,2023-06-19,2023-06-25,Standard,Femelles ayant deja vele,R,3,EUR/kg carcasse,5.46,,COT-VRO-GBEA_communautaire-A23-S25.csv
2023,25,,2023-06-19,2023-06-25,Standard,Femelles ayant deja vele,R,4,EUR/kg carcasse,5.34,,COT-VRO-GBEA_communautaire-A23-S25.csv
2023,25,,2023-06-19,2023-06-25,Standard,Femelles ayant deja vele,O,2,EUR/kg carcasse,5.04,,COT-VRO-GBEA_communautaire-A23-S25.csv
2023,25,,2023-06-19,2023-06-25,Standard,Femelles ayant deja vele,O,3,EUR/kg carcasse,4.92,,COT-VRO-GBEA_communautaire-A23-S25.csv
2023,25,,2023-06-19,2023-06-25,Standard,Femelles ayant deja vele,O,4,EUR/kg carcasse,4.67,,COT-VRO-GBEA_communautaire-A23-S25.csv
2023,25,,2023-06-19,2023-06-25,Standard,Femelles ayant deja vele,P,2,EUR/kg carcasse,4.48,,COT-VRO-GBEA_communautaire-A23-S25.csv
2023,25,,2023-06-19,2023-06-25,Standard,Femelles ayant deja vele,P,3,EUR/kg carcasse,4.69,,COT-VRO-GBEA_communautaire-A23-S25.csv
2023,25,,2023-06-19,2023-06-25,Standard,Autres femelles,U,3,EUR/kg carcasse,5.82,,COT-VRO-GBEA_communautaire-A23-S25.csv
2023,25,,2023-06-19,2023-06-25,Standard,Autres femelles,R,2,EUR/kg carcasse,5.5,,COT-VRO-GBEA_communautaire-A23-S25.csv
2023,25,,2023-06-19,2023-06-25,Standard,Autres femelles,R,3,EUR/kg carcasse,5.5,,COT-VRO-GBEA_communautaire-A23-S25.csv
2023,25,,2023-06-19,2023-06-25,Standard,Autres femelles,R,4,EUR/kg carcasse,5.37,,COT-VRO-GBEA_communautaire-A23-S25.csv
2023,25,,2023-06-19,2023-06-25,Standard,Autres femelles,O,3,EUR/kg carcasse,5.04,,COT-VRO-GBEA_communautaire-A23-S25.csv
2023,26,,2023-06-26,2023-07-02,Standard,Males non castres de moins de 2 ans,E,2,EUR/kg carcasse,5.74,,COT-VRO-GBEA_communautaire-A23-S26.csv
2023,26,,2023-06-26,2023-07-02,Standard,Males non castres de moins de 2 ans,U,2,EUR/kg carcasse,5.5,,COT-VRO-GBEA_communautaire-A23-S26.csv
2023,26,,2023-06-26,2023-07-02,Standard,Males non castres de moins de 2 ans,U,3,EUR/kg carcasse,5.31,,COT-VRO-GBEA_communautaire-A23-S26.csv
2023,26,,2023-06-26,2023-07-02,Standard,Males non castres de moins de 2 ans,R,2,EUR/kg carcasse,5.26,,COT-VRO-GBEA_communautaire-A23-S26.csv
2023,26,,2023-06-26,2023-07-02,Standard,Males non castres de moins de 2 ans,R,3,EUR/kg carcasse,5.18,,COT-VRO-GBEA_communautaire-A23-S26.csv
2023,26,,2023-06-26,2023-07-02,Standard,Males non castres de moins de 2 ans,O,2,EUR/kg carcasse,4.94,,COT-VRO-GBEA_communautaire-A23-S26.csv
2023,26,,2023-06-26,2023-07-02,Standard,Males non castres de moins de 2 ans,O,3,EUR/kg carcasse,4.93,,COT-VRO-GBEA_communautaire-A23-S26.csv
2023,26,,2023-06-26,2023-07-02,Standard,Males non castres de moins de 2 ans,P,3,EUR/kg carcasse,4.87,,COT-VRO-GBEA_communautaire-A23-S26.csv
2023,26,,2023-06-26,2023-07-02,Standard,Autres males non castres,U,2,EUR/kg carcasse,4.81,,COT-VRO-GBEA_communautaire-A23-S26.csv
2023,26,,2023-06-26,2023-07-02,Standard,Autres males non castres,R,2,EUR/kg carcasse,4.79,,COT-VRO-GBEA_communautaire-A23-S26.csv
2023,26,,2023-06-26,2023-07-02,Standard,Autres males non castres,O,2,EUR/kg carcasse,4.52,,COT-VRO-GBEA_communautaire-A23-S26.csv
2023,26,,2023-06-26,2023-07-02,Standard,Autres males non castres,O,3,EUR/kg carcasse,4.34,,COT-VRO-GBEA_communautaire-A23-S26.csv
2023,26,,2023-06-26,2023-07-02,Standard,Males castres,R,3,EUR/kg carcasse,5.33,,COT-VRO-GBEA_communautaire-A23-S26.csv
2023,26,,2023-06-26,2023-07-02,Standard,Males castres,O,3,EUR/kg carcasse,4.94,,COT-VRO-GBEA_communautaire-A23-S26.csv
2023,26,,2023-06-26,2023-07-02,Standard,Males castres,P,3,EUR/kg carcasse,4.76,,COT-VRO-GBEA_communautaire-A23-S26.csv
2023,26,,2023-06-26,2023-07-02,Standard,Femelles ayant deja vele,U,3,EUR/kg carcasse,5.85,,COT-VRO-GBEA_communautaire-A23-S26.csv
2023,26,,2023-06-26,2023-07-02,Standard,Femelles ayant deja vele,R,2,EUR/kg carcasse,5.41,,COT-VRO-GBEA_communautaire-A23-S26.csv
2023,26,,2023-06-26,2023-07-02,Standard,Femelles ayant deja vele,R,3,EUR/kg carcasse,5.44,,COT-VRO-GBEA_communautaire-A23-S26.csv
2023,26,,2023-06-26,2023-07-02,Standard,Femelles ayant deja vele,R,4,EUR/kg carcasse,5.39,,COT-VRO-GBEA_communautaire-A23-S26.csv
2023,26,,2023-06-26,2023-07-02,Standard,Femelles ayant deja vele,O,2,EUR/kg carcasse,5.01,,COT-VRO-GBEA_communautaire-A23-S26.csv
2023,26,,2023-06-26,2023-07-02,Standard,Femelles ayant deja vele,O,3,EUR/kg carcasse,4.89,,COT-VRO-GBEA_communautaire-A23-S26.csv
2023,26,,2023-06-26,2023-07-02,Standard,Femelles ayant deja vele,O,4,EUR/kg carcasse,4.77,,COT-VRO-GBEA_communautaire-A23-S26.csv
2023,26,,2023-06-26,2023-07-02,Standard,Femelles ayant deja vele,P,2,EUR/kg carcasse,4.45,,COT-VRO-GBEA_communautaire-A23-S26.csv
2023,26,,2023-06-26,2023-07-02,Standard,Femelles ayant deja vele,P,3,EUR/kg carcasse,4.66,,COT-VRO-GBEA_communautaire-A23-S26.csv
2023,26,,2023-06-26,2023-07-02,Standard,Autres femelles,U,3,EUR/kg carcasse,5.8,,COT-VRO-GBEA_communautaire-A23-S26.csv
2023,26,,2023-06-26,2023-07-02,Standard,Autres femelles,R,2,EUR/kg carcasse,5.48,,COT-VRO-GBEA_communautaire-A23-S26.csv
2023,26,,2023-06-26,2023-07-02,Standard,Autres femelles,R,3,EUR/kg carcasse,5.48,,COT-VRO-GBEA_communautaire-A23-S26.csv
2023,26,,2023-06-26,2023-07-02,Standard,Autres femelles,R,4,EUR/kg carcasse,5.37,,COT-VRO-GBEA_communautaire-A23-S26.csv
2023,26,,2023-06-26,2023-07-02,Standard,Autres femelles,O,3,EUR/kg carcasse,5.03,,COT-VRO-GBEA_communautaire-A23-S26.csv
2023,27,,2023-07-03,2023-07-09,Standard,Males non castres de moins de 2 ans,E,2,EUR/kg carcasse,5.74,,COT-VRO-GBEA_communautaire-A23-S27.csv
2023,27,,2023-07-03,2023-07-09,Standard,Males non castres de moins de 2 ans,U,2,EUR/kg carcasse,5.45,,COT-VRO-GBEA_communautaire-A23-S27.csv
2023,27,,2023-07-03,2023-07-09,Standard,Males non castres de moins de 2 ans,U,3,EUR/kg carcasse,5.28,,COT-VRO-GBEA_communautaire-A23-S27.csv
2023,27,,2023-07-03,2023-07-09,Standard,Males non castres de moins de 2 ans,R,2,EUR/kg carcasse,5.23,,COT-VRO-GBEA_communautaire-A23-S27.csv
2023,27,,2023-07-03,2023-07-09,Standard,Males non castres de moins de 2 ans,R,3,EUR/kg carcasse,5.14,,COT-VRO-GBEA_communautaire-A23-S27.csv
2023,27,,2023-07-03,2023-07-09,Standard,Males non castres de moins de 2 ans,O,2,EUR/kg carcasse,4.93,,COT-VRO-GBEA_communautaire-A23-S27.csv
2023,27,,2023-07-03,2023-07-09,Standard,Males non castres de moins de 2 ans,O,3,EUR/kg carcasse,4.89,,COT-VRO-GBEA_communautaire-A23-S27.csv
2023,27,,2023-07-03,2023-07-09,Standard,Males non castres de moins de 2 ans,P,3,EUR/kg carcasse,4.85,,COT-VRO-GBEA_communautaire-A23-S27.csv
2023,27,,2023-07-03,2023-07-09,Standard,Autres males non castres,U,2,EUR/kg carcasse,4.73,,COT-VRO-GBEA_communautaire-A23-S27.csv
2023,27,,2023-07-03,2023-07-09,Standard,Autres males non castres,R,2,EUR/kg carcasse,4.68,,COT-VRO-GBEA_communautaire-A23-S27.csv
2023,27,,2023-07-03,2023-07-09,Standard,Autres males non castres,O,2,EUR/kg carcasse,4.37,,COT-VRO-GBEA_communautaire-A23-S27.csv
2023,27,,2023-07-03,2023-07-09,Standard,Males castres,R,3,EUR/kg carcasse,5.31,,COT-VRO-GBEA_communautaire-A23-S27.csv
2023,27,,2023-07-03,2023-07-09,Standard,Males castres,O,3,EUR/kg carcasse,4.91,,COT-VRO-GBEA_communautaire-A23-S27.csv
2023,27,,2023-07-03,2023-07-09,Standard,Males castres,P,3,EUR/kg carcasse,4.71,,COT-VRO-GBEA_communautaire-A23-S27.csv
2023,27,,2023-07-03,2023-07-09,Standard,Femelles ayant deja vele,U,3,EUR/kg carcasse,5.86,,COT-VRO-GBEA_communautaire-A23-S27.csv
2023,27,,2023-07-03,2023-07-09,Standard,Femelles ayant deja vele,R,2,EUR/kg carcasse,5.39,,COT-VRO-GBEA_communautaire-A23-S27.csv
2023,27,,2023-07-03,2023-07-09,Standard,Femelles ayant deja vele,R,3,EUR/kg carcasse,5.43,,COT-VRO-GBEA_communautaire-A23-S27.csv
2023,27,,2023-07-03,2023-07-09,Standard,Femelles ayant deja vele,R,4,EUR/kg carcasse,5.36,,COT-VRO-GBEA_communautaire-A23-S27.csv
2023,27,,2023-07-03,2023-07-09,Standard,Femelles ayant deja vele,O,2,EUR/kg carcasse,4.99,,COT-VRO-GBEA_communautaire-A23-S27.csv
2023,27,,2023-07-03,2023-07-09,Standard,Femelles ayant deja vele,O,3,EUR/kg carcasse,4.85,,COT-VRO-GBEA_communautaire-A23-S27.csv
2023,27,,2023-07-03,2023-07-09,Standard,Femelles ayant deja vele,O,4,EUR/kg carcasse,4.7,,COT-VRO-GBEA_communautaire-A23-S27.csv
2023,27,,2023-07-03,2023-07-09,Standard,Femelles ayant deja vele,P,2,EUR/kg carcasse,4.4,,COT-VRO-GBEA_communautaire-A23-S27.csv
2023,27,,2023-07-03,2023-07-09,Standard,Femelles ayant deja vele,P,3,EUR/kg carcasse,4.61,,COT-VRO-GBEA_communautaire-A23-S27.csv
2023,27,,2023-07-03,2023-07-09,Standard,Autres femelles,U,2,EUR/kg carcasse,5.95,,COT-VRO-GBEA_communautaire-A23-S27.csv
2023,27,,2023-07-03,2023-07-09,Standard,Autres femelles,U,3,EUR/kg carcasse,5.83,,COT-VRO-GBEA_communautaire-A23-S27.csv
2023,27,,2023-07-03,2023-07-09,Standard,Autres femelles,R,2,EUR/kg carcasse,5.45,,COT-VRO-GBEA_communautaire-A23-S27.csv
2023,27,,2023-07-03,2023-07-09,Standard,Autres femelles,R,3,EUR/kg carcasse,5.48,,COT-VRO-GBEA_communautaire-A23-S27.csv
2023,27,,2023-07-03,2023-07-09,Standard,Autres femelles,R,4,EUR/kg carcasse,5.32,,COT-VRO-GBEA_communautaire-A23-S27.csv
2023,27,,2023-07-03,2023-07-09,Standard,Autres femelles,O,2,EUR/kg carcasse,4.75,,COT-VRO-GBEA_communautaire-A23-S27.csv
2023,27,,2023-07-03,2023-07-09,Standard,Autres femelles,O,3,EUR/kg carcasse,4.99,,COT-VRO-GBEA_communautaire-A23-S27.csv
2023,28,,2023-07-10,2023-07-16,Standard,Males non castres de moins de 2 ans,E,2,EUR/kg carcasse,5.72,,COT-VRO-GBEA_communautaire-A23-S28.csv
2023,28,,2023-07-10,2023-07-16,Standard,Males non castres de moins de 2 ans,U,2,EUR/kg carcasse,5.44,,COT-VRO-GBEA_communautaire-A23-S28.csv
2023,28,,2023-07-10,2023-07-16,Standard,Males non castres de moins de 2 ans,U,3,EUR/kg carcasse,5.26,,COT-VRO-GBEA_communautaire-A23-S28.csv
2023,28,,2023-07-10,2023-07-16,Standard,Males non castres de moins de 2 ans,R,2,EUR/kg carcasse,5.18,,COT-VRO-GBEA_communautaire-A23-S28.csv
2023,28,,2023-07-10,2023-07-16,Standard,Males non castres de moins de 2 ans,R,3,EUR/kg carcasse,5.12,,COT-VRO-GBEA_communautaire-A23-S28.csv
2023,28,,2023-07-10,2023-07-16,Standard,Males non castres de moins de 2 ans,O,2,EUR/kg carcasse,4.86,,COT-VRO-GBEA_communautaire-A23-S28.csv
2023,28,,2023-07-10,2023-07-16,Standard,Males non castres de moins de 2 ans,O,3,EUR/kg carcasse,4.86,,COT-VRO-GBEA_communautaire-A23-S28.csv
2023,28,,2023-07-10,2023-07-16,Standard,Males non castres de moins de 2 ans,P,3,EUR/kg carcasse,4.8,,COT-VRO-GBEA_communautaire-A23-S28.csv
2023,28,,2023-07-10,2023-07-16,Standard,Autres males non castres,U,2,EUR/kg carcasse,4.71,,COT-VRO-GBEA_communautaire-A23-S28.csv
2023,28,,2023-07-10,2023-07-16,Standard,Autres males non castres,R,2,EUR/kg carcasse,4.66,,COT-VRO-GBEA_communautaire-A23-S28.csv
2023,28,,2023-07-10,2023-07-16,Standard,Males castres,R,3,EUR/kg carcasse,5.32,,COT-VRO-GBEA_communautaire-A23-S28.csv
2023,28,,2023-07-10,2023-07-16,Standard,Males castres,O,3,EUR/kg carcasse,4.91,,COT-VRO-GBEA_communautaire-A23-S28.csv
2023,28,,2023-07-10,2023-07-16,Standard,Males castres,P,3,EUR/kg carcasse,4.66,,COT-VRO-GBEA_communautaire-A23-S28.csv
2023,28,,2023-07-10,2023-07-16,Standard,Femelles ayant deja vele,U,3,EUR/kg carcasse,5.83,,COT-VRO-GBEA_communautaire-A23-S28.csv
2023,28,,2023-07-10,2023-07-16,Standard,Femelles ayant deja vele,R,2,EUR/kg carcasse,5.39,,COT-VRO-GBEA_communautaire-A23-S28.csv
2023,28,,2023-07-10,2023-07-16,Standard,Femelles ayant deja vele,R,3,EUR/kg carcasse,5.42,,COT-VRO-GBEA_communautaire-A23-S28.csv
2023,28,,2023-07-10,2023-07-16,Standard,Femelles ayant deja vele,R,4,EUR/kg carcasse,5.35,,COT-VRO-GBEA_communautaire-A23-S28.csv
2023,28,,2023-07-10,2023-07-16,Standard,Femelles ayant deja vele,O,2,EUR/kg carcasse,4.96,,COT-VRO-GBEA_communautaire-A23-S28.csv
2023,28,,2023-07-10,2023-07-16,Standard,Femelles ayant deja vele,O,3,EUR/kg carcasse,4.82,,COT-VRO-GBEA_communautaire-A23-S28.csv
2023,28,,2023-07-10,2023-07-16,Standard,Femelles ayant deja vele,O,4,EUR/kg carcasse,4.55,,COT-VRO-GBEA_communautaire-A23-S28.csv
2023,28,,2023-07-10,2023-07-16,Standard,Femelles ayant deja vele,P,2,EUR/kg carcasse,4.35,,COT-VRO-GBEA_communautaire-A23-S28.csv
2023,28,,2023-07-10,2023-07-16,Standard,Femelles ayant deja vele,P,3,EUR/kg carcasse,4.56,,COT-VRO-GBEA_communautaire-A23-S28.csv
2023,28,,2023-07-10,2023-07-16,Standard,Autres femelles,U,3,EUR/kg carcasse,5.83,,COT-VRO-GBEA_communautaire-A23-S28.csv
2023,28,,2023-07-10,2023-07-16,Standard,Autres femelles,R,2,EUR/kg carcasse,5.46,,COT-VRO-GBEA_communautaire-A23-S28.csv
2023,28,,2023-07-10,2023-07-16,Standard,Autres femelles,R,3,EUR/kg carcasse,5.47,,COT-VRO-GBEA_communautaire-A23-S28.csv
2023,28,,2023-07-10,2023-07-16,Standard,Autres femelles,R,4,EUR/kg carcasse,5.29,,COT-VRO-GBEA_communautaire-A23-S28.csv
2023,28,,2023-07-10,2023-07-16,Standard,Autres femelles,O,3,EUR/kg carcasse,4.99,,COT-VRO-GBEA_communautaire-A23-S28.csv
2023,29,,2023-07-17,2023-07-23,Standard,Males non castres de moins de 2 ans,U,2,EUR/kg carcasse,5.39,,COT-VRO-GBEA_communautaire-A23-S29.csv
2023,29,,2023-07-17,2023-07-23,Standard,Males non castres de moins de 2 ans,U,3,EUR/kg carcasse,5.22,,COT-VRO-GBEA_communautaire-A23-S29.csv
2023,29,,2023-07-17,2023-07-23,Standard,Males non castres de moins de 2 ans,R,2,EUR/kg carcasse,5.17,,COT-VRO-GBEA_communautaire-A23-S29.csv
2023,29,,2023-07-17,2023-07-23,Standard,Males non castres de moins de 2 ans,R,3,EUR/kg carcasse,5.09,,COT-VRO-GBEA_communautaire-A23-S29.csv
2023,29,,2023-07-17,2023-07-23,Standard,Males non castres de moins de 2 ans,O,2,EUR/kg carcasse,4.86,,COT-VRO-GBEA_communautaire-A23-S29.csv
2023,29,,2023-07-17,2023-07-23,Standard,Males non castres de moins de 2 ans,O,3,EUR/kg carcasse,4.82,,COT-VRO-GBEA_communautaire-A23-S29.csv
2023,29,,2023-07-17,2023-07-23,Standard,Males non castres de moins de 2 ans,P,3,EUR/kg carcasse,4.78,,COT-VRO-GBEA_communautaire-A23-S29.csv
2023,29,,2023-07-17,2023-07-23,Standard,Autres males non castres,U,2,EUR/kg carcasse,4.67,,COT-VRO-GBEA_communautaire-A23-S29.csv
2023,29,,2023-07-17,2023-07-23,Standard,Autres males non castres,R,2,EUR/kg carcasse,4.65,,COT-VRO-GBEA_communautaire-A23-S29.csv
2023,29,,2023-07-17,2023-07-23,Standard,Autres males non castres,O,2,EUR/kg carcasse,4.29,,COT-VRO-GBEA_communautaire-A23-S29.csv
2023,29,,2023-07-17,2023-07-23,Standard,Males castres,R,3,EUR/kg carcasse,5.34,,COT-VRO-GBEA_communautaire-A23-S29.csv
2023,29,,2023-07-17,2023-07-23,Standard,Males castres,O,3,EUR/kg carcasse,4.88,,COT-VRO-GBEA_communautaire-A23-S29.csv
2023,29,,2023-07-17,2023-07-23,Standard,Males castres,P,3,EUR/kg carcasse,4.63,,COT-VRO-GBEA_communautaire-A23-S29.csv
2023,29,,2023-07-17,2023-07-23,Standard,Femelles ayant deja vele,U,3,EUR/kg carcasse,5.87,,COT-VRO-GBEA_communautaire-A23-S29.csv
2023,29,,2023-07-17,2023-07-23,Standard,Femelles ayant deja vele,R,2,EUR/kg carcasse,5.4,,COT-VRO-GBEA_communautaire-A23-S29.csv
2023,29,,2023-07-17,2023-07-23,Standard,Femelles ayant deja vele,R,3,EUR/kg carcasse,5.41,,COT-VRO-GBEA_communautaire-A23-S29.csv
2023,29,,2023-07-17,2023-07-23,Standard,Femelles ayant deja vele,R,4,EUR/kg carcasse,5.33,,COT-VRO-GBEA_communautaire-A23-S29.csv
2023,29,,2023-07-17,2023-07-23,Standard,Femelles ayant deja vele,O,2,EUR/kg carcasse,4.99,,COT-VRO-GBEA_communautaire-A23-S29.csv
2023,29,,2023-07-17,2023-07-23,Standard,Femelles ayant deja vele,O,3,EUR/kg carcasse,4.81,,COT-VRO-GBEA_communautaire-A23-S29.csv
2023,29,,2023-07-17,2023-07-23,Standard,Femelles ayant deja vele,O,4,EUR/kg carcasse,4.49,,COT-VRO-GBEA_communautaire-A23-S29.csv
2023,29,,2023-07-17,2023-07-23,Standard,Femelles ayant deja vele,P,2,EUR/kg carcasse,4.31,,COT-VRO-GBEA_communautaire-A23-S29.csv
2023,29,,2023-07-17,2023-07-23,Standard,Femelles ayant deja vele,P,3,EUR/kg carcasse,4.53,,COT-VRO-GBEA_communautaire-A23-S29.csv
2023,29,,2023-07-17,2023-07-23,Standard,Autres femelles,U,3,EUR/kg carcasse,5.81,,COT-VRO-GBEA_communautaire-A23-S29.csv
2023,29,,2023-07-17,2023-07-23,Standard,Autres femelles,R,2,EUR/kg carcasse,5.46,,COT-VRO-GBEA_communautaire-A23-S29.csv
2023,29,,2023-07-17,2023-07-23,Standard,Autres femelles,R,3,EUR/kg carcasse,5.47,,COT-VRO-GBEA_communautaire-A23-S29.csv
2023,29,,2023-07-17,2023-07-23,Standard,Autres femelles,R,4,EUR/kg carcasse,5.32,,COT-VRO-GBEA_communautaire-A23-S29.csv
2023,29,,2023-07-17,2023-07-23,Standard,Autres femelles,O,3,EUR/kg carcasse,4.98,,COT-VRO-GBEA_communautaire-A23-S29.csv
2023,30,,2023-07-24,2023-07-30,Standard,Males non castres de moins de 2 ans,E,2,EUR/kg carcasse,5.62,,COT-VRO-GBEA_communautaire-A23-S30.csv
2023,30,,2023-07-24,2023-07-30,Standard,Males non castres de moins de 2 ans,U,2,EUR/kg carcasse,5.37,,COT-VRO-GBEA_communautaire-A23-S30.csv
2023,30,,2023-07-24,2023-07-30,Standard,Males non castres de moins de 2 ans,U,3,EUR/kg carcasse,5.2,,COT-VRO-GBEA_communautaire-A23-S30.csv
2023,30,,2023-07-24,2023-07-30,Standard,Males non castres de moins de 2 ans,R,2,EUR/kg carcasse,5.12,,COT-VRO-GBEA_communautaire-A23-S30.csv
2023,30,,2023-07-24,2023-07-30,Standard,Males non castres de moins de 2 ans,R,3,EUR/kg carcasse,5.06,,COT-VRO-GBEA_communautaire-A23-S30.csv
2023,30,,2023-07-24,2023-07-30,Standard,Males non castres de moins de 2 ans,O,2,EUR/kg carcasse,4.83,,COT-VRO-GBEA_communautaire-A23-S30.csv
2023,30,,2023-07-24,2023-07-30,Standard,Males non castres de moins de 2 ans,O,3,EUR/kg carcasse,4.79,,COT-VRO-GBEA_communautaire-A23-S30.csv
2023,30,,2023-07-24,2023-07-30,Standard,Males non castres de moins de 2 ans,P,3,EUR/kg carcasse,4.73,,COT-VRO-GBEA_communautaire-A23-S30.csv
2023,30,,2023-07-24,2023-07-30,Standard,Autres males non castres,U,2,EUR/kg carcasse,4.67,,COT-VRO-GBEA_communautaire-A23-S30.csv
2023,30,,2023-07-24,2023-07-30,Standard,Autres males non castres,R,2,EUR/kg carcasse,4.59,,COT-VRO-GBEA_communautaire-A23-S30.csv
2023,30,,2023-07-24,2023-07-30,Standard,Males castres,R,3,EUR/kg carcasse,5.26,,COT-VRO-GBEA_communautaire-A23-S30.csv
2023,30,,2023-07-24,2023-07-30,Standard,Males castres,O,3,EUR/kg carcasse,4.85,,COT-VRO-GBEA_communautaire-A23-S30.csv
2023,30,,2023-07-24,2023-07-30,Standard,Males castres,P,3,EUR/kg carcasse,4.63,,COT-VRO-GBEA_communautaire-A23-S30.csv
2023,30,,2023-07-24,2023-07-30,Standard,Femelles ayant deja vele,U,3,EUR/kg carcasse,5.81,,COT-VRO-GBEA_communautaire-A23-S30.csv
2023,30,,2023-07-24,2023-07-30,Standard,Femelles ayant deja vele,R,2,EUR/kg carcasse,5.39,,COT-VRO-GBEA_communautaire-A23-S30.csv
2023,30,,2023-07-24,2023-07-30,Standard,Femelles ayant deja vele,R,3,EUR/kg carcasse,5.42,,COT-VRO-GBEA_communautaire-A23-S30.csv
2023,30,,2023-07-24,2023-07-30,Standard,Femelles ayant deja vele,R,4,EUR/kg carcasse,5.33,,COT-VRO-GBEA_communautaire-A23-S30.csv
2023,30,,2023-07-24,2023-07-30,Standard,Femelles ayant deja vele,O,2,EUR/kg carcasse,5.03,,COT-VRO-GBEA_communautaire-A23-S30.csv
2023,30,,2023-07-24,2023-07-30,Standard,Femelles ayant deja vele,O,3,EUR/kg carcasse,4.79,,COT-VRO-GBEA_communautaire-A23-S30.csv
2023,30,,2023-07-24,2023-07-30,Standard,Femelles ayant deja vele,O,4,EUR/kg carcasse,4.46,,COT-VRO-GBEA_communautaire-A23-S30.csv
2023,30,,2023-07-24,2023-07-30,Standard,Femelles ayant deja vele,P,2,EUR/kg carcasse,4.28,,COT-VRO-GBEA_communautaire-A23-S30.csv
2023,30,,2023-07-24,2023-07-30,Standard,Femelles ayant deja vele,P,3,EUR/kg carcasse,4.5,,COT-VRO-GBEA_communautaire-A23-S30.csv
2023,30,,2023-07-24,2023-07-30,Standard,Autres femelles,U,3,EUR/kg carcasse,5.81,,COT-VRO-GBEA_communautaire-A23-S30.csv
2023,30,,2023-07-24,2023-07-30,Standard,Autres femelles,R,2,EUR/kg carcasse,5.39,,COT-VRO-GBEA_communautaire-A23-S30.csv
2023,30,,2023-07-24,2023-07-30,Standard,Autres femelles,R,3,EUR/kg carcasse,5.46,,COT-VRO-GBEA_communautaire-A23-S30.csv
2023,30,,2023-07-24,2023-07-30,Standard,Autres femelles,R,4,EUR/kg carcasse,5.31,,COT-VRO-GBEA_communautaire-A23-S30.csv
2023,30,,2023-07-24,2023-07-30,Standard,Autres femelles,O,3,EUR/kg carcasse,4.97,,COT-VRO-GBEA_communautaire-A23-S30.csv
2023,31,,2023-07-31,2023-08-06,Standard,Males non castres de moins de 2 ans,E,2,EUR/kg carcasse,5.72,,COT-VRO-GBEA_communautaire-A23-S31.csv
2023,31,,2023-07-31,2023-08-06,Standard,Males non castres de moins de 2 ans,U,2,EUR/kg carcasse,5.33,,COT-VRO-GBEA_communautaire-A23-S31.csv
2023,31,,2023-07-31,2023-08-06,Standard,Males non castres de moins de 2 ans,U,3,EUR/kg carcasse,5.17,,COT-VRO-GBEA_communautaire-A23-S31.csv
2023,31,,2023-07-31,2023-08-06,Standard,Males non castres de moins de 2 ans,R,2,EUR/kg carcasse,5.1,,COT-VRO-GBEA_communautaire-A23-S31.csv
2023,31,,2023-07-31,2023-08-06,Standard,Males non castres de moins de 2 ans,R,3,EUR/kg carcasse,5.03,,COT-VRO-GBEA_communautaire-A23-S31.csv
2023,31,,2023-07-31,2023-08-06,Standard,Males non castres de moins de 2 ans,O,2,EUR/kg carcasse,4.81,,COT-VRO-GBEA_communautaire-A23-S31.csv
2023,31,,2023-07-31,2023-08-06,Standard,Males non castres de moins de 2 ans,O,3,EUR/kg carcasse,4.76,,COT-VRO-GBEA_communautaire-A23-S31.csv
2023,31,,2023-07-31,2023-08-06,Standard,Males non castres de moins de 2 ans,P,3,EUR/kg carcasse,4.73,,COT-VRO-GBEA_communautaire-A23-S31.csv
2023,31,,2023-07-31,2023-08-06,Standard,Autres males non castres,U,2,EUR/kg carcasse,4.64,,COT-VRO-GBEA_communautaire-A23-S31.csv
2023,31,,2023-07-31,2023-08-06,Standard,Autres males non castres,R,2,EUR/kg carcasse,4.56,,COT-VRO-GBEA_communautaire-A23-S31.csv
2023,31,,2023-07-31,2023-08-06,Standard,Males castres,R,3,EUR/kg carcasse,5.33,,COT-VRO-GBEA_communautaire-A23-S31.csv
2023,31,,2023-07-31,2023-08-06,Standard,Males castres,O,3,EUR/kg carcasse,4.89,,COT-VRO-GBEA_communautaire-A23-S31.csv
2023,31,,2023-07-31,2023-08-06,Standard,Males castres,P,3,EUR/kg carcasse,4.61,,COT-VRO-GBEA_communautaire-A23-S31.csv
2023,31,,2023-07-31,2023-08-06,Standard,Femelles ayant deja vele,U,3,EUR/kg carcasse,5.85,,COT-VRO-GBEA_communautaire-A23-S31.csv
2023,31,,2023-07-31,2023-08-06,Standard,Femelles ayant deja vele,R,2,EUR/kg carcasse,5.4,,COT-VRO-GBEA_communautaire-A23-S31.csv
2023,31,,2023-07-31,2023-08-06,Standard,Femelles ayant deja vele,R,3,EUR/kg carcasse,5.41,,COT-VRO-GBEA_communautaire-A23-S31.csv
2023,31,,2023-07-31,2023-08-06,Standard,Femelles ayant deja vele,R,4,EUR/kg carcasse,5.32,,COT-VRO-GBEA_communautaire-A23-S31.csv
2023,31,,2023-07-31,2023-08-06,Standard,Femelles ayant deja vele,O,2,EUR/kg carcasse,4.96,,COT-VRO-GBEA_communautaire-A23-S31.csv
2023,31,,2023-07-31,2023-08-06,Standard,Femelles ayant deja vele,O,3,EUR/kg carcasse,4.78,,COT-VRO-GBEA_communautaire-A23-S31.csv
2023,31,,2023-07-31,2023-08-06,Standard,Femelles ayant deja vele,O,4,EUR/kg carcasse,4.61,,COT-VRO-GBEA_communautaire-A23-S31.csv
2023,31,,2023-07-31,2023-08-06,Standard,Femelles ayant deja vele,P,2,EUR/kg carcasse,4.27,,COT-VRO-GBEA_communautaire-A23-S31.csv
2023,31,,2023-07-31,2023-08-06,Standard,Femelles ayant deja vele,P,3,EUR/kg carcasse,4.49,,COT-VRO-GBEA_communautaire-A23-S31.csv
2023,31,,2023-07-31,2023-08-06,Standard,Autres femelles,U,3,EUR/kg carcasse,5.83,,COT-VRO-GBEA_communautaire-A23-S31.csv
2023,31,,2023-07-31,2023-08-06,Standard,Autres femelles,R,2,EUR/kg carcasse,5.46,,COT-VRO-GBEA_communautaire-A23-S31.csv
2023,31,,2023-07-31,2023-08-06,Standard,Autres femelles,R,3,EUR/kg carcasse,5.47,,COT-VRO-GBEA_communautaire-A23-S31.csv
2023,31,,2023-07-31,2023-08-06,Standard,Autres femelles,R,4,EUR/kg carcasse,5.35,,COT-VRO-GBEA_communautaire-A23-S31.csv
2023,31,,2023-07-31,2023-08-06,Standard,Autres femelles,O,3,EUR/kg carcasse,4.97,,COT-VRO-GBEA_communautaire-A23-S31.csv
2023,32,,2023-08-07,2023-08-13,Standard,Males non castres de moins de 2 ans,E,2,EUR/kg carcasse,5.63,,COT-VRO-GBEA_communautaire-A23-S32.csv
2023,32,,2023-08-07,2023-08-13,Standard,Males non castres de moins de 2 ans,U,2,EUR/kg carcasse,5.32,,COT-VRO-GBEA_communautaire-A23-S32.csv
2023,32,,2023-08-07,2023-08-13,Standard,Males non castres de moins de 2 ans,U,3,EUR/kg carcasse,5.15,,COT-VRO-GBEA_communautaire-A23-S32.csv
2023,32,,2023-08-07,2023-08-13,Standard,Males non castres de moins de 2 ans,R,2,EUR/kg carcasse,5.09,,COT-VRO-GBEA_communautaire-A23-S32.csv
2023,32,,2023-08-07,2023-08-13,Standard,Males non castres de moins de 2 ans,R,3,EUR/kg carcasse,5.01,,COT-VRO-GBEA_communautaire-A23-S32.csv
2023,32,,2023-08-07,2023-08-13,Standard,Males non castres de moins de 2 ans,O,2,EUR/kg carcasse,4.79,,COT-VRO-GBEA_communautaire-A23-S32.csv
2023,32,,2023-08-07,2023-08-13,Standard,Males non castres de moins de 2 ans,O,3,EUR/kg carcasse,4.77,,COT-VRO-GBEA_communautaire-A23-S32.csv
2023,32,,2023-08-07,2023-08-13,Standard,Males non castres de moins de 2 ans,P,3,EUR/kg carcasse,4.75,,COT-VRO-GBEA_communautaire-A23-S32.csv
2023,32,,2023-08-07,2023-08-13,Standard,Autres males non castres,U,2,EUR/kg carcasse,4.66,,COT-VRO-GBEA_communautaire-A23-S32.csv
2023,32,,2023-08-07,2023-08-13,Standard,Autres males non castres,R,2,EUR/kg carcasse,4.61,,COT-VRO-GBEA_communautaire-A23-S32.csv
2023,32,,2023-08-07,2023-08-13,Standard,Autres males non castres,O,2,EUR/kg carcasse,4.27,,COT-VRO-GBEA_communautaire-A23-S32.csv
2023,32,,2023-08-07,2023-08-13,Standard,Males castres,R,3,EUR/kg carcasse,5.39,,COT-VRO-GBEA_communautaire-A23-S32.csv
2023,32,,2023-08-07,2023-08-13,Standard,Males castres,O,3,EUR/kg carcasse,4.9,,COT-VRO-GBEA_communautaire-A23-S32.csv
2023,32,,2023-08-07,2023-08-13,Standard,Males castres,P,3,EUR/kg carcasse,4.62,,COT-VRO-GBEA_communautaire-A23-S32.csv
2023,32,,2023-08-07,2023-08-13,Standard,Femelles ayant deja vele,U,3,EUR/kg carcasse,5.87,,COT-VRO-GBEA_communautaire-A23-S32.csv
2023,32,,2023-08-07,2023-08-13,Standard,Femelles ayant deja vele,R,2,EUR/kg carcasse,5.4,,COT-VRO-GBEA_communautaire-A23-S32.csv
2023,32,,2023-08-07,2023-08-13,Standard,Femelles ayant deja vele,R,3,EUR/kg carcasse,5.45,,COT-VRO-GBEA_communautaire-A23-S32.csv
2023,32,,2023-08-07,2023-08-13,Standard,Femelles ayant deja vele,R,4,EUR/kg carcasse,5.38,,COT-VRO-GBEA_communautaire-A23-S32.csv
2023,32,,2023-08-07,2023-08-13,Standard,Femelles ayant deja vele,O,2,EUR/kg carcasse,4.98,,COT-VRO-GBEA_communautaire-A23-S32.csv
2023,32,,2023-08-07,2023-08-13,Standard,Femelles ayant deja vele,O,3,EUR/kg carcasse,4.79,,COT-VRO-GBEA_communautaire-A23-S32.csv
2023,32,,2023-08-07,2023-08-13,Standard,Femelles ayant deja vele,O,4,EUR/kg carcasse,4.47,,COT-VRO-GBEA_communautaire-A23-S32.csv
2023,32,,2023-08-07,2023-08-13,Standard,Femelles ayant deja vele,P,2,EUR/kg carcasse,4.27,,COT-VRO-GBEA_communautaire-A23-S32.csv
2023,32,,2023-08-07,2023-08-13,Standard,Femelles ayant deja vele,P,3,EUR/kg carcasse,4.49,,COT-VRO-GBEA_communautaire-A23-S32.csv
2023,32,,2023-08-07,2023-08-13,Standard,Autres femelles,U,3,EUR/kg carcasse,5.83,,COT-VRO-GBEA_communautaire-A23-S32.csv
2023,32,,2023-08-07,2023-08-13,Standard,Autres femelles,R,2,EUR/kg carcasse,5.5,,COT-VRO-GBEA_communautaire-A23-S32.csv
2023,32,,2023-08-07,2023-08-13,Standard,Autres femelles,R,3,EUR/kg carcasse,5.48,,COT-VRO-GBEA_communautaire-A23-S32.csv
2023,32,,2023-08-07,2023-08-13,Standard,Autres femelles,R,4,EUR/kg carcasse,5.33,,COT-VRO-GBEA_communautaire-A23-S32.csv
2023,32,,2023-08-07,2023-08-13,Standard,Autres femelles,O,3,EUR/kg carcasse,4.96,,COT-VRO-GBEA_communautaire-A23-S32.csv
2023,33,,2023-08-14,2023-08-20,Standard,Males non castres de moins de 2 ans,U,2,EUR/kg carcasse,5.34,,COT-VRO-GBEA_communautaire-A23-S33.csv
2023,33,,2023-08-14,2023-08-20,Standard,Males non castres de moins de 2 ans,U,3,EUR/kg carcasse,5.16,,COT-VRO-GBEA_communautaire-A23-S33.csv
2023,33,,2023-08-14,2023-08-20,Standard,Males non castres de moins de 2 ans,R,2,EUR/kg carcasse,5.09,,COT-VRO-GBEA_communautaire-A23-S33.csv
2023,33,,2023-08-14,2023-08-20,Standard,Males non castres de moins de 2 ans,R,3,EUR/kg carcasse,5.02,,COT-VRO-GBEA_communautaire-A23-S33.csv
2023,33,,2023-08-14,2023-08-20,Standard,Males non castres de moins de 2 ans,O,2,EUR/kg carcasse,4.82,,COT-VRO-GBEA_communautaire-A23-S33.csv
2023,33,,2023-08-14,2023-08-20,Standard,Males non castres de moins de 2 ans,O,3,EUR/kg carcasse,4.79,,COT-VRO-GBEA_communautaire-A23-S33.csv
2023,33,,2023-08-14,2023-08-20,Standard,Males non castres de moins de 2 ans,P,3,EUR/kg carcasse,4.74,,COT-VRO-GBEA_communautaire-A23-S33.csv
2023,33,,2023-08-14,2023-08-20,Standard,Autres males non castres,U,2,EUR/kg carcasse,4.66,,COT-VRO-GBEA_communautaire-A23-S33.csv
2023,33,,2023-08-14,2023-08-20,Standard,Autres males non castres,R,2,EUR/kg carcasse,4.59,,COT-VRO-GBEA_communautaire-A23-S33.csv
2023,33,,2023-08-14,2023-08-20,Standard,Males castres,R,3,EUR/kg carcasse,5.26,,COT-VRO-GBEA_communautaire-A23-S33.csv
2023,33,,2023-08-14,2023-08-20,Standard,Males castres,O,3,EUR/kg carcasse,4.95,,COT-VRO-GBEA_communautaire-A23-S33.csv
2023,33,,2023-08-14,2023-08-20,Standard,Males castres,P,3,EUR/kg carcasse,4.65,,COT-VRO-GBEA_communautaire-A23-S33.csv
2023,33,,2023-08-14,2023-08-20,Standard,Femelles ayant deja vele,U,3,EUR/kg carcasse,5.88,,COT-VRO-GBEA_communautaire-A23-S33.csv
2023,33,,2023-08-14,2023-08-20,Standard,Femelles ayant deja vele,R,2,EUR/kg carcasse,5.47,,COT-VRO-GBEA_communautaire-A23-S33.csv
2023,33,,2023-08-14,2023-08-20,Standard,Femelles ayant deja vele,R,3,EUR/kg carcasse,5.46,,COT-VRO-GBEA_communautaire-A23-S33.csv
2023,33,,2023-08-14,2023-08-20,Standard,Femelles ayant deja vele,R,4,EUR/kg carcasse,5.35,,COT-VRO-GBEA_communautaire-A23-S33.csv
2023,33,,2023-08-14,2023-08-20,Standard,Femelles ayant deja vele,O,2,EUR/kg carcasse,4.97,,COT-VRO-GBEA_communautaire-A23-S33.csv
2023,33,,2023-08-14,2023-08-20,Standard,Femelles ayant deja vele,O,3,EUR/kg carcasse,4.82,,COT-VRO-GBEA_communautaire-A23-S33.csv
2023,33,,2023-08-14,2023-08-20,Standard,Femelles ayant deja vele,P,2,EUR/kg carcasse,4.32,,COT-VRO-GBEA_communautaire-A23-S33.csv
2023,33,,2023-08-14,2023-08-20,Standard,Femelles ayant deja vele,P,3,EUR/kg carcasse,4.54,,COT-VRO-GBEA_communautaire-A23-S33.csv
2023,33,,2023-08-14,2023-08-20,Standard,Autres femelles,U,3,EUR/kg carcasse,5.83,,COT-VRO-GBEA_communautaire-A23-S33.csv
2023,33,,2023-08-14,2023-08-20,Standard,Autres femelles,R,2,EUR/kg carcasse,5.47,,COT-VRO-GBEA_communautaire-A23-S33.csv
2023,33,,2023-08-14,2023-08-20,Standard,Autres femelles,R,3,EUR/kg carcasse,5.49,,COT-VRO-GBEA_communautaire-A23-S33.csv
2023,33,,2023-08-14,2023-08-20,Standard,Autres femelles,R,4,EUR/kg carcasse,5.34,,COT-VRO-GBEA_communautaire-A23-S33.csv
2023,33,,2023-08-14,2023-08-20,Standard,Autres femelles,O,3,EUR/kg carcasse,5.02,,COT-VRO-GBEA_communautaire-A23-S33.csv
2023,34,,2023-08-21,2023-08-27,Standard,Males non castres de moins de 2 ans,E,2,EUR/kg carcasse,5.71,,COT-VRO-GBEA_communautaire-A23-S34.csv
2023,34,,2023-08-21,2023-08-27,Standard,Males non castres de moins de 2 ans,U,2,EUR/kg carcasse,5.36,,COT-VRO-GBEA_communautaire-A23-S34.csv
2023,34,,2023-08-21,2023-08-27,Standard,Males non castres de moins de 2 ans,U,3,EUR/kg carcasse,5.19,,COT-VRO-GBEA_communautaire-A23-S34.csv
2023,34,,2023-08-21,2023-08-27,Standard,Males non castres de moins de 2 ans,R,2,EUR/kg carcasse,5.14,,COT-VRO-GBEA_communautaire-A23-S34.csv
2023,34,,2023-08-21,2023-08-27,Standard,Males non castres de moins de 2 ans,R,3,EUR/kg carcasse,5.06,,COT-VRO-GBEA_communautaire-A23-S34.csv
2023,34,,2023-08-21,2023-08-27,Standard,Males non castres de moins de 2 ans,O,2,EUR/kg carcasse,4.83,,COT-VRO-GBEA_communautaire-A23-S34.csv
2023,34,,2023-08-21,2023-08-27,Standard,Males non castres de moins de 2 ans,O,3,EUR/kg carcasse,4.82,,COT-VRO-GBEA_communautaire-A23-S34.csv
2023,34,,2023-08-21,2023-08-27,Standard,Males non castres de moins de 2 ans,P,3,EUR/kg carcasse,4.78,,COT-VRO-GBEA_communautaire-A23-S34.csv
2023,34,,2023-08-21,2023-08-27,Standard,Autres males non castres,U,2,EUR/kg carcasse,4.7,,COT-VRO-GBEA_communautaire-A23-S34.csv
2023,34,,2023-08-21,2023-08-27,Standard,Autres males non castres,R,2,EUR/kg carcasse,4.65,,COT-VRO-GBEA_communautaire-A23-S34.csv
2023,34,,2023-08-21,2023-08-27,Standard,Males castres,R,3,EUR/kg carcasse,5.4,,COT-VRO-GBEA_communautaire-A23-S34.csv
2023,34,,2023-08-21,2023-08-27,Standard,Males castres,O,3,EUR/kg carcasse,4.93,,COT-VRO-GBEA_communautaire-A23-S34.csv
2023,34,,2023-08-21,2023-08-27,Standard,Males castres,P,3,EUR/kg carcasse,4.71,,COT-VRO-GBEA_communautaire-A23-S34.csv
2023,34,,2023-08-21,2023-08-27,Standard,Femelles ayant deja vele,U,3,EUR/kg carcasse,5.9,,COT-VRO-GBEA_communautaire-A23-S34.csv
2023,34,,2023-08-21,2023-08-27,Standard,Femelles ayant deja vele,R,2,EUR/kg carcasse,5.45,,COT-VRO-GBEA_communautaire-A23-S34.csv
2023,34,,2023-08-21,2023-08-27,Standard,Femelles ayant deja vele,R,3,EUR/kg carcasse,5.48,,COT-VRO-GBEA_communautaire-A23-S34.csv
2023,34,,2023-08-21,2023-08-27,Standard,Femelles ayant deja vele,R,4,EUR/kg carcasse,5.42,,COT-VRO-GBEA_communautaire-A23-S34.csv
2023,34,,2023-08-21,2023-08-27,Standard,Femelles ayant deja vele,O,2,EUR/kg carcasse,5.04,,COT-VRO-GBEA_communautaire-A23-S34.csv
2023,34,,2023-08-21,2023-08-27,Standard,Femelles ayant deja vele,O,3,EUR/kg carcasse,4.87,,COT-VRO-GBEA_communautaire-A23-S34.csv
2023,34,,2023-08-21,2023-08-27,Standard,Femelles ayant deja vele,P,2,EUR/kg carcasse,4.38,,COT-VRO-GBEA_communautaire-A23-S34.csv
2023,34,,2023-08-21,2023-08-27,Standard,Femelles ayant deja vele,P,3,EUR/kg carcasse,4.59,,COT-VRO-GBEA_communautaire-A23-S34.csv
2023,34,,2023-08-21,2023-08-27,Standard,Autres femelles,U,3,EUR/kg carcasse,5.87,,COT-VRO-GBEA_communautaire-A23-S34.csv
2023,34,,2023-08-21,2023-08-27,Standard,Autres femelles,R,2,EUR/kg carcasse,5.51,,COT-VRO-GBEA_communautaire-A23-S34.csv
2023,34,,2023-08-21,2023-08-27,Standard,Autres femelles,R,3,EUR/kg carcasse,5.5,,COT-VRO-GBEA_communautaire-A23-S34.csv
2023,34,,2023-08-21,2023-08-27,Standard,Autres femelles,R,4,EUR/kg carcasse,5.39,,COT-VRO-GBEA_communautaire-A23-S34.csv
2023,34,,2023-08-21,2023-08-27,Standard,Autres femelles,O,3,EUR/kg carcasse,5.07,,COT-VRO-GBEA_communautaire-A23-S34.csv
2023,35,,2023-08-28,2023-09-03,Standard,Males non castres de moins de 2 ans,E,2,EUR/kg carcasse,5.72,,COT-VRO-GBEA_communautaire-A23-S35.csv
2023,35,,2023-08-28,2023-09-03,Standard,Males non castres de moins de 2 ans,U,2,EUR/kg carcasse,5.42,,COT-VRO-GBEA_communautaire-A23-S35.csv
2023,35,,2023-08-28,2023-09-03,Standard,Males non castres de moins de 2 ans,U,3,EUR/kg carcasse,5.22,,COT-VRO-GBEA_communautaire-A23-S35.csv
2023,35,,2023-08-28,2023-09-03,Standard,Males non castres de moins de 2 ans,R,2,EUR/kg carcasse,5.16,,COT-VRO-GBEA_communautaire-A23-S35.csv
2023,35,,2023-08-28,2023-09-03,Standard,Males non castres de moins de 2 ans,R,3,EUR/kg carcasse,5.09,,COT-VRO-GBEA_communautaire-A23-S35.csv
2023,35,,2023-08-28,2023-09-03,Standard,Males non castres de moins de 2 ans,O,2,EUR/kg carcasse,4.88,,COT-VRO-GBEA_communautaire-A23-S35.csv
2023,35,,2023-08-28,2023-09-03,Standard,Males non castres de moins de 2 ans,O,3,EUR/kg carcasse,4.84,,COT-VRO-GBEA_communautaire-A23-S35.csv
2023,35,,2023-08-28,2023-09-03,Standard,Males non castres de moins de 2 ans,P,3,EUR/kg carcasse,4.79,,COT-VRO-GBEA_communautaire-A23-S35.csv
2023,35,,2023-08-28,2023-09-03,Standard,Autres males non castres,U,2,EUR/kg carcasse,4.74,,COT-VRO-GBEA_communautaire-A23-S35.csv
2023,35,,2023-08-28,2023-09-03,Standard,Autres males non castres,R,2,EUR/kg carcasse,4.67,,COT-VRO-GBEA_communautaire-A23-S35.csv
2023,35,,2023-08-28,2023-09-03,Standard,Males castres,R,3,EUR/kg carcasse,5.41,,COT-VRO-GBEA_communautaire-A23-S35.csv
2023,35,,2023-08-28,2023-09-03,Standard,Males castres,O,3,EUR/kg carcasse,4.97,,COT-VRO-GBEA_communautaire-A23-S35.csv
2023,35,,2023-08-28,2023-09-03,Standard,Males castres,P,3,EUR/kg carcasse,4.8,,COT-VRO-GBEA_communautaire-A23-S35.csv
2023,35,,2023-08-28,2023-09-03,Standard,Femelles ayant deja vele,U,3,EUR/kg carcasse,5.92,,COT-VRO-GBEA_communautaire-A23-S35.csv
2023,35,,2023-08-28,2023-09-03,Standard,Femelles ayant deja vele,R,2,EUR/kg carcasse,5.5,,COT-VRO-GBEA_communautaire-A23-S35.csv
2023,35,,2023-08-28,2023-09-03,Standard,Femelles ayant deja vele,R,3,EUR/kg carcasse,5.52,,COT-VRO-GBEA_communautaire-A23-S35.csv
2023,35,,2023-08-28,2023-09-03,Standard,Femelles ayant deja vele,R,4,EUR/kg carcasse,5.41,,COT-VRO-GBEA_communautaire-A23-S35.csv
2023,35,,2023-08-28,2023-09-03,Standard,Femelles ayant deja vele,O,2,EUR/kg carcasse,5.09,,COT-VRO-GBEA_communautaire-A23-S35.csv
2023,35,,2023-08-28,2023-09-03,Standard,Femelles ayant deja vele,O,3,EUR/kg carcasse,4.9,,COT-VRO-GBEA_communautaire-A23-S35.csv
2023,35,,2023-08-28,2023-09-03,Standard,Femelles ayant deja vele,O,4,EUR/kg carcasse,4.61,,COT-VRO-GBEA_communautaire-A23-S35.csv
2023,35,,2023-08-28,2023-09-03,Standard,Femelles ayant deja vele,P,2,EUR/kg carcasse,4.45,,COT-VRO-GBEA_communautaire-A23-S35.csv
2023,35,,2023-08-28,2023-09-03,Standard,Femelles ayant deja vele,P,3,EUR/kg carcasse,4.66,,COT-VRO-GBEA_communautaire-A23-S35.csv
2023,35,,2023-08-28,2023-09-03,Standard,Autres femelles,U,3,EUR/kg carcasse,5.9,,COT-VRO-GBEA_communautaire-A23-S35.csv
2023,35,,2023-08-28,2023-09-03,Standard,Autres femelles,R,2,EUR/kg carcasse,5.56,,COT-VRO-GBEA_communautaire-A23-S35.csv
2023,35,,2023-08-28,2023-09-03,Standard,Autres femelles,R,3,EUR/kg carcasse,5.52,,COT-VRO-GBEA_communautaire-A23-S35.csv
2023,35,,2023-08-28,2023-09-03,Standard,Autres femelles,R,4,EUR/kg carcasse,5.42,,COT-VRO-GBEA_communautaire-A23-S35.csv
2023,35,,2023-08-28,2023-09-03,Standard,Autres femelles,O,3,EUR/kg carcasse,5.08,,COT-VRO-GBEA_communautaire-A23-S35.csv
2023,36,,2023-09-04,2023-09-10,Standard,Males non castres de moins de 2 ans,E,2,EUR/kg carcasse,5.81,,COT-VRO-GBEA_communautaire-A23-S36.csv
2023,36,,2023-09-04,2023-09-10,Standard,Males non castres de moins de 2 ans,U,2,EUR/kg carcasse,5.44,,COT-VRO-GBEA_communautaire-A23-S36.csv
2023,36,,2023-09-04,2023-09-10,Standard,Males non castres de moins de 2 ans,U,3,EUR/kg carcasse,5.26,,COT-VRO-GBEA_communautaire-A23-S36.csv
2023,36,,2023-09-04,2023-09-10,Standard,Males non castres de moins de 2 ans,R,2,EUR/kg carcasse,5.22,,COT-VRO-GBEA_communautaire-A23-S36.csv
2023,36,,2023-09-04,2023-09-10,Standard,Males non castres de moins de 2 ans,R,3,EUR/kg carcasse,5.14,,COT-VRO-GBEA_communautaire-A23-S36.csv
2023,36,,2023-09-04,2023-09-10,Standard,Males non castres de moins de 2 ans,O,2,EUR/kg carcasse,4.92,,COT-VRO-GBEA_communautaire-A23-S36.csv
2023,36,,2023-09-04,2023-09-10,Standard,Males non castres de moins de 2 ans,O,3,EUR/kg carcasse,4.89,,COT-VRO-GBEA_communautaire-A23-S36.csv
2023,36,,2023-09-04,2023-09-10,Standard,Males non castres de moins de 2 ans,P,3,EUR/kg carcasse,4.81,,COT-VRO-GBEA_communautaire-A23-S36.csv
2023,36,,2023-09-04,2023-09-10,Standard,Autres males non castres,U,2,EUR/kg carcasse,4.77,,COT-VRO-GBEA_communautaire-A23-S36.csv
2023,36,,2023-09-04,2023-09-10,Standard,Autres males non castres,R,2,EUR/kg carcasse,4.69,,COT-VRO-GBEA_communautaire-A23-S36.csv
2023,36,,2023-09-04,2023-09-10,Standard,Autres males non castres,O,2,EUR/kg carcasse,4.17,,COT-VRO-GBEA_communautaire-A23-S36.csv
2023,36,,2023-09-04,2023-09-10,Standard,Males castres,R,3,EUR/kg carcasse,5.36,,COT-VRO-GBEA_communautaire-A23-S36.csv
2023,36,,2023-09-04,2023-09-10,Standard,Males castres,O,3,EUR/kg carcasse,5,,COT-VRO-GBEA_communautaire-A23-S36.csv
2023,36,,2023-09-04,2023-09-10,Standard,Males castres,P,3,EUR/kg carcasse,4.81,,COT-VRO-GBEA_communautaire-A23-S36.csv
2023,36,,2023-09-04,2023-09-10,Standard,Femelles ayant deja vele,U,3,EUR/kg carcasse,5.93,,COT-VRO-GBEA_communautaire-A23-S36.csv
2023,36,,2023-09-04,2023-09-10,Standard,Femelles ayant deja vele,R,2,EUR/kg carcasse,5.49,,COT-VRO-GBEA_communautaire-A23-S36.csv
2023,36,,2023-09-04,2023-09-10,Standard,Femelles ayant deja vele,R,3,EUR/kg carcasse,5.53,,COT-VRO-GBEA_communautaire-A23-S36.csv
2023,36,,2023-09-04,2023-09-10,Standard,Femelles ayant deja vele,R,4,EUR/kg carcasse,5.43,,COT-VRO-GBEA_communautaire-A23-S36.csv
2023,36,,2023-09-04,2023-09-10,Standard,Femelles ayant deja vele,O,2,EUR/kg carcasse,5.11,,COT-VRO-GBEA_communautaire-A23-S36.csv
2023,36,,2023-09-04,2023-09-10,Standard,Femelles ayant deja vele,O,3,EUR/kg carcasse,4.92,,COT-VRO-GBEA_communautaire-A23-S36.csv
2023,36,,2023-09-04,2023-09-10,Standard,Femelles ayant deja vele,O,4,EUR/kg carcasse,4.67,,COT-VRO-GBEA_communautaire-A23-S36.csv
2023,36,,2023-09-04,2023-09-10,Standard,Femelles ayant deja vele,P,2,EUR/kg carcasse,4.48,,COT-VRO-GBEA_communautaire-A23-S36.csv
2023,36,,2023-09-04,2023-09-10,Standard,Femelles ayant deja vele,P,3,EUR/kg carcasse,4.69,,COT-VRO-GBEA_communautaire-A23-S36.csv
2023,36,,2023-09-04,2023-09-10,Standard,Autres femelles,U,3,EUR/kg carcasse,5.88,,COT-VRO-GBEA_communautaire-A23-S36.csv
2023,36,,2023-09-04,2023-09-10,Standard,Autres femelles,R,2,EUR/kg carcasse,5.5,,COT-VRO-GBEA_communautaire-A23-S36.csv
2023,36,,2023-09-04,2023-09-10,Standard,Autres femelles,R,3,EUR/kg carcasse,5.54,,COT-VRO-GBEA_communautaire-A23-S36.csv
2023,36,,2023-09-04,2023-09-10,Standard,Autres femelles,R,4,EUR/kg carcasse,5.42,,COT-VRO-GBEA_communautaire-A23-S36.csv
2023,36,,2023-09-04,2023-09-10,Standard,Autres femelles,O,3,EUR/kg carcasse,5.08,,COT-VRO-GBEA_communautaire-A23-S36.csv
2023,37,,2023-09-11,2023-09-17,Standard,Males non castres de moins de 2 ans,E,2,EUR/kg carcasse,5.83,,COT-VRO-GBEA_communautaire-A23-S37.csv
2023,37,,2023-09-11,2023-09-17,Standard,Males non castres de moins de 2 ans,U,2,EUR/kg carcasse,5.48,,COT-VRO-GBEA_communautaire-A23-S37.csv
2023,37,,2023-09-11,2023-09-17,Standard,Males non castres de moins de 2 ans,U,3,EUR/kg carcasse,5.29,,COT-VRO-GBEA_communautaire-A23-S37.csv
2023,37,,2023-09-11,2023-09-17,Standard,Males non castres de moins de 2 ans,R,2,EUR/kg carcasse,5.24,,COT-VRO-GBEA_communautaire-A23-S37.csv
2023,37,,2023-09-11,2023-09-17,Standard,Males non castres de moins de 2 ans,R,3,EUR/kg carcasse,5.16,,COT-VRO-GBEA_communautaire-A23-S37.csv
2023,37,,2023-09-11,2023-09-17,Standard,Males non castres de moins de 2 ans,O,2,EUR/kg carcasse,4.93,,COT-VRO-GBEA_communautaire-A23-S37.csv
2023,37,,2023-09-11,2023-09-17,Standard,Males non castres de moins de 2 ans,O,3,EUR/kg carcasse,4.91,,COT-VRO-GBEA_communautaire-A23-S37.csv
2023,37,,2023-09-11,2023-09-17,Standard,Males non castres de moins de 2 ans,P,3,EUR/kg carcasse,4.85,,COT-VRO-GBEA_communautaire-A23-S37.csv
2023,37,,2023-09-11,2023-09-17,Standard,Autres males non castres,U,2,EUR/kg carcasse,4.77,,COT-VRO-GBEA_communautaire-A23-S37.csv
2023,37,,2023-09-11,2023-09-17,Standard,Autres males non castres,R,2,EUR/kg carcasse,4.7,,COT-VRO-GBEA_communautaire-A23-S37.csv
2023,37,,2023-09-11,2023-09-17,Standard,Autres males non castres,O,2,EUR/kg carcasse,4.35,,COT-VRO-GBEA_communautaire-A23-S37.csv
2023,37,,2023-09-11,2023-09-17,Standard,Males castres,R,3,EUR/kg carcasse,5.41,,COT-VRO-GBEA_communautaire-A23-S37.csv
2023,37,,2023-09-11,2023-09-17,Standard,Males castres,O,3,EUR/kg carcasse,4.98,,COT-VRO-GBEA_communautaire-A23-S37.csv
2023,37,,2023-09-11,2023-09-17,Standard,Males castres,P,3,EUR/kg carcasse,4.8,,COT-VRO-GBEA_communautaire-A23-S37.csv
2023,37,,2023-09-11,2023-09-17,Standard,Femelles ayant deja vele,U,3,EUR/kg carcasse,5.97,,COT-VRO-GBEA_communautaire-A23-S37.csv
2023,37,,2023-09-11,2023-09-17,Standard,Femelles ayant deja vele,R,2,EUR/kg carcasse,5.51,,COT-VRO-GBEA_communautaire-A23-S37.csv
2023,37,,2023-09-11,2023-09-17,Standard,Femelles ayant deja vele,R,3,EUR/kg carcasse,5.53,,COT-VRO-GBEA_communautaire-A23-S37.csv
2023,37,,2023-09-11,2023-09-17,Standard,Femelles ayant deja vele,R,4,EUR/kg carcasse,5.42,,COT-VRO-GBEA_communautaire-A23-S37.csv
2023,37,,2023-09-11,2023-09-17,Standard,Femelles ayant deja vele,O,2,EUR/kg carcasse,5.13,,COT-VRO-GBEA_communautaire-A23-S37.csv
2023,37,,2023-09-11,2023-09-17,Standard,Femelles ayant deja vele,O,3,EUR/kg carcasse,4.93,,COT-VRO-GBEA_communautaire-A23-S37.csv
2023,37,,2023-09-11,2023-09-17,Standard,Femelles ayant deja vele,O,4,EUR/kg carcasse,4.8,,COT-VRO-GBEA_communautaire-A23-S37.csv
2023,37,,2023-09-11,2023-09-17,Standard,Femelles ayant deja vele,P,2,EUR/kg carcasse,4.49,,COT-VRO-GBEA_communautaire-A23-S37.csv
2023,37,,2023-09-11,2023-09-17,Standard,Femelles ayant deja vele,P,3,EUR/kg carcasse,4.7,,COT-VRO-GBEA_communautaire-A23-S37.csv
2023,37,,2023-09-11,2023-09-17,Standard,Autres femelles,U,3,EUR/kg carcasse,5.9,,COT-VRO-GBEA_communautaire-A23-S37.csv
2023,37,,2023-09-11,2023-09-17,Standard,Autres femelles,R,2,EUR/kg carcasse,5.56,,COT-VRO-GBEA_communautaire-A23-S37.csv
2023,37,,2023-09-11,2023-09-17,Standard,Autres femelles,R,3,EUR/kg carcasse,5.54,,COT-VRO-GBEA_communautaire-A23-S37.csv
2023,37,,2023-09-11,2023-09-17,Standard,Autres femelles,R,4,EUR/kg carcasse,5.42,,COT-VRO-GBEA_communautaire-A23-S37.csv
2023,37,,2023-09-11,2023-09-17,Standard,Autres femelles,O,3,EUR/kg carcasse,5.09,,COT-VRO-GBEA_communautaire-A23-S37.csv
2023,38,,2023-09-18,2023-09-24,Standard,Males non castres de moins de 2 ans,E,2,EUR/kg carcasse,5.83,,COT-VRO-GBEA_communautaire-A23-S38.csv
2023,38,,2023-09-18,2023-09-24,Standard,Males non castres de moins de 2 ans,U,2,EUR/kg carcasse,5.51,,COT-VRO-GBEA_communautaire-A23-S38.csv
2023,38,,2023-09-18,2023-09-24,Standard,Males non castres de moins de 2 ans,U,3,EUR/kg carcasse,5.32,,COT-VRO-GBEA_communautaire-A23-S38.csv
2023,38,,2023-09-18,2023-09-24,Standard,Males non castres de moins de 2 ans,R,2,EUR/kg carcasse,5.25,,COT-VRO-GBEA_communautaire-A23-S38.csv
2023,38,,2023-09-18,2023-09-24,Standard,Males non castres de moins de 2 ans,R,3,EUR/kg carcasse,5.18,,COT-VRO-GBEA_communautaire-A23-S38.csv
2023,38,,2023-09-18,2023-09-24,Standard,Males non castres de moins de 2 ans,O,2,EUR/kg carcasse,4.93,,COT-VRO-GBEA_communautaire-A23-S38.csv
2023,38,,2023-09-18,2023-09-24,Standard,Males non castres de moins de 2 ans,O,3,EUR/kg carcasse,4.9,,COT-VRO-GBEA_communautaire-A23-S38.csv
2023,38,,2023-09-18,2023-09-24,Standard,Males non castres de moins de 2 ans,P,3,EUR/kg carcasse,4.85,,COT-VRO-GBEA_communautaire-A23-S38.csv
2023,38,,2023-09-18,2023-09-24,Standard,Autres males non castres,U,2,EUR/kg carcasse,4.76,,COT-VRO-GBEA_communautaire-A23-S38.csv
2023,38,,2023-09-18,2023-09-24,Standard,Autres males non castres,R,2,EUR/kg carcasse,4.69,,COT-VRO-GBEA_communautaire-A23-S38.csv
2023,38,,2023-09-18,2023-09-24,Standard,Autres males non castres,O,2,EUR/kg carcasse,4.32,,COT-VRO-GBEA_communautaire-A23-S38.csv
2023,38,,2023-09-18,2023-09-24,Standard,Males castres,R,3,EUR/kg carcasse,5.35,,COT-VRO-GBEA_communautaire-A23-S38.csv
2023,38,,2023-09-18,2023-09-24,Standard,Males castres,O,3,EUR/kg carcasse,4.98,,COT-VRO-GBEA_communautaire-A23-S38.csv
2023,38,,2023-09-18,2023-09-24,Standard,Males castres,P,3,EUR/kg carcasse,4.85,,COT-VRO-GBEA_communautaire-A23-S38.csv
2023,38,,2023-09-18,2023-09-24,Standard,Femelles ayant deja vele,U,3,EUR/kg carcasse,5.95,,COT-VRO-GBEA_communautaire-A23-S38.csv
2023,38,,2023-09-18,2023-09-24,Standard,Femelles ayant deja vele,R,2,EUR/kg carcasse,5.46,,COT-VRO-GBEA_communautaire-A23-S38.csv
2023,38,,2023-09-18,2023-09-24,Standard,Femelles ayant deja vele,R,3,EUR/kg carcasse,5.52,,COT-VRO-GBEA_communautaire-A23-S38.csv
2023,38,,2023-09-18,2023-09-24,Standard,Femelles ayant deja vele,R,4,EUR/kg carcasse,5.41,,COT-VRO-GBEA_communautaire-A23-S38.csv
2023,38,,2023-09-18,2023-09-24,Standard,Femelles ayant deja vele,O,2,EUR/kg carcasse,5.06,,COT-VRO-GBEA_communautaire-A23-S38.csv
2023,38,,2023-09-18,2023-09-24,Standard,Femelles ayant deja vele,O,3,EUR/kg carcasse,4.91,,COT-VRO-GBEA_communautaire-A23-S38.csv
2023,38,,2023-09-18,2023-09-24,Standard,Femelles ayant deja vele,O,4,EUR/kg carcasse,4.66,,COT-VRO-GBEA_communautaire-A23-S38.csv
2023,38,,2023-09-18,2023-09-24,Standard,Femelles ayant deja vele,P,2,EUR/kg carcasse,4.46,,COT-VRO-GBEA_communautaire-A23-S38.csv
2023,38,,2023-09-18,2023-09-24,Standard,Femelles ayant deja vele,P,3,EUR/kg carcasse,4.67,,COT-VRO-GBEA_communautaire-A23-S38.csv
2023,38,,2023-09-18,2023-09-24,Standard,Autres femelles,U,3,EUR/kg carcasse,5.9,,COT-VRO-GBEA_communautaire-A23-S38.csv
2023,38,,2023-09-18,2023-09-24,Standard,Autres femelles,R,2,EUR/kg carcasse,5.51,,COT-VRO-GBEA_communautaire-A23-S38.csv
2023,38,,2023-09-18,2023-09-24,Standard,Autres femelles,R,3,EUR/kg carcasse,5.54,,COT-VRO-GBEA_communautaire-A23-S38.csv
2023,38,,2023-09-18,2023-09-24,Standard,Autres femelles,R,4,EUR/kg carcasse,5.38,,COT-VRO-GBEA_communautaire-A23-S38.csv
2023,38,,2023-09-18,2023-09-24,Standard,Autres femelles,O,3,EUR/kg carcasse,5.05,,COT-VRO-GBEA_communautaire-A23-S38.csv
2023,39,,2023-09-25,2023-10-01,Standard,Males non castres de moins de 2 ans,E,2,EUR/kg carcasse,5.78,,COT-VRO-GBEA_communautaire-A23-S39.csv
2023,39,,2023-09-25,2023-10-01,Standard,Males non castres de moins de 2 ans,U,2,EUR/kg carcasse,5.51,,COT-VRO-GBEA_communautaire-A23-S39.csv
2023,39,,2023-09-25,2023-10-01,Standard,Males non castres de moins de 2 ans,U,3,EUR/kg carcasse,5.32,,COT-VRO-GBEA_communautaire-A23-S39.csv
2023,39,,2023-09-25,2023-10-01,Standard,Males non castres de moins de 2 ans,R,2,EUR/kg carcasse,5.28,,COT-VRO-GBEA_communautaire-A23-S39.csv
2023,39,,2023-09-25,2023-10-01,Standard,Males non castres de moins de 2 ans,R,3,EUR/kg carcasse,5.19,,COT-VRO-GBEA_communautaire-A23-S39.csv
2023,39,,2023-09-25,2023-10-01,Standard,Males non castres de moins de 2 ans,O,2,EUR/kg carcasse,4.92,,COT-VRO-GBEA_communautaire-A23-S39.csv
2023,39,,2023-09-25,2023-10-01,Standard,Males non castres de moins de 2 ans,O,3,EUR/kg carcasse,4.9,,COT-VRO-GBEA_communautaire-A23-S39.csv
2023,39,,2023-09-25,2023-10-01,Standard,Males non castres de moins de 2 ans,P,3,EUR/kg carcasse,4.85,,COT-VRO-GBEA_communautaire-A23-S39.csv
2023,39,,2023-09-25,2023-10-01,Standard,Autres males non castres,U,2,EUR/kg carcasse,4.75,,COT-VRO-GBEA_communautaire-A23-S39.csv
2023,39,,2023-09-25,2023-10-01,Standard,Autres males non castres,R,2,EUR/kg carcasse,4.66,,COT-VRO-GBEA_communautaire-A23-S39.csv
2023,39,,2023-09-25,2023-10-01,Standard,Males castres,R,3,EUR/kg carcasse,5.37,,COT-VRO-GBEA_communautaire-A23-S39.csv
2023,39,,2023-09-25,2023-10-01,Standard,Males castres,O,3,EUR/kg carcasse,4.95,,COT-VRO-GBEA_communautaire-A23-S39.csv
2023,39,,2023-09-25,2023-10-01,Standard,Males castres,P,3,EUR/kg carcasse,4.73,,COT-VRO-GBEA_communautaire-A23-S39.csv
2023,39,,2023-09-25,2023-10-01,Standard,Femelles ayant deja vele,U,3,EUR/kg carcasse,5.94,,COT-VRO-GBEA_communautaire-A23-S39.csv
2023,39,,2023-09-25,2023-10-01,Standard,Femelles ayant deja vele,R,2,EUR/kg carcasse,5.47,,COT-VRO-GBEA_communautaire-A23-S39.csv
2023,39,,2023-09-25,2023-10-01,Standard,Femelles ayant deja vele,R,3,EUR/kg carcasse,5.51,,COT-VRO-GBEA_communautaire-A23-S39.csv
2023,39,,2023-09-25,2023-10-01,Standard,Femelles ayant deja vele,R,4,EUR/kg carcasse,5.39,,COT-VRO-GBEA_communautaire-A23-S39.csv
2023,39,,2023-09-25,2023-10-01,Standard,Femelles ayant deja vele,O,2,EUR/kg carcasse,4.98,,COT-VRO-GBEA_communautaire-A23-S39.csv
2023,39,,2023-09-25,2023-10-01,Standard,Femelles ayant deja vele,O,3,EUR/kg carcasse,4.88,,COT-VRO-GBEA_communautaire-A23-S39.csv
2023,39,,2023-09-25,2023-10-01,Standard,Femelles ayant deja vele,O,4,EUR/kg carcasse,4.91,,COT-VRO-GBEA_communautaire-A23-S39.csv
2023,39,,2023-09-25,2023-10-01,Standard,Femelles ayant deja vele,P,2,EUR/kg carcasse,4.43,,COT-VRO-GBEA_communautaire-A23-S39.csv
2023,39,,2023-09-25,2023-10-01,Standard,Femelles ayant deja vele,P,3,EUR/kg carcasse,4.64,,COT-VRO-GBEA_communautaire-A23-S39.csv
2023,39,,2023-09-25,2023-10-01,Standard,Autres femelles,U,3,EUR/kg carcasse,5.93,,COT-VRO-GBEA_communautaire-A23-S39.csv
2023,39,,2023-09-25,2023-10-01,Standard,Autres femelles,R,2,EUR/kg carcasse,5.5,,COT-VRO-GBEA_communautaire-A23-S39.csv
2023,39,,2023-09-25,2023-10-01,Standard,Autres femelles,R,3,EUR/kg carcasse,5.53,,COT-VRO-GBEA_communautaire-A23-S39.csv
2023,39,,2023-09-25,2023-10-01,Standard,Autres femelles,R,4,EUR/kg carcasse,5.39,,COT-VRO-GBEA_communautaire-A23-S39.csv
2023,39,,2023-09-25,2023-10-01,Standard,Autres femelles,O,3,EUR/kg carcasse,5.02,,COT-VRO-GBEA_communautaire-A23-S39.csv
2023,40,,2023-10-02,2023-10-08,Standard,Males non castres de moins de 2 ans,E,2,EUR/kg carcasse,5.87,,COT-VRO-GBEA_communautaire-A23-S40.csv
2023,40,,2023-10-02,2023-10-08,Standard,Males non castres de moins de 2 ans,U,2,EUR/kg carcasse,5.51,,COT-VRO-GBEA_communautaire-A23-S40.csv
2023,40,,2023-10-02,2023-10-08,Standard,Males non castres de moins de 2 ans,U,3,EUR/kg carcasse,5.34,,COT-VRO-GBEA_communautaire-A23-S40.csv
2023,40,,2023-10-02,2023-10-08,Standard,Males non castres de moins de 2 ans,R,2,EUR/kg carcasse,5.27,,COT-VRO-GBEA_communautaire-A23-S40.csv
2023,40,,2023-10-02,2023-10-08,Standard,Males non castres de moins de 2 ans,R,3,EUR/kg carcasse,5.2,,COT-VRO-GBEA_communautaire-A23-S40.csv
2023,40,,2023-10-02,2023-10-08,Standard,Males non castres de moins de 2 ans,O,2,EUR/kg carcasse,4.86,,COT-VRO-GBEA_communautaire-A23-S40.csv
2023,40,,2023-10-02,2023-10-08,Standard,Males non castres de moins de 2 ans,O,3,EUR/kg carcasse,4.9,,COT-VRO-GBEA_communautaire-A23-S40.csv
2023,40,,2023-10-02,2023-10-08,Standard,Males non castres de moins de 2 ans,P,3,EUR/kg carcasse,4.84,,COT-VRO-GBEA_communautaire-A23-S40.csv
2023,40,,2023-10-02,2023-10-08,Standard,Autres males non castres,U,2,EUR/kg carcasse,4.69,,COT-VRO-GBEA_communautaire-A23-S40.csv
2023,40,,2023-10-02,2023-10-08,Standard,Autres males non castres,R,2,EUR/kg carcasse,4.64,,COT-VRO-GBEA_communautaire-A23-S40.csv
2023,40,,2023-10-02,2023-10-08,Standard,Autres males non castres,O,2,EUR/kg carcasse,4.35,,COT-VRO-GBEA_communautaire-A23-S40.csv
2023,40,,2023-10-02,2023-10-08,Standard,Males castres,R,3,EUR/kg carcasse,5.34,,COT-VRO-GBEA_communautaire-A23-S40.csv
2023,40,,2023-10-02,2023-10-08,Standard,Males castres,O,3,EUR/kg carcasse,4.94,,COT-VRO-GBEA_communautaire-A23-S40.csv
2023,40,,2023-10-02,2023-10-08,Standard,Males castres,P,3,EUR/kg carcasse,4.84,,COT-VRO-GBEA_communautaire-A23-S40.csv
2023,40,,2023-10-02,2023-10-08,Standard,Femelles ayant deja vele,U,3,EUR/kg carcasse,5.94,,COT-VRO-GBEA_communautaire-A23-S40.csv
2023,40,,2023-10-02,2023-10-08,Standard,Femelles ayant deja vele,R,2,EUR/kg carcasse,5.45,,COT-VRO-GBEA_communautaire-A23-S40.csv
2023,40,,2023-10-02,2023-10-08,Standard,Femelles ayant deja vele,R,3,EUR/kg carcasse,5.51,,COT-VRO-GBEA_communautaire-A23-S40.csv
2023,40,,2023-10-02,2023-10-08,Standard,Femelles ayant deja vele,R,4,EUR/kg carcasse,5.45,,COT-VRO-GBEA_communautaire-A23-S40.csv
2023,40,,2023-10-02,2023-10-08,Standard,Femelles ayant deja vele,O,2,EUR/kg carcasse,4.99,,COT-VRO-GBEA_communautaire-A23-S40.csv
2023,40,,2023-10-02,2023-10-08,Standard,Femelles ayant deja vele,O,3,EUR/kg carcasse,4.83,,COT-VRO-GBEA_communautaire-A23-S40.csv
2023,40,,2023-10-02,2023-10-08,Standard,Femelles ayant deja vele,O,4,EUR/kg carcasse,4.71,,COT-VRO-GBEA_communautaire-A23-S40.csv
2023,40,,2023-10-02,2023-10-08,Standard,Femelles ayant deja vele,P,2,EUR/kg carcasse,4.39,,COT-VRO-GBEA_communautaire-A23-S40.csv
2023,40,,2023-10-02,2023-10-08,Standard,Femelles ayant deja vele,P,3,EUR/kg carcasse,4.6,,COT-VRO-GBEA_communautaire-A23-S40.csv
2023,40,,2023-10-02,2023-10-08,Standard,Autres femelles,U,3,EUR/kg carcasse,5.88,,COT-VRO-GBEA_communautaire-A23-S40.csv
2023,40,,2023-10-02,2023-10-08,Standard,Autres femelles,R,2,EUR/kg carcasse,5.45,,COT-VRO-GBEA_communautaire-A23-S40.csv
2023,40,,2023-10-02,2023-10-08,Standard,Autres femelles,R,3,EUR/kg carcasse,5.54,,COT-VRO-GBEA_communautaire-A23-S40.csv
2023,40,,2023-10-02,2023-10-08,Standard,Autres femelles,R,4,EUR/kg carcasse,5.41,,COT-VRO-GBEA_communautaire-A23-S40.csv
2023,40,,2023-10-02,2023-10-08,Standard,Autres femelles,O,3,EUR/kg carcasse,4.99,,COT-VRO-GBEA_communautaire-A23-S40.csv
2023,41,,2023-10-09,2023-10-15,Standard,Males non castres de moins de 2 ans,E,2,EUR/kg carcasse,5.85,,COT-VRO-GBEA_communautaire-A23-S41.csv
2023,41,,2023-10-09,2023-10-15,Standard,Males non castres de moins de 2 ans,U,2,EUR/kg carcasse,5.52,,COT-VRO-GBEA_communautaire-A23-S41.csv
2023,41,,2023-10-09,2023-10-15,Standard,Males non castres de moins de 2 ans,U,3,EUR/kg carcasse,5.34,,COT-VRO-GBEA_communautaire-A23-S41.csv
2023,41,,2023-10-09,2023-10-15,Standard,Males non castres de moins de 2 ans,R,2,EUR/kg carcasse,5.26,,COT-VRO-GBEA_communautaire-A23-S41.csv
2023,41,,2023-10-09,2023-10-15,Standard,Males non castres de moins de 2 ans,R,3,EUR/kg carcasse,5.2,,COT-VRO-GBEA_communautaire-A23-S41.csv
2023,41,,2023-10-09,2023-10-15,Standard,Males non castres de moins de 2 ans,O,2,EUR/kg carcasse,4.87,,COT-VRO-GBEA_communautaire-A23-S41.csv
2023,41,,2023-10-09,2023-10-15,Standard,Males non castres de moins de 2 ans,O,3,EUR/kg carcasse,4.88,,COT-VRO-GBEA_communautaire-A23-S41.csv
2023,41,,2023-10-09,2023-10-15,Standard,Males non castres de moins de 2 ans,P,3,EUR/kg carcasse,4.81,,COT-VRO-GBEA_communautaire-A23-S41.csv
2023,41,,2023-10-09,2023-10-15,Standard,Autres males non castres,U,2,EUR/kg carcasse,4.72,,COT-VRO-GBEA_communautaire-A23-S41.csv
2023,41,,2023-10-09,2023-10-15,Standard,Autres males non castres,R,2,EUR/kg carcasse,4.63,,COT-VRO-GBEA_communautaire-A23-S41.csv
2023,41,,2023-10-09,2023-10-15,Standard,Males castres,R,3,EUR/kg carcasse,5.38,,COT-VRO-GBEA_communautaire-A23-S41.csv
2023,41,,2023-10-09,2023-10-15,Standard,Males castres,O,3,EUR/kg carcasse,4.9,,COT-VRO-GBEA_communautaire-A23-S41.csv
2023,41,,2023-10-09,2023-10-15,Standard,Males castres,P,3,EUR/kg carcasse,4.67,,COT-VRO-GBEA_communautaire-A23-S41.csv
2023,41,,2023-10-09,2023-10-15,Standard,Femelles ayant deja vele,U,3,EUR/kg carcasse,5.92,,COT-VRO-GBEA_communautaire-A23-S41.csv
2023,41,,2023-10-09,2023-10-15,Standard,Femelles ayant deja vele,R,2,EUR/kg carcasse,5.46,,COT-VRO-GBEA_communautaire-A23-S41.csv
2023,41,,2023-10-09,2023-10-15,Standard,Femelles ayant deja vele,R,3,EUR/kg carcasse,5.5,,COT-VRO-GBEA_communautaire-A23-S41.csv
2023,41,,2023-10-09,2023-10-15,Standard,Femelles ayant deja vele,R,4,EUR/kg carcasse,5.44,,COT-VRO-GBEA_communautaire-A23-S41.csv
2023,41,,2023-10-09,2023-10-15,Standard,Femelles ayant deja vele,O,2,EUR/kg carcasse,4.86,,COT-VRO-GBEA_communautaire-A23-S41.csv
2023,41,,2023-10-09,2023-10-15,Standard,Femelles ayant deja vele,O,3,EUR/kg carcasse,4.79,,COT-VRO-GBEA_communautaire-A23-S41.csv
2023,41,,2023-10-09,2023-10-15,Standard,Femelles ayant deja vele,O,4,EUR/kg carcasse,4.52,,COT-VRO-GBEA_communautaire-A23-S41.csv
2023,41,,2023-10-09,2023-10-15,Standard,Femelles ayant deja vele,P,2,EUR/kg carcasse,4.34,,COT-VRO-GBEA_communautaire-A23-S41.csv
2023,41,,2023-10-09,2023-10-15,Standard,Femelles ayant deja vele,P,3,EUR/kg carcasse,4.55,,COT-VRO-GBEA_communautaire-A23-S41.csv
2023,41,,2023-10-09,2023-10-15,Standard,Autres femelles,U,2,EUR/kg carcasse,5.92,,COT-VRO-GBEA_communautaire-A23-S41.csv
2023,41,,2023-10-09,2023-10-15,Standard,Autres femelles,U,3,EUR/kg carcasse,5.9,,COT-VRO-GBEA_communautaire-A23-S41.csv
2023,41,,2023-10-09,2023-10-15,Standard,Autres femelles,R,2,EUR/kg carcasse,5.47,,COT-VRO-GBEA_communautaire-A23-S41.csv
2023,41,,2023-10-09,2023-10-15,Standard,Autres femelles,R,3,EUR/kg carcasse,5.53,,COT-VRO-GBEA_communautaire-A23-S41.csv
2023,41,,2023-10-09,2023-10-15,Standard,Autres femelles,R,4,EUR/kg carcasse,5.4,,COT-VRO-GBEA_communautaire-A23-S41.csv
2023,41,,2023-10-09,2023-10-15,Standard,Autres femelles,O,3,EUR/kg carcasse,5.04,,COT-VRO-GBEA_communautaire-A23-S41.csv
2023,42,,2023-10-16,2023-10-22,Standard,Males non castres de moins de 2 ans,E,2,EUR/kg carcasse,5.84,,COT-VRO-GBEA_communautaire-A23-S42.csv
2023,42,,2023-10-16,2023-10-22,Standard,Males non castres de moins de 2 ans,U,2,EUR/kg carcasse,5.52,,COT-VRO-GBEA_communautaire-A23-S42.csv
2023,42,,2023-10-16,2023-10-22,Standard,Males non castres de moins de 2 ans,U,3,EUR/kg carcasse,5.34,,COT-VRO-GBEA_communautaire-A23-S42.csv
2023,42,,2023-10-16,2023-10-22,Standard,Males non castres de moins de 2 ans,R,2,EUR/kg carcasse,5.27,,COT-VRO-GBEA_communautaire-A23-S42.csv
2023,42,,2023-10-16,2023-10-22,Standard,Males non castres de moins de 2 ans,R,3,EUR/kg carcasse,5.2,,COT-VRO-GBEA_communautaire-A23-S42.csv
2023,42,,2023-10-16,2023-10-22,Standard,Males non castres de moins de 2 ans,O,2,EUR/kg carcasse,4.82,,COT-VRO-GBEA_communautaire-A23-S42.csv
2023,42,,2023-10-16,2023-10-22,Standard,Males non castres de moins de 2 ans,O,3,EUR/kg carcasse,4.85,,COT-VRO-GBEA_communautaire-A23-S42.csv
2023,42,,2023-10-16,2023-10-22,Standard,Males non castres de moins de 2 ans,P,3,EUR/kg carcasse,4.79,,COT-VRO-GBEA_communautaire-A23-S42.csv
2023,42,,2023-10-16,2023-10-22,Standard,Autres males non castres,U,2,EUR/kg carcasse,4.7,,COT-VRO-GBEA_communautaire-A23-S42.csv
2023,42,,2023-10-16,2023-10-22,Standard,Autres males non castres,R,2,EUR/kg carcasse,4.62,,COT-VRO-GBEA_communautaire-A23-S42.csv
2023,42,,2023-10-16,2023-10-22,Standard,Males castres,R,3,EUR/kg carcasse,5.4,,COT-VRO-GBEA_communautaire-A23-S42.csv
2023,42,,2023-10-16,2023-10-22,Standard,Males castres,O,3,EUR/kg carcasse,4.84,,COT-VRO-GBEA_communautaire-A23-S42.csv
2023,42,,2023-10-16,2023-10-22,Standard,Males castres,P,3,EUR/kg carcasse,4.62,,COT-VRO-GBEA_communautaire-A23-S42.csv
2023,42,,2023-10-16,2023-10-22,Standard,Femelles ayant deja vele,U,3,EUR/kg carcasse,5.94,,COT-VRO-GBEA_communautaire-A23-S42.csv
2023,42,,2023-10-16,2023-10-22,Standard,Femelles ayant deja vele,R,2,EUR/kg carcasse,5.43,,COT-VRO-GBEA_communautaire-A23-S42.csv
2023,42,,2023-10-16,2023-10-22,Standard,Femelles ayant deja vele,R,3,EUR/kg carcasse,5.49,,COT-VRO-GBEA_communautaire-A23-S42.csv
2023,42,,2023-10-16,2023-10-22,Standard,Femelles ayant deja vele,R,4,EUR/kg carcasse,5.39,,COT-VRO-GBEA_communautaire-A23-S42.csv
2023,42,,2023-10-16,2023-10-22,Standard,Femelles ayant deja vele,O,2,EUR/kg carcasse,4.89,,COT-VRO-GBEA_communautaire-A23-S42.csv
2023,42,,2023-10-16,2023-10-22,Standard,Femelles ayant deja vele,O,3,EUR/kg carcasse,4.76,,COT-VRO-GBEA_communautaire-A23-S42.csv
2023,42,,2023-10-16,2023-10-22,Standard,Femelles ayant deja vele,O,4,EUR/kg carcasse,4.47,,COT-VRO-GBEA_communautaire-A23-S42.csv
2023,42,,2023-10-16,2023-10-22,Standard,Femelles ayant deja vele,P,2,EUR/kg carcasse,4.28,,COT-VRO-GBEA_communautaire-A23-S42.csv
2023,42,,2023-10-16,2023-10-22,Standard,Femelles ayant deja vele,P,3,EUR/kg carcasse,4.5,,COT-VRO-GBEA_communautaire-A23-S42.csv
2023,42,,2023-10-16,2023-10-22,Standard,Autres femelles,U,3,EUR/kg carcasse,5.92,,COT-VRO-GBEA_communautaire-A23-S42.csv
2023,42,,2023-10-16,2023-10-22,Standard,Autres femelles,R,2,EUR/kg carcasse,5.45,,COT-VRO-GBEA_communautaire-A23-S42.csv
2023,42,,2023-10-16,2023-10-22,Standard,Autres femelles,R,3,EUR/kg carcasse,5.52,,COT-VRO-GBEA_communautaire-A23-S42.csv
2023,42,,2023-10-16,2023-10-22,Standard,Autres femelles,R,4,EUR/kg carcasse,5.44,,COT-VRO-GBEA_communautaire-A23-S42.csv
2023,42,,2023-10-16,2023-10-22,Standard,Autres femelles,O,3,EUR/kg carcasse,5.02,,COT-VRO-GBEA_communautaire-A23-S42.csv
2023,43,,2023-10-23,2023-10-29,Standard,Males non castres de moins de 2 ans,E,2,EUR/kg carcasse,5.9,,COT-VRO-GBEA_communautaire-A23-S43.csv
2023,43,,2023-10-23,2023-10-29,Standard,Males non castres de moins de 2 ans,U,2,EUR/kg carcasse,5.51,,COT-VRO-GBEA_communautaire-A23-S43.csv
2023,43,,2023-10-23,2023-10-29,Standard,Males non castres de moins de 2 ans,U,3,EUR/kg carcasse,5.32,,COT-VRO-GBEA_communautaire-A23-S43.csv
2023,43,,2023-10-23,2023-10-29,Standard,Males non castres de moins de 2 ans,R,2,EUR/kg carcasse,5.29,,COT-VRO-GBEA_communautaire-A23-S43.csv
2023,43,,2023-10-23,2023-10-29,Standard,Males non castres de moins de 2 ans,R,3,EUR/kg carcasse,5.2,,COT-VRO-GBEA_communautaire-A23-S43.csv
2023,43,,2023-10-23,2023-10-29,Standard,Males non castres de moins de 2 ans,O,2,EUR/kg carcasse,4.76,,COT-VRO-GBEA_communautaire-A23-S43.csv
2023,43,,2023-10-23,2023-10-29,Standard,Males non castres de moins de 2 ans,O,3,EUR/kg carcasse,4.83,,COT-VRO-GBEA_communautaire-A23-S43.csv
2023,43,,2023-10-23,2023-10-29,Standard,Males non castres de moins de 2 ans,P,3,EUR/kg carcasse,4.76,,COT-VRO-GBEA_communautaire-A23-S43.csv
2023,43,,2023-10-23,2023-10-29,Standard,Autres males non castres,U,2,EUR/kg carcasse,4.64,,COT-VRO-GBEA_communautaire-A23-S43.csv
2023,43,,2023-10-23,2023-10-29,Standard,Autres males non castres,R,2,EUR/kg carcasse,4.59,,COT-VRO-GBEA_communautaire-A23-S43.csv
2023,43,,2023-10-23,2023-10-29,Standard,Males castres,R,3,EUR/kg carcasse,5.29,,COT-VRO-GBEA_communautaire-A23-S43.csv
2023,43,,2023-10-23,2023-10-29,Standard,Males castres,O,3,EUR/kg carcasse,4.79,,COT-VRO-GBEA_communautaire-A23-S43.csv
2023,43,,2023-10-23,2023-10-29,Standard,Males castres,P,3,EUR/kg carcasse,4.58,,COT-VRO-GBEA_communautaire-A23-S43.csv
2023,43,,2023-10-23,2023-10-29,Standard,Femelles ayant deja vele,U,3,EUR/kg carcasse,5.95,,COT-VRO-GBEA_communautaire-A23-S43.csv
2023,43,,2023-10-23,2023-10-29,Standard,Femelles ayant deja vele,R,2,EUR/kg carcasse,5.41,,COT-VRO-GBEA_communautaire-A23-S43.csv
2023,43,,2023-10-23,2023-10-29,Standard,Femelles ayant deja vele,R,3,EUR/kg carcasse,5.47,,COT-VRO-GBEA_communautaire-A23-S43.csv
2023,43,,2023-10-23,2023-10-29,Standard,Femelles ayant deja vele,R,4,EUR/kg carcasse,5.39,,COT-VRO-GBEA_communautaire-A23-S43.csv
2023,43,,2023-10-23,2023-10-29,Standard,Femelles ayant deja vele,O,2,EUR/kg carcasse,4.88,,COT-VRO-GBEA_communautaire-A23-S43.csv
2023,43,,2023-10-23,2023-10-29,Standard,Femelles ayant deja vele,O,3,EUR/kg carcasse,4.71,,COT-VRO-GBEA_communautaire-A23-S43.csv
2023,43,,2023-10-23,2023-10-29,Standard,Femelles ayant deja vele,O,4,EUR/kg carcasse,4.41,,COT-VRO-GBEA_communautaire-A23-S43.csv
2023,43,,2023-10-23,2023-10-29,Standard,Femelles ayant deja vele,P,2,EUR/kg carcasse,4.22,,COT-VRO-GBEA_communautaire-A23-S43.csv
2023,43,,2023-10-23,2023-10-29,Standard,Femelles ayant deja vele,P,3,EUR/kg carcasse,4.44,,COT-VRO-GBEA_communautaire-A23-S43.csv
2023,43,,2023-10-23,2023-10-29,Standard,Autres femelles,U,3,EUR/kg carcasse,5.9,,COT-VRO-GBEA_communautaire-A23-S43.csv
2023,43,,2023-10-23,2023-10-29,Standard,Autres femelles,R,2,EUR/kg carcasse,5.49,,COT-VRO-GBEA_communautaire-A23-S43.csv
2023,43,,2023-10-23,2023-10-29,Standard,Autres femelles,R,3,EUR/kg carcasse,5.52,,COT-VRO-GBEA_communautaire-A23-S43.csv
2023,43,,2023-10-23,2023-10-29,Standard,Autres femelles,R,4,EUR/kg carcasse,5.33,,COT-VRO-GBEA_communautaire-A23-S43.csv
2023,43,,2023-10-23,2023-10-29,Standard,Autres femelles,O,3,EUR/kg carcasse,4.95,,COT-VRO-GBEA_communautaire-A23-S43.csv
2023,44,,2023-10-30,2023-11-05,Standard,Males non castres de moins de 2 ans,E,2,EUR/kg carcasse,5.85,,COT-VRO-GBEA_communautaire-A23-S44.csv
2023,44,,2023-10-30,2023-11-05,Standard,Males non castres de moins de 2 ans,U,2,EUR/kg carcasse,5.5,,COT-VRO-GBEA_communautaire-A23-S44.csv
2023,44,,2023-10-30,2023-11-05,Standard,Males non castres de moins de 2 ans,U,3,EUR/kg carcasse,5.33,,COT-VRO-GBEA_communautaire-A23-S44.csv
2023,44,,2023-10-30,2023-11-05,Standard,Males non castres de moins de 2 ans,R,2,EUR/kg carcasse,5.25,,COT-VRO-GBEA_communautaire-A23-S44.csv
2023,44,,2023-10-30,2023-11-05,Standard,Males non castres de moins de 2 ans,R,3,EUR/kg carcasse,5.19,,COT-VRO-GBEA_communautaire-A23-S44.csv
2023,44,,2023-10-30,2023-11-05,Standard,Males non castres de moins de 2 ans,O,2,EUR/kg carcasse,4.75,,COT-VRO-GBEA_communautaire-A23-S44.csv
2023,44,,2023-10-30,2023-11-05,Standard,Males non castres de moins de 2 ans,O,3,EUR/kg carcasse,4.8,,COT-VRO-GBEA_communautaire-A23-S44.csv
2023,44,,2023-10-30,2023-11-05,Standard,Males non castres de moins de 2 ans,P,3,EUR/kg carcasse,4.72,,COT-VRO-GBEA_communautaire-A23-S44.csv
2023,44,,2023-10-30,2023-11-05,Standard,Autres males non castres,U,2,EUR/kg carcasse,4.58,,COT-VRO-GBEA_communautaire-A23-S44.csv
2023,44,,2023-10-30,2023-11-05,Standard,Autres males non castres,R,2,EUR/kg carcasse,4.56,,COT-VRO-GBEA_communautaire-A23-S44.csv
2023,44,,2023-10-30,2023-11-05,Standard,Males castres,R,3,EUR/kg carcasse,5.33,,COT-VRO-GBEA_communautaire-A23-S44.csv
2023,44,,2023-10-30,2023-11-05,Standard,Males castres,O,3,EUR/kg carcasse,4.81,,COT-VRO-GBEA_communautaire-A23-S44.csv
2023,44,,2023-10-30,2023-11-05,Standard,Males castres,P,3,EUR/kg carcasse,4.53,,COT-VRO-GBEA_communautaire-A23-S44.csv
2023,44,,2023-10-30,2023-11-05,Standard,Femelles ayant deja vele,U,3,EUR/kg carcasse,5.94,,COT-VRO-GBEA_communautaire-A23-S44.csv
2023,44,,2023-10-30,2023-11-05,Standard,Femelles ayant deja vele,R,2,EUR/kg carcasse,5.38,,COT-VRO-GBEA_communautaire-A23-S44.csv
2023,44,,2023-10-30,2023-11-05,Standard,Femelles ayant deja vele,R,3,EUR/kg carcasse,5.47,,COT-VRO-GBEA_communautaire-A23-S44.csv
2023,44,,2023-10-30,2023-11-05,Standard,Femelles ayant deja vele,R,4,EUR/kg carcasse,5.4,,COT-VRO-GBEA_communautaire-A23-S44.csv
2023,44,,2023-10-30,2023-11-05,Standard,Femelles ayant deja vele,O,2,EUR/kg carcasse,4.74,,COT-VRO-GBEA_communautaire-A23-S44.csv
2023,44,,2023-10-30,2023-11-05,Standard,Femelles ayant deja vele,O,3,EUR/kg carcasse,4.62,,COT-VRO-GBEA_communautaire-A23-S44.csv
2023,44,,2023-10-30,2023-11-05,Standard,Femelles ayant deja vele,O,4,EUR/kg carcasse,4.33,,COT-VRO-GBEA_communautaire-A23-S44.csv
2023,44,,2023-10-30,2023-11-05,Standard,Femelles ayant deja vele,P,2,EUR/kg carcasse,4.13,,COT-VRO-GBEA_communautaire-A23-S44.csv
2023,44,,2023-10-30,2023-11-05,Standard,Femelles ayant deja vele,P,3,EUR/kg carcasse,4.35,,COT-VRO-GBEA_communautaire-A23-S44.csv
2023,44,,2023-10-30,2023-11-05,Standard,Autres femelles,U,3,EUR/kg carcasse,5.92,,COT-VRO-GBEA_communautaire-A23-S44.csv
2023,44,,2023-10-30,2023-11-05,Standard,Autres femelles,R,2,EUR/kg carcasse,5.42,,COT-VRO-GBEA_communautaire-A23-S44.csv
2023,44,,2023-10-30,2023-11-05,Standard,Autres femelles,R,3,EUR/kg carcasse,5.51,,COT-VRO-GBEA_communautaire-A23-S44.csv
2023,44,,2023-10-30,2023-11-05,Standard,Autres femelles,R,4,EUR/kg carcasse,5.43,,COT-VRO-GBEA_communautaire-A23-S44.csv
2023,44,,2023-10-30,2023-11-05,Standard,Autres femelles,O,3,EUR/kg carcasse,4.9,,COT-VRO-GBEA_communautaire-A23-S44.csv
2023,,11,2023-11-01,2023-11-30,Bio,Males castres,R,3,EUR/kg carcasse,5.72,,COT-VRO-GBBI_prix_UE-A23-M11.csv
2023,,11,2023-11-01,2023-11-30,Bio,Males castres,O,3,EUR/kg carcasse,5.27,,COT-VRO-GBBI_prix_UE-A23-M11.csv
2023,,11,2023-11-01,2023-11-30,Bio,Femelles ayant deja vele,R,2,EUR/kg carcasse,5.48,,COT-VRO-GBBI_prix_UE-A23-M11.csv
2023,,11,2023-11-01,2023-11-30,Bio,Femelles ayant deja vele,R,3,EUR/kg carcasse,5.58,,COT-VRO-GBBI_prix_UE-A23-M11.csv
2023,,11,2023-11-01,2023-11-30,Bio,Femelles ayant deja vele,O,2,EUR/kg carcasse,4.63,,COT-VRO-GBBI_prix_UE-A23-M11.csv
2023,,11,2023-11-01,2023-11-30,Bio,Femelles ayant deja vele,O,3,EUR/kg carcasse,4.89,,COT-VRO-GBBI_prix_UE-A23-M11.csv
2023,,11,2023-11-01,2023-11-30,Bio,Femelles ayant deja vele,P,3,EUR/kg carcasse,4.68,,COT-VRO-GBBI_prix_UE-A23-M11.csv
2023,,11,2023-11-01,2023-11-30,Bio,Autres femelles,R,3,EUR/kg carcasse,5.57,,COT-VRO-GBBI_prix_UE-A23-M11.csv
2023,45,,2023-11-06,2023-11-12,Standard,Males non castres de moins de 2 ans,E,2,EUR/kg carcasse,5.9,,COT-VRO-GBEA_communautaire-A23-S45.csv
2023,45,,2023-11-06,2023-11-12,Standard,Males non castres de moins de 2 ans,U,2,EUR/kg carcasse,5.51,,COT-VRO-GBEA_communautaire-A23-S45.csv
2023,45,,2023-11-06,2023-11-12,Standard,Males non castres de moins de 2 ans,U,3,EUR/kg carcasse,5.33,,COT-VRO-GBEA_communautaire-A23-S45.csv
2023,45,,2023-11-06,2023-11-12,Standard,Males non castres de moins de 2 ans,R,2,EUR/kg carcasse,5.26,,COT-VRO-GBEA_communautaire-A23-S45.csv
2023,45,,2023-11-06,2023-11-12,Standard,Males non castres de moins de 2 ans,R,3,EUR/kg carcasse,5.18,,COT-VRO-GBEA_communautaire-A23-S45.csv
2023,45,,2023-11-06,2023-11-12,Standard,Males non castres de moins de 2 ans,O,2,EUR/kg carcasse,4.75,,COT-VRO-GBEA_communautaire-A23-S45.csv
2023,45,,2023-11-06,2023-11-12,Standard,Males non castres de moins de 2 ans,O,3,EUR/kg carcasse,4.77,,COT-VRO-GBEA_communautaire-A23-S45.csv
2023,45,,2023-11-06,2023-11-12,Standard,Males non castres de moins de 2 ans,P,3,EUR/kg carcasse,4.7,,COT-VRO-GBEA_communautaire-A23-S45.csv
2023,45,,2023-11-06,2023-11-12,Standard,Autres males non castres,U,2,EUR/kg carcasse,4.54,,COT-VRO-GBEA_communautaire-A23-S45.csv
2023,45,,2023-11-06,2023-11-12,Standard,Autres males non castres,R,2,EUR/kg carcasse,4.49,,COT-VRO-GBEA_communautaire-A23-S45.csv
2023,45,,2023-11-06,2023-11-12,Standard,Autres males non castres,O,2,EUR/kg carcasse,4.1,,COT-VRO-GBEA_communautaire-A23-S45.csv
2023,45,,2023-11-06,2023-11-12,Standard,Males castres,R,3,EUR/kg carcasse,5.32,,COT-VRO-GBEA_communautaire-A23-S45.csv
2023,45,,2023-11-06,2023-11-12,Standard,Males castres,O,3,EUR/kg carcasse,4.68,,COT-VRO-GBEA_communautaire-A23-S45.csv
2023,45,,2023-11-06,2023-11-12,Standard,Males castres,P,3,EUR/kg carcasse,4.39,,COT-VRO-GBEA_communautaire-A23-S45.csv
2023,45,,2023-11-06,2023-11-12,Standard,Femelles ayant deja vele,U,3,EUR/kg carcasse,5.9,,COT-VRO-GBEA_communautaire-A23-S45.csv
2023,45,,2023-11-06,2023-11-12,Standard,Femelles ayant deja vele,R,2,EUR/kg carcasse,5.39,,COT-VRO-GBEA_communautaire-A23-S45.csv
2023,45,,2023-11-06,2023-11-12,Standard,Femelles ayant deja vele,R,3,EUR/kg carcasse,5.44,,COT-VRO-GBEA_communautaire-A23-S45.csv
2023,45,,2023-11-06,2023-11-12,Standard,Femelles ayant deja vele,R,4,EUR/kg carcasse,5.36,,COT-VRO-GBEA_communautaire-A23-S45.csv
2023,45,,2023-11-06,2023-11-12,Standard,Femelles ayant deja vele,O,2,EUR/kg carcasse,4.65,,COT-VRO-GBEA_communautaire-A23-S45.csv
2023,45,,2023-11-06,2023-11-12,Standard,Femelles ayant deja vele,O,3,EUR/kg carcasse,4.54,,COT-VRO-GBEA_communautaire-A23-S45.csv
2023,45,,2023-11-06,2023-11-12,Standard,Femelles ayant deja vele,O,4,EUR/kg carcasse,4.37,,COT-VRO-GBEA_communautaire-A23-S45.csv
2023,45,,2023-11-06,2023-11-12,Standard,Femelles ayant deja vele,P,2,EUR/kg carcasse,4.04,,COT-VRO-GBEA_communautaire-A23-S45.csv
2023,45,,2023-11-06,2023-11-12,Standard,Femelles ayant deja vele,P,3,EUR/kg carcasse,4.26,,COT-VRO-GBEA_communautaire-A23-S45.csv
2023,45,,2023-11-06,2023-11-12,Standard,Autres femelles,U,2,EUR/kg carcasse,5.92,,COT-VRO-GBEA_communautaire-A23-S45.csv
2023,45,,2023-11-06,2023-11-12,Standard,Autres femelles,U,3,EUR/kg carcasse,5.89,,COT-VRO-GBEA_communautaire-A23-S45.csv
2023,45,,2023-11-06,2023-11-12,Standard,Autres femelles,R,2,EUR/kg carcasse,5.32,,COT-VRO-GBEA_communautaire-A23-S45.csv
2023,45,,2023-11-06,2023-11-12,Standard,Autres femelles,R,3,EUR/kg carcasse,5.49,,COT-VRO-GBEA_communautaire-A23-S45.csv
2023,45,,2023-11-06,2023-11-12,Standard,Autres femelles,R,4,EUR/kg carcasse,5.33,,COT-VRO-GBEA_communautaire-A23-S45.csv
2023,45,,2023-11-06,2023-11-12,Standard,Autres femelles,O,2,EUR/kg carcasse,4.6,,COT-VRO-GBEA_communautaire-A23-S45.csv
2023,45,,2023-11-06,2023-11-12,Standard,Autres femelles,O,3,EUR/kg carcasse,4.83,,COT-VRO-GBEA_communautaire-A23-S45.csv
2023,46,,2023-11-13,2023-11-19,Standard,Males non castres de moins de 2 ans,E,2,EUR/kg carcasse,5.84,,COT-VRO-GBEA_communautaire-A23-S46.csv
2023,46,,2023-11-13,2023-11-19,Standard,Males non castres de moins de 2 ans,U,2,EUR/kg carcasse,5.51,,COT-VRO-GBEA_communautaire-A23-S46.csv
2023,46,,2023-11-13,2023-11-19,Standard,Males non castres de moins de 2 ans,U,3,EUR/kg carcasse,5.33,,COT-VRO-GBEA_communautaire-A23-S46.csv
2023,46,,2023-11-13,2023-11-19,Standard,Males non castres de moins de 2 ans,R,2,EUR/kg carcasse,5.26,,COT-VRO-GBEA_communautaire-A23-S46.csv
2023,46,,2023-11-13,2023-11-19,Standard,Males non castres de moins de 2 ans,R,3,EUR/kg carcasse,5.18,,COT-VRO-GBEA_communautaire-A23-S46.csv
2023,46,,2023-11-13,2023-11-19,Standard,Males non castres de moins de 2 ans,O,2,EUR/kg carcasse,4.66,,COT-VRO-GBEA_communautaire-A23-S46.csv
2023,46,,2023-11-13,2023-11-19,Standard,Males non castres de moins de 2 ans,O,3,EUR/kg carcasse,4.72,,COT-VRO-GBEA_communautaire-A23-S46.csv
2023,46,,2023-11-13,2023-11-19,Standard,Males non castres de moins de 2 ans,P,3,EUR/kg carcasse,4.66,,COT-VRO-GBEA_communautaire-A23-S46.csv
2023,46,,2023-11-13,2023-11-19,Standard,Autres males non castres,U,2,EUR/kg carcasse,4.49,,COT-VRO-GBEA_communautaire-A23-S46.csv
2023,46,,2023-11-13,2023-11-19,Standard,Autres males non castres,R,2,EUR/kg carcasse,4.46,,COT-VRO-GBEA_communautaire-A23-S46.csv
2023,46,,2023-11-13,2023-11-19,Standard,Autres males non castres,O,2,EUR/kg carcasse,4.12,,COT-VRO-GBEA_communautaire-A23-S46.csv
2023,46,,2023-11-13,2023-11-19,Standard,Males castres,R,3,EUR/kg carcasse,5.23,,COT-VRO-GBEA_communautaire-A23-S46.csv
2023,46,,2023-11-13,2023-11-19,Standard,Males castres,O,3,EUR/kg carcasse,4.58,,COT-VRO-GBEA_communautaire-A23-S46.csv
2023,46,,2023-11-13,2023-11-19,Standard,Males castres,P,3,EUR/kg carcasse,4.27,,COT-VRO-GBEA_communautaire-A23-S46.csv
2023,46,,2023-11-13,2023-11-19,Standard,Femelles ayant deja vele,U,3,EUR/kg carcasse,5.92,,COT-VRO-GBEA_communautaire-A23-S46.csv
2023,46,,2023-11-13,2023-11-19,Standard,Femelles ayant deja vele,R,2,EUR/kg carcasse,5.27,,COT-VRO-GBEA_communautaire-A23-S46.csv
2023,46,,2023-11-13,2023-11-19,Standard,Femelles ayant deja vele,R,3,EUR/kg carcasse,5.4,,COT-VRO-GBEA_communautaire-A23-S46.csv
2023,46,,2023-11-13,2023-11-19,Standard,Femelles ayant deja vele,R,4,EUR/kg carcasse,5.3,,COT-VRO-GBEA_communautaire-A23-S46.csv
2023,46,,2023-11-13,2023-11-19,Standard,Femelles ayant deja vele,O,2,EUR/kg carcasse,4.62,,COT-VRO-GBEA_communautaire-A23-S46.csv
2023,46,,2023-11-13,2023-11-19,Standard,Femelles ayant deja vele,O,3,EUR/kg carcasse,4.48,,COT-VRO-GBEA_communautaire-A23-S46.csv
2023,46,,2023-11-13,2023-11-19,Standard,Femelles ayant deja vele,O,4,EUR/kg carcasse,4.27,,COT-VRO-GBEA_communautaire-A23-S46.csv
2023,46,,2023-11-13,2023-11-19,Standard,Femelles ayant deja vele,P,2,EUR/kg carcasse,3.94,,COT-VRO-GBEA_communautaire-A23-S46.csv
2023,46,,2023-11-13,2023-11-19,Standard,Femelles ayant deja vele,P,3,EUR/kg carcasse,4.16,,COT-VRO-GBEA_communautaire-A23-S46.csv
2023,46,,2023-11-13,2023-11-19,Standard,Autres femelles,U,2,EUR/kg carcasse,5.76,,COT-VRO-GBEA_communautaire-A23-S46.csv
2023,46,,2023-11-13,2023-11-19,Standard,Autres femelles,U,3,EUR/kg carcasse,5.84,,COT-VRO-GBEA_communautaire-A23-S46.csv
2023,46,,2023-11-13,2023-11-19,Standard,Autres femelles,R,2,EUR/kg carcasse,5.43,,COT-VRO-GBEA_communautaire-A23-S46.csv
2023,46,,2023-11-13,2023-11-19,Standard,Autres femelles,R,3,EUR/kg carcasse,5.46,,COT-VRO-GBEA_communautaire-A23-S46.csv
2023,46,,2023-11-13,2023-11-19,Standard,Autres femelles,R,4,EUR/kg carcasse,5.34,,COT-VRO-GBEA_communautaire-A23-S46.csv
2023,46,,2023-11-13,2023-11-19,Standard,Autres femelles,O,3,EUR/kg carcasse,4.77,,COT-VRO-GBEA_communautaire-A23-S46.csv
2023,47,,2023-11-20,2023-11-26,Standard,Males non castres de moins de 2 ans,E,2,EUR/kg carcasse,5.88,,COT-VRO-GBEA_communautaire-A23-S47.csv
2023,47,,2023-11-20,2023-11-26,Standard,Males non castres de moins de 2 ans,U,2,EUR/kg carcasse,5.52,,COT-VRO-GBEA_communautaire-A23-S47.csv
2023,47,,2023-11-20,2023-11-26,Standard,Males non castres de moins de 2 ans,U,3,EUR/kg carcasse,5.33,,COT-VRO-GBEA_communautaire-A23-S47.csv
2023,47,,2023-11-20,2023-11-26,Standard,Males non castres de moins de 2 ans,R,2,EUR/kg carcasse,5.26,,COT-VRO-GBEA_communautaire-A23-S47.csv
2023,47,,2023-11-20,2023-11-26,Standard,Males non castres de moins de 2 ans,R,3,EUR/kg carcasse,5.19,,COT-VRO-GBEA_communautaire-A23-S47.csv
2023,47,,2023-11-20,2023-11-26,Standard,Males non castres de moins de 2 ans,O,2,EUR/kg carcasse,4.67,,COT-VRO-GBEA_communautaire-A23-S47.csv
2023,47,,2023-11-20,2023-11-26,Standard,Males non castres de moins de 2 ans,O,3,EUR/kg carcasse,4.71,,COT-VRO-GBEA_communautaire-A23-S47.csv
2023,47,,2023-11-20,2023-11-26,Standard,Males non castres de moins de 2 ans,P,3,EUR/kg carcasse,4.62,,COT-VRO-GBEA_communautaire-A23-S47.csv
2023,47,,2023-11-20,2023-11-26,Standard,Autres males non castres,U,2,EUR/kg carcasse,4.46,,COT-VRO-GBEA_communautaire-A23-S47.csv
2023,47,,2023-11-20,2023-11-26,Standard,Autres males non castres,R,2,EUR/kg carcasse,4.37,,COT-VRO-GBEA_communautaire-A23-S47.csv
2023,47,,2023-11-20,2023-11-26,Standard,Autres males non castres,O,2,EUR/kg carcasse,3.96,,COT-VRO-GBEA_communautaire-A23-S47.csv
2023,47,,2023-11-20,2023-11-26,Standard,Males castres,R,3,EUR/kg carcasse,5.2,,COT-VRO-GBEA_communautaire-A23-S47.csv
2023,47,,2023-11-20,2023-11-26,Standard,Males castres,O,3,EUR/kg carcasse,4.61,,COT-VRO-GBEA_communautaire-A23-S47.csv
2023,47,,2023-11-20,2023-11-26,Standard,Males castres,P,3,EUR/kg carcasse,4.4,,COT-VRO-GBEA_communautaire-A23-S47.csv
2023,47,,2023-11-20,2023-11-26,Standard,Femelles ayant deja vele,U,3,EUR/kg carcasse,5.86,,COT-VRO-GBEA_communautaire-A23-S47.csv
2023,47,,2023-11-20,2023-11-26,Standard,Femelles ayant deja vele,R,2,EUR/kg carcasse,5.28,,COT-VRO-GBEA_communautaire-A23-S47.csv
2023,47,,2023-11-20,2023-11-26,Standard,Femelles ayant deja vele,R,3,EUR/kg carcasse,5.38,,COT-VRO-GBEA_communautaire-A23-S47.csv
2023,47,,2023-11-20,2023-11-26,Standard,Femelles ayant deja vele,R,4,EUR/kg carcasse,5.26,,COT-VRO-GBEA_communautaire-A23-S47.csv
2023,47,,2023-11-20,2023-11-26,Standard,Femelles ayant deja vele,O,2,EUR/kg carcasse,4.58,,COT-VRO-GBEA_communautaire-A23-S47.csv
2023,47,,2023-11-20,2023-11-26,Standard,Femelles ayant deja vele,O,3,EUR/kg carcasse,4.38,,COT-VRO-GBEA_communautaire-A23-S47.csv
2023,47,,2023-11-20,2023-11-26,Standard,Femelles ayant deja vele,O,4,EUR/kg carcasse,4.23,,COT-VRO-GBEA_communautaire-A23-S47.csv
2023,47,,2023-11-20,2023-11-26,Standard,Femelles ayant deja vele,P,2,EUR/kg carcasse,3.83,,COT-VRO-GBEA_communautaire-A23-S47.csv
2023,47,,2023-11-20,2023-11-26,Standard,Femelles ayant deja vele,P,3,EUR/kg carcasse,4.05,,COT-VRO-GBEA_communautaire-A23-S47.csv
2023,47,,2023-11-20,2023-11-26,Standard,Autres femelles,U,3,EUR/kg carcasse,5.86,,COT-VRO-GBEA_communautaire-A23-S47.csv
2023,47,,2023-11-20,2023-11-26,Standard,Autres femelles,R,2,EUR/kg carcasse,5.34,,COT-VRO-GBEA_communautaire-A23-S47.csv
2023,47,,2023-11-20,2023-11-26,Standard,Autres femelles,R,3,EUR/kg carcasse,5.45,,COT-VRO-GBEA_communautaire-A23-S47.csv
2023,47,,2023-11-20,2023-11-26,Standard,Autres femelles,R,4,EUR/kg carcasse,5.29,,COT-VRO-GBEA_communautaire-A23-S47.csv
2023,47,,2023-11-20,2023-11-26,Standard,Autres femelles,O,3,EUR/kg carcasse,4.69,,COT-VRO-GBEA_communautaire-A23-S47.csv
2023,48,,2023-11-27,2023-12-03,Standard,Males non castres de moins de 2 ans,E,2,EUR/kg carcasse,5.78,,COT-VRO-GBEA_communautaire-A23-S48.csv
2023,48,,2023-11-27,2023-12-03,Standard,Males non castres de moins de 2 ans,U,2,EUR/kg carcasse,5.51,,COT-VRO-GBEA_communautaire-A23-S48.csv
2023,48,,2023-11-27,2023-12-03,Standard,Males non castres de moins de 2 ans,U,3,EUR/kg carcasse,5.35,,COT-VRO-GBEA_communautaire-A23-S48.csv
2023,48,,2023-11-27,2023-12-03,Standard,Males non castres de moins de 2 ans,R,2,EUR/kg carcasse,5.24,,COT-VRO-GBEA_communautaire-A23-S48.csv
2023,48,,2023-11-27,2023-12-03,Standard,Males non castres de moins de 2 ans,R,3,EUR/kg carcasse,5.19,,COT-VRO-GBEA_communautaire-A23-S48.csv
2023,48,,2023-11-27,2023-12-03,Standard,Males non castres de moins de 2 ans,O,2,EUR/kg carcasse,4.64,,COT-VRO-GBEA_communautaire-A23-S48.csv
2023,48,,2023-11-27,2023-12-03,Standard,Males non castres de moins de 2 ans,O,3,EUR/kg carcasse,4.64,,COT-VRO-GBEA_communautaire-A23-S48.csv
2023,48,,2023-11-27,2023-12-03,Standard,Males non castres de moins de 2 ans,P,3,EUR/kg carcasse,4.57,,COT-VRO-GBEA_communautaire-A23-S48.csv
2023,48,,2023-11-27,2023-12-03,Standard,Autres males non castres,U,2,EUR/kg carcasse,4.37,,COT-VRO-GBEA_communautaire-A23-S48.csv
2023,48,,2023-11-27,2023-12-03,Standard,Autres males non castres,R,2,EUR/kg carcasse,4.34,,COT-VRO-GBEA_communautaire-A23-S48.csv
2023,48,,2023-11-27,2023-12-03,Standard,Autres males non castres,O,2,EUR/kg carcasse,3.94,,COT-VRO-GBEA_communautaire-A23-S48.csv
2023,48,,2023-11-27,2023-12-03,Standard,Males castres,R,3,EUR/kg carcasse,5.18,,COT-VRO-GBEA_communautaire-A23-S48.csv
2023,48,,2023-11-27,2023-12-03,Standard,Males castres,O,3,EUR/kg carcasse,4.47,,COT-VRO-GBEA_communautaire-A23-S48.csv
2023,48,,2023-11-27,2023-12-03,Standard,Males castres,P,3,EUR/kg carcasse,4.43,,COT-VRO-GBEA_communautaire-A23-S48.csv
2023,48,,2023-11-27,2023-12-03,Standard,Femelles ayant deja vele,U,3,EUR/kg carcasse,5.86,,COT-VRO-GBEA_communautaire-A23-S48.csv
2023,48,,2023-11-27,2023-12-03,Standard,Femelles ayant deja vele,R,2,EUR/kg carcasse,5.26,,COT-VRO-GBEA_communautaire-A23-S48.csv
2023,48,,2023-11-27,2023-12-03,Standard,Femelles ayant deja vele,R,3,EUR/kg carcasse,5.35,,COT-VRO-GBEA_communautaire-A23-S48.csv
2023,48,,2023-11-27,2023-12-03,Standard,Femelles ayant deja vele,R,4,EUR/kg carcasse,5.28,,COT-VRO-GBEA_communautaire-A23-S48.csv
2023,48,,2023-11-27,2023-12-03,Standard,Femelles ayant deja vele,O,2,EUR/kg carcasse,4.47,,COT-VRO-GBEA_communautaire-A23-S48.csv
2023,48,,2023-11-27,2023-12-03,Standard,Femelles ayant deja vele,O,3,EUR/kg carcasse,4.29,,COT-VRO-GBEA_communautaire-A23-S48.csv
2023,48,,2023-11-27,2023-12-03,Standard,Femelles ayant deja vele,O,4,EUR/kg carcasse,4.12,,COT-VRO-GBEA_communautaire-A23-S48.csv
2023,48,,2023-11-27,2023-12-03,Standard,Femelles ayant deja vele,P,2,EUR/kg carcasse,3.73,,COT-VRO-GBEA_communautaire-A23-S48.csv
2023,48,,2023-11-27,2023-12-03,Standard,Femelles ayant deja vele,P,3,EUR/kg carcasse,3.95,,COT-VRO-GBEA_communautaire-A23-S48.csv
2023,48,,2023-11-27,2023-12-03,Standard,Autres femelles,U,3,EUR/kg carcasse,5.88,,COT-VRO-GBEA_communautaire-A23-S48.csv
2023,48,,2023-11-27,2023-12-03,Standard,Autres femelles,R,2,EUR/kg carcasse,5.28,,COT-VRO-GBEA_communautaire-A23-S48.csv
2023,48,,2023-11-27,2023-12-03,Standard,Autres femelles,R,3,EUR/kg carcasse,5.44,,COT-VRO-GBEA_communautaire-A23-S48.csv
2023,48,,2023-11-27,2023-12-03,Standard,Autres femelles,R,4,EUR/kg carcasse,5.29,,COT-VRO-GBEA_communautaire-A23-S48.csv
2023,48,,2023-11-27,2023-12-03,Standard,Autres femelles,O,2,EUR/kg carcasse,4.55,,COT-VRO-GBEA_communautaire-A23-S48.csv
2023,48,,2023-11-27,2023-12-03,Standard,Autres femelles,O,3,EUR/kg carcasse,4.66,,COT-VRO-GBEA_communautaire-A23-S48.csv
2023,,12,2023-12-01,2023-12-31,Bio,Males castres,R,3,EUR/kg carcasse,5.69,,COT-VRO-GBBI_prix_UE-A23-M12.csv
2023,,12,2023-12-01,2023-12-31,Bio,Males castres,O,3,EUR/kg carcasse,5.14,,COT-VRO-GBBI_prix_UE-A23-M12.csv
2023,,12,2023-12-01,2023-12-31,Bio,Femelles ayant deja vele,U,3,EUR/kg carcasse,5.9,,COT-VRO-GBBI_prix_UE-A23-M12.csv
2023,,12,2023-12-01,2023-12-31,Bio,Femelles ayant deja vele,R,2,EUR/kg carcasse,5.47,,COT-VRO-GBBI_prix_UE-A23-M12.csv
2023,,12,2023-12-01,2023-12-31,Bio,Femelles ayant deja vele,R,3,EUR/kg carcasse,5.56,,COT-VRO-GBBI_prix_UE-A23-M12.csv
2023,,12,2023-12-01,2023-12-31,Bio,Femelles ayant deja vele,O,2,EUR/kg carcasse,4.53,,COT-VRO-GBBI_prix_UE-A23-M12.csv
2023,,12,2023-12-01,2023-12-31,Bio,Femelles ayant deja vele,O,3,EUR/kg carcasse,4.79,,COT-VRO-GBBI_prix_UE-A23-M12.csv
2023,,12,2023-12-01,2023-12-31,Bio,Femelles ayant deja vele,P,3,EUR/kg carcasse,4.46,,COT-VRO-GBBI_prix_UE-A23-M12.csv
2023,,12,2023-12-01,2023-12-31,Bio,Autres femelles,R,3,EUR/kg carcasse,5.59,,COT-VRO-GBBI_prix_UE-A23-M12.csv
2023,49,,2023-12-04,2023-12-10,Standard,Males non castres de moins de 2 ans,E,2,EUR/kg carcasse,5.82,,COT-VRO-GBEA_communautaire-A23-S49.csv
2023,49,,2023-12-04,2023-12-10,Standard,Males non castres de moins de 2 ans,U,2,EUR/kg carcasse,5.53,,COT-VRO-GBEA_communautaire-A23-S49.csv
2023,49,,2023-12-04,2023-12-10,Standard,Males non castres de moins de 2 ans,U,3,EUR/kg carcasse,5.35,,COT-VRO-GBEA_communautaire-A23-S49.csv
2023,49,,2023-12-04,2023-12-10,Standard,Males non castres de moins de 2 ans,R,2,EUR/kg carcasse,5.27,,COT-VRO-GBEA_communautaire-A23-S49.csv
2023,49,,2023-12-04,2023-12-10,Standard,Males non castres de moins de 2 ans,R,3,EUR/kg carcasse,5.2,,COT-VRO-GBEA_communautaire-A23-S49.csv
2023,49,,2023-12-04,2023-12-10,Standard,Males non castres de moins de 2 ans,O,2,EUR/kg carcasse,4.59,,COT-VRO-GBEA_communautaire-A23-S49.csv
2023,49,,2023-12-04,2023-12-10,Standard,Males non castres de moins de 2 ans,O,3,EUR/kg carcasse,4.66,,COT-VRO-GBEA_communautaire-A23-S49.csv
2023,49,,2023-12-04,2023-12-10,Standard,Males non castres de moins de 2 ans,P,3,EUR/kg carcasse,4.59,,COT-VRO-GBEA_communautaire-A23-S49.csv
2023,49,,2023-12-04,2023-12-10,Standard,Autres males non castres,U,2,EUR/kg carcasse,4.34,,COT-VRO-GBEA_communautaire-A23-S49.csv
2023,49,,2023-12-04,2023-12-10,Standard,Autres males non castres,R,2,EUR/kg carcasse,4.23,,COT-VRO-GBEA_communautaire-A23-S49.csv
2023,49,,2023-12-04,2023-12-10,Standard,Autres males non castres,O,2,EUR/kg carcasse,3.9,,COT-VRO-GBEA_communautaire-A23-S49.csv
2023,49,,2023-12-04,2023-12-10,Standard,Males castres,R,3,EUR/kg carcasse,5.27,,COT-VRO-GBEA_communautaire-A23-S49.csv
2023,49,,2023-12-04,2023-12-10,Standard,Males castres,O,3,EUR/kg carcasse,4.43,,COT-VRO-GBEA_communautaire-A23-S49.csv
2023,49,,2023-12-04,2023-12-10,Standard,Males castres,P,3,EUR/kg carcasse,3.97,,COT-VRO-GBEA_communautaire-A23-S49.csv
2023,49,,2023-12-04,2023-12-10,Standard,Femelles ayant deja vele,E,3,EUR/kg carcasse,7.73,,COT-VRO-GBEA_communautaire-A23-S49.csv
2023,49,,2023-12-04,2023-12-10,Standard,Femelles ayant deja vele,U,3,EUR/kg carcasse,6.07,,COT-VRO-GBEA_communautaire-A23-S49.csv
2023,49,,2023-12-04,2023-12-10,Standard,Femelles ayant deja vele,R,2,EUR/kg carcasse,5.27,,COT-VRO-GBEA_communautaire-A23-S49.csv
2023,49,,2023-12-04,2023-12-10,Standard,Femelles ayant deja vele,R,3,EUR/kg carcasse,5.35,,COT-VRO-GBEA_communautaire-A23-S49.csv
2023,49,,2023-12-04,2023-12-10,Standard,Femelles ayant deja vele,R,4,EUR/kg carcasse,5.3,,COT-VRO-GBEA_communautaire-A23-S49.csv
2023,49,,2023-12-04,2023-12-10,Standard,Femelles ayant deja vele,O,2,EUR/kg carcasse,4.42,,COT-VRO-GBEA_communautaire-A23-S49.csv
2023,49,,2023-12-04,2023-12-10,Standard,Femelles ayant deja vele,O,3,EUR/kg carcasse,4.24,,COT-VRO-GBEA_communautaire-A23-S49.csv
2023,49,,2023-12-04,2023-12-10,Standard,Femelles ayant deja vele,O,4,EUR/kg carcasse,4.04,,COT-VRO-GBEA_communautaire-A23-S49.csv
2023,49,,2023-12-04,2023-12-10,Standard,Femelles ayant deja vele,P,2,EUR/kg carcasse,3.65,,COT-VRO-GBEA_communautaire-A23-S49.csv
2023,49,,2023-12-04,2023-12-10,Standard,Femelles ayant deja vele,P,3,EUR/kg carcasse,3.88,,COT-VRO-GBEA_communautaire-A23-S49.csv
2023,49,,2023-12-04,2023-12-10,Standard,Autres femelles,E,3,EUR/kg carcasse,7.56,,COT-VRO-GBEA_communautaire-A23-S49.csv
2023,49,,2023-12-04,2023-12-10,Standard,Autres femelles,U,3,EUR/kg carcasse,6,,COT-VRO-GBEA_communautaire-A23-S49.csv
2023,49,,2023-12-04,2023-12-10,Standard,Autres femelles,R,2,EUR/kg carcasse,5.38,,COT-VRO-GBEA_communautaire-A23-S49.csv
2023,49,,2023-12-04,2023-12-10,Standard,Autres femelles,R,3,EUR/kg carcasse,5.44,,COT-VRO-GBEA_communautaire-A23-S49.csv
2023,49,,2023-12-04,2023-12-10,Standard,Autres femelles,R,4,EUR/kg carcasse,5.3,,COT-VRO-GBEA_communautaire-A23-S49.csv
2023,49,,2023-12-04,2023-12-10,Standard,Autres femelles,O,2,EUR/kg carcasse,4.63,,COT-VRO-GBEA_communautaire-A23-S49.csv
2023,49,,2023-12-04,2023-12-10,Standard,Autres femelles,O,3,EUR/kg carcasse,4.69,,COT-VRO-GBEA_communautaire-A23-S49.csv
2023,50,,2023-12-11,2023-12-17,Standard,Males non castres de moins de 2 ans,E,2,EUR/kg carcasse,5.85,,COT-VRO-GBEA_communautaire-A23-S50.csv
2023,50,,2023-12-11,2023-12-17,Standard,Males non castres de moins de 2 ans,U,2,EUR/kg carcasse,5.55,,COT-VRO-GBEA_communautaire-A23-S50.csv
2023,50,,2023-12-11,2023-12-17,Standard,Males non castres de moins de 2 ans,U,3,EUR/kg carcasse,5.36,,COT-VRO-GBEA_communautaire-A23-S50.csv
2023,50,,2023-12-11,2023-12-17,Standard,Males non castres de moins de 2 ans,R,2,EUR/kg carcasse,5.26,,COT-VRO-GBEA_communautaire-A23-S50.csv
2023,50,,2023-12-11,2023-12-17,Standard,Males non castres de moins de 2 ans,R,3,EUR/kg carcasse,5.21,,COT-VRO-GBEA_communautaire-A23-S50.csv
2023,50,,2023-12-11,2023-12-17,Standard,Males non castres de moins de 2 ans,O,2,EUR/kg carcasse,4.63,,COT-VRO-GBEA_communautaire-A23-S50.csv
2023,50,,2023-12-11,2023-12-17,Standard,Males non castres de moins de 2 ans,O,3,EUR/kg carcasse,4.66,,COT-VRO-GBEA_communautaire-A23-S50.csv
2023,50,,2023-12-11,2023-12-17,Standard,Males non castres de moins de 2 ans,P,3,EUR/kg carcasse,4.58,,COT-VRO-GBEA_communautaire-A23-S50.csv
2023,50,,2023-12-11,2023-12-17,Standard,Autres males non castres,U,2,EUR/kg carcasse,4.32,,COT-VRO-GBEA_communautaire-A23-S50.csv
2023,50,,2023-12-11,2023-12-17,Standard,Autres males non castres,R,2,EUR/kg carcasse,4.23,,COT-VRO-GBEA_communautaire-A23-S50.csv
2023,50,,2023-12-11,2023-12-17,Standard,Autres males non castres,O,2,EUR/kg carcasse,3.84,,COT-VRO-GBEA_communautaire-A23-S50.csv
2023,50,,2023-12-11,2023-12-17,Standard,Males castres,R,3,EUR/kg carcasse,5.32,,COT-VRO-GBEA_communautaire-A23-S50.csv
2023,50,,2023-12-11,2023-12-17,Standard,Males castres,O,3,EUR/kg carcasse,4.42,,COT-VRO-GBEA_communautaire-A23-S50.csv
2023,50,,2023-12-11,2023-12-17,Standard,Males castres,P,3,EUR/kg carcasse,4.08,,COT-VRO-GBEA_communautaire-A23-S50.csv
2023,50,,2023-12-11,2023-12-17,Standard,Femelles ayant deja vele,E,3,EUR/kg carcasse,7.54,,COT-VRO-GBEA_communautaire-A23-S50.csv
2023,50,,2023-12-11,2023-12-17,Standard,Femelles ayant deja vele,U,3,EUR/kg carcasse,6,,COT-VRO-GBEA_communautaire-A23-S50.csv
2023,50,,2023-12-11,2023-12-17,Standard,Femelles ayant deja vele,R,2,EUR/kg carcasse,5.22,,COT-VRO-GBEA_communautaire-A23-S50.csv
2023,50,,2023-12-11,2023-12-17,Standard,Femelles ayant deja vele,R,3,EUR/kg carcasse,5.35,,COT-VRO-GBEA_communautaire-A23-S50.csv
2023,50,,2023-12-11,2023-12-17,Standard,Femelles ayant deja vele,R,4,EUR/kg carcasse,5.29,,COT-VRO-GBEA_communautaire-A23-S50.csv
2023,50,,2023-12-11,2023-12-17,Standard,Femelles ayant deja vele,O,2,EUR/kg carcasse,4.46,,COT-VRO-GBEA_communautaire-A23-S50.csv
2023,50,,2023-12-11,2023-12-17,Standard,Femelles ayant deja vele,O,3,EUR/kg carcasse,4.22,,COT-VRO-GBEA_communautaire-A23-S50.csv
2023,50,,2023-12-11,2023-12-17,Standard,Femelles ayant deja vele,O,4,EUR/kg carcasse,3.8,,COT-VRO-GBEA_communautaire-A23-S50.csv
2023,50,,2023-12-11,2023-12-17,Standard,Femelles ayant deja vele,P,2,EUR/kg carcasse,3.62,,COT-VRO-GBEA_communautaire-A23-S50.csv
2023,50,,2023-12-11,2023-12-17,Standard,Femelles ayant deja vele,P,3,EUR/kg carcasse,3.85,,COT-VRO-GBEA_communautaire-A23-S50.csv
2023,50,,2023-12-11,2023-12-17,Standard,Autres femelles,E,3,EUR/kg carcasse,7.71,,COT-VRO-GBEA_communautaire-A23-S50.csv
2023,50,,2023-12-11,2023-12-17,Standard,Autres femelles,U,3,EUR/kg carcasse,6.02,,COT-VRO-GBEA_communautaire-A23-S50.csv
2023,50,,2023-12-11,2023-12-17,Standard,Autres femelles,R,2,EUR/kg carcasse,5.29,,COT-VRO-GBEA_communautaire-A23-S50.csv
2023,50,,2023-12-11,2023-12-17,Standard,Autres femelles,R,3,EUR/kg carcasse,5.45,,COT-VRO-GBEA_communautaire-A23-S50.csv
2023,50,,2023-12-11,2023-12-17,Standard,Autres femelles,R,4,EUR/kg carcasse,5.29,,COT-VRO-GBEA_communautaire-A23-S50.csv
2023,50,,2023-12-11,2023-12-17,Standard,Autres femelles,O,3,EUR/kg carcasse,4.6,,COT-VRO-GBEA_communautaire-A23-S50.csv
2023,51,,2023-12-18,2023-12-24,Standard,Males non castres de moins de 2 ans,E,2,EUR/kg carcasse,5.86,,COT-VRO-GBEA_communautaire-A23-S51.csv
2023,51,,2023-12-18,2023-12-24,Standard,Males non castres de moins de 2 ans,U,2,EUR/kg carcasse,5.55,,COT-VRO-GBEA_communautaire-A23-S51.csv
2023,51,,2023-12-18,2023-12-24,Standard,Males non castres de moins de 2 ans,U,3,EUR/kg carcasse,5.36,,COT-VRO-GBEA_communautaire-A23-S51.csv
2023,51,,2023-12-18,2023-12-24,Standard,Males non castres de moins de 2 ans,R,2,EUR/kg carcasse,5.25,,COT-VRO-GBEA_communautaire-A23-S51.csv
2023,51,,2023-12-18,2023-12-24,Standard,Males non castres de moins de 2 ans,R,3,EUR/kg carcasse,5.2,,COT-VRO-GBEA_communautaire-A23-S51.csv
2023,51,,2023-12-18,2023-12-24,Standard,Males non castres de moins de 2 ans,O,2,EUR/kg carcasse,4.6,,COT-VRO-GBEA_communautaire-A23-S51.csv
2023,51,,2023-12-18,2023-12-24,Standard,Males non castres de moins de 2 ans,O,3,EUR/kg carcasse,4.67,,COT-VRO-GBEA_communautaire-A23-S51.csv
2023,51,,2023-12-18,2023-12-24,Standard,Males non castres de moins de 2 ans,P,3,EUR/kg carcasse,4.55,,COT-VRO-GBEA_communautaire-A23-S51.csv
2023,51,,2023-12-18,2023-12-24,Standard,Autres males non castres,U,2,EUR/kg carcasse,4.36,,COT-VRO-GBEA_communautaire-A23-S51.csv
2023,51,,2023-12-18,2023-12-24,Standard,Autres males non castres,R,2,EUR/kg carcasse,4.2,,COT-VRO-GBEA_communautaire-A23-S51.csv
2023,51,,2023-12-18,2023-12-24,Standard,Males castres,R,3,EUR/kg carcasse,5.16,,COT-VRO-GBEA_communautaire-A23-S51.csv
2023,51,,2023-12-18,2023-12-24,Standard,Males castres,O,3,EUR/kg carcasse,4.46,,COT-VRO-GBEA_communautaire-A23-S51.csv
2023,51,,2023-12-18,2023-12-24,Standard,Males castres,P,3,EUR/kg carcasse,3.98,,COT-VRO-GBEA_communautaire-A23-S51.csv
2023,51,,2023-12-18,2023-12-24,Standard,Femelles ayant deja vele,U,3,EUR/kg carcasse,5.84,,COT-VRO-GBEA_communautaire-A23-S51.csv
2023,51,,2023-12-18,2023-12-24,Standard,Femelles ayant deja vele,R,2,EUR/kg carcasse,5.25,,COT-VRO-GBEA_communautaire-A23-S51.csv
2023,51,,2023-12-18,2023-12-24,Standard,Femelles ayant deja vele,R,3,EUR/kg carcasse,5.35,,COT-VRO-GBEA_communautaire-A23-S51.csv
2023,51,,2023-12-18,2023-12-24,Standard,Femelles ayant deja vele,R,4,EUR/kg carcasse,5.32,,COT-VRO-GBEA_communautaire-A23-S51.csv
2023,51,,2023-12-18,2023-12-24,Standard,Femelles ayant deja vele,O,2,EUR/kg carcasse,4.49,,COT-VRO-GBEA_communautaire-A23-S51.csv
2023,51,,2023-12-18,2023-12-24,Standard,Femelles ayant deja vele,O,3,EUR/kg carcasse,4.26,,COT-VRO-GBEA_communautaire-A23-S51.csv
2023,51,,2023-12-18,2023-12-24,Standard,Femelles ayant deja vele,O,4,EUR/kg carcasse,4.04,,COT-VRO-GBEA_communautaire-A23-S51.csv
2023,51,,2023-12-18,2023-12-24,Standard,Femelles ayant deja vele,P,2,EUR/kg carcasse,3.62,,COT-VRO-GBEA_communautaire-A23-S51.csv
2023,51,,2023-12-18,2023-12-24,Standard,Femelles ayant deja vele,P,3,EUR/kg carcasse,3.85,,COT-VRO-GBEA_communautaire-A23-S51.csv
2023,51,,2023-12-18,2023-12-24,Standard,Autres femelles,U,3,EUR/kg carcasse,5.87,,COT-VRO-GBEA_communautaire-A23-S51.csv
2023,51,,2023-12-18,2023-12-24,Standard,Autres femelles,R,2,EUR/kg carcasse,5.34,,COT-VRO-GBEA_communautaire-A23-S51.csv
2023,51,,2023-12-18,2023-12-24,Standard,Autres femelles,R,3,EUR/kg carcasse,5.45,,COT-VRO-GBEA_communautaire-A23-S51.csv
2023,51,,2023-12-18,2023-12-24,Standard,Autres femelles,R,4,EUR/kg carcasse,5.3,,COT-VRO-GBEA_communautaire-A23-S51.csv
2023,51,,2023-12-18,2023-12-24,Standard,Autres femelles,O,3,EUR/kg carcasse,4.73,,COT-VRO-GBEA_communautaire-A23-S51.csv
2023,52,,2023-12-25,2023-12-31,Standard,Males non castres de moins de 2 ans,U,2,EUR/kg carcasse,5.54,,COT-VRO-GBEA_communautaire-A23-S52.csv
2023,52,,2023-12-25,2023-12-31,Standard,Males non castres de moins de 2 ans,U,3,EUR/kg carcasse,5.37,,COT-VRO-GBEA_communautaire-A23-S52.csv
2023,52,,2023-12-25,2023-12-31,Standard,Males non castres de moins de 2 ans,R,2,EUR/kg carcasse,5.27,,COT-VRO-GBEA_communautaire-A23-S52.csv
2023,52,,2023-12-25,2023-12-31,Standard,Males non castres de moins de 2 ans,R,3,EUR/kg carcasse,5.23,,COT-VRO-GBEA_communautaire-A23-S52.csv
2023,52,,2023-12-25,2023-12-31,Standard,Males non castres de moins de 2 ans,O,2,EUR/kg carcasse,4.68,,COT-VRO-GBEA_communautaire-A23-S52.csv
2023,52,,2023-12-25,2023-12-31,Standard,Males non castres de moins de 2 ans,O,3,EUR/kg carcasse,4.71,,COT-VRO-GBEA_communautaire-A23-S52.csv
2023,52,,2023-12-25,2023-12-31,Standard,Males non castres de moins de 2 ans,P,3,EUR/kg carcasse,4.63,,COT-VRO-GBEA_communautaire-A23-S52.csv
2023,52,,2023-12-25,2023-12-31,Standard,Autres males non castres,U,2,EUR/kg carcasse,4.34,,COT-VRO-GBEA_communautaire-A23-S52.csv
2023,52,,2023-12-25,2023-12-31,Standard,Autres males non castres,R,2,EUR/kg carcasse,4.25,,COT-VRO-GBEA_communautaire-A23-S52.csv
2023,52,,2023-12-25,2023-12-31,Standard,Males castres,R,3,EUR/kg carcasse,5.28,,COT-VRO-GBEA_communautaire-A23-S52.csv
2023,52,,2023-12-25,2023-12-31,Standard,Males castres,O,3,EUR/kg carcasse,4.53,,COT-VRO-GBEA_communautaire-A23-S52.csv
2023,52,,2023-12-25,2023-12-31,Standard,Males castres,P,3,EUR/kg carcasse,4.14,,COT-VRO-GBEA_communautaire-A23-S52.csv
2023,52,,2023-12-25,2023-12-31,Standard,Femelles ayant deja vele,U,3,EUR/kg carcasse,5.81,,COT-VRO-GBEA_communautaire-A23-S52.csv
2023,52,,2023-12-25,2023-12-31,Standard,Femelles ayant deja vele,R,2,EUR/kg carcasse,5.28,,COT-VRO-GBEA_communautaire-A23-S52.csv
2023,52,,2023-12-25,2023-12-31,Standard,Femelles ayant deja vele,R,3,EUR/kg carcasse,5.37,,COT-VRO-GBEA_communautaire-A23-S52.csv
2023,52,,2023-12-25,2023-12-31,Standard,Femelles ayant deja vele,R,4,EUR/kg carcasse,5.26,,COT-VRO-GBEA_communautaire-A23-S52.csv
2023,52,,2023-12-25,2023-12-31,Standard,Femelles ayant deja vele,O,2,EUR/kg carcasse,4.54,,COT-VRO-GBEA_communautaire-A23-S52.csv
2023,52,,2023-12-25,2023-12-31,Standard,Femelles ayant deja vele,O,3,EUR/kg carcasse,4.28,,COT-VRO-GBEA_communautaire-A23-S52.csv
2023,52,,2023-12-25,2023-12-31,Standard,Femelles ayant deja vele,O,4,EUR/kg carcasse,3.88,,COT-VRO-GBEA_communautaire-A23-S52.csv
2023,52,,2023-12-25,2023-12-31,Standard,Femelles ayant deja vele,P,2,EUR/kg carcasse,3.65,,COT-VRO-GBEA_communautaire-A23-S52.csv
2023,52,,2023-12-25,2023-12-31,Standard,Femelles ayant deja vele,P,3,EUR/kg carcasse,3.88,,COT-VRO-GBEA_communautaire-A23-S52.csv
2023,52,,2023-12-25,2023-12-31,Standard,Autres femelles,U,3,EUR/kg carcasse,5.86,,COT-VRO-GBEA_communautaire-A23-S52.csv
2023,52,,2023-12-25,2023-12-31,Standard,Autres femelles,R,2,EUR/kg carcasse,5.39,,COT-VRO-GBEA_communautaire-A23-S52.csv
2023,52,,2023-12-25,2023-12-31,Standard,Autres femelles,R,3,EUR/kg carcasse,5.44,,COT-VRO-GBEA_communautaire-A23-S52.csv
2023,52,,2023-12-25,2023-12-31,Standard,Autres femelles,R,4,EUR/kg carcasse,5.3,,COT-VRO-GBEA_communautaire-A23-S52.csv
2023,52,,2023-12-25,2023-12-31,Standard,Autres femelles,O,3,EUR/kg carcasse,4.77,,COT-VRO-GBEA_communautaire-A23-S52.csv
2024,,1,2024-01-01,2024-01-31,Bio,Males castres,R,3,EUR/kg carcasse,5.66,,COT-VRO-GBBI_prix_UE-A24-M01.csv
2024,,1,2024-01-01,2024-01-31,Bio,Males castres,O,3,EUR/kg carcasse,5.07,,COT-VRO-GBBI_prix_UE-A24-M01.csv
2024,,1,2024-01-01,2024-01-31,Bio,Femelles ayant deja vele,U,3,EUR/kg carcasse,5.85,,COT-VRO-GBBI_prix_UE-A24-M01.csv
2024,,1,2024-01-01,2024-01-31,Bio,Femelles ayant deja vele,R,3,EUR/kg carcasse,5.59,,COT-VRO-GBBI_prix_UE-A24-M01.csv
2024,,1,2024-01-01,2024-01-31,Bio,Femelles ayant deja vele,O,3,EUR/kg carcasse,4.89,,COT-VRO-GBBI_prix_UE-A24-M01.csv
2024,,1,2024-01-01,2024-01-31,Bio,Femelles ayant deja vele,P,3,EUR/kg carcasse,4.55,,COT-VRO-GBBI_prix_UE-A24-M01.csv
2024,,1,2024-01-01,2024-01-31,Bio,Autres femelles,R,3,EUR/kg carcasse,5.63,,COT-VRO-GBBI_prix_UE-A24-M01.csv
2024,1,,2024-01-01,2024-01-07,Standard,Males non castres de moins de 2 ans,E,2,EUR/kg carcasse,5.83,,COT-VRO-GBEA_communautaire-A24-S01.csv
2024,1,,2024-01-01,2024-01-07,Standard,Males non castres de moins de 2 ans,U,2,EUR/kg carcasse,5.56,,COT-VRO-GBEA_communautaire-A24-S01.csv
2024,1,,2024-01-01,2024-01-07,Standard,Males non castres de moins de 2 ans,U,3,EUR/kg carcasse,5.38,,COT-VRO-GBEA_communautaire-A24-S01.csv
2024,1,,2024-01-01,2024-01-07,Standard,Males non castres de moins de 2 ans,R,2,EUR/kg carcasse,5.29,,COT-VRO-GBEA_communautaire-A24-S01.csv
2024,1,,2024-01-01,2024-01-07,Standard,Males non castres de moins de 2 ans,R,3,EUR/kg carcasse,5.24,,COT-VRO-GBEA_communautaire-A24-S01.csv
2024,1,,2024-01-01,2024-01-07,Standard,Males non castres de moins de 2 ans,O,2,EUR/kg carcasse,4.69,,COT-VRO-GBEA_communautaire-A24-S01.csv
2024,1,,2024-01-01,2024-01-07,Standard,Males non castres de moins de 2 ans,O,3,EUR/kg carcasse,4.7,,COT-VRO-GBEA_communautaire-A24-S01.csv
2024,1,,2024-01-01,2024-01-07,Standard,Males non castres de moins de 2 ans,P,3,EUR/kg carcasse,4.55,,COT-VRO-GBEA_communautaire-A24-S01.csv
2024,1,,2024-01-01,2024-01-07,Standard,Autres males non castres,U,2,EUR/kg carcasse,4.41,,COT-VRO-GBEA_communautaire-A24-S01.csv
2024,1,,2024-01-01,2024-01-07,Standard,Autres males non castres,R,2,EUR/kg carcasse,4.33,,COT-VRO-GBEA_communautaire-A24-S01.csv
2024,1,,2024-01-01,2024-01-07,Standard,Males castres,R,3,EUR/kg carcasse,5.26,,COT-VRO-GBEA_communautaire-A24-S01.csv
2024,1,,2024-01-01,2024-01-07,Standard,Males castres,O,3,EUR/kg carcasse,4.43,,COT-VRO-GBEA_communautaire-A24-S01.csv
2024,1,,2024-01-01,2024-01-07,Standard,Males castres,P,3,EUR/kg carcasse,4.32,,COT-VRO-GBEA_communautaire-A24-S01.csv
2024,1,,2024-01-01,2024-01-07,Standard,Femelles ayant deja vele,U,3,EUR/kg carcasse,5.81,,COT-VRO-GBEA_communautaire-A24-S01.csv
2024,1,,2024-01-01,2024-01-07,Standard,Femelles ayant deja vele,R,2,EUR/kg carcasse,5.32,,COT-VRO-GBEA_communautaire-A24-S01.csv
2024,1,,2024-01-01,2024-01-07,Standard,Femelles ayant deja vele,R,3,EUR/kg carcasse,5.36,,COT-VRO-GBEA_communautaire-A24-S01.csv
2024,1,,2024-01-01,2024-01-07,Standard,Femelles ayant deja vele,R,4,EUR/kg carcasse,5.29,,COT-VRO-GBEA_communautaire-A24-S01.csv
2024,1,,2024-01-01,2024-01-07,Standard,Femelles ayant deja vele,O,2,EUR/kg carcasse,4.6,,COT-VRO-GBEA_communautaire-A24-S01.csv
2024,1,,2024-01-01,2024-01-07,Standard,Femelles ayant deja vele,O,3,EUR/kg carcasse,4.3,,COT-VRO-GBEA_communautaire-A24-S01.csv
2024,1,,2024-01-01,2024-01-07,Standard,Femelles ayant deja vele,O,4,EUR/kg carcasse,4.11,,COT-VRO-GBEA_communautaire-A24-S01.csv
2024,1,,2024-01-01,2024-01-07,Standard,Femelles ayant deja vele,P,2,EUR/kg carcasse,3.71,,COT-VRO-GBEA_communautaire-A24-S01.csv
2024,1,,2024-01-01,2024-01-07,Standard,Femelles ayant deja vele,P,3,EUR/kg carcasse,3.93,,COT-VRO-GBEA_communautaire-A24-S01.csv
2024,1,,2024-01-01,2024-01-07,Standard,Autres femelles,U,3,EUR/kg carcasse,5.87,,COT-VRO-GBEA_communautaire-A24-S01.csv
2024,1,,2024-01-01,2024-01-07,Standard,Autres femelles,R,2,EUR/kg carcasse,5.38,,COT-VRO-GBEA_communautaire-A24-S01.csv
2024,1,,2024-01-01,2024-01-07,Standard,Autres femelles,R,3,EUR/kg carcasse,5.46,,COT-VRO-GBEA_communautaire-A24-S01.csv
2024,1,,2024-01-01,2024-01-07,Standard,Autres femelles,R,4,EUR/kg carcasse,5.27,,COT-VRO-GBEA_communautaire-A24-S01.csv
2024,1,,2024-01-01,2024-01-07,Standard,Autres femelles,O,3,EUR/kg carcasse,4.67,,COT-VRO-GBEA_communautaire-A24-S01.csv
2024,2,,2024-01-08,2024-01-14,Standard,Males non castres de moins de 2 ans,E,2,EUR/kg carcasse,5.84,,COT-VRO-GBEA_communautaire-A24-S02.csv
2024,2,,2024-01-08,2024-01-14,Standard,Males non castres de moins de 2 ans,U,2,EUR/kg carcasse,5.57,,COT-VRO-GBEA_communautaire-A24-S02.csv
2024,2,,2024-01-08,2024-01-14,Standard,Males non castres de moins de 2 ans,U,3,EUR/kg carcasse,5.4,,COT-VRO-GBEA_communautaire-A24-S02.csv
2024,2,,2024-01-08,2024-01-14,Standard,Males non castres de moins de 2 ans,R,2,EUR/kg carcasse,5.31,,COT-VRO-GBEA_communautaire-A24-S02.csv
2024,2,,2024-01-08,2024-01-14,Standard,Males non castres de moins de 2 ans,R,3,EUR/kg carcasse,5.25,,COT-VRO-GBEA_communautaire-A24-S02.csv
2024,2,,2024-01-08,2024-01-14,Standard,Males non castres de moins de 2 ans,O,2,EUR/kg carcasse,4.71,,COT-VRO-GBEA_communautaire-A24-S02.csv
2024,2,,2024-01-08,2024-01-14,Standard,Males non castres de moins de 2 ans,O,3,EUR/kg carcasse,4.75,,COT-VRO-GBEA_communautaire-A24-S02.csv
2024,2,,2024-01-08,2024-01-14,Standard,Males non castres de moins de 2 ans,P,3,EUR/kg carcasse,4.64,,COT-VRO-GBEA_communautaire-A24-S02.csv
2024,2,,2024-01-08,2024-01-14,Standard,Autres males non castres,U,2,EUR/kg carcasse,4.43,,COT-VRO-GBEA_communautaire-A24-S02.csv
2024,2,,2024-01-08,2024-01-14,Standard,Autres males non castres,R,2,EUR/kg carcasse,4.37,,COT-VRO-GBEA_communautaire-A24-S02.csv
2024,2,,2024-01-08,2024-01-14,Standard,Males castres,O,3,EUR/kg carcasse,4.4,,COT-VRO-GBEA_communautaire-A24-S02.csv
2024,2,,2024-01-08,2024-01-14,Standard,Males castres,P,3,EUR/kg carcasse,4.09,,COT-VRO-GBEA_communautaire-A24-S02.csv
2024,2,,2024-01-08,2024-01-14,Standard,Femelles ayant deja vele,U,3,EUR/kg carcasse,5.84,,COT-VRO-GBEA_communautaire-A24-S02.csv
2024,2,,2024-01-08,2024-01-14,Standard,Femelles ayant deja vele,R,2,EUR/kg carcasse,5.34,,COT-VRO-GBEA_communautaire-A24-S02.csv
2024,2,,2024-01-08,2024-01-14,Standard,Femelles ayant deja vele,R,3,EUR/kg carcasse,5.39,,COT-VRO-GBEA_communautaire-A24-S02.csv
2024,2,,2024-01-08,2024-01-14,Standard,Femelles ayant deja vele,R,4,EUR/kg carcasse,5.33,,COT-VRO-GBEA_communautaire-A24-S02.csv
2024,2,,2024-01-08,2024-01-14,Standard,Femelles ayant deja vele,O,2,EUR/kg carcasse,4.68,,COT-VRO-GBEA_communautaire-A24-S02.csv
2024,2,,2024-01-08,2024-01-14,Standard,Femelles ayant deja vele,O,3,EUR/kg carcasse,4.33,,COT-VRO-GBEA_communautaire-A24-S02.csv
2024,2,,2024-01-08,2024-01-14,Standard,Femelles ayant deja vele,O,4,EUR/kg carcasse,4.15,,COT-VRO-GBEA_communautaire-A24-S02.csv
2024,2,,2024-01-08,2024-01-14,Standard,Femelles ayant deja vele,P,2,EUR/kg carcasse,3.75,,COT-VRO-GBEA_communautaire-A24-S02.csv
2024,2,,2024-01-08,2024-01-14,Standard,Femelles ayant deja vele,P,3,EUR/kg carcasse,3.97,,COT-VRO-GBEA_communautaire-A24-S02.csv
2024,2,,2024-01-08,2024-01-14,Standard,Autres femelles,U,3,EUR/kg carcasse,5.89,,COT-VRO-GBEA_communautaire-A24-S02.csv
2024,2,,2024-01-08,2024-01-14,Standard,Autres femelles,R,2,EUR/kg carcasse,5.41,,COT-VRO-GBEA_communautaire-A24-S02.csv
2024,2,,2024-01-08,2024-01-14,Standard,Autres femelles,R,3,EUR/kg carcasse,5.48,,COT-VRO-GBEA_communautaire-A24-S02.csv
2024,2,,2024-01-08,2024-01-14,Standard,Autres femelles,R,4,EUR/kg carcasse,5.31,,COT-VRO-GBEA_communautaire-A24-S02.csv
2024,2,,2024-01-08,2024-01-14,Standard,Autres femelles,O,3,EUR/kg carcasse,4.65,,COT-VRO-GBEA_communautaire-A24-S02.csv
2024,3,,2024-01-15,2024-01-21,Standard,Males non castres de moins de 2 ans,E,2,EUR/kg carcasse,5.82,,COT-VRO-GBEA_communautaire-A24-S03.csv
2024,3,,2024-01-15,2024-01-21,Standard,Males non castres de moins de 2 ans,U,2,EUR/kg carcasse,5.59,,COT-VRO-GBEA_communautaire-A24-S03.csv
2024,3,,2024-01-15,2024-01-21,Standard,Males non castres de moins de 2 ans,U,3,EUR/kg carcasse,5.43,,COT-VRO-GBEA_communautaire-A24-S03.csv
2024,3,,2024-01-15,2024-01-21,Standard,Males non castres de moins de 2 ans,R,2,EUR/kg carcasse,5.33,,COT-VRO-GBEA_communautaire-A24-S03.csv
2024,3,,2024-01-15,2024-01-21,Standard,Males non castres de moins de 2 ans,R,3,EUR/kg carcasse,5.27,,COT-VRO-GBEA_communautaire-A24-S03.csv
2024,3,,2024-01-15,2024-01-21,Standard,Males non castres de moins de 2 ans,O,2,EUR/kg carcasse,4.78,,COT-VRO-GBEA_communautaire-A24-S03.csv
2024,3,,2024-01-15,2024-01-21,Standard,Males non castres de moins de 2 ans,O,3,EUR/kg carcasse,4.78,,COT-VRO-GBEA_communautaire-A24-S03.csv
2024,3,,2024-01-15,2024-01-21,Standard,Males non castres de moins de 2 ans,P,3,EUR/kg carcasse,4.67,,COT-VRO-GBEA_communautaire-A24-S03.csv
2024,3,,2024-01-15,2024-01-21,Standard,Autres males non castres,U,2,EUR/kg carcasse,4.44,,COT-VRO-GBEA_communautaire-A24-S03.csv
2024,3,,2024-01-15,2024-01-21,Standard,Autres males non castres,R,2,EUR/kg carcasse,4.37,,COT-VRO-GBEA_communautaire-A24-S03.csv
2024,3,,2024-01-15,2024-01-21,Standard,Males castres,R,3,EUR/kg carcasse,5.25,,COT-VRO-GBEA_communautaire-A24-S03.csv
2024,3,,2024-01-15,2024-01-21,Standard,Males castres,O,3,EUR/kg carcasse,4.56,,COT-VRO-GBEA_communautaire-A24-S03.csv
2024,3,,2024-01-15,2024-01-21,Standard,Males castres,P,3,EUR/kg carcasse,4.17,,COT-VRO-GBEA_communautaire-A24-S03.csv
2024,3,,2024-01-15,2024-01-21,Standard,Femelles ayant deja vele,U,3,EUR/kg carcasse,5.84,,COT-VRO-GBEA_communautaire-A24-S03.csv
2024,3,,2024-01-15,2024-01-21,Standard,Femelles ayant deja vele,R,2,EUR/kg carcasse,5.36,,COT-VRO-GBEA_communautaire-A24-S03.csv
2024,3,,2024-01-15,2024-01-21,Standard,Femelles ayant deja vele,R,3,EUR/kg carcasse,5.4,,COT-VRO-GBEA_communautaire-A24-S03.csv
2024,3,,2024-01-15,2024-01-21,Standard,Femelles ayant deja vele,R,4,EUR/kg carcasse,5.33,,COT-VRO-GBEA_communautaire-A24-S03.csv
2024,3,,2024-01-15,2024-01-21,Standard,Femelles ayant deja vele,O,2,EUR/kg carcasse,4.62,,COT-VRO-GBEA_communautaire-A24-S03.csv
2024,3,,2024-01-15,2024-01-21,Standard,Femelles ayant deja vele,O,3,EUR/kg carcasse,4.35,,COT-VRO-GBEA_communautaire-A24-S03.csv
2024,3,,2024-01-15,2024-01-21,Standard,Femelles ayant deja vele,O,4,EUR/kg carcasse,4.17,,COT-VRO-GBEA_communautaire-A24-S03.csv
2024,3,,2024-01-15,2024-01-21,Standard,Femelles ayant deja vele,P,2,EUR/kg carcasse,3.79,,COT-VRO-GBEA_communautaire-A24-S03.csv
2024,3,,2024-01-15,2024-01-21,Standard,Femelles ayant deja vele,P,3,EUR/kg carcasse,4.01,,COT-VRO-GBEA_communautaire-A24-S03.csv
2024,3,,2024-01-15,2024-01-21,Standard,Autres femelles,U,3,EUR/kg carcasse,5.85,,COT-VRO-GBEA_communautaire-A24-S03.csv
2024,3,,2024-01-15,2024-01-21,Standard,Autres femelles,R,2,EUR/kg carcasse,5.4,,COT-VRO-GBEA_communautaire-A24-S03.csv
2024,3,,2024-01-15,2024-01-21,Standard,Autres femelles,R,3,EUR/kg carcasse,5.48,,COT-VRO-GBEA_communautaire-A24-S03.csv
2024,3,,2024-01-15,2024-01-21,Standard,Autres femelles,R,4,EUR/kg carcasse,5.3,,COT-VRO-GBEA_communautaire-A24-S03.csv
2024,3,,2024-01-15,2024-01-21,Standard,Autres femelles,O,3,EUR/kg carcasse,4.8,,COT-VRO-GBEA_communautaire-A24-S03.csv
2024,4,,2024-01-22,2024-01-28,Standard,Males non castres de moins de 2 ans,E,2,EUR/kg carcasse,5.87,,COT-VRO-GBEA_communautaire-A24-S04.csv
2024,4,,2024-01-22,2024-01-28,Standard,Males non castres de moins de 2 ans,U,2,EUR/kg carcasse,5.6,,COT-VRO-GBEA_communautaire-A24-S04.csv
2024,4,,2024-01-22,2024-01-28,Standard,Males non castres de moins de 2 ans,U,3,EUR/kg carcasse,5.45,,COT-VRO-GBEA_communautaire-A24-S04.csv
2024,4,,2024-01-22,2024-01-28,Standard,Males non castres de moins de 2 ans,R,2,EUR/kg carcasse,5.36,,COT-VRO-GBEA_communautaire-A24-S04.csv
2024,4,,2024-01-22,2024-01-28,Standard,Males non castres de moins de 2 ans,R,3,EUR/kg carcasse,5.28,,COT-VRO-GBEA_communautaire-A24-S04.csv
2024,4,,2024-01-22,2024-01-28,Standard,Males non castres de moins de 2 ans,O,2,EUR/kg carcasse,4.73,,COT-VRO-GBEA_communautaire-A24-S04.csv
2024,4,,2024-01-22,2024-01-28,Standard,Males non castres de moins de 2 ans,O,3,EUR/kg carcasse,4.81,,COT-VRO-GBEA_communautaire-A24-S04.csv
2024,4,,2024-01-22,2024-01-28,Standard,Males non castres de moins de 2 ans,P,3,EUR/kg carcasse,4.68,,COT-VRO-GBEA_communautaire-A24-S04.csv
2024,4,,2024-01-22,2024-01-28,Standard,Autres males non castres,U,2,EUR/kg carcasse,4.49,,COT-VRO-GBEA_communautaire-A24-S04.csv
2024,4,,2024-01-22,2024-01-28,Standard,Autres males non castres,R,2,EUR/kg carcasse,4.46,,COT-VRO-GBEA_communautaire-A24-S04.csv
2024,4,,2024-01-22,2024-01-28,Standard,Autres males non castres,O,2,EUR/kg carcasse,4.13,,COT-VRO-GBEA_communautaire-A24-S04.csv
2024,4,,2024-01-22,2024-01-28,Standard,Males castres,R,3,EUR/kg carcasse,5.21,,COT-VRO-GBEA_communautaire-A24-S04.csv
2024,4,,2024-01-22,2024-01-28,Standard,Males castres,O,3,EUR/kg carcasse,4.46,,COT-VRO-GBEA_communautaire-A24-S04.csv
2024,4,,2024-01-22,2024-01-28,Standard,Males castres,P,3,EUR/kg carcasse,4.34,,COT-VRO-GBEA_communautaire-A24-S04.csv
2024,4,,2024-01-22,2024-01-28,Standard,Femelles ayant deja vele,U,3,EUR/kg carcasse,5.83,,COT-VRO-GBEA_communautaire-A24-S04.csv
2024,4,,2024-01-22,2024-01-28,Standard,Femelles ayant deja vele,R,2,EUR/kg carcasse,5.36,,COT-VRO-GBEA_communautaire-A24-S04.csv
2024,4,,2024-01-22,2024-01-28,Standard,Femelles ayant deja vele,R,3,EUR/kg carcasse,5.41,,COT-VRO-GBEA_communautaire-A24-S04.csv
2024,4,,2024-01-22,2024-01-28,Standard,Femelles ayant deja vele,R,4,EUR/kg carcasse,5.29,,COT-VRO-GBEA_communautaire-A24-S04.csv
2024,4,,2024-01-22,2024-01-28,Standard,Femelles ayant deja vele,O,2,EUR/kg carcasse,4.75,,COT-VRO-GBEA_communautaire-A24-S04.csv
2024,4,,2024-01-22,2024-01-28,Standard,Femelles ayant deja vele,O,3,EUR/kg carcasse,4.39,,COT-VRO-GBEA_communautaire-A24-S04.csv
2024,4,,2024-01-22,2024-01-28,Standard,Femelles ayant deja vele,O,4,EUR/kg carcasse,4.23,,COT-VRO-GBEA_communautaire-A24-S04.csv
2024,4,,2024-01-22,2024-01-28,Standard,Femelles ayant deja vele,P,2,EUR/kg carcasse,3.83,,COT-VRO-GBEA_communautaire-A24-S04.csv
2024,4,,2024-01-22,2024-01-28,Standard,Femelles ayant deja vele,P,3,EUR/kg carcasse,4.05,,COT-VRO-GBEA_communautaire-A24-S04.csv
2024,4,,2024-01-22,2024-01-28,Standard,Autres femelles,U,3,EUR/kg carcasse,5.86,,COT-VRO-GBEA_communautaire-A24-S04.csv
2024,4,,2024-01-22,2024-01-28,Standard,Autres femelles,R,2,EUR/kg carcasse,5.39,,COT-VRO-GBEA_communautaire-A24-S04.csv
2024,4,,2024-01-22,2024-01-28,Standard,Autres femelles,R,3,EUR/kg carcasse,5.48,,COT-VRO-GBEA_communautaire-A24-S04.csv
2024,4,,2024-01-22,2024-01-28,Standard,Autres femelles,R,4,EUR/kg carcasse,5.3,,COT-VRO-GBEA_communautaire-A24-S04.csv
2024,4,,2024-01-22,2024-01-28,Standard,Autres femelles,O,3,EUR/kg carcasse,4.74,,COT-VRO-GBEA_communautaire-A24-S04.csv
2024,5,,2024-01-29,2024-02-04,Standard,Males non castres de moins de 2 ans,E,2,EUR/kg carcasse,5.84,,COT-VRO-GBEA_communautaire-A24-S05.csv
2024,5,,2024-01-29,2024-02-04,Standard,Males non castres de moins de 2 ans,U,2,EUR/kg carcasse,5.63,,COT-VRO-GBEA_communautaire-A24-S05.csv
2024,5,,2024-01-29,2024-02-04,Standard,Males non castres de moins de 2 ans,U,3,EUR/kg carcasse,5.47,,COT-VRO-GBEA_communautaire-A24-S05.csv
2024,5,,2024-01-29,2024-02-04,Standard,Males non castres de moins de 2 ans,R,2,EUR/kg carcasse,5.39,,COT-VRO-GBEA_communautaire-A24-S05.csv
2024,5,,2024-01-29,2024-02-04,Standard,Males non castres de moins de 2 ans,R,3,EUR/kg carcasse,5.33,,COT-VRO-GBEA_communautaire-A24-S05.csv
2024,5,,2024-01-29,2024-02-04,Standard,Males non castres de moins de 2 ans,O,2,EUR/kg carcasse,4.76,,COT-VRO-GBEA_communautaire-A24-S05.csv
2024,5,,2024-01-29,2024-02-04,Standard,Males non castres de moins de 2 ans,O,3,EUR/kg carcasse,4.82,,COT-VRO-GBEA_communautaire-A24-S05.csv
2024,5,,2024-01-29,2024-02-04,Standard,Males non castres de moins de 2 ans,P,3,EUR/kg carcasse,4.72,,COT-VRO-GBEA_communautaire-A24-S05.csv
2024,5,,2024-01-29,2024-02-04,Standard,Autres males non castres,U,2,EUR/kg carcasse,4.53,,COT-VRO-GBEA_communautaire-A24-S05.csv
2024,5,,2024-01-29,2024-02-04,Standard,Autres males non castres,R,2,EUR/kg carcasse,4.46,,COT-VRO-GBEA_communautaire-A24-S05.csv
2024,5,,2024-01-29,2024-02-04,Standard,Males castres,R,3,EUR/kg carcasse,5.28,,COT-VRO-GBEA_communautaire-A24-S05.csv
2024,5,,2024-01-29,2024-02-04,Standard,Males castres,O,3,EUR/kg carcasse,4.52,,COT-VRO-GBEA_communautaire-A24-S05.csv
2024,5,,2024-01-29,2024-02-04,Standard,Males castres,P,3,EUR/kg carcasse,4.38,,COT-VRO-GBEA_communautaire-A24-S05.csv
2024,5,,2024-01-29,2024-02-04,Standard,Femelles ayant deja vele,U,3,EUR/kg carcasse,5.87,,COT-VRO-GBEA_communautaire-A24-S05.csv
2024,5,,2024-01-29,2024-02-04,Standard,Femelles ayant deja vele,R,2,EUR/kg carcasse,5.38,,COT-VRO-GBEA_communautaire-A24-S05.csv
2024,5,,2024-01-29,2024-02-04,Standard,Femelles ayant deja vele,R,3,EUR/kg carcasse,5.41,,COT-VRO-GBEA_communautaire-A24-S05.csv
2024,5,,2024-01-29,2024-02-04,Standard,Femelles ayant deja vele,R,4,EUR/kg carcasse,5.32,,COT-VRO-GBEA_communautaire-A24-S05.csv
2024,5,,2024-01-29,2024-02-04,Standard,Femelles ayant deja vele,O,2,EUR/kg carcasse,4.76,,COT-VRO-GBEA_communautaire-A24-S05.csv
2024,5,,2024-01-29,2024-02-04,Standard,Femelles ayant deja vele,O,3,EUR/kg carcasse,4.41,,COT-VRO-GBEA_communautaire-A24-S05.csv
2024,5,,2024-01-29,2024-02-04,Standard,Femelles ayant deja vele,O,4,EUR/kg carcasse,4.24,,COT-VRO-GBEA_communautaire-A24-S05.csv
2024,5,,2024-01-29,2024-02-04,Standard,Femelles ayant deja vele,P,2,EUR/kg carcasse,3.86,,COT-VRO-GBEA_communautaire-A24-S05.csv
2024,5,,2024-01-29,2024-02-04,Standard,Femelles ayant deja vele,P,3,EUR/kg carcasse,4.08,,COT-VRO-GBEA_communautaire-A24-S05.csv
2024,5,,2024-01-29,2024-02-04,Standard,Autres femelles,U,3,EUR/kg carcasse,5.88,,COT-VRO-GBEA_communautaire-A24-S05.csv
2024,5,,2024-01-29,2024-02-04,Standard,Autres femelles,R,2,EUR/kg carcasse,5.41,,COT-VRO-GBEA_communautaire-A24-S05.csv
2024,5,,2024-01-29,2024-02-04,Standard,Autres femelles,R,3,EUR/kg carcasse,5.48,,COT-VRO-GBEA_communautaire-A24-S05.csv
2024,5,,2024-01-29,2024-02-04,Standard,Autres femelles,R,4,EUR/kg carcasse,5.33,,COT-VRO-GBEA_communautaire-A24-S05.csv
2024,5,,2024-01-29,2024-02-04,Standard,Autres femelles,O,3,EUR/kg carcasse,4.85,,COT-VRO-GBEA_communautaire-A24-S05.csv
2024,,2,2024-02-01,2024-02-29,Bio,Males castres,R,3,EUR/kg carcasse,5.65,,COT-VRO-GBBI_prix_UE-A24-M02.csv
2024,,2,2024-02-01,2024-02-29,Bio,Males castres,O,3,EUR/kg carcasse,5.02,,COT-VRO-GBBI_prix_UE-A24-M02.csv
2024,,2,2024-02-01,2024-02-29,Bio,Femelles ayant deja vele,U,3,EUR/kg carcasse,5.86,,COT-VRO-GBBI_prix_UE-A24-M02.csv
2024,,2,2024-02-01,2024-02-29,Bio,Femelles ayant deja vele,R,2,EUR/kg carcasse,5.62,,COT-VRO-GBBI_prix_UE-A24-M02.csv
2024,,2,2024-02-01,2024-02-29,Bio,Femelles ayant deja vele,R,3,EUR/kg carcasse,5.57,,COT-VRO-GBBI_prix_UE-A24-M02.csv
2024,,2,2024-02-01,2024-02-29,Bio,Femelles ayant deja vele,O,2,EUR/kg carcasse,4.69,,COT-VRO-GBBI_prix_UE-A24-M02.csv
2024,,2,2024-02-01,2024-02-29,Bio,Femelles ayant deja vele,O,3,EUR/kg carcasse,4.88,,COT-VRO-GBBI_prix_UE-A24-M02.csv
2024,,2,2024-02-01,2024-02-29,Bio,Femelles ayant deja vele,P,3,EUR/kg carcasse,4.6,,COT-VRO-GBBI_prix_UE-A24-M02.csv
2024,,2,2024-02-01,2024-02-29,Bio,Autres femelles,R,3,EUR/kg carcasse,5.61,,COT-VRO-GBBI_prix_UE-A24-M02.csv
2024,6,,2024-02-05,2024-02-11,Standard,Males non castres de moins de 2 ans,E,2,EUR/kg carcasse,5.89,,COT-VRO-GBEA_communautaire-A24-S06.csv
2024,6,,2024-02-05,2024-02-11,Standard,Males non castres de moins de 2 ans,U,2,EUR/kg carcasse,5.67,,COT-VRO-GBEA_communautaire-A24-S06.csv
2024,6,,2024-02-05,2024-02-11,Standard,Males non castres de moins de 2 ans,U,3,EUR/kg carcasse,5.49,,COT-VRO-GBEA_communautaire-A24-S06.csv
2024,6,,2024-02-05,2024-02-11,Standard,Males non castres de moins de 2 ans,R,2,EUR/kg carcasse,5.41,,COT-VRO-GBEA_communautaire-A24-S06.csv
2024,6,,2024-02-05,2024-02-11,Standard,Males non castres de moins de 2 ans,R,3,EUR/kg carcasse,5.33,,COT-VRO-GBEA_communautaire-A24-S06.csv
2024,6,,2024-02-05,2024-02-11,Standard,Males non castres de moins de 2 ans,O,2,EUR/kg carcasse,4.8,,COT-VRO-GBEA_communautaire-A24-S06.csv
2024,6,,2024-02-05,2024-02-11,Standard,Males non castres de moins de 2 ans,O,3,EUR/kg carcasse,4.84,,COT-VRO-GBEA_communautaire-A24-S06.csv
2024,6,,2024-02-05,2024-02-11,Standard,Males non castres de moins de 2 ans,P,3,EUR/kg carcasse,4.76,,COT-VRO-GBEA_communautaire-A24-S06.csv
2024,6,,2024-02-05,2024-02-11,Standard,Autres males non castres,U,2,EUR/kg carcasse,4.56,,COT-VRO-GBEA_communautaire-A24-S06.csv
2024,6,,2024-02-05,2024-02-11,Standard,Autres males non castres,R,2,EUR/kg carcasse,4.5,,COT-VRO-GBEA_communautaire-A24-S06.csv
2024,6,,2024-02-05,2024-02-11,Standard,Males castres,R,3,EUR/kg carcasse,5.36,,COT-VRO-GBEA_communautaire-A24-S06.csv
2024,6,,2024-02-05,2024-02-11,Standard,Males castres,O,3,EUR/kg carcasse,4.54,,COT-VRO-GBEA_communautaire-A24-S06.csv
2024,6,,2024-02-05,2024-02-11,Standard,Males castres,P,3,EUR/kg carcasse,4.2,,COT-VRO-GBEA_communautaire-A24-S06.csv
2024,6,,2024-02-05,2024-02-11,Standard,Femelles ayant deja vele,U,3,EUR/kg carcasse,5.87,,COT-VRO-GBEA_communautaire-A24-S06.csv
2024,6,,2024-02-05,2024-02-11,Standard,Femelles ayant deja vele,R,2,EUR/kg carcasse,5.37,,COT-VRO-GBEA_communautaire-A24-S06.csv
2024,6,,2024-02-05,2024-02-11,Standard,Femelles ayant deja vele,R,3,EUR/kg carcasse,5.44,,COT-VRO-GBEA_communautaire-A24-S06.csv
2024,6,,2024-02-05,2024-02-11,Standard,Femelles ayant deja vele,R,4,EUR/kg carcasse,5.35,,COT-VRO-GBEA_communautaire-A24-S06.csv
2024,6,,2024-02-05,2024-02-11,Standard,Femelles ayant deja vele,O,2,EUR/kg carcasse,4.79,,COT-VRO-GBEA_communautaire-A24-S06.csv
2024,6,,2024-02-05,2024-02-11,Standard,Femelles ayant deja vele,O,3,EUR/kg carcasse,4.46,,COT-VRO-GBEA_communautaire-A24-S06.csv
2024,6,,2024-02-05,2024-02-11,Standard,Femelles ayant deja vele,O,4,EUR/kg carcasse,4.3,,COT-VRO-GBEA_communautaire-A24-S06.csv
2024,6,,2024-02-05,2024-02-11,Standard,Femelles ayant deja vele,P,2,EUR/kg carcasse,3.9,,COT-VRO-GBEA_communautaire-A24-S06.csv
2024,6,,2024-02-05,2024-02-11,Standard,Femelles ayant deja vele,P,3,EUR/kg carcasse,4.12,,COT-VRO-GBEA_communautaire-A24-S06.csv
2024,6,,2024-02-05,2024-02-11,Standard,Autres femelles,U,3,EUR/kg carcasse,5.88,,COT-VRO-GBEA_communautaire-A24-S06.csv
2024,6,,2024-02-05,2024-02-11,Standard,Autres femelles,R,2,EUR/kg carcasse,5.39,,COT-VRO-GBEA_communautaire-A24-S06.csv
2024,6,,2024-02-05,2024-02-11,Standard,Autres femelles,R,3,EUR/kg carcasse,5.49,,COT-VRO-GBEA_communautaire-A24-S06.csv
2024,6,,2024-02-05,2024-02-11,Standard,Autres femelles,R,4,EUR/kg carcasse,5.34,,COT-VRO-GBEA_communautaire-A24-S06.csv
2024,6,,2024-02-05,2024-02-11,Standard,Autres femelles,O,3,EUR/kg carcasse,4.77,,COT-VRO-GBEA_communautaire-A24-S06.csv
2024,7,,2024-02-12,2024-02-18,Standard,Males non castres de moins de 2 ans,U,2,EUR/kg carcasse,5.68,,COT-VRO-GBEA_communautaire-A24-S07.csv
2024,7,,2024-02-12,2024-02-18,Standard,Males non castres de moins de 2 ans,U,3,EUR/kg carcasse,5.51,,COT-VRO-GBEA_communautaire-A24-S07.csv
2024,7,,2024-02-12,2024-02-18,Standard,Males non castres de moins de 2 ans,R,2,EUR/kg carcasse,5.46,,COT-VRO-GBEA_communautaire-A24-S07.csv
2024,7,,2024-02-12,2024-02-18,Standard,Males non castres de moins de 2 ans,R,3,EUR/kg carcasse,5.36,,COT-VRO-GBEA_communautaire-A24-S07.csv
2024,7,,2024-02-12,2024-02-18,Standard,Males non castres de moins de 2 ans,O,2,EUR/kg carcasse,4.88,,COT-VRO-GBEA_communautaire-A24-S07.csv
2024,7,,2024-02-12,2024-02-18,Standard,Males non castres de moins de 2 ans,O,3,EUR/kg carcasse,4.89,,COT-VRO-GBEA_communautaire-A24-S07.csv
2024,7,,2024-02-12,2024-02-18,Standard,Males non castres de moins de 2 ans,P,3,EUR/kg carcasse,4.76,,COT-VRO-GBEA_communautaire-A24-S07.csv
2024,7,,2024-02-12,2024-02-18,Standard,Autres males non castres,U,2,EUR/kg carcasse,4.54,,COT-VRO-GBEA_communautaire-A24-S07.csv
2024,7,,2024-02-12,2024-02-18,Standard,Autres males non castres,R,2,EUR/kg carcasse,4.52,,COT-VRO-GBEA_communautaire-A24-S07.csv
2024,7,,2024-02-12,2024-02-18,Standard,Autres males non castres,O,2,EUR/kg carcasse,4.17,,COT-VRO-GBEA_communautaire-A24-S07.csv
2024,7,,2024-02-12,2024-02-18,Standard,Males castres,R,3,EUR/kg carcasse,5.34,,COT-VRO-GBEA_communautaire-A24-S07.csv
2024,7,,2024-02-12,2024-02-18,Standard,Males castres,O,3,EUR/kg carcasse,4.55,,COT-VRO-GBEA_communautaire-A24-S07.csv
2024,7,,2024-02-12,2024-02-18,Standard,Males castres,P,3,EUR/kg carcasse,4.23,,COT-VRO-GBEA_communautaire-A24-S07.csv
2024,7,,2024-02-12,2024-02-18,Standard,Femelles ayant deja vele,U,3,EUR/kg carcasse,5.89,,COT-VRO-GBEA_communautaire-A24-S07.csv
2024,7,,2024-02-12,2024-02-18,Standard,Femelles ayant deja vele,R,2,EUR/kg carcasse,5.39,,COT-VRO-GBEA_communautaire-A24-S07.csv
2024,7,,2024-02-12,2024-02-18,Standard,Femelles ayant deja vele,R,3,EUR/kg carcasse,5.43,,COT-VRO-GBEA_communautaire-A24-S07.csv
2024,7,,2024-02-12,2024-02-18,Standard,Femelles ayant deja vele,R,4,EUR/kg carcasse,5.3,,COT-VRO-GBEA_communautaire-A24-S07.csv
2024,7,,2024-02-12,2024-02-18,Standard,Femelles ayant deja vele,O,2,EUR/kg carcasse,4.76,,COT-VRO-GBEA_communautaire-A24-S07.csv
2024,7,,2024-02-12,2024-02-18,Standard,Femelles ayant deja vele,O,3,EUR/kg carcasse,4.47,,COT-VRO-GBEA_communautaire-A24-S07.csv
2024,7,,2024-02-12,2024-02-18,Standard,Femelles ayant deja vele,O,4,EUR/kg carcasse,4.28,,COT-VRO-GBEA_communautaire-A24-S07.csv
2024,7,,2024-02-12,2024-02-18,Standard,Femelles ayant deja vele,P,2,EUR/kg carcasse,3.93,,COT-VRO-GBEA_communautaire-A24-S07.csv
2024,7,,2024-02-12,2024-02-18,Standard,Femelles ayant deja vele,P,3,EUR/kg carcasse,4.15,,COT-VRO-GBEA_communautaire-A24-S07.csv
2024,7,,2024-02-12,2024-02-18,Standard,Autres femelles,U,3,EUR/kg carcasse,5.86,,COT-VRO-GBEA_communautaire-A24-S07.csv
2024,7,,2024-02-12,2024-02-18,Standard,Autres femelles,R,2,EUR/kg carcasse,5.42,,COT-VRO-GBEA_communautaire-A24-S07.csv
2024,7,,2024-02-12,2024-02-18,Standard,Autres femelles,R,3,EUR/kg carcasse,5.5,,COT-VRO-GBEA_communautaire-A24-S07.csv
2024,7,,2024-02-12,2024-02-18,Standard,Autres femelles,R,4,EUR/kg carcasse,5.34,,COT-VRO-GBEA_communautaire-A24-S07.csv
2024,7,,2024-02-12,2024-02-18,Standard,Autres femelles,O,3,EUR/kg carcasse,4.93,,COT-VRO-GBEA_communautaire-A24-S07.csv
2024,8,,2024-02-19,2024-02-25,Standard,Males non castres de moins de 2 ans,E,2,EUR/kg carcasse,5.89,,COT-VRO-GBEA_communautaire-A24-S08.csv
2024,8,,2024-02-19,2024-02-25,Standard,Males non castres de moins de 2 ans,U,2,EUR/kg carcasse,5.68,,COT-VRO-GBEA_communautaire-A24-S08.csv
2024,8,,2024-02-19,2024-02-25,Standard,Males non castres de moins de 2 ans,U,3,EUR/kg carcasse,5.52,,COT-VRO-GBEA_communautaire-A24-S08.csv
2024,8,,2024-02-19,2024-02-25,Standard,Males non castres de moins de 2 ans,R,2,EUR/kg carcasse,5.45,,COT-VRO-GBEA_communautaire-A24-S08.csv
2024,8,,2024-02-19,2024-02-25,Standard,Males non castres de moins de 2 ans,R,3,EUR/kg carcasse,5.38,,COT-VRO-GBEA_communautaire-A24-S08.csv
2024,8,,2024-02-19,2024-02-25,Standard,Males non castres de moins de 2 ans,O,2,EUR/kg carcasse,4.81,,COT-VRO-GBEA_communautaire-A24-S08.csv
2024,8,,2024-02-19,2024-02-25,Standard,Males non castres de moins de 2 ans,O,3,EUR/kg carcasse,4.85,,COT-VRO-GBEA_communautaire-A24-S08.csv
2024,8,,2024-02-19,2024-02-25,Standard,Males non castres de moins de 2 ans,P,3,EUR/kg carcasse,4.78,,COT-VRO-GBEA_communautaire-A24-S08.csv
2024,8,,2024-02-19,2024-02-25,Standard,Autres males non castres,U,2,EUR/kg carcasse,4.55,,COT-VRO-GBEA_communautaire-A24-S08.csv
2024,8,,2024-02-19,2024-02-25,Standard,Autres males non castres,R,2,EUR/kg carcasse,4.54,,COT-VRO-GBEA_communautaire-A24-S08.csv
2024,8,,2024-02-19,2024-02-25,Standard,Males castres,R,3,EUR/kg carcasse,5.32,,COT-VRO-GBEA_communautaire-A24-S08.csv
2024,8,,2024-02-19,2024-02-25,Standard,Males castres,O,3,EUR/kg carcasse,4.54,,COT-VRO-GBEA_communautaire-A24-S08.csv
2024,8,,2024-02-19,2024-02-25,Standard,Males castres,P,3,EUR/kg carcasse,4.28,,COT-VRO-GBEA_communautaire-A24-S08.csv
2024,8,,2024-02-19,2024-02-25,Standard,Femelles ayant deja vele,U,3,EUR/kg carcasse,5.87,,COT-VRO-GBEA_communautaire-A24-S08.csv
2024,8,,2024-02-19,2024-02-25,Standard,Femelles ayant deja vele,R,2,EUR/kg carcasse,5.39,,COT-VRO-GBEA_communautaire-A24-S08.csv
2024,8,,2024-02-19,2024-02-25,Standard,Femelles ayant deja vele,R,3,EUR/kg carcasse,5.42,,COT-VRO-GBEA_communautaire-A24-S08.csv
2024,8,,2024-02-19,2024-02-25,Standard,Femelles ayant deja vele,R,4,EUR/kg carcasse,5.32,,COT-VRO-GBEA_communautaire-A24-S08.csv
2024,8,,2024-02-19,2024-02-25,Standard,Femelles ayant deja vele,O,2,EUR/kg carcasse,4.78,,COT-VRO-GBEA_communautaire-A24-S08.csv
2024,8,,2024-02-19,2024-02-25,Standard,Femelles ayant deja vele,O,3,EUR/kg carcasse,4.47,,COT-VRO-GBEA_communautaire-A24-S08.csv
2024,8,,2024-02-19,2024-02-25,Standard,Femelles ayant deja vele,O,4,EUR/kg carcasse,4.29,,COT-VRO-GBEA_communautaire-A24-S08.csv
2024,8,,2024-02-19,2024-02-25,Standard,Femelles ayant deja vele,P,2,EUR/kg carcasse,3.93,,COT-VRO-GBEA_communautaire-A24-S08.csv
2024,8,,2024-02-19,2024-02-25,Standard,Femelles ayant deja vele,P,3,EUR/kg carcasse,4.15,,COT-VRO-GBEA_communautaire-A24-S08.csv
2024,8,,2024-02-19,2024-02-25,Standard,Autres femelles,U,3,EUR/kg carcasse,5.88,,COT-VRO-GBEA_communautaire-A24-S08.csv
2024,8,,2024-02-19,2024-02-25,Standard,Autres femelles,R,2,EUR/kg carcasse,5.37,,COT-VRO-GBEA_communautaire-A24-S08.csv
2024,8,,2024-02-19,2024-02-25,Standard,Autres femelles,R,3,EUR/kg carcasse,5.49,,COT-VRO-GBEA_communautaire-A24-S08.csv
2024,8,,2024-02-19,2024-02-25,Standard,Autres femelles,R,4,EUR/kg carcasse,5.31,,COT-VRO-GBEA_communautaire-A24-S08.csv
2024,8,,2024-02-19,2024-02-25,Standard,Autres femelles,O,3,EUR/kg carcasse,4.83,,COT-VRO-GBEA_communautaire-A24-S08.csv
2024,,3,2024-03-01,2024-03-31,Bio,Males castres,U,3,EUR/kg carcasse,5.87,,COT-VRO-GBBI_prix_UE-A24-M03.csv
2024,,3,2024-03-01,2024-03-31,Bio,Males castres,R,3,EUR/kg carcasse,5.73,,COT-VRO-GBBI_prix_UE-A24-M03.csv
2024,,3,2024-03-01,2024-03-31,Bio,Males castres,O,3,EUR/kg carcasse,5.16,,COT-VRO-GBBI_prix_UE-A24-M03.csv
2024,,3,2024-03-01,2024-03-31,Bio,Femelles ayant deja vele,U,3,EUR/kg carcasse,5.94,,COT-VRO-GBBI_prix_UE-A24-M03.csv
2024,,3,2024-03-01,2024-03-31,Bio,Femelles ayant deja vele,R,2,EUR/kg carcasse,5.63,,COT-VRO-GBBI_prix_UE-A24-M03.csv
2024,,3,2024-03-01,2024-03-31,Bio,Femelles ayant deja vele,R,3,EUR/kg carcasse,5.62,,COT-VRO-GBBI_prix_UE-A24-M03.csv
2024,,3,2024-03-01,2024-03-31,Bio,Femelles ayant deja vele,O,3,EUR/kg carcasse,4.95,,COT-VRO-GBBI_prix_UE-A24-M03.csv
2024,,3,2024-03-01,2024-03-31,Bio,Femelles ayant deja vele,P,3,EUR/kg carcasse,4.65,,COT-VRO-GBBI_prix_UE-A24-M03.csv
2024,,3,2024-03-01,2024-03-31,Bio,Autres femelles,R,3,EUR/kg carcasse,5.71,,COT-VRO-GBBI_prix_UE-A24-M03.csv
2024,10,,2024-03-04,2024-03-10,Standard,Males non castres de moins de 2 ans,E,2,EUR/kg carcasse,5.9,,COT-VRO-GBEA_communautaire-A24-S10.csv
2024,10,,2024-03-04,2024-03-10,Standard,Males non castres de moins de 2 ans,U,2,EUR/kg carcasse,5.69,,COT-VRO-GBEA_communautaire-A24-S10.csv
2024,10,,2024-03-04,2024-03-10,Standard,Males non castres de moins de 2 ans,U,3,EUR/kg carcasse,5.54,,COT-VRO-GBEA_communautaire-A24-S10.csv
2024,10,,2024-03-04,2024-03-10,Standard,Males non castres de moins de 2 ans,R,2,EUR/kg carcasse,5.45,,COT-VRO-GBEA_communautaire-A24-S10.csv
2024,10,,2024-03-04,2024-03-10,Standard,Males non castres de moins de 2 ans,R,3,EUR/kg carcasse,5.38,,COT-VRO-GBEA_communautaire-A24-S10.csv
2024,10,,2024-03-04,2024-03-10,Standard,Males non castres de moins de 2 ans,O,2,EUR/kg carcasse,4.9,,COT-VRO-GBEA_communautaire-A24-S10.csv
2024,10,,2024-03-04,2024-03-10,Standard,Males non castres de moins de 2 ans,O,3,EUR/kg carcasse,4.84,,COT-VRO-GBEA_communautaire-A24-S10.csv
2024,10,,2024-03-04,2024-03-10,Standard,Males non castres de moins de 2 ans,P,3,EUR/kg carcasse,4.76,,COT-VRO-GBEA_communautaire-A24-S10.csv
2024,10,,2024-03-04,2024-03-10,Standard,Autres males non castres,U,2,EUR/kg carcasse,4.68,,COT-VRO-GBEA_communautaire-A24-S10.csv
2024,10,,2024-03-04,2024-03-10,Standard,Autres males non castres,R,2,EUR/kg carcasse,4.56,,COT-VRO-GBEA_communautaire-A24-S10.csv
2024,10,,2024-03-04,2024-03-10,Standard,Autres males non castres,O,2,EUR/kg carcasse,4.17,,COT-VRO-GBEA_communautaire-A24-S10.csv
2024,10,,2024-03-04,2024-03-10,Standard,Males castres,R,3,EUR/kg carcasse,5.24,,COT-VRO-GBEA_communautaire-A24-S10.csv
2024,10,,2024-03-04,2024-03-10,Standard,Males castres,O,3,EUR/kg carcasse,4.54,,COT-VRO-GBEA_communautaire-A24-S10.csv
2024,10,,2024-03-04,2024-03-10,Standard,Males castres,P,3,EUR/kg carcasse,4.29,,COT-VRO-GBEA_communautaire-A24-S10.csv
2024,10,,2024-03-04,2024-03-10,Standard,Femelles ayant deja vele,U,3,EUR/kg carcasse,5.93,,COT-VRO-GBEA_communautaire-A24-S10.csv
2024,10,,2024-03-04,2024-03-10,Standard,Femelles ayant deja vele,R,2,EUR/kg carcasse,5.41,,COT-VRO-GBEA_communautaire-A24-S10.csv
2024,10,,2024-03-04,2024-03-10,Standard,Femelles ayant deja vele,R,3,EUR/kg carcasse,5.43,,COT-VRO-GBEA_communautaire-A24-S10.csv
2024,10,,2024-03-04,2024-03-10,Standard,Femelles ayant deja vele,R,4,EUR/kg carcasse,5.36,,COT-VRO-GBEA_communautaire-A24-S10.csv
2024,10,,2024-03-04,2024-03-10,Standard,Femelles ayant deja vele,O,2,EUR/kg carcasse,4.8,,COT-VRO-GBEA_communautaire-A24-S10.csv
2024,10,,2024-03-04,2024-03-10,Standard,Femelles ayant deja vele,O,3,EUR/kg carcasse,4.49,,COT-VRO-GBEA_communautaire-A24-S10.csv
2024,10,,2024-03-04,2024-03-10,Standard,Femelles ayant deja vele,O,4,EUR/kg carcasse,4.15,,COT-VRO-GBEA_communautaire-A24-S10.csv
2024,10,,2024-03-04,2024-03-10,Standard,Femelles ayant deja vele,P,2,EUR/kg carcasse,3.94,,COT-VRO-GBEA_communautaire-A24-S10.csv
2024,10,,2024-03-04,2024-03-10,Standard,Femelles ayant deja vele,P,3,EUR/kg carcasse,4.16,,COT-VRO-GBEA_communautaire-A24-S10.csv
2024,10,,2024-03-04,2024-03-10,Standard,Autres femelles,U,3,EUR/kg carcasse,5.92,,COT-VRO-GBEA_communautaire-A24-S10.csv
2024,10,,2024-03-04,2024-03-10,Standard,Autres femelles,R,2,EUR/kg carcasse,5.42,,COT-VRO-GBEA_communautaire-A24-S10.csv
2024,10,,2024-03-04,2024-03-10,Standard,Autres femelles,R,3,EUR/kg carcasse,5.51,,COT-VRO-GBEA_communautaire-A24-S10.csv
2024,10,,2024-03-04,2024-03-10,Standard,Autres femelles,R,4,EUR/kg carcasse,5.33,,COT-VRO-GBEA_communautaire-A24-S10.csv
2024,10,,2024-03-04,2024-03-10,Standard,Autres femelles,O,3,EUR/kg carcasse,4.79,,COT-VRO-GBEA_communautaire-A24-S10.csv
2024,11,,2024-03-11,2024-03-17,Standard,Males non castres de moins de 2 ans,E,2,EUR/kg carcasse,5.86,,COT-VRO-GBEA_communautaire-A24-S11.csv
2024,11,,2024-03-11,2024-03-17,Standard,Males non castres de moins de 2 ans,U,2,EUR/kg carcasse,5.66,,COT-VRO-GBEA_communautaire-A24-S11.csv
2024,11,,2024-03-11,2024-03-17,Standard,Males non castres de moins de 2 ans,U,3,EUR/kg carcasse,5.53,,COT-VRO-GBEA_communautaire-A24-S11.csv
2024,11,,2024-03-11,2024-03-17,Standard,Males non castres de moins de 2 ans,R,2,EUR/kg carcasse,5.4,,COT-VRO-GBEA_communautaire-A24-S11.csv
2024,11,,2024-03-11,2024-03-17,Standard,Males non castres de moins de 2 ans,R,3,EUR/kg carcasse,5.37,,COT-VRO-GBEA_communautaire-A24-S11.csv
2024,11,,2024-03-11,2024-03-17,Standard,Males non castres de moins de 2 ans,O,2,EUR/kg carcasse,4.82,,COT-VRO-GBEA_communautaire-A24-S11.csv
2024,11,,2024-03-11,2024-03-17,Standard,Males non castres de moins de 2 ans,O,3,EUR/kg carcasse,4.83,,COT-VRO-GBEA_communautaire-A24-S11.csv
2024,11,,2024-03-11,2024-03-17,Standard,Males non castres de moins de 2 ans,P,3,EUR/kg carcasse,4.75,,COT-VRO-GBEA_communautaire-A24-S11.csv
2024,11,,2024-03-11,2024-03-17,Standard,Autres males non castres,U,2,EUR/kg carcasse,4.64,,COT-VRO-GBEA_communautaire-A24-S11.csv
2024,11,,2024-03-11,2024-03-17,Standard,Autres males non castres,R,2,EUR/kg carcasse,4.57,,COT-VRO-GBEA_communautaire-A24-S11.csv
2024,11,,2024-03-11,2024-03-17,Standard,Autres males non castres,O,2,EUR/kg carcasse,4.16,,COT-VRO-GBEA_communautaire-A24-S11.csv
2024,11,,2024-03-11,2024-03-17,Standard,Males castres,R,3,EUR/kg carcasse,5.29,,COT-VRO-GBEA_communautaire-A24-S11.csv
2024,11,,2024-03-11,2024-03-17,Standard,Males castres,O,3,EUR/kg carcasse,4.53,,COT-VRO-GBEA_communautaire-A24-S11.csv
2024,11,,2024-03-11,2024-03-17,Standard,Males castres,P,3,EUR/kg carcasse,4.24,,COT-VRO-GBEA_communautaire-A24-S11.csv
2024,11,,2024-03-11,2024-03-17,Standard,Femelles ayant deja vele,U,3,EUR/kg carcasse,5.99,,COT-VRO-GBEA_communautaire-A24-S11.csv
2024,11,,2024-03-11,2024-03-17,Standard,Femelles ayant deja vele,R,2,EUR/kg carcasse,5.39,,COT-VRO-GBEA_communautaire-A24-S11.csv
2024,11,,2024-03-11,2024-03-17,Standard,Femelles ayant deja vele,R,3,EUR/kg carcasse,5.44,,COT-VRO-GBEA_communautaire-A24-S11.csv
2024,11,,2024-03-11,2024-03-17,Standard,Femelles ayant deja vele,R,4,EUR/kg carcasse,5.36,,COT-VRO-GBEA_communautaire-A24-S11.csv
2024,11,,2024-03-11,2024-03-17,Standard,Femelles ayant deja vele,O,2,EUR/kg carcasse,4.75,,COT-VRO-GBEA_communautaire-A24-S11.csv
2024,11,,2024-03-11,2024-03-17,Standard,Femelles ayant deja vele,O,3,EUR/kg carcasse,4.49,,COT-VRO-GBEA_communautaire-A24-S11.csv
2024,11,,2024-03-11,2024-03-17,Standard,Femelles ayant deja vele,O,4,EUR/kg carcasse,4.33,,COT-VRO-GBEA_communautaire-A24-S11.csv
2024,11,,2024-03-11,2024-03-17,Standard,Femelles ayant deja vele,P,2,EUR/kg carcasse,3.95,,COT-VRO-GBEA_communautaire-A24-S11.csv
2024,11,,2024-03-11,2024-03-17,Standard,Femelles ayant deja vele,P,3,EUR/kg carcasse,4.17,,COT-VRO-GBEA_communautaire-A24-S11.csv
2024,11,,2024-03-11,2024-03-17,Standard,Autres femelles,E,3,EUR/kg carcasse,7.6,,COT-VRO-GBEA_communautaire-A24-S11.csv
2024,11,,2024-03-11,2024-03-17,Standard,Autres femelles,U,3,EUR/kg carcasse,5.99,,COT-VRO-GBEA_communautaire-A24-S11.csv
2024,11,,2024-03-11,2024-03-17,Standard,Autres femelles,R,2,EUR/kg carcasse,5.44,,COT-VRO-GBEA_communautaire-A24-S11.csv
2024,11,,2024-03-11,2024-03-17,Standard,Autres femelles,R,3,EUR/kg carcasse,5.49,,COT-VRO-GBEA_communautaire-A24-S11.csv
2024,11,,2024-03-11,2024-03-17,Standard,Autres femelles,R,4,EUR/kg carcasse,5.28,,COT-VRO-GBEA_communautaire-A24-S11.csv
2024,11,,2024-03-11,2024-03-17,Standard,Autres femelles,O,3,EUR/kg carcasse,4.85,,COT-VRO-GBEA_communautaire-A24-S11.csv
2024,12,,2024-03-18,2024-03-24,Standard,Males non castres de moins de 2 ans,E,2,EUR/kg carcasse,5.92,,COT-VRO-GBEA_communautaire-A24-S12.csv
2024,12,,2024-03-18,2024-03-24,Standard,Males non castres de moins de 2 ans,U,2,EUR/kg carcasse,5.66,,COT-VRO-GBEA_communautaire-A24-S12.csv
2024,12,,2024-03-18,2024-03-24,Standard,Males non castres de moins de 2 ans,U,3,EUR/kg carcasse,5.51,,COT-VRO-GBEA_communautaire-A24-S12.csv
2024,12,,2024-03-18,2024-03-24,Standard,Males non castres de moins de 2 ans,R,2,EUR/kg carcasse,5.42,,COT-VRO-GBEA_communautaire-A24-S12.csv
2024,12,,2024-03-18,2024-03-24,Standard,Males non castres de moins de 2 ans,R,3,EUR/kg carcasse,5.35,,COT-VRO-GBEA_communautaire-A24-S12.csv
2024,12,,2024-03-18,2024-03-24,Standard,Males non castres de moins de 2 ans,O,2,EUR/kg carcasse,4.82,,COT-VRO-GBEA_communautaire-A24-S12.csv
2024,12,,2024-03-18,2024-03-24,Standard,Males non castres de moins de 2 ans,O,3,EUR/kg carcasse,4.8,,COT-VRO-GBEA_communautaire-A24-S12.csv
2024,12,,2024-03-18,2024-03-24,Standard,Males non castres de moins de 2 ans,P,3,EUR/kg carcasse,4.73,,COT-VRO-GBEA_communautaire-A24-S12.csv
2024,12,,2024-03-18,2024-03-24,Standard,Autres males non castres,U,2,EUR/kg carcasse,4.62,,COT-VRO-GBEA_communautaire-A24-S12.csv
2024,12,,2024-03-18,2024-03-24,Standard,Autres males non castres,R,2,EUR/kg carcasse,4.57,,COT-VRO-GBEA_communautaire-A24-S12.csv
2024,12,,2024-03-18,2024-03-24,Standard,Males castres,R,3,EUR/kg carcasse,5.34,,COT-VRO-GBEA_communautaire-A24-S12.csv
2024,12,,2024-03-18,2024-03-24,Standard,Males castres,O,3,EUR/kg carcasse,4.58,,COT-VRO-GBEA_communautaire-A24-S12.csv
2024,12,,2024-03-18,2024-03-24,Standard,Males castres,P,3,EUR/kg carcasse,4.29,,COT-VRO-GBEA_communautaire-A24-S12.csv
2024,12,,2024-03-18,2024-03-24,Standard,Femelles ayant deja vele,E,3,EUR/kg carcasse,7.57,,COT-VRO-GBEA_communautaire-A24-S12.csv
2024,12,,2024-03-18,2024-03-24,Standard,Femelles ayant deja vele,U,3,EUR/kg carcasse,6.14,,COT-VRO-GBEA_communautaire-A24-S12.csv
2024,12,,2024-03-18,2024-03-24,Standard,Femelles ayant deja vele,R,2,EUR/kg carcasse,5.38,,COT-VRO-GBEA_communautaire-A24-S12.csv
2024,12,,2024-03-18,2024-03-24,Standard,Femelles ayant deja vele,R,3,EUR/kg carcasse,5.44,,COT-VRO-GBEA_communautaire-A24-S12.csv
2024,12,,2024-03-18,2024-03-24,Standard,Femelles ayant deja vele,R,4,EUR/kg carcasse,5.4,,COT-VRO-GBEA_communautaire-A24-S12.csv
2024,12,,2024-03-18,2024-03-24,Standard,Femelles ayant deja vele,O,2,EUR/kg carcasse,4.78,,COT-VRO-GBEA_communautaire-A24-S12.csv
2024,12,,2024-03-18,2024-03-24,Standard,Femelles ayant deja vele,O,3,EUR/kg carcasse,4.5,,COT-VRO-GBEA_communautaire-A24-S12.csv
2024,12,,2024-03-18,2024-03-24,Standard,Femelles ayant deja vele,O,4,EUR/kg carcasse,4.33,,COT-VRO-GBEA_communautaire-A24-S12.csv
2024,12,,2024-03-18,2024-03-24,Standard,Femelles ayant deja vele,P,2,EUR/kg carcasse,3.95,,COT-VRO-GBEA_communautaire-A24-S12.csv
2024,12,,2024-03-18,2024-03-24,Standard,Femelles ayant deja vele,P,3,EUR/kg carcasse,4.17,,COT-VRO-GBEA_communautaire-A24-S12.csv
2024,12,,2024-03-18,2024-03-24,Standard,Autres femelles,E,3,EUR/kg carcasse,8.01,,COT-VRO-GBEA_communautaire-A24-S12.csv
2024,12,,2024-03-18,2024-03-24,Standard,Autres femelles,U,3,EUR/kg carcasse,6.12,,COT-VRO-GBEA_communautaire-A24-S12.csv
2024,12,,2024-03-18,2024-03-24,Standard,Autres femelles,R,2,EUR/kg carcasse,5.46,,COT-VRO-GBEA_communautaire-A24-S12.csv
2024,12,,2024-03-18,2024-03-24,Standard,Autres femelles,R,3,EUR/kg carcasse,5.49,,COT-VRO-GBEA_communautaire-A24-S12.csv
2024,12,,2024-03-18,2024-03-24,Standard,Autres femelles,R,4,EUR/kg carcasse,5.31,,COT-VRO-GBEA_communautaire-A24-S12.csv
2024,12,,2024-03-18,2024-03-24,Standard,Autres femelles,O,3,EUR/kg carcasse,4.83,,COT-VRO-GBEA_communautaire-A24-S12.csv
2024,13,,2024-03-25,2024-03-31,Standard,Males non castres de moins de 2 ans,E,2,EUR/kg carcasse,5.89,,COT-VRO-GBEA_communautaire-A24-S13.csv
2024,13,,2024-03-25,2024-03-31,Standard,Males non castres de moins de 2 ans,U,2,EUR/kg carcasse,5.65,,COT-VRO-GBEA_communautaire-A24-S13.csv
2024,13,,2024-03-25,2024-03-31,Standard,Males non castres de moins de 2 ans,U,3,EUR/kg carcasse,5.49,,COT-VRO-GBEA_communautaire-A24-S13.csv
2024,13,,2024-03-25,2024-03-31,Standard,Males non castres de moins de 2 ans,R,2,EUR/kg carcasse,5.39,,COT-VRO-GBEA_communautaire-A24-S13.csv
2024,13,,2024-03-25,2024-03-31,Standard,Males non castres de moins de 2 ans,R,3,EUR/kg carcasse,5.31,,COT-VRO-GBEA_communautaire-A24-S13.csv
2024,13,,2024-03-25,2024-03-31,Standard,Males non castres de moins de 2 ans,O,2,EUR/kg carcasse,4.79,,COT-VRO-GBEA_communautaire-A24-S13.csv
2024,13,,2024-03-25,2024-03-31,Standard,Males non castres de moins de 2 ans,O,3,EUR/kg carcasse,4.78,,COT-VRO-GBEA_communautaire-A24-S13.csv
2024,13,,2024-03-25,2024-03-31,Standard,Males non castres de moins de 2 ans,P,3,EUR/kg carcasse,4.71,,COT-VRO-GBEA_communautaire-A24-S13.csv
2024,13,,2024-03-25,2024-03-31,Standard,Autres males non castres,U,2,EUR/kg carcasse,4.66,,COT-VRO-GBEA_communautaire-A24-S13.csv
2024,13,,2024-03-25,2024-03-31,Standard,Autres males non castres,R,2,EUR/kg carcasse,4.55,,COT-VRO-GBEA_communautaire-A24-S13.csv
2024,13,,2024-03-25,2024-03-31,Standard,Autres males non castres,O,2,EUR/kg carcasse,4.1,,COT-VRO-GBEA_communautaire-A24-S13.csv
2024,13,,2024-03-25,2024-03-31,Standard,Males castres,R,3,EUR/kg carcasse,5.29,,COT-VRO-GBEA_communautaire-A24-S13.csv
2024,13,,2024-03-25,2024-03-31,Standard,Males castres,O,3,EUR/kg carcasse,4.57,,COT-VRO-GBEA_communautaire-A24-S13.csv
2024,13,,2024-03-25,2024-03-31,Standard,Males castres,P,3,EUR/kg carcasse,4.25,,COT-VRO-GBEA_communautaire-A24-S13.csv
2024,13,,2024-03-25,2024-03-31,Standard,Femelles ayant deja vele,U,3,EUR/kg carcasse,5.95,,COT-VRO-GBEA_communautaire-A24-S13.csv
2024,13,,2024-03-25,2024-03-31,Standard,Femelles ayant deja vele,R,2,EUR/kg carcasse,5.37,,COT-VRO-GBEA_communautaire-A24-S13.csv
2024,13,,2024-03-25,2024-03-31,Standard,Femelles ayant deja vele,R,3,EUR/kg carcasse,5.43,,COT-VRO-GBEA_communautaire-A24-S13.csv
2024,13,,2024-03-25,2024-03-31,Standard,Femelles ayant deja vele,R,4,EUR/kg carcasse,5.37,,COT-VRO-GBEA_communautaire-A24-S13.csv
2024,13,,2024-03-25,2024-03-31,Standard,Femelles ayant deja vele,O,2,EUR/kg carcasse,4.85,,COT-VRO-GBEA_communautaire-A24-S13.csv
2024,13,,2024-03-25,2024-03-31,Standard,Femelles ayant deja vele,O,3,EUR/kg carcasse,4.5,,COT-VRO-GBEA_communautaire-A24-S13.csv
2024,13,,2024-03-25,2024-03-31,Standard,Femelles ayant deja vele,O,4,EUR/kg carcasse,4.35,,COT-VRO-GBEA_communautaire-A24-S13.csv
2024,13,,2024-03-25,2024-03-31,Standard,Femelles ayant deja vele,P,2,EUR/kg carcasse,3.96,,COT-VRO-GBEA_communautaire-A24-S13.csv
2024,13,,2024-03-25,2024-03-31,Standard,Femelles ayant deja vele,P,3,EUR/kg carcasse,4.18,,COT-VRO-GBEA_communautaire-A24-S13.csv
2024,13,,2024-03-25,2024-03-31,Standard,Autres femelles,U,3,EUR/kg carcasse,5.94,,COT-VRO-GBEA_communautaire-A24-S13.csv
2024,13,,2024-03-25,2024-03-31,Standard,Autres femelles,R,2,EUR/kg carcasse,5.44,,COT-VRO-GBEA_communautaire-A24-S13.csv
2024,13,,2024-03-25,2024-03-31,Standard,Autres femelles,R,3,EUR/kg carcasse,5.48,,COT-VRO-GBEA_communautaire-A24-S13.csv
2024,13,,2024-03-25,2024-03-31,Standard,Autres femelles,R,4,EUR/kg carcasse,5.31,,COT-VRO-GBEA_communautaire-A24-S13.csv
2024,13,,2024-03-25,2024-03-31,Standard,Autres femelles,O,3,EUR/kg carcasse,4.9,,COT-VRO-GBEA_communautaire-A24-S13.csv
2024,,4,2024-04-01,2024-04-30,Bio,Males castres,U,3,EUR/kg carcasse,5.89,,COT-VRO-GBBI_prix_UE-A24-M04.csv
2024,,4,2024-04-01,2024-04-30,Bio,Males castres,R,3,EUR/kg carcasse,5.65,,COT-VRO-GBBI_prix_UE-A24-M04.csv
2024,,4,2024-04-01,2024-04-30,Bio,Males castres,O,3,EUR/kg carcasse,5.17,,COT-VRO-GBBI_prix_UE-A24-M04.csv
2024,,4,2024-04-01,2024-04-30,Bio,Femelles ayant deja vele,R,3,EUR/kg carcasse,5.63,,COT-VRO-GBBI_prix_UE-A24-M04.csv
2024,,4,2024-04-01,2024-04-30,Bio,Femelles ayant deja vele,O,3,EUR/kg carcasse,4.98,,COT-VRO-GBBI_prix_UE-A24-M04.csv
2024,,4,2024-04-01,2024-04-30,Bio,Femelles ayant deja vele,P,3,EUR/kg carcasse,4.68,,COT-VRO-GBBI_prix_UE-A24-M04.csv
2024,,4,2024-04-01,2024-04-30,Bio,Autres femelles,R,3,EUR/kg carcasse,5.75,,COT-VRO-GBBI_prix_UE-A24-M04.csv
2024,14,,2024-04-01,2024-04-07,Standard,Males non castres de moins de 2 ans,E,2,EUR/kg carcasse,5.92,,COT-VRO-GBEA_communautaire-A24-S14.csv
2024,14,,2024-04-01,2024-04-07,Standard,Males non castres de moins de 2 ans,U,2,EUR/kg carcasse,5.62,,COT-VRO-GBEA_communautaire-A24-S14.csv
2024,14,,2024-04-01,2024-04-07,Standard,Males non castres de moins de 2 ans,U,3,EUR/kg carcasse,5.45,,COT-VRO-GBEA_communautaire-A24-S14.csv
2024,14,,2024-04-01,2024-04-07,Standard,Males non castres de moins de 2 ans,R,2,EUR/kg carcasse,5.38,,COT-VRO-GBEA_communautaire-A24-S14.csv
2024,14,,2024-04-01,2024-04-07,Standard,Males non castres de moins de 2 ans,R,3,EUR/kg carcasse,5.28,,COT-VRO-GBEA_communautaire-A24-S14.csv
2024,14,,2024-04-01,2024-04-07,Standard,Males non castres de moins de 2 ans,O,2,EUR/kg carcasse,4.8,,COT-VRO-GBEA_communautaire-A24-S14.csv
2024,14,,2024-04-01,2024-04-07,Standard,Males non castres de moins de 2 ans,O,3,EUR/kg carcasse,4.75,,COT-VRO-GBEA_communautaire-A24-S14.csv
2024,14,,2024-04-01,2024-04-07,Standard,Males non castres de moins de 2 ans,P,3,EUR/kg carcasse,4.68,,COT-VRO-GBEA_communautaire-A24-S14.csv
2024,14,,2024-04-01,2024-04-07,Standard,Autres males non castres,U,2,EUR/kg carcasse,4.66,,COT-VRO-GBEA_communautaire-A24-S14.csv
2024,14,,2024-04-01,2024-04-07,Standard,Autres males non castres,R,2,EUR/kg carcasse,4.58,,COT-VRO-GBEA_communautaire-A24-S14.csv
2024,14,,2024-04-01,2024-04-07,Standard,Males castres,R,3,EUR/kg carcasse,5.37,,COT-VRO-GBEA_communautaire-A24-S14.csv
2024,14,,2024-04-01,2024-04-07,Standard,Males castres,O,3,EUR/kg carcasse,4.58,,COT-VRO-GBEA_communautaire-A24-S14.csv
2024,14,,2024-04-01,2024-04-07,Standard,Males castres,P,3,EUR/kg carcasse,4.26,,COT-VRO-GBEA_communautaire-A24-S14.csv
2024,14,,2024-04-01,2024-04-07,Standard,Femelles ayant deja vele,U,3,EUR/kg carcasse,5.94,,COT-VRO-GBEA_communautaire-A24-S14.csv
2024,14,,2024-04-01,2024-04-07,Standard,Femelles ayant deja vele,R,2,EUR/kg carcasse,5.41,,COT-VRO-GBEA_communautaire-A24-S14.csv
2024,14,,2024-04-01,2024-04-07,Standard,Femelles ayant deja vele,R,3,EUR/kg carcasse,5.46,,COT-VRO-GBEA_communautaire-A24-S14.csv
2024,14,,2024-04-01,2024-04-07,Standard,Femelles ayant deja vele,R,4,EUR/kg carcasse,5.4,,COT-VRO-GBEA_communautaire-A24-S14.csv
2024,14,,2024-04-01,2024-04-07,Standard,Femelles ayant deja vele,O,2,EUR/kg carcasse,4.82,,COT-VRO-GBEA_communautaire-A24-S14.csv
2024,14,,2024-04-01,2024-04-07,Standard,Femelles ayant deja vele,O,3,EUR/kg carcasse,4.52,,COT-VRO-GBEA_communautaire-A24-S14.csv
2024,14,,2024-04-01,2024-04-07,Standard,Femelles ayant deja vele,O,4,EUR/kg carcasse,4.33,,COT-VRO-GBEA_communautaire-A24-S14.csv
2024,14,,2024-04-01,2024-04-07,Standard,Femelles ayant deja vele,P,2,EUR/kg carcasse,3.96,,COT-VRO-GBEA_communautaire-A24-S14.csv
2024,14,,2024-04-01,2024-04-07,Standard,Femelles ayant deja vele,P,3,EUR/kg carcasse,4.18,,COT-VRO-GBEA_communautaire-A24-S14.csv
2024,14,,2024-04-01,2024-04-07,Standard,Autres femelles,U,3,EUR/kg carcasse,5.94,,COT-VRO-GBEA_communautaire-A24-S14.csv
2024,14,,2024-04-01,2024-04-07,Standard,Autres femelles,R,2,EUR/kg carcasse,5.51,,COT-VRO-GBEA_communautaire-A24-S14.csv
2024,14,,2024-04-01,2024-04-07,Standard,Autres femelles,R,3,EUR/kg carcasse,5.5,,COT-VRO-GBEA_communautaire-A24-S14.csv
2024,14,,2024-04-01,2024-04-07,Standard,Autres femelles,R,4,EUR/kg carcasse,5.33,,COT-VRO-GBEA_communautaire-A24-S14.csv
2024,14,,2024-04-01,2024-04-07,Standard,Autres femelles,O,3,EUR/kg carcasse,4.82,,COT-VRO-GBEA_communautaire-A24-S14.csv
2024,15,,2024-04-08,2024-04-14,Standard,Males non castres de moins de 2 ans,E,2,EUR/kg carcasse,5.85,,COT-VRO-GBEA_communautaire-A24-S15.csv
2024,15,,2024-04-08,2024-04-14,Standard,Males non castres de moins de 2 ans,U,2,EUR/kg carcasse,5.59,,COT-VRO-GBEA_communautaire-A24-S15.csv
2024,15,,2024-04-08,2024-04-14,Standard,Males non castres de moins de 2 ans,U,3,EUR/kg carcasse,5.42,,COT-VRO-GBEA_communautaire-A24-S15.csv
2024,15,,2024-04-08,2024-04-14,Standard,Males non castres de moins de 2 ans,R,2,EUR/kg carcasse,5.34,,COT-VRO-GBEA_communautaire-A24-S15.csv
2024,15,,2024-04-08,2024-04-14,Standard,Males non castres de moins de 2 ans,R,3,EUR/kg carcasse,5.24,,COT-VRO-GBEA_communautaire-A24-S15.csv
2024,15,,2024-04-08,2024-04-14,Standard,Males non castres de moins de 2 ans,O,2,EUR/kg carcasse,4.74,,COT-VRO-GBEA_communautaire-A24-S15.csv
2024,15,,2024-04-08,2024-04-14,Standard,Males non castres de moins de 2 ans,O,3,EUR/kg carcasse,4.73,,COT-VRO-GBEA_communautaire-A24-S15.csv
2024,15,,2024-04-08,2024-04-14,Standard,Males non castres de moins de 2 ans,P,3,EUR/kg carcasse,4.66,,COT-VRO-GBEA_communautaire-A24-S15.csv
2024,15,,2024-04-08,2024-04-14,Standard,Autres males non castres,U,2,EUR/kg carcasse,4.66,,COT-VRO-GBEA_communautaire-A24-S15.csv
2024,15,,2024-04-08,2024-04-14,Standard,Autres males non castres,R,2,EUR/kg carcasse,4.55,,COT-VRO-GBEA_communautaire-A24-S15.csv
2024,15,,2024-04-08,2024-04-14,Standard,Autres males non castres,O,2,EUR/kg carcasse,4.12,,COT-VRO-GBEA_communautaire-A24-S15.csv
2024,15,,2024-04-08,2024-04-14,Standard,Males castres,R,3,EUR/kg carcasse,5.34,,COT-VRO-GBEA_communautaire-A24-S15.csv
2024,15,,2024-04-08,2024-04-14,Standard,Males castres,O,3,EUR/kg carcasse,4.64,,COT-VRO-GBEA_communautaire-A24-S15.csv
2024,15,,2024-04-08,2024-04-14,Standard,Males castres,P,3,EUR/kg carcasse,4.3,,COT-VRO-GBEA_communautaire-A24-S15.csv
2024,15,,2024-04-08,2024-04-14,Standard,Femelles ayant deja vele,U,3,EUR/kg carcasse,5.96,,COT-VRO-GBEA_communautaire-A24-S15.csv
2024,15,,2024-04-08,2024-04-14,Standard,Femelles ayant deja vele,R,2,EUR/kg carcasse,5.41,,COT-VRO-GBEA_communautaire-A24-S15.csv
2024,15,,2024-04-08,2024-04-14,Standard,Femelles ayant deja vele,R,3,EUR/kg carcasse,5.44,,COT-VRO-GBEA_communautaire-A24-S15.csv
2024,15,,2024-04-08,2024-04-14,Standard,Femelles ayant deja vele,R,4,EUR/kg carcasse,5.32,,COT-VRO-GBEA_communautaire-A24-S15.csv
2024,15,,2024-04-08,2024-04-14,Standard,Femelles ayant deja vele,O,2,EUR/kg carcasse,4.87,,COT-VRO-GBEA_communautaire-A24-S15.csv
2024,15,,2024-04-08,2024-04-14,Standard,Femelles ayant deja vele,O,3,EUR/kg carcasse,4.5,,COT-VRO-GBEA_communautaire-A24-S15.csv
2024,15,,2024-04-08,2024-04-14,Standard,Femelles ayant deja vele,O,4,EUR/kg carcasse,4.36,,COT-VRO-GBEA_communautaire-A24-S15.csv
2024,15,,2024-04-08,2024-04-14,Standard,Femelles ayant deja vele,P,2,EUR/kg carcasse,3.97,,COT-VRO-GBEA_communautaire-A24-S15.csv
2024,15,,2024-04-08,2024-04-14,Standard,Femelles ayant deja vele,P,3,EUR/kg carcasse,4.19,,COT-VRO-GBEA_communautaire-A24-S15.csv
2024,15,,2024-04-08,2024-04-14,Standard,Autres femelles,U,3,EUR/kg carcasse,5.92,,COT-VRO-GBEA_communautaire-A24-S15.csv
2024,15,,2024-04-08,2024-04-14,Standard,Autres femelles,R,2,EUR/kg carcasse,5.38,,COT-VRO-GBEA_communautaire-A24-S15.csv
2024,15,,2024-04-08,2024-04-14,Standard,Autres femelles,R,3,EUR/kg carcasse,5.51,,COT-VRO-GBEA_communautaire-A24-S15.csv
2024,15,,2024-04-08,2024-04-14,Standard,Autres femelles,R,4,EUR/kg carcasse,5.32,,COT-VRO-GBEA_communautaire-A24-S15.csv
2024,15,,2024-04-08,2024-04-14,Standard,Autres femelles,O,3,EUR/kg carcasse,4.84,,COT-VRO-GBEA_communautaire-A24-S15.csv
2024,16,,2024-04-15,2024-04-21,Standard,Males non castres de moins de 2 ans,E,2,EUR/kg carcasse,5.88,,COT-VRO-GBEA_communautaire-A24-S16.csv
2024,16,,2024-04-15,2024-04-21,Standard,Males non castres de moins de 2 ans,U,2,EUR/kg carcasse,5.55,,COT-VRO-GBEA_communautaire-A24-S16.csv
2024,16,,2024-04-15,2024-04-21,Standard,Males non castres de moins de 2 ans,U,3,EUR/kg carcasse,5.39,,COT-VRO-GBEA_communautaire-A24-S16.csv
2024,16,,2024-04-15,2024-04-21,Standard,Males non castres de moins de 2 ans,R,2,EUR/kg carcasse,5.28,,COT-VRO-GBEA_communautaire-A24-S16.csv
2024,16,,2024-04-15,2024-04-21,Standard,Males non castres de moins de 2 ans,R,3,EUR/kg carcasse,5.21,,COT-VRO-GBEA_communautaire-A24-S16.csv
2024,16,,2024-04-15,2024-04-21,Standard,Males non castres de moins de 2 ans,O,2,EUR/kg carcasse,4.73,,COT-VRO-GBEA_communautaire-A24-S16.csv
2024,16,,2024-04-15,2024-04-21,Standard,Males non castres de moins de 2 ans,O,3,EUR/kg carcasse,4.7,,COT-VRO-GBEA_communautaire-A24-S16.csv
2024,16,,2024-04-15,2024-04-21,Standard,Males non castres de moins de 2 ans,P,3,EUR/kg carcasse,4.63,,COT-VRO-GBEA_communautaire-A24-S16.csv
2024,16,,2024-04-15,2024-04-21,Standard,Autres males non castres,U,2,EUR/kg carcasse,4.64,,COT-VRO-GBEA_communautaire-A24-S16.csv
2024,16,,2024-04-15,2024-04-21,Standard,Autres males non castres,R,2,EUR/kg carcasse,4.61,,COT-VRO-GBEA_communautaire-A24-S16.csv
2024,16,,2024-04-15,2024-04-21,Standard,Autres males non castres,O,2,EUR/kg carcasse,4.15,,COT-VRO-GBEA_communautaire-A24-S16.csv
2024,16,,2024-04-15,2024-04-21,Standard,Males castres,R,3,EUR/kg carcasse,5.27,,COT-VRO-GBEA_communautaire-A24-S16.csv
2024,16,,2024-04-15,2024-04-21,Standard,Males castres,O,3,EUR/kg carcasse,4.61,,COT-VRO-GBEA_communautaire-A24-S16.csv
2024,16,,2024-04-15,2024-04-21,Standard,Males castres,P,3,EUR/kg carcasse,4.29,,COT-VRO-GBEA_communautaire-A24-S16.csv
2024,16,,2024-04-15,2024-04-21,Standard,Femelles ayant deja vele,U,3,EUR/kg carcasse,5.95,,COT-VRO-GBEA_communautaire-A24-S16.csv
2024,16,,2024-04-15,2024-04-21,Standard,Femelles ayant deja vele,R,2,EUR/kg carcasse,5.39,,COT-VRO-GBEA_communautaire-A24-S16.csv
2024,16,,2024-04-15,2024-04-21,Standard,Femelles ayant deja vele,R,3,EUR/kg carcasse,5.44,,COT-VRO-GBEA_communautaire-A24-S16.csv
2024,16,,2024-04-15,2024-04-21,Standard,Femelles ayant deja vele,R,4,EUR/kg carcasse,5.4,,COT-VRO-GBEA_communautaire-A24-S16.csv
2024,16,,2024-04-15,2024-04-21,Standard,Femelles ayant deja vele,O,2,EUR/kg carcasse,4.85,,COT-VRO-GBEA_communautaire-A24-S16.csv
2024,16,,2024-04-15,2024-04-21,Standard,Femelles ayant deja vele,O,3,EUR/kg carcasse,4.51,,COT-VRO-GBEA_communautaire-A24-S16.csv
2024,16,,2024-04-15,2024-04-21,Standard,Femelles ayant deja vele,O,4,EUR/kg carcasse,4.38,,COT-VRO-GBEA_communautaire-A24-S16.csv
2024,16,,2024-04-15,2024-04-21,Standard,Femelles ayant deja vele,P,2,EUR/kg carcasse,3.98,,COT-VRO-GBEA_communautaire-A24-S16.csv
2024,16,,2024-04-15,2024-04-21,Standard,Femelles ayant deja vele,P,3,EUR/kg carcasse,4.2,,COT-VRO-GBEA_communautaire-A24-S16.csv
2024,16,,2024-04-15,2024-04-21,Standard,Autres femelles,U,3,EUR/kg carcasse,5.92,,COT-VRO-GBEA_communautaire-A24-S16.csv
2024,16,,2024-04-15,2024-04-21,Standard,Autres femelles,R,2,EUR/kg carcasse,5.38,,COT-VRO-GBEA_communautaire-A24-S16.csv
2024,16,,2024-04-15,2024-04-21,Standard,Autres femelles,R,3,EUR/kg carcasse,5.48,,COT-VRO-GBEA_communautaire-A24-S16.csv
2024,16,,2024-04-15,2024-04-21,Standard,Autres femelles,R,4,EUR/kg carcasse,5.34,,COT-VRO-GBEA_communautaire-A24-S16.csv
2024,16,,2024-04-15,2024-04-21,Standard,Autres femelles,O,3,EUR/kg carcasse,4.89,,COT-VRO-GBEA_communautaire-A24-S16.csv
2024,17,,2024-04-22,2024-04-28,Standard,Males non castres de moins de 2 ans,E,2,EUR/kg carcasse,5.76,,COT-VRO-GBEA_communautaire-A24-S17.csv
2024,17,,2024-04-22,2024-04-28,Standard,Males non castres de moins de 2 ans,U,2,EUR/kg carcasse,5.51,,COT-VRO-GBEA_communautaire-A24-S17.csv
2024,17,,2024-04-22,2024-04-28,Standard,Males non castres de moins de 2 ans,U,3,EUR/kg carcasse,5.36,,COT-VRO-GBEA_communautaire-A24-S17.csv
2024,17,,2024-04-22,2024-04-28,Standard,Males non castres de moins de 2 ans,R,2,EUR/kg carcasse,5.26,,COT-VRO-GBEA_communautaire-A24-S17.csv
2024,17,,2024-04-22,2024-04-28,Standard,Males non castres de moins de 2 ans,R,3,EUR/kg carcasse,5.18,,COT-VRO-GBEA_communautaire-A24-S17.csv
2024,17,,2024-04-22,2024-04-28,Standard,Males non castres de moins de 2 ans,O,2,EUR/kg carcasse,4.7,,COT-VRO-GBEA_communautaire-A24-S17.csv
2024,17,,2024-04-22,2024-04-28,Standard,Males non castres de moins de 2 ans,O,3,EUR/kg carcasse,4.7,,COT-VRO-GBEA_communautaire-A24-S17.csv
2024,17,,2024-04-22,2024-04-28,Standard,Males non castres de moins de 2 ans,P,3,EUR/kg carcasse,4.61,,COT-VRO-GBEA_communautaire-A24-S17.csv
2024,17,,2024-04-22,2024-04-28,Standard,Autres males non castres,U,2,EUR/kg carcasse,4.66,,COT-VRO-GBEA_communautaire-A24-S17.csv
2024,17,,2024-04-22,2024-04-28,Standard,Autres males non castres,R,2,EUR/kg carcasse,4.63,,COT-VRO-GBEA_communautaire-A24-S17.csv
2024,17,,2024-04-22,2024-04-28,Standard,Autres males non castres,O,2,EUR/kg carcasse,4.2,,COT-VRO-GBEA_communautaire-A24-S17.csv
2024,17,,2024-04-22,2024-04-28,Standard,Males castres,R,3,EUR/kg carcasse,5.33,,COT-VRO-GBEA_communautaire-A24-S17.csv
2024,17,,2024-04-22,2024-04-28,Standard,Males castres,O,3,EUR/kg carcasse,4.67,,COT-VRO-GBEA_communautaire-A24-S17.csv
2024,17,,2024-04-22,2024-04-28,Standard,Males castres,P,3,EUR/kg carcasse,4.31,,COT-VRO-GBEA_communautaire-A24-S17.csv
2024,17,,2024-04-22,2024-04-28,Standard,Femelles ayant deja vele,U,3,EUR/kg carcasse,5.96,,COT-VRO-GBEA_communautaire-A24-S17.csv
2024,17,,2024-04-22,2024-04-28,Standard,Femelles ayant deja vele,R,2,EUR/kg carcasse,5.41,,COT-VRO-GBEA_communautaire-A24-S17.csv
2024,17,,2024-04-22,2024-04-28,Standard,Femelles ayant deja vele,R,3,EUR/kg carcasse,5.46,,COT-VRO-GBEA_communautaire-A24-S17.csv
2024,17,,2024-04-22,2024-04-28,Standard,Femelles ayant deja vele,R,4,EUR/kg carcasse,5.36,,COT-VRO-GBEA_communautaire-A24-S17.csv
2024,17,,2024-04-22,2024-04-28,Standard,Femelles ayant deja vele,O,2,EUR/kg carcasse,4.86,,COT-VRO-GBEA_communautaire-A24-S17.csv
2024,17,,2024-04-22,2024-04-28,Standard,Femelles ayant deja vele,O,3,EUR/kg carcasse,4.55,,COT-VRO-GBEA_communautaire-A24-S17.csv
2024,17,,2024-04-22,2024-04-28,Standard,Femelles ayant deja vele,O,4,EUR/kg carcasse,4.4,,COT-VRO-GBEA_communautaire-A24-S17.csv
2024,17,,2024-04-22,2024-04-28,Standard,Femelles ayant deja vele,P,2,EUR/kg carcasse,4.01,,COT-VRO-GBEA_communautaire-A24-S17.csv
2024,17,,2024-04-22,2024-04-28,Standard,Femelles ayant deja vele,P,3,EUR/kg carcasse,4.23,,COT-VRO-GBEA_communautaire-A24-S17.csv
2024,17,,2024-04-22,2024-04-28,Standard,Autres femelles,U,3,EUR/kg carcasse,5.94,,COT-VRO-GBEA_communautaire-A24-S17.csv
2024,17,,2024-04-22,2024-04-28,Standard,Autres femelles,R,2,EUR/kg carcasse,5.45,,COT-VRO-GBEA_communautaire-A24-S17.csv
2024,17,,2024-04-22,2024-04-28,Standard,Autres femelles,R,3,EUR/kg carcasse,5.5,,COT-VRO-GBEA_communautaire-A24-S17.csv
2024,17,,2024-04-22,2024-04-28,Standard,Autres femelles,R,4,EUR/kg carcasse,5.35,,COT-VRO-GBEA_communautaire-A24-S17.csv
2024,17,,2024-04-22,2024-04-28,Standard,Autres femelles,O,3,EUR/kg carcasse,4.83,,COT-VRO-GBEA_communautaire-A24-S17.csv
2024,18,,2024-04-29,2024-05-05,Standard,Males non castres de moins de 2 ans,E,2,EUR/kg carcasse,5.76,,COT-VRO-GBEA_communautaire-A24-S18.csv
2024,18,,2024-04-29,2024-05-05,Standard,Males non castres de moins de 2 ans,U,2,EUR/kg carcasse,5.49,,COT-VRO-GBEA_communautaire-A24-S18.csv
2024,18,,2024-04-29,2024-05-05,Standard,Males non castres de moins de 2 ans,U,3,EUR/kg carcasse,5.33,,COT-VRO-GBEA_communautaire-A24-S18.csv
2024,18,,2024-04-29,2024-05-05,Standard,Males non castres de moins de 2 ans,R,2,EUR/kg carcasse,5.25,,COT-VRO-GBEA_communautaire-A24-S18.csv
2024,18,,2024-04-29,2024-05-05,Standard,Males non castres de moins de 2 ans,R,3,EUR/kg carcasse,5.18,,COT-VRO-GBEA_communautaire-A24-S18.csv
2024,18,,2024-04-29,2024-05-05,Standard,Males non castres de moins de 2 ans,O,2,EUR/kg carcasse,4.74,,COT-VRO-GBEA_communautaire-A24-S18.csv
2024,18,,2024-04-29,2024-05-05,Standard,Males non castres de moins de 2 ans,O,3,EUR/kg carcasse,4.7,,COT-VRO-GBEA_communautaire-A24-S18.csv
2024,18,,2024-04-29,2024-05-05,Standard,Males non castres de moins de 2 ans,P,3,EUR/kg carcasse,4.63,,COT-VRO-GBEA_communautaire-A24-S18.csv
2024,18,,2024-04-29,2024-05-05,Standard,Autres males non castres,U,2,EUR/kg carcasse,4.66,,COT-VRO-GBEA_communautaire-A24-S18.csv
2024,18,,2024-04-29,2024-05-05,Standard,Autres males non castres,R,2,EUR/kg carcasse,4.63,,COT-VRO-GBEA_communautaire-A24-S18.csv
2024,18,,2024-04-29,2024-05-05,Standard,Autres males non castres,O,2,EUR/kg carcasse,4.22,,COT-VRO-GBEA_communautaire-A24-S18.csv
2024,18,,2024-04-29,2024-05-05,Standard,Males castres,R,3,EUR/kg carcasse,5.35,,COT-VRO-GBEA_communautaire-A24-S18.csv
2024,18,,2024-04-29,2024-05-05,Standard,Males castres,O,3,EUR/kg carcasse,4.66,,COT-VRO-GBEA_communautaire-A24-S18.csv
2024,18,,2024-04-29,2024-05-05,Standard,Males castres,P,3,EUR/kg carcasse,4.36,,COT-VRO-GBEA_communautaire-A24-S18.csv
2024,18,,2024-04-29,2024-05-05,Standard,Femelles ayant deja vele,U,3,EUR/kg carcasse,5.99,,COT-VRO-GBEA_communautaire-A24-S18.csv
2024,18,,2024-04-29,2024-05-05,Standard,Femelles ayant deja vele,R,2,EUR/kg carcasse,5.42,,COT-VRO-GBEA_communautaire-A24-S18.csv
2024,18,,2024-04-29,2024-05-05,Standard,Femelles ayant deja vele,R,3,EUR/kg carcasse,5.46,,COT-VRO-GBEA_communautaire-A24-S18.csv
2024,18,,2024-04-29,2024-05-05,Standard,Femelles ayant deja vele,R,4,EUR/kg carcasse,5.41,,COT-VRO-GBEA_communautaire-A24-S18.csv
2024,18,,2024-04-29,2024-05-05,Standard,Femelles ayant deja vele,O,2,EUR/kg carcasse,4.86,,COT-VRO-GBEA_communautaire-A24-S18.csv
2024,18,,2024-04-29,2024-05-05,Standard,Femelles ayant deja vele,O,3,EUR/kg carcasse,4.58,,COT-VRO-GBEA_communautaire-A24-S18.csv
2024,18,,2024-04-29,2024-05-05,Standard,Femelles ayant deja vele,O,4,EUR/kg carcasse,4.58,,COT-VRO-GBEA_communautaire-A24-S18.csv
2024,18,,2024-04-29,2024-05-05,Standard,Femelles ayant deja vele,P,2,EUR/kg carcasse,4.03,,COT-VRO-GBEA_communautaire-A24-S18.csv
2024,18,,2024-04-29,2024-05-05,Standard,Femelles ayant deja vele,P,3,EUR/kg carcasse,4.25,,COT-VRO-GBEA_communautaire-A24-S18.csv
2024,18,,2024-04-29,2024-05-05,Standard,Autres femelles,U,3,EUR/kg carcasse,5.97,,COT-VRO-GBEA_communautaire-A24-S18.csv
2024,18,,2024-04-29,2024-05-05,Standard,Autres femelles,R,2,EUR/kg carcasse,5.42,,COT-VRO-GBEA_communautaire-A24-S18.csv
2024,18,,2024-04-29,2024-05-05,Standard,Autres femelles,R,3,EUR/kg carcasse,5.52,,COT-VRO-GBEA_communautaire-A24-S18.csv
2024,18,,2024-04-29,2024-05-05,Standard,Autres femelles,R,4,EUR/kg carcasse,5.33,,COT-VRO-GBEA_communautaire-A24-S18.csv
2024,18,,2024-04-29,2024-05-05,Standard,Autres femelles,O,3,EUR/kg carcasse,4.87,,COT-VRO-GBEA_communautaire-A24-S18.csv
2024,19,,2024-05-06,2024-05-12,Standard,Males non castres de moins de 2 ans,E,2,EUR/kg carcasse,5.78,,COT-VRO-GBEA_communautaire-A24-S19.csv
2024,19,,2024-05-06,2024-05-12,Standard,Males non castres de moins de 2 ans,U,2,EUR/kg carcasse,5.49,,COT-VRO-GBEA_communautaire-A24-S19.csv
2024,19,,2024-05-06,2024-05-12,Standard,Males non castres de moins de 2 ans,U,3,EUR/kg carcasse,5.3,,COT-VRO-GBEA_communautaire-A24-S19.csv
2024,19,,2024-05-06,2024-05-12,Standard,Males non castres de moins de 2 ans,R,2,EUR/kg carcasse,5.24,,COT-VRO-GBEA_communautaire-A24-S19.csv
2024,19,,2024-05-06,2024-05-12,Standard,Males non castres de moins de 2 ans,R,3,EUR/kg carcasse,5.18,,COT-VRO-GBEA_communautaire-A24-S19.csv
2024,19,,2024-05-06,2024-05-12,Standard,Males non castres de moins de 2 ans,O,2,EUR/kg carcasse,4.72,,COT-VRO-GBEA_communautaire-A24-S19.csv
2024,19,,2024-05-06,2024-05-12,Standard,Males non castres de moins de 2 ans,O,3,EUR/kg carcasse,4.74,,COT-VRO-GBEA_communautaire-A24-S19.csv
2024,19,,2024-05-06,2024-05-12,Standard,Males non castres de moins de 2 ans,P,3,EUR/kg carcasse,4.65,,COT-VRO-GBEA_communautaire-A24-S19.csv
2024,19,,2024-05-06,2024-05-12,Standard,Autres males non castres,U,2,EUR/kg carcasse,4.68,,COT-VRO-GBEA_communautaire-A24-S19.csv
2024,19,,2024-05-06,2024-05-12,Standard,Autres males non castres,R,2,EUR/kg carcasse,4.66,,COT-VRO-GBEA_communautaire-A24-S19.csv
2024,19,,2024-05-06,2024-05-12,Standard,Males castres,R,3,EUR/kg carcasse,5.32,,COT-VRO-GBEA_communautaire-A24-S19.csv
2024,19,,2024-05-06,2024-05-12,Standard,Males castres,O,3,EUR/kg carcasse,4.65,,COT-VRO-GBEA_communautaire-A24-S19.csv
2024,19,,2024-05-06,2024-05-12,Standard,Males castres,P,3,EUR/kg carcasse,4.4,,COT-VRO-GBEA_communautaire-A24-S19.csv
2024,19,,2024-05-06,2024-05-12,Standard,Femelles ayant deja vele,U,3,EUR/kg carcasse,6.01,,COT-VRO-GBEA_communautaire-A24-S19.csv
2024,19,,2024-05-06,2024-05-12,Standard,Femelles ayant deja vele,R,2,EUR/kg carcasse,5.4,,COT-VRO-GBEA_communautaire-A24-S19.csv
2024,19,,2024-05-06,2024-05-12,Standard,Femelles ayant deja vele,R,3,EUR/kg carcasse,5.48,,COT-VRO-GBEA_communautaire-A24-S19.csv
2024,19,,2024-05-06,2024-05-12,Standard,Femelles ayant deja vele,R,4,EUR/kg carcasse,5.38,,COT-VRO-GBEA_communautaire-A24-S19.csv
2024,19,,2024-05-06,2024-05-12,Standard,Femelles ayant deja vele,O,2,EUR/kg carcasse,4.94,,COT-VRO-GBEA_communautaire-A24-S19.csv
2024,19,,2024-05-06,2024-05-12,Standard,Femelles ayant deja vele,O,3,EUR/kg carcasse,4.61,,COT-VRO-GBEA_communautaire-A24-S19.csv
2024,19,,2024-05-06,2024-05-12,Standard,Femelles ayant deja vele,O,4,EUR/kg carcasse,4.43,,COT-VRO-GBEA_communautaire-A24-S19.csv
2024,19,,2024-05-06,2024-05-12,Standard,Femelles ayant deja vele,P,2,EUR/kg carcasse,4.06,,COT-VRO-GBEA_communautaire-A24-S19.csv
2024,19,,2024-05-06,2024-05-12,Standard,Femelles ayant deja vele,P,3,EUR/kg carcasse,4.28,,COT-VRO-GBEA_communautaire-A24-S19.csv
2024,19,,2024-05-06,2024-05-12,Standard,Autres femelles,U,3,EUR/kg carcasse,5.98,,COT-VRO-GBEA_communautaire-A24-S19.csv
2024,19,,2024-05-06,2024-05-12,Standard,Autres femelles,R,2,EUR/kg carcasse,5.39,,COT-VRO-GBEA_communautaire-A24-S19.csv
2024,19,,2024-05-06,2024-05-12,Standard,Autres femelles,R,3,EUR/kg carcasse,5.52,,COT-VRO-GBEA_communautaire-A24-S19.csv
2024,19,,2024-05-06,2024-05-12,Standard,Autres femelles,R,4,EUR/kg carcasse,5.38,,COT-VRO-GBEA_communautaire-A24-S19.csv
2024,19,,2024-05-06,2024-05-12,Standard,Autres femelles,O,3,EUR/kg carcasse,4.9,,COT-VRO-GBEA_communautaire-A24-S19.csv
2024,20,,2024-05-13,2024-05-19,Standard,Males non castres de moins de 2 ans,E,2,EUR/kg carcasse,5.75,,COT-VRO-GBEA_communautaire-A24-S20.csv
2024,20,,2024-05-13,2024-05-19,Standard,Males non castres de moins de 2 ans,U,2,EUR/kg carcasse,5.48,,COT-VRO-GBEA_communautaire-A24-S20.csv
2024,20,,2024-05-13,2024-05-19,Standard,Males non castres de moins de 2 ans,U,3,EUR/kg carcasse,5.29,,COT-VRO-GBEA_communautaire-A24-S20.csv
2024,20,,2024-05-13,2024-05-19,Standard,Males non castres de moins de 2 ans,R,2,EUR/kg carcasse,5.21,,COT-VRO-GBEA_communautaire-A24-S20.csv
2024,20,,2024-05-13,2024-05-19,Standard,Males non castres de moins de 2 ans,R,3,EUR/kg carcasse,5.16,,COT-VRO-GBEA_communautaire-A24-S20.csv
2024,20,,2024-05-13,2024-05-19,Standard,Males non castres de moins de 2 ans,O,2,EUR/kg carcasse,4.72,,COT-VRO-GBEA_communautaire-A24-S20.csv
2024,20,,2024-05-13,2024-05-19,Standard,Males non castres de moins de 2 ans,O,3,EUR/kg carcasse,4.74,,COT-VRO-GBEA_communautaire-A24-S20.csv
2024,20,,2024-05-13,2024-05-19,Standard,Males non castres de moins de 2 ans,P,3,EUR/kg carcasse,4.66,,COT-VRO-GBEA_communautaire-A24-S20.csv
2024,20,,2024-05-13,2024-05-19,Standard,Autres males non castres,U,2,EUR/kg carcasse,4.71,,COT-VRO-GBEA_communautaire-A24-S20.csv
2024,20,,2024-05-13,2024-05-19,Standard,Autres males non castres,R,2,EUR/kg carcasse,4.64,,COT-VRO-GBEA_communautaire-A24-S20.csv
2024,20,,2024-05-13,2024-05-19,Standard,Males castres,U,3,EUR/kg carcasse,5.58,,COT-VRO-GBEA_communautaire-A24-S20.csv
2024,20,,2024-05-13,2024-05-19,Standard,Males castres,R,3,EUR/kg carcasse,5.33,,COT-VRO-GBEA_communautaire-A24-S20.csv
2024,20,,2024-05-13,2024-05-19,Standard,Males castres,O,3,EUR/kg carcasse,4.75,,COT-VRO-GBEA_communautaire-A24-S20.csv
2024,20,,2024-05-13,2024-05-19,Standard,Males castres,P,3,EUR/kg carcasse,4.41,,COT-VRO-GBEA_communautaire-A24-S20.csv
2024,20,,2024-05-13,2024-05-19,Standard,Femelles ayant deja vele,U,3,EUR/kg carcasse,6,,COT-VRO-GBEA_communautaire-A24-S20.csv
2024,20,,2024-05-13,2024-05-19,Standard,Femelles ayant deja vele,R,2,EUR/kg carcasse,5.47,,COT-VRO-GBEA_communautaire-A24-S20.csv
2024,20,,2024-05-13,2024-05-19,Standard,Femelles ayant deja vele,R,3,EUR/kg carcasse,5.49,,COT-VRO-GBEA_communautaire-A24-S20.csv
2024,20,,2024-05-13,2024-05-19,Standard,Femelles ayant deja vele,R,4,EUR/kg carcasse,5.39,,COT-VRO-GBEA_communautaire-A24-S20.csv
2024,20,,2024-05-13,2024-05-19,Standard,Femelles ayant deja vele,O,2,EUR/kg carcasse,4.89,,COT-VRO-GBEA_communautaire-A24-S20.csv
2024,20,,2024-05-13,2024-05-19,Standard,Femelles ayant deja vele,O,3,EUR/kg carcasse,4.64,,COT-VRO-GBEA_communautaire-A24-S20.csv
2024,20,,2024-05-13,2024-05-19,Standard,Femelles ayant deja vele,O,4,EUR/kg carcasse,4.47,,COT-VRO-GBEA_communautaire-A24-S20.csv
2024,20,,2024-05-13,2024-05-19,Standard,Femelles ayant deja vele,P,2,EUR/kg carcasse,4.11,,COT-VRO-GBEA_communautaire-A24-S20.csv
2024,20,,2024-05-13,2024-05-19,Standard,Femelles ayant deja vele,P,3,EUR/kg carcasse,4.33,,COT-VRO-GBEA_communautaire-A24-S20.csv
2024,20,,2024-05-13,2024-05-19,Standard,Autres femelles,U,3,EUR/kg carcasse,5.97,,COT-VRO-GBEA_communautaire-A24-S20.csv
2024,20,,2024-05-13,2024-05-19,Standard,Autres femelles,R,2,EUR/kg carcasse,5.43,,COT-VRO-GBEA_communautaire-A24-S20.csv
2024,20,,2024-05-13,2024-05-19,Standard,Autres femelles,R,3,EUR/kg carcasse,5.52,,COT-VRO-GBEA_communautaire-A24-S20.csv
2024,20,,2024-05-13,2024-05-19,Standard,Autres femelles,R,4,EUR/kg carcasse,5.32,,COT-VRO-GBEA_communautaire-A24-S20.csv
2024,20,,2024-05-13,2024-05-19,Standard,Autres femelles,O,3,EUR/kg carcasse,5,,COT-VRO-GBEA_communautaire-A24-S20.csv
2024,21,,2024-05-20,2024-05-26,Standard,Males non castres de moins de 2 ans,E,2,EUR/kg carcasse,5.81,,COT-VRO-GBEA_communautaire-A24-S21.csv
2024,21,,2024-05-20,2024-05-26,Standard,Males non castres de moins de 2 ans,U,2,EUR/kg carcasse,5.5,,COT-VRO-GBEA_communautaire-A24-S21.csv
2024,21,,2024-05-20,2024-05-26,Standard,Males non castres de moins de 2 ans,U,3,EUR/kg carcasse,5.31,,COT-VRO-GBEA_communautaire-A24-S21.csv
2024,21,,2024-05-20,2024-05-26,Standard,Males non castres de moins de 2 ans,R,2,EUR/kg carcasse,5.26,,COT-VRO-GBEA_communautaire-A24-S21.csv
2024,21,,2024-05-20,2024-05-26,Standard,Males non castres de moins de 2 ans,R,3,EUR/kg carcasse,5.16,,COT-VRO-GBEA_communautaire-A24-S21.csv
2024,21,,2024-05-20,2024-05-26,Standard,Males non castres de moins de 2 ans,O,2,EUR/kg carcasse,4.76,,COT-VRO-GBEA_communautaire-A24-S21.csv
2024,21,,2024-05-20,2024-05-26,Standard,Males non castres de moins de 2 ans,O,3,EUR/kg carcasse,4.72,,COT-VRO-GBEA_communautaire-A24-S21.csv
2024,21,,2024-05-20,2024-05-26,Standard,Males non castres de moins de 2 ans,P,3,EUR/kg carcasse,4.67,,COT-VRO-GBEA_communautaire-A24-S21.csv
2024,21,,2024-05-20,2024-05-26,Standard,Autres males non castres,U,2,EUR/kg carcasse,4.71,,COT-VRO-GBEA_communautaire-A24-S21.csv
2024,21,,2024-05-20,2024-05-26,Standard,Autres males non castres,R,2,EUR/kg carcasse,4.64,,COT-VRO-GBEA_communautaire-A24-S21.csv
2024,21,,2024-05-20,2024-05-26,Standard,Males castres,R,3,EUR/kg carcasse,5.36,,COT-VRO-GBEA_communautaire-A24-S21.csv
2024,21,,2024-05-20,2024-05-26,Standard,Males castres,O,3,EUR/kg carcasse,4.72,,COT-VRO-GBEA_communautaire-A24-S21.csv
2024,21,,2024-05-20,2024-05-26,Standard,Males castres,P,3,EUR/kg carcasse,4.43,,COT-VRO-GBEA_communautaire-A24-S21.csv
2024,21,,2024-05-20,2024-05-26,Standard,Femelles ayant deja vele,U,3,EUR/kg carcasse,6.01,,COT-VRO-GBEA_communautaire-A24-S21.csv
2024,21,,2024-05-20,2024-05-26,Standard,Femelles ayant deja vele,R,2,EUR/kg carcasse,5.41,,COT-VRO-GBEA_communautaire-A24-S21.csv
2024,21,,2024-05-20,2024-05-26,Standard,Femelles ayant deja vele,R,3,EUR/kg carcasse,5.49,,COT-VRO-GBEA_communautaire-A24-S21.csv
2024,21,,2024-05-20,2024-05-26,Standard,Femelles ayant deja vele,R,4,EUR/kg carcasse,5.41,,COT-VRO-GBEA_communautaire-A24-S21.csv
2024,21,,2024-05-20,2024-05-26,Standard,Femelles ayant deja vele,O,2,EUR/kg carcasse,4.9,,COT-VRO-GBEA_communautaire-A24-S21.csv
2024,21,,2024-05-20,2024-05-26,Standard,Femelles ayant deja vele,O,3,EUR/kg carcasse,4.64,,COT-VRO-GBEA_communautaire-A24-S21.csv
2024,21,,2024-05-20,2024-05-26,Standard,Femelles ayant deja vele,O,4,EUR/kg carcasse,4.48,,COT-VRO-GBEA_communautaire-A24-S21.csv
2024,21,,2024-05-20,2024-05-26,Standard,Femelles ayant deja vele,P,2,EUR/kg carcasse,4.12,,COT-VRO-GBEA_communautaire-A24-S21.csv
2024,21,,2024-05-20,2024-05-26,Standard,Femelles ayant deja vele,P,3,EUR/kg carcasse,4.34,,COT-VRO-GBEA_communautaire-A24-S21.csv
2024,21,,2024-05-20,2024-05-26,Standard,Autres femelles,U,3,EUR/kg carcasse,5.97,,COT-VRO-GBEA_communautaire-A24-S21.csv
2024,21,,2024-05-20,2024-05-26,Standard,Autres femelles,R,2,EUR/kg carcasse,5.39,,COT-VRO-GBEA_communautaire-A24-S21.csv
2024,21,,2024-05-20,2024-05-26,Standard,Autres femelles,R,3,EUR/kg carcasse,5.53,,COT-VRO-GBEA_communautaire-A24-S21.csv
2024,21,,2024-05-20,2024-05-26,Standard,Autres femelles,R,4,EUR/kg carcasse,5.35,,COT-VRO-GBEA_communautaire-A24-S21.csv
2024,21,,2024-05-20,2024-05-26,Standard,Autres femelles,O,3,EUR/kg carcasse,4.94,,COT-VRO-GBEA_communautaire-A24-S21.csv
2024,22,,2024-05-27,2024-06-02,Standard,Males non castres de moins de 2 ans,E,2,EUR/kg carcasse,5.81,,COT-VRO-GBEA_communautaire-A24-S22.csv
2024,22,,2024-05-27,2024-06-02,Standard,Males non castres de moins de 2 ans,U,2,EUR/kg carcasse,5.49,,COT-VRO-GBEA_communautaire-A24-S22.csv
2024,22,,2024-05-27,2024-06-02,Standard,Males non castres de moins de 2 ans,U,3,EUR/kg carcasse,5.32,,COT-VRO-GBEA_communautaire-A24-S22.csv
2024,22,,2024-05-27,2024-06-02,Standard,Males non castres de moins de 2 ans,R,2,EUR/kg carcasse,5.23,,COT-VRO-GBEA_communautaire-A24-S22.csv
2024,22,,2024-05-27,2024-06-02,Standard,Males non castres de moins de 2 ans,R,3,EUR/kg carcasse,5.15,,COT-VRO-GBEA_communautaire-A24-S22.csv
2024,22,,2024-05-27,2024-06-02,Standard,Males non castres de moins de 2 ans,O,2,EUR/kg carcasse,4.79,,COT-VRO-GBEA_communautaire-A24-S22.csv
2024,22,,2024-05-27,2024-06-02,Standard,Males non castres de moins de 2 ans,O,3,EUR/kg carcasse,4.74,,COT-VRO-GBEA_communautaire-A24-S22.csv
2024,22,,2024-05-27,2024-06-02,Standard,Males non castres de moins de 2 ans,P,3,EUR/kg carcasse,4.67,,COT-VRO-GBEA_communautaire-A24-S22.csv
2024,22,,2024-05-27,2024-06-02,Standard,Autres males non castres,U,2,EUR/kg carcasse,4.72,,COT-VRO-GBEA_communautaire-A24-S22.csv
2024,22,,2024-05-27,2024-06-02,Standard,Autres males non castres,R,2,EUR/kg carcasse,4.68,,COT-VRO-GBEA_communautaire-A24-S22.csv
2024,22,,2024-05-27,2024-06-02,Standard,Males castres,R,3,EUR/kg carcasse,5.36,,COT-VRO-GBEA_communautaire-A24-S22.csv
2024,22,,2024-05-27,2024-06-02,Standard,Males castres,O,3,EUR/kg carcasse,4.69,,COT-VRO-GBEA_communautaire-A24-S22.csv
2024,22,,2024-05-27,2024-06-02,Standard,Males castres,P,3,EUR/kg carcasse,4.45,,COT-VRO-GBEA_communautaire-A24-S22.csv
2024,22,,2024-05-27,2024-06-02,Standard,Femelles ayant deja vele,U,3,EUR/kg carcasse,6.01,,COT-VRO-GBEA_communautaire-A24-S22.csv
2024,22,,2024-05-27,2024-06-02,Standard,Femelles ayant deja vele,R,2,EUR/kg carcasse,5.44,,COT-VRO-GBEA_communautaire-A24-S22.csv
2024,22,,2024-05-27,2024-06-02,Standard,Femelles ayant deja vele,R,3,EUR/kg carcasse,5.48,,COT-VRO-GBEA_communautaire-A24-S22.csv
2024,22,,2024-05-27,2024-06-02,Standard,Femelles ayant deja vele,R,4,EUR/kg carcasse,5.43,,COT-VRO-GBEA_communautaire-A24-S22.csv
2024,22,,2024-05-27,2024-06-02,Standard,Femelles ayant deja vele,O,2,EUR/kg carcasse,4.88,,COT-VRO-GBEA_communautaire-A24-S22.csv
2024,22,,2024-05-27,2024-06-02,Standard,Femelles ayant deja vele,O,3,EUR/kg carcasse,4.65,,COT-VRO-GBEA_communautaire-A24-S22.csv
2024,22,,2024-05-27,2024-06-02,Standard,Femelles ayant deja vele,O,4,EUR/kg carcasse,4.48,,COT-VRO-GBEA_communautaire-A24-S22.csv
2024,22,,2024-05-27,2024-06-02,Standard,Femelles ayant deja vele,P,2,EUR/kg carcasse,4.13,,COT-VRO-GBEA_communautaire-A24-S22.csv
2024,22,,2024-05-27,2024-06-02,Standard,Femelles ayant deja vele,P,3,EUR/kg carcasse,4.35,,COT-VRO-GBEA_communautaire-A24-S22.csv
2024,22,,2024-05-27,2024-06-02,Standard,Autres femelles,U,3,EUR/kg carcasse,5.95,,COT-VRO-GBEA_communautaire-A24-S22.csv
2024,22,,2024-05-27,2024-06-02,Standard,Autres femelles,R,2,EUR/kg carcasse,5.47,,COT-VRO-GBEA_communautaire-A24-S22.csv
2024,22,,2024-05-27,2024-06-02,Standard,Autres femelles,R,3,EUR/kg carcasse,5.53,,COT-VRO-GBEA_communautaire-A24-S22.csv
2024,22,,2024-05-27,2024-06-02,Standard,Autres femelles,R,4,EUR/kg carcasse,5.4,,COT-VRO-GBEA_communautaire-A24-S22.csv
2024,22,,2024-05-27,2024-06-02,Standard,Autres femelles,O,3,EUR/kg carcasse,4.99,,COT-VRO-GBEA_communautaire-A24-S22.csv
2024,23,,2024-06-03,2024-06-09,Standard,Males non castres de moins de 2 ans,E,2,EUR/kg carcasse,5.81,,COT-VRO-GBEA_communautaire-A24-S23.csv
2024,23,,2024-06-03,2024-06-09,Standard,Males non castres de moins de 2 ans,U,2,EUR/kg carcasse,5.48,,COT-VRO-GBEA_communautaire-A24-S23.csv
2024,23,,2024-06-03,2024-06-09,Standard,Males non castres de moins de 2 ans,U,3,EUR/kg carcasse,5.31,,COT-VRO-GBEA_communautaire-A24-S23.csv
2024,23,,2024-06-03,2024-06-09,Standard,Males non castres de moins de 2 ans,R,2,EUR/kg carcasse,5.25,,COT-VRO-GBEA_communautaire-A24-S23.csv
2024,23,,2024-06-03,2024-06-09,Standard,Males non castres de moins de 2 ans,R,3,EUR/kg carcasse,5.17,,COT-VRO-GBEA_communautaire-A24-S23.csv
2024,23,,2024-06-03,2024-06-09,Standard,Males non castres de moins de 2 ans,O,2,EUR/kg carcasse,4.8,,COT-VRO-GBEA_communautaire-A24-S23.csv
2024,23,,2024-06-03,2024-06-09,Standard,Males non castres de moins de 2 ans,O,3,EUR/kg carcasse,4.74,,COT-VRO-GBEA_communautaire-A24-S23.csv
2024,23,,2024-06-03,2024-06-09,Standard,Males non castres de moins de 2 ans,P,3,EUR/kg carcasse,4.69,,COT-VRO-GBEA_communautaire-A24-S23.csv
2024,23,,2024-06-03,2024-06-09,Standard,Autres males non castres,U,2,EUR/kg carcasse,4.71,,COT-VRO-GBEA_communautaire-A24-S23.csv
2024,23,,2024-06-03,2024-06-09,Standard,Autres males non castres,R,2,EUR/kg carcasse,4.64,,COT-VRO-GBEA_communautaire-A24-S23.csv
2024,23,,2024-06-03,2024-06-09,Standard,Males castres,R,3,EUR/kg carcasse,5.31,,COT-VRO-GBEA_communautaire-A24-S23.csv
2024,23,,2024-06-03,2024-06-09,Standard,Males castres,O,3,EUR/kg carcasse,4.77,,COT-VRO-GBEA_communautaire-A24-S23.csv
2024,23,,2024-06-03,2024-06-09,Standard,Males castres,P,3,EUR/kg carcasse,4.5,,COT-VRO-GBEA_communautaire-A24-S23.csv
2024,23,,2024-06-03,2024-06-09,Standard,Femelles ayant deja vele,U,3,EUR/kg carcasse,5.98,,COT-VRO-GBEA_communautaire-A24-S23.csv
2024,23,,2024-06-03,2024-06-09,Standard,Femelles ayant deja vele,R,2,EUR/kg carcasse,5.48,,COT-VRO-GBEA_communautaire-A24-S23.csv
2024,23,,2024-06-03,2024-06-09,Standard,Femelles ayant deja vele,R,3,EUR/kg carcasse,5.51,,COT-VRO-GBEA_communautaire-A24-S23.csv
2024,23,,2024-06-03,2024-06-09,Standard,Femelles ayant deja vele,R,4,EUR/kg carcasse,5.38,,COT-VRO-GBEA_communautaire-A24-S23.csv
2024,23,,2024-06-03,2024-06-09,Standard,Femelles ayant deja vele,O,2,EUR/kg carcasse,4.94,,COT-VRO-GBEA_communautaire-A24-S23.csv
2024,23,,2024-06-03,2024-06-09,Standard,Femelles ayant deja vele,O,3,EUR/kg carcasse,4.65,,COT-VRO-GBEA_communautaire-A24-S23.csv
2024,23,,2024-06-03,2024-06-09,Standard,Femelles ayant deja vele,O,4,EUR/kg carcasse,4.52,,COT-VRO-GBEA_communautaire-A24-S23.csv
2024,23,,2024-06-03,2024-06-09,Standard,Femelles ayant deja vele,P,2,EUR/kg carcasse,4.14,,COT-VRO-GBEA_communautaire-A24-S23.csv
2024,23,,2024-06-03,2024-06-09,Standard,Femelles ayant deja vele,P,3,EUR/kg carcasse,4.36,,COT-VRO-GBEA_communautaire-A24-S23.csv
2024,23,,2024-06-03,2024-06-09,Standard,Autres femelles,U,3,EUR/kg carcasse,5.98,,COT-VRO-GBEA_communautaire-A24-S23.csv
2024,23,,2024-06-03,2024-06-09,Standard,Autres femelles,R,2,EUR/kg carcasse,5.49,,COT-VRO-GBEA_communautaire-A24-S23.csv
2024,23,,2024-06-03,2024-06-09,Standard,Autres femelles,R,3,EUR/kg carcasse,5.53,,COT-VRO-GBEA_communautaire-A24-S23.csv
2024,23,,2024-06-03,2024-06-09,Standard,Autres femelles,R,4,EUR/kg carcasse,5.38,,COT-VRO-GBEA_communautaire-A24-S23.csv
2024,23,,2024-06-03,2024-06-09,Standard,Autres femelles,O,3,EUR/kg carcasse,4.93,,COT-VRO-GBEA_communautaire-A24-S23.csv
2024,24,,2024-06-10,2024-06-16,Standard,Males non castres de moins de 2 ans,E,2,EUR/kg carcasse,5.79,,COT-VRO-GBEA_communautaire-A24-S24.csv
2024,24,,2024-06-10,2024-06-16,Standard,Males non castres de moins de 2 ans,U,2,EUR/kg carcasse,5.51,,COT-VRO-GBEA_communautaire-A24-S24.csv
2024,24,,2024-06-10,2024-06-16,Standard,Males non castres de moins de 2 ans,U,3,EUR/kg carcasse,5.32,,COT-VRO-GBEA_communautaire-A24-S24.csv
2024,24,,2024-06-10,2024-06-16,Standard,Males non castres de moins de 2 ans,R,2,EUR/kg carcasse,5.27,,COT-VRO-GBEA_communautaire-A24-S24.csv
2024,24,,2024-06-10,2024-06-16,Standard,Males non castres de moins de 2 ans,R,3,EUR/kg carcasse,5.17,,COT-VRO-GBEA_communautaire-A24-S24.csv
2024,24,,2024-06-10,2024-06-16,Standard,Males non castres de moins de 2 ans,O,2,EUR/kg carcasse,4.81,,COT-VRO-GBEA_communautaire-A24-S24.csv
2024,24,,2024-06-10,2024-06-16,Standard,Males non castres de moins de 2 ans,O,3,EUR/kg carcasse,4.75,,COT-VRO-GBEA_communautaire-A24-S24.csv
2024,24,,2024-06-10,2024-06-16,Standard,Males non castres de moins de 2 ans,P,3,EUR/kg carcasse,4.71,,COT-VRO-GBEA_communautaire-A24-S24.csv
2024,24,,2024-06-10,2024-06-16,Standard,Autres males non castres,U,2,EUR/kg carcasse,4.72,,COT-VRO-GBEA_communautaire-A24-S24.csv
2024,24,,2024-06-10,2024-06-16,Standard,Autres males non castres,R,2,EUR/kg carcasse,4.69,,COT-VRO-GBEA_communautaire-A24-S24.csv
2024,24,,2024-06-10,2024-06-16,Standard,Autres males non castres,O,2,EUR/kg carcasse,4.26,,COT-VRO-GBEA_communautaire-A24-S24.csv
2024,24,,2024-06-10,2024-06-16,Standard,Males castres,R,3,EUR/kg carcasse,5.33,,COT-VRO-GBEA_communautaire-A24-S24.csv
2024,24,,2024-06-10,2024-06-16,Standard,Males castres,O,3,EUR/kg carcasse,4.7,,COT-VRO-GBEA_communautaire-A24-S24.csv
2024,24,,2024-06-10,2024-06-16,Standard,Males castres,P,3,EUR/kg carcasse,4.48,,COT-VRO-GBEA_communautaire-A24-S24.csv
2024,24,,2024-06-10,2024-06-16,Standard,Femelles ayant deja vele,U,3,EUR/kg carcasse,6,,COT-VRO-GBEA_communautaire-A24-S24.csv
2024,24,,2024-06-10,2024-06-16,Standard,Femelles ayant deja vele,R,2,EUR/kg carcasse,5.48,,COT-VRO-GBEA_communautaire-A24-S24.csv
2024,24,,2024-06-10,2024-06-16,Standard,Femelles ayant deja vele,R,3,EUR/kg carcasse,5.5,,COT-VRO-GBEA_communautaire-A24-S24.csv
2024,24,,2024-06-10,2024-06-16,Standard,Femelles ayant deja vele,R,4,EUR/kg carcasse,5.41,,COT-VRO-GBEA_communautaire-A24-S24.csv
2024,24,,2024-06-10,2024-06-16,Standard,Femelles ayant deja vele,O,2,EUR/kg carcasse,5.02,,COT-VRO-GBEA_communautaire-A24-S24.csv
2024,24,,2024-06-10,2024-06-16,Standard,Femelles ayant deja vele,O,3,EUR/kg carcasse,4.67,,COT-VRO-GBEA_communautaire-A24-S24.csv
2024,24,,2024-06-10,2024-06-16,Standard,Femelles ayant deja vele,O,4,EUR/kg carcasse,4.54,,COT-VRO-GBEA_communautaire-A24-S24.csv
2024,24,,2024-06-10,2024-06-16,Standard,Femelles ayant deja vele,P,2,EUR/kg carcasse,4.16,,COT-VRO-GBEA_communautaire-A24-S24.csv
2024,24,,2024-06-10,2024-06-16,Standard,Femelles ayant deja vele,P,3,EUR/kg carcasse,4.38,,COT-VRO-GBEA_communautaire-A24-S24.csv
2024,24,,2024-06-10,2024-06-16,Standard,Autres femelles,U,3,EUR/kg carcasse,5.96,,COT-VRO-GBEA_communautaire-A24-S24.csv
2024,24,,2024-06-10,2024-06-16,Standard,Autres femelles,R,2,EUR/kg carcasse,5.43,,COT-VRO-GBEA_communautaire-A24-S24.csv
2024,24,,2024-06-10,2024-06-16,Standard,Autres femelles,R,3,EUR/kg carcasse,5.53,,COT-VRO-GBEA_communautaire-A24-S24.csv
2024,24,,2024-06-10,2024-06-16,Standard,Autres femelles,R,4,EUR/kg carcasse,5.37,,COT-VRO-GBEA_communautaire-A24-S24.csv
2024,24,,2024-06-10,2024-06-16,Standard,Autres femelles,O,3,EUR/kg carcasse,4.94,,COT-VRO-GBEA_communautaire-A24-S24.csv
2024,25,,2024-06-17,2024-06-23,Standard,Males non castres de moins de 2 ans,U,2,EUR/kg carcasse,5.5,,COT-VRO-GBEA_communautaire-A24-S25.csv
2024,25,,2024-06-17,2024-06-23,Standard,Males non castres de moins de 2 ans,U,3,EUR/kg carcasse,5.33,,COT-VRO-GBEA_communautaire-A24-S25.csv
2024,25,,2024-06-17,2024-06-23,Standard,Males non castres de moins de 2 ans,R,2,EUR/kg carcasse,5.23,,COT-VRO-GBEA_communautaire-A24-S25.csv
2024,25,,2024-06-17,2024-06-23,Standard,Males non castres de moins de 2 ans,R,3,EUR/kg carcasse,5.19,,COT-VRO-GBEA_communautaire-A24-S25.csv
2024,25,,2024-06-17,2024-06-23,Standard,Males non castres de moins de 2 ans,O,2,EUR/kg carcasse,4.79,,COT-VRO-GBEA_communautaire-A24-S25.csv
2024,25,,2024-06-17,2024-06-23,Standard,Males non castres de moins de 2 ans,O,3,EUR/kg carcasse,4.76,,COT-VRO-GBEA_communautaire-A24-S25.csv
2024,25,,2024-06-17,2024-06-23,Standard,Males non castres de moins de 2 ans,P,3,EUR/kg carcasse,4.67,,COT-VRO-GBEA_communautaire-A24-S25.csv
2024,25,,2024-06-17,2024-06-23,Standard,Autres males non castres,U,2,EUR/kg carcasse,4.77,,COT-VRO-GBEA_communautaire-A24-S25.csv
2024,25,,2024-06-17,2024-06-23,Standard,Autres males non castres,R,2,EUR/kg carcasse,4.8,,COT-VRO-GBEA_communautaire-A24-S25.csv
2024,25,,2024-06-17,2024-06-23,Standard,Autres males non castres,R,3,EUR/kg carcasse,4.71,,COT-VRO-GBEA_communautaire-A24-S25.csv
2024,25,,2024-06-17,2024-06-23,Standard,Autres males non castres,O,2,EUR/kg carcasse,4.58,,COT-VRO-GBEA_communautaire-A24-S25.csv
2024,25,,2024-06-17,2024-06-23,Standard,Autres males non castres,O,3,EUR/kg carcasse,4.41,,COT-VRO-GBEA_communautaire-A24-S25.csv
2024,25,,2024-06-17,2024-06-23,Standard,Males castres,R,3,EUR/kg carcasse,5.28,,COT-VRO-GBEA_communautaire-A24-S25.csv
2024,25,,2024-06-17,2024-06-23,Standard,Males castres,O,3,EUR/kg carcasse,4.82,,COT-VRO-GBEA_communautaire-A24-S25.csv
2024,25,,2024-06-17,2024-06-23,Standard,Males castres,P,3,EUR/kg carcasse,4.47,,COT-VRO-GBEA_communautaire-A24-S25.csv
2024,25,,2024-06-17,2024-06-23,Standard,Femelles ayant deja vele,U,3,EUR/kg carcasse,6.04,,COT-VRO-GBEA_communautaire-A24-S25.csv
2024,25,,2024-06-17,2024-06-23,Standard,Femelles ayant deja vele,R,2,EUR/kg carcasse,5.44,,COT-VRO-GBEA_communautaire-A24-S25.csv
2024,25,,2024-06-17,2024-06-23,Standard,Femelles ayant deja vele,R,3,EUR/kg carcasse,5.5,,COT-VRO-GBEA_communautaire-A24-S25.csv
2024,25,,2024-06-17,2024-06-23,Standard,Femelles ayant deja vele,R,4,EUR/kg carcasse,5.42,,COT-VRO-GBEA_communautaire-A24-S25.csv
2024,25,,2024-06-17,2024-06-23,Standard,Femelles ayant deja vele,O,2,EUR/kg carcasse,4.93,,COT-VRO-GBEA_communautaire-A24-S25.csv
2024,25,,2024-06-17,2024-06-23,Standard,Femelles ayant deja vele,O,3,EUR/kg carcasse,4.69,,COT-VRO-GBEA_communautaire-A24-S25.csv
2024,25,,2024-06-17,2024-06-23,Standard,Femelles ayant deja vele,O,4,EUR/kg carcasse,4.56,,COT-VRO-GBEA_communautaire-A24-S25.csv
2024,25,,2024-06-17,2024-06-23,Standard,Femelles ayant deja vele,P,2,EUR/kg carcasse,4.17,,COT-VRO-GBEA_communautaire-A24-S25.csv
2024,25,,2024-06-17,2024-06-23,Standard,Femelles ayant deja vele,P,3,EUR/kg carcasse,4.39,,COT-VRO-GBEA_communautaire-A24-S25.csv
2024,25,,2024-06-17,2024-06-23,Standard,Autres femelles,U,3,EUR/kg carcasse,5.95,,COT-VRO-GBEA_communautaire-A24-S25.csv
2024,25,,2024-06-17,2024-06-23,Standard,Autres femelles,R,2,EUR/kg carcasse,5.53,,COT-VRO-GBEA_communautaire-A24-S25.csv
2024,25,,2024-06-17,2024-06-23,Standard,Autres femelles,R,3,EUR/kg carcasse,5.51,,COT-VRO-GBEA_communautaire-A24-S25.csv
2024,25,,2024-06-17,2024-06-23,Standard,Autres femelles,R,4,EUR/kg carcasse,5.37,,COT-VRO-GBEA_communautaire-A24-S25.csv
2024,25,,2024-06-17,2024-06-23,Standard,Autres femelles,O,3,EUR/kg carcasse,5.01,,COT-VRO-GBEA_communautaire-A24-S25.csv
2024,26,,2024-06-24,2024-06-30,Standard,Males non castres de moins de 2 ans,E,2,EUR/kg carcasse,5.8,,COT-VRO-GBEA_communautaire-A24-S26.csv
2024,26,,2024-06-24,2024-06-30,Standard,Males non castres de moins de 2 ans,U,2,EUR/kg carcasse,5.51,,COT-VRO-GBEA_communautaire-A24-S26.csv
2024,26,,2024-06-24,2024-06-30,Standard,Males non castres de moins de 2 ans,U,3,EUR/kg carcasse,5.34,,COT-VRO-GBEA_communautaire-A24-S26.csv
2024,26,,2024-06-24,2024-06-30,Standard,Males non castres de moins de 2 ans,R,2,EUR/kg carcasse,5.25,,COT-VRO-GBEA_communautaire-A24-S26.csv
2024,26,,2024-06-24,2024-06-30,Standard,Males non castres de moins de 2 ans,R,3,EUR/kg carcasse,5.19,,COT-VRO-GBEA_communautaire-A24-S26.csv
2024,26,,2024-06-24,2024-06-30,Standard,Males non castres de moins de 2 ans,O,2,EUR/kg carcasse,4.82,,COT-VRO-GBEA_communautaire-A24-S26.csv
2024,26,,2024-06-24,2024-06-30,Standard,Males non castres de moins de 2 ans,O,3,EUR/kg carcasse,4.75,,COT-VRO-GBEA_communautaire-A24-S26.csv
2024,26,,2024-06-24,2024-06-30,Standard,Males non castres de moins de 2 ans,P,3,EUR/kg carcasse,4.69,,COT-VRO-GBEA_communautaire-A24-S26.csv
2024,26,,2024-06-24,2024-06-30,Standard,Autres males non castres,U,2,EUR/kg carcasse,4.74,,COT-VRO-GBEA_communautaire-A24-S26.csv
2024,26,,2024-06-24,2024-06-30,Standard,Autres males non castres,R,2,EUR/kg carcasse,4.69,,COT-VRO-GBEA_communautaire-A24-S26.csv
2024,26,,2024-06-24,2024-06-30,Standard,Males castres,R,3,EUR/kg carcasse,5.32,,COT-VRO-GBEA_communautaire-A24-S26.csv
2024,26,,2024-06-24,2024-06-30,Standard,Males castres,O,3,EUR/kg carcasse,4.8,,COT-VRO-GBEA_communautaire-A24-S26.csv
2024,26,,2024-06-24,2024-06-30,Standard,Males castres,P,3,EUR/kg carcasse,4.48,,COT-VRO-GBEA_communautaire-A24-S26.csv
2024,26,,2024-06-24,2024-06-30,Standard,Femelles ayant deja vele,U,3,EUR/kg carcasse,5.99,,COT-VRO-GBEA_communautaire-A24-S26.csv
2024,26,,2024-06-24,2024-06-30,Standard,Femelles ayant deja vele,R,2,EUR/kg carcasse,5.47,,COT-VRO-GBEA_communautaire-A24-S26.csv
2024,26,,2024-06-24,2024-06-30,Standard,Femelles ayant deja vele,R,3,EUR/kg carcasse,5.5,,COT-VRO-GBEA_communautaire-A24-S26.csv
2024,26,,2024-06-24,2024-06-30,Standard,Femelles ayant deja vele,R,4,EUR/kg carcasse,5.39,,COT-VRO-GBEA_communautaire-A24-S26.csv
2024,26,,2024-06-24,2024-06-30,Standard,Femelles ayant deja vele,O,2,EUR/kg carcasse,5.01,,COT-VRO-GBEA_communautaire-A24-S26.csv
2024,26,,2024-06-24,2024-06-30,Standard,Femelles ayant deja vele,O,3,EUR/kg carcasse,4.7,,COT-VRO-GBEA_communautaire-A24-S26.csv
2024,26,,2024-06-24,2024-06-30,Standard,Femelles ayant deja vele,O,4,EUR/kg carcasse,4.52,,COT-VRO-GBEA_communautaire-A24-S26.csv
2024,26,,2024-06-24,2024-06-30,Standard,Femelles ayant deja vele,P,2,EUR/kg carcasse,4.17,,COT-VRO-GBEA_communautaire-A24-S26.csv
2024,26,,2024-06-24,2024-06-30,Standard,Femelles ayant deja vele,P,3,EUR/kg carcasse,4.39,,COT-VRO-GBEA_communautaire-A24-S26.csv
2024,26,,2024-06-24,2024-06-30,Standard,Autres femelles,U,3,EUR/kg carcasse,5.95,,COT-VRO-GBEA_communautaire-A24-S26.csv
2024,26,,2024-06-24,2024-06-30,Standard,Autres femelles,R,2,EUR/kg carcasse,5.44,,COT-VRO-GBEA_communautaire-A24-S26.csv
2024,26,,2024-06-24,2024-06-30,Standard,Autres femelles,R,3,EUR/kg carcasse,5.56,,COT-VRO-GBEA_communautaire-A24-S26.csv
2024,26,,2024-06-24,2024-06-30,Standard,Autres femelles,R,4,EUR/kg carcasse,5.37,,COT-VRO-GBEA_communautaire-A24-S26.csv
2024,26,,2024-06-24,2024-06-30,Standard,Autres femelles,O,3,EUR/kg carcasse,4.98,,COT-VRO-GBEA_communautaire-A24-S26.csv
2024,27,,2024-07-01,2024-07-07,Standard,Males non castres de moins de 2 ans,E,2,EUR/kg carcasse,5.8,,COT-VRO-GBEA_communautaire-A24-S27.csv
2024,27,,2024-07-01,2024-07-07,Standard,Males non castres de moins de 2 ans,U,2,EUR/kg carcasse,5.49,,COT-VRO-GBEA_communautaire-A24-S27.csv
2024,27,,2024-07-01,2024-07-07,Standard,Males non castres de moins de 2 ans,U,3,EUR/kg carcasse,5.31,,COT-VRO-GBEA_communautaire-A24-S27.csv
2024,27,,2024-07-01,2024-07-07,Standard,Males non castres de moins de 2 ans,R,2,EUR/kg carcasse,5.25,,COT-VRO-GBEA_communautaire-A24-S27.csv
2024,27,,2024-07-01,2024-07-07,Standard,Males non castres de moins de 2 ans,R,3,EUR/kg carcasse,5.18,,COT-VRO-GBEA_communautaire-A24-S27.csv
2024,27,,2024-07-01,2024-07-07,Standard,Males non castres de moins de 2 ans,O,2,EUR/kg carcasse,4.79,,COT-VRO-GBEA_communautaire-A24-S27.csv
2024,27,,2024-07-01,2024-07-07,Standard,Males non castres de moins de 2 ans,O,3,EUR/kg carcasse,4.73,,COT-VRO-GBEA_communautaire-A24-S27.csv
2024,27,,2024-07-01,2024-07-07,Standard,Males non castres de moins de 2 ans,P,3,EUR/kg carcasse,4.67,,COT-VRO-GBEA_communautaire-A24-S27.csv
2024,27,,2024-07-01,2024-07-07,Standard,Autres males non castres,U,2,EUR/kg carcasse,4.73,,COT-VRO-GBEA_communautaire-A24-S27.csv
2024,27,,2024-07-01,2024-07-07,Standard,Autres males non castres,R,2,EUR/kg carcasse,4.67,,COT-VRO-GBEA_communautaire-A24-S27.csv
2024,27,,2024-07-01,2024-07-07,Standard,Autres males non castres,O,2,EUR/kg carcasse,4.24,,COT-VRO-GBEA_communautaire-A24-S27.csv
2024,27,,2024-07-01,2024-07-07,Standard,Males castres,R,3,EUR/kg carcasse,5.37,,COT-VRO-GBEA_communautaire-A24-S27.csv
2024,27,,2024-07-01,2024-07-07,Standard,Males castres,O,3,EUR/kg carcasse,4.73,,COT-VRO-GBEA_communautaire-A24-S27.csv
2024,27,,2024-07-01,2024-07-07,Standard,Males castres,P,3,EUR/kg carcasse,4.48,,COT-VRO-GBEA_communautaire-A24-S27.csv
2024,27,,2024-07-01,2024-07-07,Standard,Femelles ayant deja vele,U,3,EUR/kg carcasse,6.06,,COT-VRO-GBEA_communautaire-A24-S27.csv
2024,27,,2024-07-01,2024-07-07,Standard,Femelles ayant deja vele,R,2,EUR/kg carcasse,5.47,,COT-VRO-GBEA_communautaire-A24-S27.csv
2024,27,,2024-07-01,2024-07-07,Standard,Femelles ayant deja vele,R,3,EUR/kg carcasse,5.51,,COT-VRO-GBEA_communautaire-A24-S27.csv
2024,27,,2024-07-01,2024-07-07,Standard,Femelles ayant deja vele,R,4,EUR/kg carcasse,5.46,,COT-VRO-GBEA_communautaire-A24-S27.csv
2024,27,,2024-07-01,2024-07-07,Standard,Femelles ayant deja vele,O,2,EUR/kg carcasse,4.98,,COT-VRO-GBEA_communautaire-A24-S27.csv
2024,27,,2024-07-01,2024-07-07,Standard,Femelles ayant deja vele,O,3,EUR/kg carcasse,4.68,,COT-VRO-GBEA_communautaire-A24-S27.csv
2024,27,,2024-07-01,2024-07-07,Standard,Femelles ayant deja vele,O,4,EUR/kg carcasse,4.53,,COT-VRO-GBEA_communautaire-A24-S27.csv
2024,27,,2024-07-01,2024-07-07,Standard,Femelles ayant deja vele,P,2,EUR/kg carcasse,4.17,,COT-VRO-GBEA_communautaire-A24-S27.csv
2024,27,,2024-07-01,2024-07-07,Standard,Femelles ayant deja vele,P,3,EUR/kg carcasse,4.39,,COT-VRO-GBEA_communautaire-A24-S27.csv
2024,27,,2024-07-01,2024-07-07,Standard,Autres femelles,U,3,EUR/kg carcasse,5.97,,COT-VRO-GBEA_communautaire-A24-S27.csv
2024,27,,2024-07-01,2024-07-07,Standard,Autres femelles,R,2,EUR/kg carcasse,5.46,,COT-VRO-GBEA_communautaire-A24-S27.csv
2024,27,,2024-07-01,2024-07-07,Standard,Autres femelles,R,3,EUR/kg carcasse,5.54,,COT-VRO-GBEA_communautaire-A24-S27.csv
2024,27,,2024-07-01,2024-07-07,Standard,Autres femelles,R,4,EUR/kg carcasse,5.38,,COT-VRO-GBEA_communautaire-A24-S27.csv
2024,27,,2024-07-01,2024-07-07,Standard,Autres femelles,O,3,EUR/kg carcasse,4.94,,COT-VRO-GBEA_communautaire-A24-S27.csv
2024,28,,2024-07-08,2024-07-14,Standard,Males non castres de moins de 2 ans,E,2,EUR/kg carcasse,5.8,,COT-VRO-GBEA_communautaire-A24-S28.csv
2024,28,,2024-07-08,2024-07-14,Standard,Males non castres de moins de 2 ans,U,2,EUR/kg carcasse,5.48,,COT-VRO-GBEA_communautaire-A24-S28.csv
2024,28,,2024-07-08,2024-07-14,Standard,Males non castres de moins de 2 ans,U,3,EUR/kg carcasse,5.3,,COT-VRO-GBEA_communautaire-A24-S28.csv
2024,28,,2024-07-08,2024-07-14,Standard,Males non castres de moins de 2 ans,R,2,EUR/kg carcasse,5.23,,COT-VRO-GBEA_communautaire-A24-S28.csv
2024,28,,2024-07-08,2024-07-14,Standard,Males non castres de moins de 2 ans,R,3,EUR/kg carcasse,5.16,,COT-VRO-GBEA_communautaire-A24-S28.csv
2024,28,,2024-07-08,2024-07-14,Standard,Males non castres de moins de 2 ans,O,2,EUR/kg carcasse,4.77,,COT-VRO-GBEA_communautaire-A24-S28.csv
2024,28,,2024-07-08,2024-07-14,Standard,Males non castres de moins de 2 ans,O,3,EUR/kg carcasse,4.74,,COT-VRO-GBEA_communautaire-A24-S28.csv
2024,28,,2024-07-08,2024-07-14,Standard,Males non castres de moins de 2 ans,P,3,EUR/kg carcasse,4.65,,COT-VRO-GBEA_communautaire-A24-S28.csv
2024,28,,2024-07-08,2024-07-14,Standard,Autres males non castres,U,2,EUR/kg carcasse,4.74,,COT-VRO-GBEA_communautaire-A24-S28.csv
2024,28,,2024-07-08,2024-07-14,Standard,Autres males non castres,R,2,EUR/kg carcasse,4.68,,COT-VRO-GBEA_communautaire-A24-S28.csv
2024,28,,2024-07-08,2024-07-14,Standard,Males castres,R,3,EUR/kg carcasse,5.36,,COT-VRO-GBEA_communautaire-A24-S28.csv
2024,28,,2024-07-08,2024-07-14,Standard,Males castres,O,3,EUR/kg carcasse,4.74,,COT-VRO-GBEA_communautaire-A24-S28.csv
2024,28,,2024-07-08,2024-07-14,Standard,Males castres,P,3,EUR/kg carcasse,4.49,,COT-VRO-GBEA_communautaire-A24-S28.csv
2024,28,,2024-07-08,2024-07-14,Standard,Femelles ayant deja vele,U,3,EUR/kg carcasse,6.03,,COT-VRO-GBEA_communautaire-A24-S28.csv
2024,28,,2024-07-08,2024-07-14,Standard,Femelles ayant deja vele,R,2,EUR/kg carcasse,5.47,,COT-VRO-GBEA_communautaire-A24-S28.csv
2024,28,,2024-07-08,2024-07-14,Standard,Femelles ayant deja vele,R,3,EUR/kg carcasse,5.51,,COT-VRO-GBEA_communautaire-A24-S28.csv
2024,28,,2024-07-08,2024-07-14,Standard,Femelles ayant deja vele,R,4,EUR/kg carcasse,5.42,,COT-VRO-GBEA_communautaire-A24-S28.csv
2024,28,,2024-07-08,2024-07-14,Standard,Femelles ayant deja vele,O,2,EUR/kg carcasse,4.99,,COT-VRO-GBEA_communautaire-A24-S28.csv
2024,28,,2024-07-08,2024-07-14,Standard,Femelles ayant deja vele,O,3,EUR/kg carcasse,4.71,,COT-VRO-GBEA_communautaire-A24-S28.csv
2024,28,,2024-07-08,2024-07-14,Standard,Femelles ayant deja vele,O,4,EUR/kg carcasse,4.51,,COT-VRO-GBEA_communautaire-A24-S28.csv
2024,28,,2024-07-08,2024-07-14,Standard,Femelles ayant deja vele,P,2,EUR/kg carcasse,4.18,,COT-VRO-GBEA_communautaire-A24-S28.csv
2024,28,,2024-07-08,2024-07-14,Standard,Femelles ayant deja vele,P,3,EUR/kg carcasse,4.4,,COT-VRO-GBEA_communautaire-A24-S28.csv
2024,28,,2024-07-08,2024-07-14,Standard,Autres femelles,U,2,EUR/kg carcasse,5.92,,COT-VRO-GBEA_communautaire-A24-S28.csv
2024,28,,2024-07-08,2024-07-14,Standard,Autres femelles,U,3,EUR/kg carcasse,5.99,,COT-VRO-GBEA_communautaire-A24-S28.csv
2024,28,,2024-07-08,2024-07-14,Standard,Autres femelles,R,2,EUR/kg carcasse,5.48,,COT-VRO-GBEA_communautaire-A24-S28.csv
2024,28,,2024-07-08,2024-07-14,Standard,Autres femelles,R,3,EUR/kg carcasse,5.52,,COT-VRO-GBEA_communautaire-A24-S28.csv
2024,28,,2024-07-08,2024-07-14,Standard,Autres femelles,R,4,EUR/kg carcasse,5.36,,COT-VRO-GBEA_communautaire-A24-S28.csv
2024,28,,2024-07-08,2024-07-14,Standard,Autres femelles,O,3,EUR/kg carcasse,4.98,,COT-VRO-GBEA_communautaire-A24-S28.csv
2024,29,,2024-07-15,2024-07-21,Standard,Males non castres de moins de 2 ans,U,2,EUR/kg carcasse,5.46,,COT-VRO-GBEA_communautaire-A24-S29.csv
2024,29,,2024-07-15,2024-07-21,Standard,Males non castres de moins de 2 ans,U,3,EUR/kg carcasse,5.27,,COT-VRO-GBEA_communautaire-A24-S29.csv
2024,29,,2024-07-15,2024-07-21,Standard,Males non castres de moins de 2 ans,R,2,EUR/kg carcasse,5.21,,COT-VRO-GBEA_communautaire-A24-S29.csv
2024,29,,2024-07-15,2024-07-21,Standard,Males non castres de moins de 2 ans,R,3,EUR/kg carcasse,5.14,,COT-VRO-GBEA_communautaire-A24-S29.csv
2024,29,,2024-07-15,2024-07-21,Standard,Males non castres de moins de 2 ans,O,2,EUR/kg carcasse,4.76,,COT-VRO-GBEA_communautaire-A24-S29.csv
2024,29,,2024-07-15,2024-07-21,Standard,Males non castres de moins de 2 ans,O,3,EUR/kg carcasse,4.72,,COT-VRO-GBEA_communautaire-A24-S29.csv
2024,29,,2024-07-15,2024-07-21,Standard,Males non castres de moins de 2 ans,P,3,EUR/kg carcasse,4.65,,COT-VRO-GBEA_communautaire-A24-S29.csv
2024,29,,2024-07-15,2024-07-21,Standard,Autres males non castres,U,2,EUR/kg carcasse,4.73,,COT-VRO-GBEA_communautaire-A24-S29.csv
2024,29,,2024-07-15,2024-07-21,Standard,Autres males non castres,R,2,EUR/kg carcasse,4.67,,COT-VRO-GBEA_communautaire-A24-S29.csv
2024,29,,2024-07-15,2024-07-21,Standard,Autres males non castres,O,2,EUR/kg carcasse,4.29,,COT-VRO-GBEA_communautaire-A24-S29.csv
2024,29,,2024-07-15,2024-07-21,Standard,Males castres,R,3,EUR/kg carcasse,5.27,,COT-VRO-GBEA_communautaire-A24-S29.csv
2024,29,,2024-07-15,2024-07-21,Standard,Males castres,O,3,EUR/kg carcasse,4.76,,COT-VRO-GBEA_communautaire-A24-S29.csv
2024,29,,2024-07-15,2024-07-21,Standard,Males castres,P,3,EUR/kg carcasse,4.5,,COT-VRO-GBEA_communautaire-A24-S29.csv
2024,29,,2024-07-15,2024-07-21,Standard,Femelles ayant deja vele,U,3,EUR/kg carcasse,6.04,,COT-VRO-GBEA_communautaire-A24-S29.csv
2024,29,,2024-07-15,2024-07-21,Standard,Femelles ayant deja vele,R,2,EUR/kg carcasse,5.46,,COT-VRO-GBEA_communautaire-A24-S29.csv
2024,29,,2024-07-15,2024-07-21,Standard,Femelles ayant deja vele,R,3,EUR/kg carcasse,5.5,,COT-VRO-GBEA_communautaire-A24-S29.csv
2024,29,,2024-07-15,2024-07-21,Standard,Femelles ayant deja vele,R,4,EUR/kg carcasse,5.4,,COT-VRO-GBEA_communautaire-A24-S29.csv
2024,29,,2024-07-15,2024-07-21,Standard,Femelles ayant deja vele,O,2,EUR/kg carcasse,4.94,,COT-VRO-GBEA_communautaire-A24-S29.csv
2024,29,,2024-07-15,2024-07-21,Standard,Femelles ayant deja vele,O,3,EUR/kg carcasse,4.72,,COT-VRO-GBEA_communautaire-A24-S29.csv
2024,29,,2024-07-15,2024-07-21,Standard,Femelles ayant deja vele,O,4,EUR/kg carcasse,4.55,,COT-VRO-GBEA_communautaire-A24-S29.csv
2024,29,,2024-07-15,2024-07-21,Standard,Femelles ayant deja vele,P,2,EUR/kg carcasse,4.18,,COT-VRO-GBEA_communautaire-A24-S29.csv
2024,29,,2024-07-15,2024-07-21,Standard,Femelles ayant deja vele,P,3,EUR/kg carcasse,4.4,,COT-VRO-GBEA_communautaire-A24-S29.csv
2024,29,,2024-07-15,2024-07-21,Standard,Autres femelles,U,3,EUR/kg carcasse,5.97,,COT-VRO-GBEA_communautaire-A24-S29.csv
2024,29,,2024-07-15,2024-07-21,Standard,Autres femelles,R,2,EUR/kg carcasse,5.42,,COT-VRO-GBEA_communautaire-A24-S29.csv
2024,29,,2024-07-15,2024-07-21,Standard,Autres femelles,R,3,EUR/kg carcasse,5.54,,COT-VRO-GBEA_communautaire-A24-S29.csv
2024,29,,2024-07-15,2024-07-21,Standard,Autres femelles,R,4,EUR/kg carcasse,5.38,,COT-VRO-GBEA_communautaire-A24-S29.csv
2024,29,,2024-07-15,2024-07-21,Standard,Autres femelles,O,3,EUR/kg carcasse,5.01,,COT-VRO-GBEA_communautaire-A24-S29.csv
2024,30,,2024-07-22,2024-07-28,Standard,Males non castres de moins de 2 ans,E,2,EUR/kg carcasse,5.73,,COT-VRO-GBEA_communautaire-A24-S30.csv
2024,30,,2024-07-22,2024-07-28,Standard,Males non castres de moins de 2 ans,U,2,EUR/kg carcasse,5.44,,COT-VRO-GBEA_communautaire-A24-S30.csv
2024,30,,2024-07-22,2024-07-28,Standard,Males non castres de moins de 2 ans,U,3,EUR/kg carcasse,5.31,,COT-VRO-GBEA_communautaire-A24-S30.csv
2024,30,,2024-07-22,2024-07-28,Standard,Males non castres de moins de 2 ans,R,2,EUR/kg carcasse,5.21,,COT-VRO-GBEA_communautaire-A24-S30.csv
2024,30,,2024-07-22,2024-07-28,Standard,Males non castres de moins de 2 ans,R,3,EUR/kg carcasse,5.15,,COT-VRO-GBEA_communautaire-A24-S30.csv
2024,30,,2024-07-22,2024-07-28,Standard,Males non castres de moins de 2 ans,O,2,EUR/kg carcasse,4.75,,COT-VRO-GBEA_communautaire-A24-S30.csv
2024,30,,2024-07-22,2024-07-28,Standard,Males non castres de moins de 2 ans,O,3,EUR/kg carcasse,4.74,,COT-VRO-GBEA_communautaire-A24-S30.csv
2024,30,,2024-07-22,2024-07-28,Standard,Males non castres de moins de 2 ans,P,3,EUR/kg carcasse,4.69,,COT-VRO-GBEA_communautaire-A24-S30.csv
2024,30,,2024-07-22,2024-07-28,Standard,Autres males non castres,U,2,EUR/kg carcasse,4.73,,COT-VRO-GBEA_communautaire-A24-S30.csv
2024,30,,2024-07-22,2024-07-28,Standard,Autres males non castres,R,2,EUR/kg carcasse,4.68,,COT-VRO-GBEA_communautaire-A24-S30.csv
2024,30,,2024-07-22,2024-07-28,Standard,Autres males non castres,O,2,EUR/kg carcasse,4.33,,COT-VRO-GBEA_communautaire-A24-S30.csv
2024,30,,2024-07-22,2024-07-28,Standard,Males castres,R,3,EUR/kg carcasse,5.31,,COT-VRO-GBEA_communautaire-A24-S30.csv
2024,30,,2024-07-22,2024-07-28,Standard,Males castres,O,3,EUR/kg carcasse,4.88,,COT-VRO-GBEA_communautaire-A24-S30.csv
2024,30,,2024-07-22,2024-07-28,Standard,Males castres,P,3,EUR/kg carcasse,4.51,,COT-VRO-GBEA_communautaire-A24-S30.csv
2024,30,,2024-07-22,2024-07-28,Standard,Femelles ayant deja vele,U,3,EUR/kg carcasse,6.03,,COT-VRO-GBEA_communautaire-A24-S30.csv
2024,30,,2024-07-22,2024-07-28,Standard,Femelles ayant deja vele,R,2,EUR/kg carcasse,5.49,,COT-VRO-GBEA_communautaire-A24-S30.csv
2024,30,,2024-07-22,2024-07-28,Standard,Femelles ayant deja vele,R,3,EUR/kg carcasse,5.52,,COT-VRO-GBEA_communautaire-A24-S30.csv
2024,30,,2024-07-22,2024-07-28,Standard,Femelles ayant deja vele,R,4,EUR/kg carcasse,5.39,,COT-VRO-GBEA_communautaire-A24-S30.csv
2024,30,,2024-07-22,2024-07-28,Standard,Femelles ayant deja vele,O,2,EUR/kg carcasse,5.05,,COT-VRO-GBEA_communautaire-A24-S30.csv
2024,30,,2024-07-22,2024-07-28,Standard,Femelles ayant deja vele,O,3,EUR/kg carcasse,4.75,,COT-VRO-GBEA_communautaire-A24-S30.csv
2024,30,,2024-07-22,2024-07-28,Standard,Femelles ayant deja vele,P,2,EUR/kg carcasse,4.2,,COT-VRO-GBEA_communautaire-A24-S30.csv
2024,30,,2024-07-22,2024-07-28,Standard,Femelles ayant deja vele,P,3,EUR/kg carcasse,4.42,,COT-VRO-GBEA_communautaire-A24-S30.csv
2024,30,,2024-07-22,2024-07-28,Standard,Autres femelles,U,3,EUR/kg carcasse,5.98,,COT-VRO-GBEA_communautaire-A24-S30.csv
2024,30,,2024-07-22,2024-07-28,Standard,Autres femelles,R,2,EUR/kg carcasse,5.5,,COT-VRO-GBEA_communautaire-A24-S30.csv
2024,30,,2024-07-22,2024-07-28,Standard,Autres femelles,R,3,EUR/kg carcasse,5.54,,COT-VRO-GBEA_communautaire-A24-S30.csv
2024,30,,2024-07-22,2024-07-28,Standard,Autres femelles,R,4,EUR/kg carcasse,5.38,,COT-VRO-GBEA_communautaire-A24-S30.csv
2024,30,,2024-07-22,2024-07-28,Standard,Autres femelles,O,3,EUR/kg carcasse,4.96,,COT-VRO-GBEA_communautaire-A24-S30.csv
2024,31,,2024-07-29,2024-08-04,Standard,Males non castres de moins de 2 ans,E,2,EUR/kg carcasse,5.77,,COT-VRO-GBEA_communautaire-A24-S31.csv
2024,31,,2024-07-29,2024-08-04,Standard,Males non castres de moins de 2 ans,U,2,EUR/kg carcasse,5.45,,COT-VRO-GBEA_communautaire-A24-S31.csv
2024,31,,2024-07-29,2024-08-04,Standard,Males non castres de moins de 2 ans,U,3,EUR/kg carcasse,5.27,,COT-VRO-GBEA_communautaire-A24-S31.csv
2024,31,,2024-07-29,2024-08-04,Standard,Males non castres de moins de 2 ans,R,2,EUR/kg carcasse,5.23,,COT-VRO-GBEA_communautaire-A24-S31.csv
2024,31,,2024-07-29,2024-08-04,Standard,Males non castres de moins de 2 ans,R,3,EUR/kg carcasse,5.15,,COT-VRO-GBEA_communautaire-A24-S31.csv
2024,31,,2024-07-29,2024-08-04,Standard,Males non castres de moins de 2 ans,O,2,EUR/kg carcasse,4.79,,COT-VRO-GBEA_communautaire-A24-S31.csv
2024,31,,2024-07-29,2024-08-04,Standard,Males non castres de moins de 2 ans,O,3,EUR/kg carcasse,4.75,,COT-VRO-GBEA_communautaire-A24-S31.csv
2024,31,,2024-07-29,2024-08-04,Standard,Males non castres de moins de 2 ans,P,3,EUR/kg carcasse,4.7,,COT-VRO-GBEA_communautaire-A24-S31.csv
2024,31,,2024-07-29,2024-08-04,Standard,Autres males non castres,U,2,EUR/kg carcasse,4.72,,COT-VRO-GBEA_communautaire-A24-S31.csv
2024,31,,2024-07-29,2024-08-04,Standard,Autres males non castres,R,2,EUR/kg carcasse,4.65,,COT-VRO-GBEA_communautaire-A24-S31.csv
2024,31,,2024-07-29,2024-08-04,Standard,Males castres,R,3,EUR/kg carcasse,5.31,,COT-VRO-GBEA_communautaire-A24-S31.csv
2024,31,,2024-07-29,2024-08-04,Standard,Males castres,O,3,EUR/kg carcasse,4.8,,COT-VRO-GBEA_communautaire-A24-S31.csv
2024,31,,2024-07-29,2024-08-04,Standard,Males castres,P,3,EUR/kg carcasse,4.52,,COT-VRO-GBEA_communautaire-A24-S31.csv
2024,31,,2024-07-29,2024-08-04,Standard,Femelles ayant deja vele,U,3,EUR/kg carcasse,6.01,,COT-VRO-GBEA_communautaire-A24-S31.csv
2024,31,,2024-07-29,2024-08-04,Standard,Femelles ayant deja vele,R,2,EUR/kg carcasse,5.5,,COT-VRO-GBEA_communautaire-A24-S31.csv
2024,31,,2024-07-29,2024-08-04,Standard,Femelles ayant deja vele,R,3,EUR/kg carcasse,5.53,,COT-VRO-GBEA_communautaire-A24-S31.csv
2024,31,,2024-07-29,2024-08-04,Standard,Femelles ayant deja vele,R,4,EUR/kg carcasse,5.44,,COT-VRO-GBEA_communautaire-A24-S31.csv
2024,31,,2024-07-29,2024-08-04,Standard,Femelles ayant deja vele,O,2,EUR/kg carcasse,5.1,,COT-VRO-GBEA_communautaire-A24-S31.csv
2024,31,,2024-07-29,2024-08-04,Standard,Femelles ayant deja vele,O,3,EUR/kg carcasse,4.75,,COT-VRO-GBEA_communautaire-A24-S31.csv
2024,31,,2024-07-29,2024-08-04,Standard,Femelles ayant deja vele,P,2,EUR/kg carcasse,4.21,,COT-VRO-GBEA_communautaire-A24-S31.csv
2024,31,,2024-07-29,2024-08-04,Standard,Femelles ayant deja vele,P,3,EUR/kg carcasse,4.43,,COT-VRO-GBEA_communautaire-A24-S31.csv
2024,31,,2024-07-29,2024-08-04,Standard,Autres femelles,U,3,EUR/kg carcasse,5.98,,COT-VRO-GBEA_communautaire-A24-S31.csv
2024,31,,2024-07-29,2024-08-04,Standard,Autres femelles,R,2,EUR/kg carcasse,5.48,,COT-VRO-GBEA_communautaire-A24-S31.csv
2024,31,,2024-07-29,2024-08-04,Standard,Autres femelles,R,3,EUR/kg carcasse,5.56,,COT-VRO-GBEA_communautaire-A24-S31.csv
2024,31,,2024-07-29,2024-08-04,Standard,Autres femelles,R,4,EUR/kg carcasse,5.41,,COT-VRO-GBEA_communautaire-A24-S31.csv
2024,31,,2024-07-29,2024-08-04,Standard,Autres femelles,O,3,EUR/kg carcasse,4.99,,COT-VRO-GBEA_communautaire-A24-S31.csv
2024,32,,2024-08-05,2024-08-11,Standard,Males non castres de moins de 2 ans,E,2,EUR/kg carcasse,5.86,,COT-VRO-GBEA_communautaire-A24-S32.csv
2024,32,,2024-08-05,2024-08-11,Standard,Males non castres de moins de 2 ans,U,2,EUR/kg carcasse,5.47,,COT-VRO-GBEA_communautaire-A24-S32.csv
2024,32,,2024-08-05,2024-08-11,Standard,Males non castres de moins de 2 ans,U,3,EUR/kg carcasse,5.29,,COT-VRO-GBEA_communautaire-A24-S32.csv
2024,32,,2024-08-05,2024-08-11,Standard,Males non castres de moins de 2 ans,R,2,EUR/kg carcasse,5.26,,COT-VRO-GBEA_communautaire-A24-S32.csv
2024,32,,2024-08-05,2024-08-11,Standard,Males non castres de moins de 2 ans,R,3,EUR/kg carcasse,5.18,,COT-VRO-GBEA_communautaire-A24-S32.csv
2024,32,,2024-08-05,2024-08-11,Standard,Males non castres de moins de 2 ans,O,2,EUR/kg carcasse,4.83,,COT-VRO-GBEA_communautaire-A24-S32.csv
2024,32,,2024-08-05,2024-08-11,Standard,Males non castres de moins de 2 ans,O,3,EUR/kg carcasse,4.77,,COT-VRO-GBEA_communautaire-A24-S32.csv
2024,32,,2024-08-05,2024-08-11,Standard,Males non castres de moins de 2 ans,P,3,EUR/kg carcasse,4.71,,COT-VRO-GBEA_communautaire-A24-S32.csv
2024,32,,2024-08-05,2024-08-11,Standard,Autres males non castres,U,2,EUR/kg carcasse,4.77,,COT-VRO-GBEA_communautaire-A24-S32.csv
2024,32,,2024-08-05,2024-08-11,Standard,Autres males non castres,R,2,EUR/kg carcasse,4.71,,COT-VRO-GBEA_communautaire-A24-S32.csv
2024,32,,2024-08-05,2024-08-11,Standard,Males castres,R,3,EUR/kg carcasse,5.39,,COT-VRO-GBEA_communautaire-A24-S32.csv
2024,32,,2024-08-05,2024-08-11,Standard,Males castres,O,3,EUR/kg carcasse,4.87,,COT-VRO-GBEA_communautaire-A24-S32.csv
2024,32,,2024-08-05,2024-08-11,Standard,Males castres,P,3,EUR/kg carcasse,4.54,,COT-VRO-GBEA_communautaire-A24-S32.csv
2024,32,,2024-08-05,2024-08-11,Standard,Femelles ayant deja vele,U,3,EUR/kg carcasse,6.07,,COT-VRO-GBEA_communautaire-A24-S32.csv
2024,32,,2024-08-05,2024-08-11,Standard,Femelles ayant deja vele,R,2,EUR/kg carcasse,5.5,,COT-VRO-GBEA_communautaire-A24-S32.csv
2024,32,,2024-08-05,2024-08-11,Standard,Femelles ayant deja vele,R,3,EUR/kg carcasse,5.56,,COT-VRO-GBEA_communautaire-A24-S32.csv
2024,32,,2024-08-05,2024-08-11,Standard,Femelles ayant deja vele,R,4,EUR/kg carcasse,5.51,,COT-VRO-GBEA_communautaire-A24-S32.csv
2024,32,,2024-08-05,2024-08-11,Standard,Femelles ayant deja vele,O,2,EUR/kg carcasse,5.14,,COT-VRO-GBEA_communautaire-A24-S32.csv
2024,32,,2024-08-05,2024-08-11,Standard,Femelles ayant deja vele,O,3,EUR/kg carcasse,4.78,,COT-VRO-GBEA_communautaire-A24-S32.csv
2024,32,,2024-08-05,2024-08-11,Standard,Femelles ayant deja vele,P,2,EUR/kg carcasse,4.24,,COT-VRO-GBEA_communautaire-A24-S32.csv
2024,32,,2024-08-05,2024-08-11,Standard,Femelles ayant deja vele,P,3,EUR/kg carcasse,4.46,,COT-VRO-GBEA_communautaire-A24-S32.csv
2024,32,,2024-08-05,2024-08-11,Standard,Autres femelles,U,3,EUR/kg carcasse,6,,COT-VRO-GBEA_communautaire-A24-S32.csv
2024,32,,2024-08-05,2024-08-11,Standard,Autres femelles,R,2,EUR/kg carcasse,5.51,,COT-VRO-GBEA_communautaire-A24-S32.csv
2024,32,,2024-08-05,2024-08-11,Standard,Autres femelles,R,3,EUR/kg carcasse,5.58,,COT-VRO-GBEA_communautaire-A24-S32.csv
2024,32,,2024-08-05,2024-08-11,Standard,Autres femelles,R,4,EUR/kg carcasse,5.43,,COT-VRO-GBEA_communautaire-A24-S32.csv
2024,32,,2024-08-05,2024-08-11,Standard,Autres femelles,O,3,EUR/kg carcasse,5.04,,COT-VRO-GBEA_communautaire-A24-S32.csv
2024,33,,2024-08-12,2024-08-18,Standard,Males non castres de moins de 2 ans,U,2,EUR/kg carcasse,5.51,,COT-VRO-GBEA_communautaire-A24-S33.csv
2024,33,,2024-08-12,2024-08-18,Standard,Males non castres de moins de 2 ans,U,3,EUR/kg carcasse,5.32,,COT-VRO-GBEA_communautaire-A24-S33.csv
2024,33,,2024-08-12,2024-08-18,Standard,Males non castres de moins de 2 ans,R,2,EUR/kg carcasse,5.3,,COT-VRO-GBEA_communautaire-A24-S33.csv
2024,33,,2024-08-12,2024-08-18,Standard,Males non castres de moins de 2 ans,R,3,EUR/kg carcasse,5.22,,COT-VRO-GBEA_communautaire-A24-S33.csv
2024,33,,2024-08-12,2024-08-18,Standard,Males non castres de moins de 2 ans,O,2,EUR/kg carcasse,4.85,,COT-VRO-GBEA_communautaire-A24-S33.csv
2024,33,,2024-08-12,2024-08-18,Standard,Males non castres de moins de 2 ans,O,3,EUR/kg carcasse,4.8,,COT-VRO-GBEA_communautaire-A24-S33.csv
2024,33,,2024-08-12,2024-08-18,Standard,Males non castres de moins de 2 ans,P,3,EUR/kg carcasse,4.74,,COT-VRO-GBEA_communautaire-A24-S33.csv
2024,33,,2024-08-12,2024-08-18,Standard,Autres males non castres,U,2,EUR/kg carcasse,4.8,,COT-VRO-GBEA_communautaire-A24-S33.csv
2024,33,,2024-08-12,2024-08-18,Standard,Autres males non castres,R,2,EUR/kg carcasse,4.75,,COT-VRO-GBEA_communautaire-A24-S33.csv
2024,33,,2024-08-12,2024-08-18,Standard,Males castres,R,3,EUR/kg carcasse,5.38,,COT-VRO-GBEA_communautaire-A24-S33.csv
2024,33,,2024-08-12,2024-08-18,Standard,Males castres,O,3,EUR/kg carcasse,4.86,,COT-VRO-GBEA_communautaire-A24-S33.csv
2024,33,,2024-08-12,2024-08-18,Standard,Males castres,P,3,EUR/kg carcasse,4.59,,COT-VRO-GBEA_communautaire-A24-S33.csv
2024,33,,2024-08-12,2024-08-18,Standard,Femelles ayant deja vele,U,3,EUR/kg carcasse,6.09,,COT-VRO-GBEA_communautaire-A24-S33.csv
2024,33,,2024-08-12,2024-08-18,Standard,Femelles ayant deja vele,R,2,EUR/kg carcasse,5.55,,COT-VRO-GBEA_communautaire-A24-S33.csv
2024,33,,2024-08-12,2024-08-18,Standard,Femelles ayant deja vele,R,3,EUR/kg carcasse,5.58,,COT-VRO-GBEA_communautaire-A24-S33.csv
2024,33,,2024-08-12,2024-08-18,Standard,Femelles ayant deja vele,R,4,EUR/kg carcasse,5.51,,COT-VRO-GBEA_communautaire-A24-S33.csv
2024,33,,2024-08-12,2024-08-18,Standard,Femelles ayant deja vele,O,2,EUR/kg carcasse,5.15,,COT-VRO-GBEA_communautaire-A24-S33.csv
2024,33,,2024-08-12,2024-08-18,Standard,Femelles ayant deja vele,O,3,EUR/kg carcasse,4.81,,COT-VRO-GBEA_communautaire-A24-S33.csv
2024,33,,2024-08-12,2024-08-18,Standard,Femelles ayant deja vele,P,2,EUR/kg carcasse,4.29,,COT-VRO-GBEA_communautaire-A24-S33.csv
2024,33,,2024-08-12,2024-08-18,Standard,Femelles ayant deja vele,P,3,EUR/kg carcasse,4.51,,COT-VRO-GBEA_communautaire-A24-S33.csv
2024,33,,2024-08-12,2024-08-18,Standard,Autres femelles,U,3,EUR/kg carcasse,6.03,,COT-VRO-GBEA_communautaire-A24-S33.csv
2024,33,,2024-08-12,2024-08-18,Standard,Autres femelles,R,2,EUR/kg carcasse,5.56,,COT-VRO-GBEA_communautaire-A24-S33.csv
2024,33,,2024-08-12,2024-08-18,Standard,Autres femelles,R,3,EUR/kg carcasse,5.6,,COT-VRO-GBEA_communautaire-A24-S33.csv
2024,33,,2024-08-12,2024-08-18,Standard,Autres femelles,R,4,EUR/kg carcasse,5.51,,COT-VRO-GBEA_communautaire-A24-S33.csv
2024,33,,2024-08-12,2024-08-18,Standard,Autres femelles,O,3,EUR/kg carcasse,5.05,,COT-VRO-GBEA_communautaire-A24-S33.csv
2024,34,,2024-08-19,2024-08-25,Standard,Males non castres de moins de 2 ans,U,2,EUR/kg carcasse,5.53,,COT-VRO-GBEA_communautaire-A24-S34.csv
2024,34,,2024-08-19,2024-08-25,Standard,Males non castres de moins de 2 ans,U,3,EUR/kg carcasse,5.37,,COT-VRO-GBEA_communautaire-A24-S34.csv
2024,34,,2024-08-19,2024-08-25,Standard,Males non castres de moins de 2 ans,R,2,EUR/kg carcasse,5.32,,COT-VRO-GBEA_communautaire-A24-S34.csv
2024,34,,2024-08-19,2024-08-25,Standard,Males non castres de moins de 2 ans,R,3,EUR/kg carcasse,5.25,,COT-VRO-GBEA_communautaire-A24-S34.csv
2024,34,,2024-08-19,2024-08-25,Standard,Males non castres de moins de 2 ans,O,2,EUR/kg carcasse,4.84,,COT-VRO-GBEA_communautaire-A24-S34.csv
2024,34,,2024-08-19,2024-08-25,Standard,Males non castres de moins de 2 ans,O,3,EUR/kg carcasse,4.8,,COT-VRO-GBEA_communautaire-A24-S34.csv
2024,34,,2024-08-19,2024-08-25,Standard,Males non castres de moins de 2 ans,P,3,EUR/kg carcasse,4.74,,COT-VRO-GBEA_communautaire-A24-S34.csv
2024,34,,2024-08-19,2024-08-25,Standard,Autres males non castres,U,2,EUR/kg carcasse,4.82,,COT-VRO-GBEA_communautaire-A24-S34.csv
2024,34,,2024-08-19,2024-08-25,Standard,Autres males non castres,R,2,EUR/kg carcasse,4.75,,COT-VRO-GBEA_communautaire-A24-S34.csv
2024,34,,2024-08-19,2024-08-25,Standard,Autres males non castres,O,2,EUR/kg carcasse,4.39,,COT-VRO-GBEA_communautaire-A24-S34.csv
2024,34,,2024-08-19,2024-08-25,Standard,Males castres,R,3,EUR/kg carcasse,5.41,,COT-VRO-GBEA_communautaire-A24-S34.csv
2024,34,,2024-08-19,2024-08-25,Standard,Males castres,O,3,EUR/kg carcasse,4.95,,COT-VRO-GBEA_communautaire-A24-S34.csv
2024,34,,2024-08-19,2024-08-25,Standard,Males castres,P,3,EUR/kg carcasse,4.64,,COT-VRO-GBEA_communautaire-A24-S34.csv
2024,34,,2024-08-19,2024-08-25,Standard,Femelles ayant deja vele,U,3,EUR/kg carcasse,6.09,,COT-VRO-GBEA_communautaire-A24-S34.csv
2024,34,,2024-08-19,2024-08-25,Standard,Femelles ayant deja vele,R,2,EUR/kg carcasse,5.57,,COT-VRO-GBEA_communautaire-A24-S34.csv
2024,34,,2024-08-19,2024-08-25,Standard,Femelles ayant deja vele,R,3,EUR/kg carcasse,5.6,,COT-VRO-GBEA_communautaire-A24-S34.csv
2024,34,,2024-08-19,2024-08-25,Standard,Femelles ayant deja vele,R,4,EUR/kg carcasse,5.54,,COT-VRO-GBEA_communautaire-A24-S34.csv
2024,34,,2024-08-19,2024-08-25,Standard,Femelles ayant deja vele,O,2,EUR/kg carcasse,5.17,,COT-VRO-GBEA_communautaire-A24-S34.csv
2024,34,,2024-08-19,2024-08-25,Standard,Femelles ayant deja vele,O,3,EUR/kg carcasse,4.84,,COT-VRO-GBEA_communautaire-A24-S34.csv
2024,34,,2024-08-19,2024-08-25,Standard,Femelles ayant deja vele,O,4,EUR/kg carcasse,4.7,,COT-VRO-GBEA_communautaire-A24-S34.csv
2024,34,,2024-08-19,2024-08-25,Standard,Femelles ayant deja vele,P,2,EUR/kg carcasse,4.34,,COT-VRO-GBEA_communautaire-A24-S34.csv
2024,34,,2024-08-19,2024-08-25,Standard,Femelles ayant deja vele,P,3,EUR/kg carcasse,4.55,,COT-VRO-GBEA_communautaire-A24-S34.csv
2024,34,,2024-08-19,2024-08-25,Standard,Autres femelles,U,3,EUR/kg carcasse,6.01,,COT-VRO-GBEA_communautaire-A24-S34.csv
2024,34,,2024-08-19,2024-08-25,Standard,Autres femelles,R,2,EUR/kg carcasse,5.54,,COT-VRO-GBEA_communautaire-A24-S34.csv
2024,34,,2024-08-19,2024-08-25,Standard,Autres femelles,R,3,EUR/kg carcasse,5.6,,COT-VRO-GBEA_communautaire-A24-S34.csv
2024,34,,2024-08-19,2024-08-25,Standard,Autres femelles,R,4,EUR/kg carcasse,5.43,,COT-VRO-GBEA_communautaire-A24-S34.csv
2024,34,,2024-08-19,2024-08-25,Standard,Autres femelles,O,3,EUR/kg carcasse,5.09,,COT-VRO-GBEA_communautaire-A24-S34.csv
2024,35,,2024-08-26,2024-09-01,Standard,Males non castres de moins de 2 ans,E,2,EUR/kg carcasse,5.87,,COT-VRO-GBEA_communautaire-A24-S35.csv
2024,35,,2024-08-26,2024-09-01,Standard,Males non castres de moins de 2 ans,U,2,EUR/kg carcasse,5.56,,COT-VRO-GBEA_communautaire-A24-S35.csv
2024,35,,2024-08-26,2024-09-01,Standard,Males non castres de moins de 2 ans,U,3,EUR/kg carcasse,5.39,,COT-VRO-GBEA_communautaire-A24-S35.csv
2024,35,,2024-08-26,2024-09-01,Standard,Males non castres de moins de 2 ans,R,2,EUR/kg carcasse,5.34,,COT-VRO-GBEA_communautaire-A24-S35.csv
2024,35,,2024-08-26,2024-09-01,Standard,Males non castres de moins de 2 ans,R,3,EUR/kg carcasse,5.26,,COT-VRO-GBEA_communautaire-A24-S35.csv
2024,35,,2024-08-26,2024-09-01,Standard,Males non castres de moins de 2 ans,O,2,EUR/kg carcasse,4.86,,COT-VRO-GBEA_communautaire-A24-S35.csv
2024,35,,2024-08-26,2024-09-01,Standard,Males non castres de moins de 2 ans,O,3,EUR/kg carcasse,4.81,,COT-VRO-GBEA_communautaire-A24-S35.csv
2024,35,,2024-08-26,2024-09-01,Standard,Males non castres de moins de 2 ans,P,3,EUR/kg carcasse,4.73,,COT-VRO-GBEA_communautaire-A24-S35.csv
2024,35,,2024-08-26,2024-09-01,Standard,Autres males non castres,U,2,EUR/kg carcasse,4.81,,COT-VRO-GBEA_communautaire-A24-S35.csv
2024,35,,2024-08-26,2024-09-01,Standard,Autres males non castres,R,2,EUR/kg carcasse,4.77,,COT-VRO-GBEA_communautaire-A24-S35.csv
2024,35,,2024-08-26,2024-09-01,Standard,Males castres,R,3,EUR/kg carcasse,5.45,,COT-VRO-GBEA_communautaire-A24-S35.csv
2024,35,,2024-08-26,2024-09-01,Standard,Males castres,O,3,EUR/kg carcasse,4.9,,COT-VRO-GBEA_communautaire-A24-S35.csv
2024,35,,2024-08-26,2024-09-01,Standard,Males castres,P,3,EUR/kg carcasse,4.62,,COT-VRO-GBEA_communautaire-A24-S35.csv
2024,35,,2024-08-26,2024-09-01,Standard,Femelles ayant deja vele,U,3,EUR/kg carcasse,6.11,,COT-VRO-GBEA_communautaire-A24-S35.csv
2024,35,,2024-08-26,2024-09-01,Standard,Femelles ayant deja vele,R,2,EUR/kg carcasse,5.57,,COT-VRO-GBEA_communautaire-A24-S35.csv
2024,35,,2024-08-26,2024-09-01,Standard,Femelles ayant deja vele,R,3,EUR/kg carcasse,5.6,,COT-VRO-GBEA_communautaire-A24-S35.csv
2024,35,,2024-08-26,2024-09-01,Standard,Femelles ayant deja vele,R,4,EUR/kg carcasse,5.52,,COT-VRO-GBEA_communautaire-A24-S35.csv
2024,35,,2024-08-26,2024-09-01,Standard,Femelles ayant deja vele,O,2,EUR/kg carcasse,5.18,,COT-VRO-GBEA_communautaire-A24-S35.csv
2024,35,,2024-08-26,2024-09-01,Standard,Femelles ayant deja vele,O,3,EUR/kg carcasse,4.86,,COT-VRO-GBEA_communautaire-A24-S35.csv
2024,35,,2024-08-26,2024-09-01,Standard,Femelles ayant deja vele,O,4,EUR/kg carcasse,4.69,,COT-VRO-GBEA_communautaire-A24-S35.csv
2024,35,,2024-08-26,2024-09-01,Standard,Femelles ayant deja vele,P,2,EUR/kg carcasse,4.35,,COT-VRO-GBEA_communautaire-A24-S35.csv
2024,35,,2024-08-26,2024-09-01,Standard,Femelles ayant deja vele,P,3,EUR/kg carcasse,4.56,,COT-VRO-GBEA_communautaire-A24-S35.csv
2024,35,,2024-08-26,2024-09-01,Standard,Autres femelles,U,3,EUR/kg carcasse,6.04,,COT-VRO-GBEA_communautaire-A24-S35.csv
2024,35,,2024-08-26,2024-09-01,Standard,Autres femelles,R,2,EUR/kg carcasse,5.62,,COT-VRO-GBEA_communautaire-A24-S35.csv
2024,35,,2024-08-26,2024-09-01,Standard,Autres femelles,R,3,EUR/kg carcasse,5.6,,COT-VRO-GBEA_communautaire-A24-S35.csv
2024,35,,2024-08-26,2024-09-01,Standard,Autres femelles,R,4,EUR/kg carcasse,5.48,,COT-VRO-GBEA_communautaire-A24-S35.csv
2024,35,,2024-08-26,2024-09-01,Standard,Autres femelles,O,3,EUR/kg carcasse,5.05,,COT-VRO-GBEA_communautaire-A24-S35.csv
2024,,9,2024-09-01,2024-09-30,Bio,Males castres,R,3,EUR/kg carcasse,5.75,,COT-VRO-GBBI_prix_UE-A24-M09.csv
2024,,9,2024-09-01,2024-09-30,Bio,Males castres,O,3,EUR/kg carcasse,5.22,,COT-VRO-GBBI_prix_UE-A24-M09.csv
2024,,9,2024-09-01,2024-09-30,Bio,Femelles ayant deja vele,R,2,EUR/kg carcasse,5.71,,COT-VRO-GBBI_prix_UE-A24-M09.csv
2024,,9,2024-09-01,2024-09-30,Bio,Femelles ayant deja vele,R,3,EUR/kg carcasse,5.7,,COT-VRO-GBBI_prix_UE-A24-M09.csv
2024,,9,2024-09-01,2024-09-30,Bio,Femelles ayant deja vele,O,2,EUR/kg carcasse,5.16,,COT-VRO-GBBI_prix_UE-A24-M09.csv
2024,,9,2024-09-01,2024-09-30,Bio,Femelles ayant deja vele,O,3,EUR/kg carcasse,5.14,,COT-VRO-GBBI_prix_UE-A24-M09.csv
2024,,9,2024-09-01,2024-09-30,Bio,Femelles ayant deja vele,P,3,EUR/kg carcasse,4.9,,COT-VRO-GBBI_prix_UE-A24-M09.csv
2024,,9,2024-09-01,2024-09-30,Bio,Autres femelles,R,3,EUR/kg carcasse,5.71,,COT-VRO-GBBI_prix_UE-A24-M09.csv
2024,36,,2024-09-02,2024-09-08,Standard,Males non castres de moins de 2 ans,E,2,EUR/kg carcasse,5.89,,COT-VRO-GBEA_communautaire-A24-S36.csv
2024,36,,2024-09-02,2024-09-08,Standard,Males non castres de moins de 2 ans,U,2,EUR/kg carcasse,5.58,,COT-VRO-GBEA_communautaire-A24-S36.csv
2024,36,,2024-09-02,2024-09-08,Standard,Males non castres de moins de 2 ans,U,3,EUR/kg carcasse,5.41,,COT-VRO-GBEA_communautaire-A24-S36.csv
2024,36,,2024-09-02,2024-09-08,Standard,Males non castres de moins de 2 ans,R,2,EUR/kg carcasse,5.34,,COT-VRO-GBEA_communautaire-A24-S36.csv
2024,36,,2024-09-02,2024-09-08,Standard,Males non castres de moins de 2 ans,R,3,EUR/kg carcasse,5.28,,COT-VRO-GBEA_communautaire-A24-S36.csv
2024,36,,2024-09-02,2024-09-08,Standard,Males non castres de moins de 2 ans,O,2,EUR/kg carcasse,4.83,,COT-VRO-GBEA_communautaire-A24-S36.csv
2024,36,,2024-09-02,2024-09-08,Standard,Males non castres de moins de 2 ans,O,3,EUR/kg carcasse,4.81,,COT-VRO-GBEA_communautaire-A24-S36.csv
2024,36,,2024-09-02,2024-09-08,Standard,Males non castres de moins de 2 ans,P,3,EUR/kg carcasse,4.72,,COT-VRO-GBEA_communautaire-A24-S36.csv
2024,36,,2024-09-02,2024-09-08,Standard,Autres males non castres,U,2,EUR/kg carcasse,4.82,,COT-VRO-GBEA_communautaire-A24-S36.csv
2024,36,,2024-09-02,2024-09-08,Standard,Autres males non castres,R,2,EUR/kg carcasse,4.76,,COT-VRO-GBEA_communautaire-A24-S36.csv
2024,36,,2024-09-02,2024-09-08,Standard,Males castres,R,3,EUR/kg carcasse,5.4,,COT-VRO-GBEA_communautaire-A24-S36.csv
2024,36,,2024-09-02,2024-09-08,Standard,Males castres,O,3,EUR/kg carcasse,4.91,,COT-VRO-GBEA_communautaire-A24-S36.csv
2024,36,,2024-09-02,2024-09-08,Standard,Males castres,P,3,EUR/kg carcasse,4.59,,COT-VRO-GBEA_communautaire-A24-S36.csv
2024,36,,2024-09-02,2024-09-08,Standard,Femelles ayant deja vele,U,3,EUR/kg carcasse,6.11,,COT-VRO-GBEA_communautaire-A24-S36.csv
2024,36,,2024-09-02,2024-09-08,Standard,Femelles ayant deja vele,R,2,EUR/kg carcasse,5.56,,COT-VRO-GBEA_communautaire-A24-S36.csv
2024,36,,2024-09-02,2024-09-08,Standard,Femelles ayant deja vele,R,3,EUR/kg carcasse,5.6,,COT-VRO-GBEA_communautaire-A24-S36.csv
2024,36,,2024-09-02,2024-09-08,Standard,Femelles ayant deja vele,R,4,EUR/kg carcasse,5.5,,COT-VRO-GBEA_communautaire-A24-S36.csv
2024,36,,2024-09-02,2024-09-08,Standard,Femelles ayant deja vele,O,2,EUR/kg carcasse,5.11,,COT-VRO-GBEA_communautaire-A24-S36.csv
2024,36,,2024-09-02,2024-09-08,Standard,Femelles ayant deja vele,O,3,EUR/kg carcasse,4.82,,COT-VRO-GBEA_communautaire-A24-S36.csv
2024,36,,2024-09-02,2024-09-08,Standard,Femelles ayant deja vele,O,4,EUR/kg carcasse,4.64,,COT-VRO-GBEA_communautaire-A24-S36.csv
2024,36,,2024-09-02,2024-09-08,Standard,Femelles ayant deja vele,P,2,EUR/kg carcasse,4.31,,COT-VRO-GBEA_communautaire-A24-S36.csv
2024,36,,2024-09-02,2024-09-08,Standard,Femelles ayant deja vele,P,3,EUR/kg carcasse,4.53,,COT-VRO-GBEA_communautaire-A24-S36.csv
2024,36,,2024-09-02,2024-09-08,Standard,Autres femelles,U,3,EUR/kg carcasse,6.04,,COT-VRO-GBEA_communautaire-A24-S36.csv
2024,36,,2024-09-02,2024-09-08,Standard,Autres femelles,R,2,EUR/kg carcasse,5.57,,COT-VRO-GBEA_communautaire-A24-S36.csv
2024,36,,2024-09-02,2024-09-08,Standard,Autres femelles,R,3,EUR/kg carcasse,5.62,,COT-VRO-GBEA_communautaire-A24-S36.csv
2024,36,,2024-09-02,2024-09-08,Standard,Autres femelles,R,4,EUR/kg carcasse,5.44,,COT-VRO-GBEA_communautaire-A24-S36.csv
2024,36,,2024-09-02,2024-09-08,Standard,Autres femelles,O,3,EUR/kg carcasse,5.1,,COT-VRO-GBEA_communautaire-A24-S36.csv
2024,37,,2024-09-09,2024-09-15,Standard,Males non castres de moins de 2 ans,E,2,EUR/kg carcasse,5.88,,COT-VRO-GBEA_communautaire-A24-S37.csv
2024,37,,2024-09-09,2024-09-15,Standard,Males non castres de moins de 2 ans,U,2,EUR/kg carcasse,5.59,,COT-VRO-GBEA_communautaire-A24-S37.csv
2024,37,,2024-09-09,2024-09-15,Standard,Males non castres de moins de 2 ans,U,3,EUR/kg carcasse,5.42,,COT-VRO-GBEA_communautaire-A24-S37.csv
2024,37,,2024-09-09,2024-09-15,Standard,Males non castres de moins de 2 ans,R,2,EUR/kg carcasse,5.34,,COT-VRO-GBEA_communautaire-A24-S37.csv
2024,37,,2024-09-09,2024-09-15,Standard,Males non castres de moins de 2 ans,R,3,EUR/kg carcasse,5.27,,COT-VRO-GBEA_communautaire-A24-S37.csv
2024,37,,2024-09-09,2024-09-15,Standard,Males non castres de moins de 2 ans,O,2,EUR/kg carcasse,4.82,,COT-VRO-GBEA_communautaire-A24-S37.csv
2024,37,,2024-09-09,2024-09-15,Standard,Males non castres de moins de 2 ans,O,3,EUR/kg carcasse,4.77,,COT-VRO-GBEA_communautaire-A24-S37.csv
2024,37,,2024-09-09,2024-09-15,Standard,Males non castres de moins de 2 ans,P,3,EUR/kg carcasse,4.71,,COT-VRO-GBEA_communautaire-A24-S37.csv
2024,37,,2024-09-09,2024-09-15,Standard,Autres males non castres,U,2,EUR/kg carcasse,4.83,,COT-VRO-GBEA_communautaire-A24-S37.csv
2024,37,,2024-09-09,2024-09-15,Standard,Autres males non castres,R,2,EUR/kg carcasse,4.75,,COT-VRO-GBEA_communautaire-A24-S37.csv
2024,37,,2024-09-09,2024-09-15,Standard,Males castres,R,3,EUR/kg carcasse,5.35,,COT-VRO-GBEA_communautaire-A24-S37.csv
2024,37,,2024-09-09,2024-09-15,Standard,Males castres,O,3,EUR/kg carcasse,4.8,,COT-VRO-GBEA_communautaire-A24-S37.csv
2024,37,,2024-09-09,2024-09-15,Standard,Males castres,P,3,EUR/kg carcasse,4.55,,COT-VRO-GBEA_communautaire-A24-S37.csv
2024,37,,2024-09-09,2024-09-15,Standard,Femelles ayant deja vele,U,3,EUR/kg carcasse,6.11,,COT-VRO-GBEA_communautaire-A24-S37.csv
2024,37,,2024-09-09,2024-09-15,Standard,Femelles ayant deja vele,R,2,EUR/kg carcasse,5.54,,COT-VRO-GBEA_communautaire-A24-S37.csv
2024,37,,2024-09-09,2024-09-15,Standard,Femelles ayant deja vele,R,3,EUR/kg carcasse,5.57,,COT-VRO-GBEA_communautaire-A24-S37.csv
2024,37,,2024-09-09,2024-09-15,Standard,Femelles ayant deja vele,R,4,EUR/kg carcasse,5.49,,COT-VRO-GBEA_communautaire-A24-S37.csv
2024,37,,2024-09-09,2024-09-15,Standard,Femelles ayant deja vele,O,2,EUR/kg carcasse,5.06,,COT-VRO-GBEA_communautaire-A24-S37.csv
2024,37,,2024-09-09,2024-09-15,Standard,Femelles ayant deja vele,O,3,EUR/kg carcasse,4.76,,COT-VRO-GBEA_communautaire-A24-S37.csv
2024,37,,2024-09-09,2024-09-15,Standard,Femelles ayant deja vele,O,4,EUR/kg carcasse,4.66,,COT-VRO-GBEA_communautaire-A24-S37.csv
2024,37,,2024-09-09,2024-09-15,Standard,Femelles ayant deja vele,P,2,EUR/kg carcasse,4.27,,COT-VRO-GBEA_communautaire-A24-S37.csv
2024,37,,2024-09-09,2024-09-15,Standard,Femelles ayant deja vele,P,3,EUR/kg carcasse,4.49,,COT-VRO-GBEA_communautaire-A24-S37.csv
2024,37,,2024-09-09,2024-09-15,Standard,Autres femelles,U,3,EUR/kg carcasse,6.02,,COT-VRO-GBEA_communautaire-A24-S37.csv
2024,37,,2024-09-09,2024-09-15,Standard,Autres femelles,R,2,EUR/kg carcasse,5.54,,COT-VRO-GBEA_communautaire-A24-S37.csv
2024,37,,2024-09-09,2024-09-15,Standard,Autres femelles,R,3,EUR/kg carcasse,5.58,,COT-VRO-GBEA_communautaire-A24-S37.csv
2024,37,,2024-09-09,2024-09-15,Standard,Autres femelles,R,4,EUR/kg carcasse,5.44,,COT-VRO-GBEA_communautaire-A24-S37.csv
2024,37,,2024-09-09,2024-09-15,Standard,Autres femelles,O,3,EUR/kg carcasse,5.08,,COT-VRO-GBEA_communautaire-A24-S37.csv
2024,38,,2024-09-16,2024-09-22,Standard,Males non castres de moins de 2 ans,E,2,EUR/kg carcasse,5.83,,COT-VRO-GBEA_communautaire-A24-S38.csv
2024,38,,2024-09-16,2024-09-22,Standard,Males non castres de moins de 2 ans,U,2,EUR/kg carcasse,5.59,,COT-VRO-GBEA_communautaire-A24-S38.csv
2024,38,,2024-09-16,2024-09-22,Standard,Males non castres de moins de 2 ans,U,3,EUR/kg carcasse,5.43,,COT-VRO-GBEA_communautaire-A24-S38.csv
2024,38,,2024-09-16,2024-09-22,Standard,Males non castres de moins de 2 ans,R,2,EUR/kg carcasse,5.32,,COT-VRO-GBEA_communautaire-A24-S38.csv
2024,38,,2024-09-16,2024-09-22,Standard,Males non castres de moins de 2 ans,R,3,EUR/kg carcasse,5.29,,COT-VRO-GBEA_communautaire-A24-S38.csv
2024,38,,2024-09-16,2024-09-22,Standard,Males non castres de moins de 2 ans,O,2,EUR/kg carcasse,4.78,,COT-VRO-GBEA_communautaire-A24-S38.csv
2024,38,,2024-09-16,2024-09-22,Standard,Males non castres de moins de 2 ans,O,3,EUR/kg carcasse,4.76,,COT-VRO-GBEA_communautaire-A24-S38.csv
2024,38,,2024-09-16,2024-09-22,Standard,Males non castres de moins de 2 ans,P,3,EUR/kg carcasse,4.69,,COT-VRO-GBEA_communautaire-A24-S38.csv
2024,38,,2024-09-16,2024-09-22,Standard,Autres males non castres,U,2,EUR/kg carcasse,4.8,,COT-VRO-GBEA_communautaire-A24-S38.csv
2024,38,,2024-09-16,2024-09-22,Standard,Autres males non castres,R,2,EUR/kg carcasse,4.71,,COT-VRO-GBEA_communautaire-A24-S38.csv
2024,38,,2024-09-16,2024-09-22,Standard,Autres males non castres,O,2,EUR/kg carcasse,4.3,,COT-VRO-GBEA_communautaire-A24-S38.csv
2024,38,,2024-09-16,2024-09-22,Standard,Males castres,R,3,EUR/kg carcasse,5.37,,COT-VRO-GBEA_communautaire-A24-S38.csv
2024,38,,2024-09-16,2024-09-22,Standard,Males castres,O,3,EUR/kg carcasse,4.79,,COT-VRO-GBEA_communautaire-A24-S38.csv
2024,38,,2024-09-16,2024-09-22,Standard,Males castres,P,3,EUR/kg carcasse,4.52,,COT-VRO-GBEA_communautaire-A24-S38.csv
2024,38,,2024-09-16,2024-09-22,Standard,Femelles ayant deja vele,U,3,EUR/kg carcasse,6.11,,COT-VRO-GBEA_communautaire-A24-S38.csv
2024,38,,2024-09-16,2024-09-22,Standard,Femelles ayant deja vele,R,2,EUR/kg carcasse,5.54,,COT-VRO-GBEA_communautaire-A24-S38.csv
2024,38,,2024-09-16,2024-09-22,Standard,Femelles ayant deja vele,R,3,EUR/kg carcasse,5.57,,COT-VRO-GBEA_communautaire-A24-S38.csv
2024,38,,2024-09-16,2024-09-22,Standard,Femelles ayant deja vele,R,4,EUR/kg carcasse,5.52,,COT-VRO-GBEA_communautaire-A24-S38.csv
2024,38,,2024-09-16,2024-09-22,Standard,Femelles ayant deja vele,O,2,EUR/kg carcasse,5.02,,COT-VRO-GBEA_communautaire-A24-S38.csv
2024,38,,2024-09-16,2024-09-22,Standard,Femelles ayant deja vele,O,3,EUR/kg carcasse,4.71,,COT-VRO-GBEA_communautaire-A24-S38.csv
2024,38,,2024-09-16,2024-09-22,Standard,Femelles ayant deja vele,O,4,EUR/kg carcasse,4.59,,COT-VRO-GBEA_communautaire-A24-S38.csv
2024,38,,2024-09-16,2024-09-22,Standard,Femelles ayant deja vele,P,2,EUR/kg carcasse,4.21,,COT-VRO-GBEA_communautaire-A24-S38.csv
2024,38,,2024-09-16,2024-09-22,Standard,Femelles ayant deja vele,P,3,EUR/kg carcasse,4.43,,COT-VRO-GBEA_communautaire-A24-S38.csv
2024,38,,2024-09-16,2024-09-22,Standard,Autres femelles,U,3,EUR/kg carcasse,6.03,,COT-VRO-GBEA_communautaire-A24-S38.csv
2024,38,,2024-09-16,2024-09-22,Standard,Autres femelles,R,2,EUR/kg carcasse,5.56,,COT-VRO-GBEA_communautaire-A24-S38.csv
2024,38,,2024-09-16,2024-09-22,Standard,Autres femelles,R,3,EUR/kg carcasse,5.59,,COT-VRO-GBEA_communautaire-A24-S38.csv
2024,38,,2024-09-16,2024-09-22,Standard,Autres femelles,R,4,EUR/kg carcasse,5.49,,COT-VRO-GBEA_communautaire-A24-S38.csv
2024,38,,2024-09-16,2024-09-22,Standard,Autres femelles,O,3,EUR/kg carcasse,5.05,,COT-VRO-GBEA_communautaire-A24-S38.csv
2024,39,,2024-09-23,2024-09-29,Standard,Males non castres de moins de 2 ans,E,2,EUR/kg carcasse,5.93,,COT-VRO-GBEA_communautaire-A24-S39.csv
2024,39,,2024-09-23,2024-09-29,Standard,Males non castres de moins de 2 ans,U,2,EUR/kg carcasse,5.6,,COT-VRO-GBEA_communautaire-A24-S39.csv
2024,39,,2024-09-23,2024-09-29,Standard,Males non castres de moins de 2 ans,U,3,EUR/kg carcasse,5.44,,COT-VRO-GBEA_communautaire-A24-S39.csv
2024,39,,2024-09-23,2024-09-29,Standard,Males non castres de moins de 2 ans,R,2,EUR/kg carcasse,5.35,,COT-VRO-GBEA_communautaire-A24-S39.csv
2024,39,,2024-09-23,2024-09-29,Standard,Males non castres de moins de 2 ans,R,3,EUR/kg carcasse,5.3,,COT-VRO-GBEA_communautaire-A24-S39.csv
2024,39,,2024-09-23,2024-09-29,Standard,Males non castres de moins de 2 ans,O,2,EUR/kg carcasse,4.78,,COT-VRO-GBEA_communautaire-A24-S39.csv
2024,39,,2024-09-23,2024-09-29,Standard,Males non castres de moins de 2 ans,O,3,EUR/kg carcasse,4.77,,COT-VRO-GBEA_communautaire-A24-S39.csv
2024,39,,2024-09-23,2024-09-29,Standard,Males non castres de moins de 2 ans,P,3,EUR/kg carcasse,4.69,,COT-VRO-GBEA_communautaire-A24-S39.csv
2024,39,,2024-09-23,2024-09-29,Standard,Autres males non castres,U,2,EUR/kg carcasse,4.74,,COT-VRO-GBEA_communautaire-A24-S39.csv
2024,39,,2024-09-23,2024-09-29,Standard,Autres males non castres,R,2,EUR/kg carcasse,4.67,,COT-VRO-GBEA_communautaire-A24-S39.csv
2024,39,,2024-09-23,2024-09-29,Standard,Autres males non castres,O,2,EUR/kg carcasse,4.26,,COT-VRO-GBEA_communautaire-A24-S39.csv
2024,39,,2024-09-23,2024-09-29,Standard,Males castres,R,3,EUR/kg carcasse,5.36,,COT-VRO-GBEA_communautaire-A24-S39.csv
2024,39,,2024-09-23,2024-09-29,Standard,Males castres,O,3,EUR/kg carcasse,4.75,,COT-VRO-GBEA_communautaire-A24-S39.csv
2024,39,,2024-09-23,2024-09-29,Standard,Males castres,P,3,EUR/kg carcasse,4.45,,COT-VRO-GBEA_communautaire-A24-S39.csv
2024,39,,2024-09-23,2024-09-29,Standard,Femelles ayant deja vele,U,3,EUR/kg carcasse,6.12,,COT-VRO-GBEA_communautaire-A24-S39.csv
2024,39,,2024-09-23,2024-09-29,Standard,Femelles ayant deja vele,R,2,EUR/kg carcasse,5.53,,COT-VRO-GBEA_communautaire-A24-S39.csv
2024,39,,2024-09-23,2024-09-29,Standard,Femelles ayant deja vele,R,3,EUR/kg carcasse,5.56,,COT-VRO-GBEA_communautaire-A24-S39.csv
2024,39,,2024-09-23,2024-09-29,Standard,Femelles ayant deja vele,R,4,EUR/kg carcasse,5.5,,COT-VRO-GBEA_communautaire-A24-S39.csv
2024,39,,2024-09-23,2024-09-29,Standard,Femelles ayant deja vele,O,2,EUR/kg carcasse,4.93,,COT-VRO-GBEA_communautaire-A24-S39.csv
2024,39,,2024-09-23,2024-09-29,Standard,Femelles ayant deja vele,O,3,EUR/kg carcasse,4.67,,COT-VRO-GBEA_communautaire-A24-S39.csv
2024,39,,2024-09-23,2024-09-29,Standard,Femelles ayant deja vele,O,4,EUR/kg carcasse,4.53,,COT-VRO-GBEA_communautaire-A24-S39.csv
2024,39,,2024-09-23,2024-09-29,Standard,Femelles ayant deja vele,P,2,EUR/kg carcasse,4.15,,COT-VRO-GBEA_communautaire-A24-S39.csv
2024,39,,2024-09-23,2024-09-29,Standard,Femelles ayant deja vele,P,3,EUR/kg carcasse,4.37,,COT-VRO-GBEA_communautaire-A24-S39.csv
2024,39,,2024-09-23,2024-09-29,Standard,Autres femelles,U,3,EUR/kg carcasse,6.04,,COT-VRO-GBEA_communautaire-A24-S39.csv
2024,39,,2024-09-23,2024-09-29,Standard,Autres femelles,R,2,EUR/kg carcasse,5.51,,COT-VRO-GBEA_communautaire-A24-S39.csv
2024,39,,2024-09-23,2024-09-29,Standard,Autres femelles,R,3,EUR/kg carcasse,5.58,,COT-VRO-GBEA_communautaire-A24-S39.csv
2024,39,,2024-09-23,2024-09-29,Standard,Autres femelles,R,4,EUR/kg carcasse,5.44,,COT-VRO-GBEA_communautaire-A24-S39.csv
2024,39,,2024-09-23,2024-09-29,Standard,Autres femelles,O,3,EUR/kg carcasse,5.04,,COT-VRO-GBEA_communautaire-A24-S39.csv
2024,40,,2024-09-30,2024-10-06,Standard,Males non castres de moins de 2 ans,E,2,EUR/kg carcasse,5.92,,COT-VRO-GBEA_communautaire-A24-S40.csv
2024,40,,2024-09-30,2024-10-06,Standard,Males non castres de moins de 2 ans,U,2,EUR/kg carcasse,5.63,,COT-VRO-GBEA_communautaire-A24-S40.csv
2024,40,,2024-09-30,2024-10-06,Standard,Males non castres de moins de 2 ans,U,3,EUR/kg carcasse,5.46,,COT-VRO-GBEA_communautaire-A24-S40.csv
2024,40,,2024-09-30,2024-10-06,Standard,Males non castres de moins de 2 ans,R,2,EUR/kg carcasse,5.36,,COT-VRO-GBEA_communautaire-A24-S40.csv
2024,40,,2024-09-30,2024-10-06,Standard,Males non castres de moins de 2 ans,R,3,EUR/kg carcasse,5.3,,COT-VRO-GBEA_communautaire-A24-S40.csv
2024,40,,2024-09-30,2024-10-06,Standard,Males non castres de moins de 2 ans,O,2,EUR/kg carcasse,4.7,,COT-VRO-GBEA_communautaire-A24-S40.csv
2024,40,,2024-09-30,2024-10-06,Standard,Males non castres de moins de 2 ans,O,3,EUR/kg carcasse,4.73,,COT-VRO-GBEA_communautaire-A24-S40.csv
2024,40,,2024-09-30,2024-10-06,Standard,Males non castres de moins de 2 ans,P,3,EUR/kg carcasse,4.61,,COT-VRO-GBEA_communautaire-A24-S40.csv
2024,40,,2024-09-30,2024-10-06,Standard,Autres males non castres,U,2,EUR/kg carcasse,4.75,,COT-VRO-GBEA_communautaire-A24-S40.csv
2024,40,,2024-09-30,2024-10-06,Standard,Autres males non castres,R,2,EUR/kg carcasse,4.67,,COT-VRO-GBEA_communautaire-A24-S40.csv
2024,40,,2024-09-30,2024-10-06,Standard,Males castres,R,3,EUR/kg carcasse,5.32,,COT-VRO-GBEA_communautaire-A24-S40.csv
2024,40,,2024-09-30,2024-10-06,Standard,Males castres,O,3,EUR/kg carcasse,4.75,,COT-VRO-GBEA_communautaire-A24-S40.csv
2024,40,,2024-09-30,2024-10-06,Standard,Males castres,P,3,EUR/kg carcasse,4.42,,COT-VRO-GBEA_communautaire-A24-S40.csv
2024,40,,2024-09-30,2024-10-06,Standard,Femelles ayant deja vele,U,3,EUR/kg carcasse,6.13,,COT-VRO-GBEA_communautaire-A24-S40.csv
2024,40,,2024-09-30,2024-10-06,Standard,Femelles ayant deja vele,R,2,EUR/kg carcasse,5.51,,COT-VRO-GBEA_communautaire-A24-S40.csv
2024,40,,2024-09-30,2024-10-06,Standard,Femelles ayant deja vele,R,3,EUR/kg carcasse,5.55,,COT-VRO-GBEA_communautaire-A24-S40.csv
2024,40,,2024-09-30,2024-10-06,Standard,Femelles ayant deja vele,R,4,EUR/kg carcasse,5.42,,COT-VRO-GBEA_communautaire-A24-S40.csv
2024,40,,2024-09-30,2024-10-06,Standard,Femelles ayant deja vele,O,2,EUR/kg carcasse,4.92,,COT-VRO-GBEA_communautaire-A24-S40.csv
2024,40,,2024-09-30,2024-10-06,Standard,Femelles ayant deja vele,O,3,EUR/kg carcasse,4.64,,COT-VRO-GBEA_communautaire-A24-S40.csv
2024,40,,2024-09-30,2024-10-06,Standard,Femelles ayant deja vele,O,4,EUR/kg carcasse,4.44,,COT-VRO-GBEA_communautaire-A24-S40.csv
2024,40,,2024-09-30,2024-10-06,Standard,Femelles ayant deja vele,P,2,EUR/kg carcasse,4.1,,COT-VRO-GBEA_communautaire-A24-S40.csv
2024,40,,2024-09-30,2024-10-06,Standard,Femelles ayant deja vele,P,3,EUR/kg carcasse,4.32,,COT-VRO-GBEA_communautaire-A24-S40.csv
2024,40,,2024-09-30,2024-10-06,Standard,Autres femelles,U,3,EUR/kg carcasse,6.03,,COT-VRO-GBEA_communautaire-A24-S40.csv
2024,40,,2024-09-30,2024-10-06,Standard,Autres femelles,R,2,EUR/kg carcasse,5.53,,COT-VRO-GBEA_communautaire-A24-S40.csv
2024,40,,2024-09-30,2024-10-06,Standard,Autres femelles,R,3,EUR/kg carcasse,5.57,,COT-VRO-GBEA_communautaire-A24-S40.csv
2024,40,,2024-09-30,2024-10-06,Standard,Autres femelles,R,4,EUR/kg carcasse,5.43,,COT-VRO-GBEA_communautaire-A24-S40.csv
2024,40,,2024-09-30,2024-10-06,Standard,Autres femelles,O,3,EUR/kg carcasse,4.99,,COT-VRO-GBEA_communautaire-A24-S40.csv
2024,41,,2024-10-07,2024-10-13,Standard,Males non castres de moins de 2 ans,E,2,EUR/kg carcasse,5.95,,COT-VRO-GBEA_communautaire-A24-S41.csv
2024,41,,2024-10-07,2024-10-13,Standard,Males non castres de moins de 2 ans,U,2,EUR/kg carcasse,5.65,,COT-VRO-GBEA_communautaire-A24-S41.csv
2024,41,,2024-10-07,2024-10-13,Standard,Males non castres de moins de 2 ans,U,3,EUR/kg carcasse,5.47,,COT-VRO-GBEA_communautaire-A24-S41.csv
2024,41,,2024-10-07,2024-10-13,Standard,Males non castres de moins de 2 ans,R,2,EUR/kg carcasse,5.4,,COT-VRO-GBEA_communautaire-A24-S41.csv
2024,41,,2024-10-07,2024-10-13,Standard,Males non castres de moins de 2 ans,R,3,EUR/kg carcasse,5.31,,COT-VRO-GBEA_communautaire-A24-S41.csv
2024,41,,2024-10-07,2024-10-13,Standard,Males non castres de moins de 2 ans,O,2,EUR/kg carcasse,4.79,,COT-VRO-GBEA_communautaire-A24-S41.csv
2024,41,,2024-10-07,2024-10-13,Standard,Males non castres de moins de 2 ans,O,3,EUR/kg carcasse,4.72,,COT-VRO-GBEA_communautaire-A24-S41.csv
2024,41,,2024-10-07,2024-10-13,Standard,Males non castres de moins de 2 ans,P,3,EUR/kg carcasse,4.63,,COT-VRO-GBEA_communautaire-A24-S41.csv
2024,41,,2024-10-07,2024-10-13,Standard,Autres males non castres,U,2,EUR/kg carcasse,4.72,,COT-VRO-GBEA_communautaire-A24-S41.csv
2024,41,,2024-10-07,2024-10-13,Standard,Autres males non castres,R,2,EUR/kg carcasse,4.65,,COT-VRO-GBEA_communautaire-A24-S41.csv
2024,41,,2024-10-07,2024-10-13,Standard,Autres males non castres,O,2,EUR/kg carcasse,4.17,,COT-VRO-GBEA_communautaire-A24-S41.csv
2024,41,,2024-10-07,2024-10-13,Standard,Males castres,R,3,EUR/kg carcasse,5.31,,COT-VRO-GBEA_communautaire-A24-S41.csv
2024,41,,2024-10-07,2024-10-13,Standard,Males castres,O,3,EUR/kg carcasse,4.66,,COT-VRO-GBEA_communautaire-A24-S41.csv
2024,41,,2024-10-07,2024-10-13,Standard,Males castres,P,3,EUR/kg carcasse,4.35,,COT-VRO-GBEA_communautaire-A24-S41.csv
2024,41,,2024-10-07,2024-10-13,Standard,Femelles ayant deja vele,U,3,EUR/kg carcasse,6.1,,COT-VRO-GBEA_communautaire-A24-S41.csv
2024,41,,2024-10-07,2024-10-13,Standard,Femelles ayant deja vele,R,2,EUR/kg carcasse,5.49,,COT-VRO-GBEA_communautaire-A24-S41.csv
2024,41,,2024-10-07,2024-10-13,Standard,Femelles ayant deja vele,R,3,EUR/kg carcasse,5.56,,COT-VRO-GBEA_communautaire-A24-S41.csv
2024,41,,2024-10-07,2024-10-13,Standard,Femelles ayant deja vele,R,4,EUR/kg carcasse,5.46,,COT-VRO-GBEA_communautaire-A24-S41.csv
2024,41,,2024-10-07,2024-10-13,Standard,Femelles ayant deja vele,O,2,EUR/kg carcasse,4.87,,COT-VRO-GBEA_communautaire-A24-S41.csv
2024,41,,2024-10-07,2024-10-13,Standard,Femelles ayant deja vele,O,3,EUR/kg carcasse,4.61,,COT-VRO-GBEA_communautaire-A24-S41.csv
2024,41,,2024-10-07,2024-10-13,Standard,Femelles ayant deja vele,O,4,EUR/kg carcasse,4.41,,COT-VRO-GBEA_communautaire-A24-S41.csv
2024,41,,2024-10-07,2024-10-13,Standard,Femelles ayant deja vele,P,2,EUR/kg carcasse,4.05,,COT-VRO-GBEA_communautaire-A24-S41.csv
2024,41,,2024-10-07,2024-10-13,Standard,Femelles ayant deja vele,P,3,EUR/kg carcasse,4.27,,COT-VRO-GBEA_communautaire-A24-S41.csv
2024,41,,2024-10-07,2024-10-13,Standard,Autres femelles,U,3,EUR/kg carcasse,6.01,,COT-VRO-GBEA_communautaire-A24-S41.csv
2024,41,,2024-10-07,2024-10-13,Standard,Autres femelles,R,2,EUR/kg carcasse,5.51,,COT-VRO-GBEA_communautaire-A24-S41.csv
2024,41,,2024-10-07,2024-10-13,Standard,Autres femelles,R,3,EUR/kg carcasse,5.57,,COT-VRO-GBEA_communautaire-A24-S41.csv
2024,41,,2024-10-07,2024-10-13,Standard,Autres femelles,R,4,EUR/kg carcasse,5.42,,COT-VRO-GBEA_communautaire-A24-S41.csv
2024,41,,2024-10-07,2024-10-13,Standard,Autres femelles,O,3,EUR/kg carcasse,4.97,,COT-VRO-GBEA_communautaire-A24-S41.csv
2024,42,,2024-10-14,2024-10-20,Standard,Males non castres de moins de 2 ans,E,2,EUR/kg carcasse,5.95,,COT-VRO-GBEA_communautaire-A24-S42.csv
2024,42,,2024-10-14,2024-10-20,Standard,Males non castres de moins de 2 ans,U,2,EUR/kg carcasse,5.68,,COT-VRO-GBEA_communautaire-A24-S42.csv
2024,42,,2024-10-14,2024-10-20,Standard,Males non castres de moins de 2 ans,U,3,EUR/kg carcasse,5.5,,COT-VRO-GBEA_communautaire-A24-S42.csv
2024,42,,2024-10-14,2024-10-20,Standard,Males non castres de moins de 2 ans,R,2,EUR/kg carcasse,5.44,,COT-VRO-GBEA_communautaire-A24-S42.csv
2024,42,,2024-10-14,2024-10-20,Standard,Males non castres de moins de 2 ans,R,3,EUR/kg carcasse,5.34,,COT-VRO-GBEA_communautaire-A24-S42.csv
2024,42,,2024-10-14,2024-10-20,Standard,Males non castres de moins de 2 ans,O,2,EUR/kg carcasse,4.72,,COT-VRO-GBEA_communautaire-A24-S42.csv
2024,42,,2024-10-14,2024-10-20,Standard,Males non castres de moins de 2 ans,O,3,EUR/kg carcasse,4.72,,COT-VRO-GBEA_communautaire-A24-S42.csv
2024,42,,2024-10-14,2024-10-20,Standard,Males non castres de moins de 2 ans,P,3,EUR/kg carcasse,4.65,,COT-VRO-GBEA_communautaire-A24-S42.csv
2024,42,,2024-10-14,2024-10-20,Standard,Autres males non castres,U,2,EUR/kg carcasse,4.7,,COT-VRO-GBEA_communautaire-A24-S42.csv
2024,42,,2024-10-14,2024-10-20,Standard,Autres males non castres,R,2,EUR/kg carcasse,4.61,,COT-VRO-GBEA_communautaire-A24-S42.csv
2024,42,,2024-10-14,2024-10-20,Standard,Autres males non castres,O,2,EUR/kg carcasse,4.22,,COT-VRO-GBEA_communautaire-A24-S42.csv
2024,42,,2024-10-14,2024-10-20,Standard,Males castres,R,3,EUR/kg carcasse,5.38,,COT-VRO-GBEA_communautaire-A24-S42.csv
2024,42,,2024-10-14,2024-10-20,Standard,Males castres,O,3,EUR/kg carcasse,4.6,,COT-VRO-GBEA_communautaire-A24-S42.csv
2024,42,,2024-10-14,2024-10-20,Standard,Males castres,P,3,EUR/kg carcasse,4.33,,COT-VRO-GBEA_communautaire-A24-S42.csv
2024,42,,2024-10-14,2024-10-20,Standard,Femelles ayant deja vele,U,3,EUR/kg carcasse,6.11,,COT-VRO-GBEA_communautaire-A24-S42.csv
2024,42,,2024-10-14,2024-10-20,Standard,Femelles ayant deja vele,R,2,EUR/kg carcasse,5.47,,COT-VRO-GBEA_communautaire-A24-S42.csv
2024,42,,2024-10-14,2024-10-20,Standard,Femelles ayant deja vele,R,3,EUR/kg carcasse,5.54,,COT-VRO-GBEA_communautaire-A24-S42.csv
2024,42,,2024-10-14,2024-10-20,Standard,Femelles ayant deja vele,R,4,EUR/kg carcasse,5.46,,COT-VRO-GBEA_communautaire-A24-S42.csv
2024,42,,2024-10-14,2024-10-20,Standard,Femelles ayant deja vele,O,2,EUR/kg carcasse,4.8,,COT-VRO-GBEA_communautaire-A24-S42.csv
2024,42,,2024-10-14,2024-10-20,Standard,Femelles ayant deja vele,O,3,EUR/kg carcasse,4.57,,COT-VRO-GBEA_communautaire-A24-S42.csv
2024,42,,2024-10-14,2024-10-20,Standard,Femelles ayant deja vele,O,4,EUR/kg carcasse,4.38,,COT-VRO-GBEA_communautaire-A24-S42.csv
2024,42,,2024-10-14,2024-10-20,Standard,Femelles ayant deja vele,P,2,EUR/kg carcasse,4,,COT-VRO-GBEA_communautaire-A24-S42.csv
2024,42,,2024-10-14,2024-10-20,Standard,Femelles ayant deja vele,P,3,EUR/kg carcasse,4.22,,COT-VRO-GBEA_communautaire-A24-S42.csv
2024,42,,2024-10-14,2024-10-20,Standard,Autres femelles,U,3,EUR/kg carcasse,6.03,,COT-VRO-GBEA_communautaire-A24-S42.csv
2024,42,,2024-10-14,2024-10-20,Standard,Autres femelles,R,2,EUR/kg carcasse,5.5,,COT-VRO-GBEA_communautaire-A24-S42.csv
2024,42,,2024-10-14,2024-10-20,Standard,Autres femelles,R,3,EUR/kg carcasse,5.56,,COT-VRO-GBEA_communautaire-A24-S42.csv
2024,42,,2024-10-14,2024-10-20,Standard,Autres femelles,R,4,EUR/kg carcasse,5.43,,COT-VRO-GBEA_communautaire-A24-S42.csv
2024,42,,2024-10-14,2024-10-20,Standard,Autres femelles,O,2,EUR/kg carcasse,4.78,,COT-VRO-GBEA_communautaire-A24-S42.csv
2024,42,,2024-10-14,2024-10-20,Standard,Autres femelles,O,3,EUR/kg carcasse,4.92,,COT-VRO-GBEA_communautaire-A24-S42.csv
2024,43,,2024-10-21,2024-10-27,Standard,Males non castres de moins de 2 ans,E,2,EUR/kg carcasse,5.98,,COT-VRO-GBEA_communautaire-A24-S43.csv
2024,43,,2024-10-21,2024-10-27,Standard,Males non castres de moins de 2 ans,U,2,EUR/kg carcasse,5.7,,COT-VRO-GBEA_communautaire-A24-S43.csv
2024,43,,2024-10-21,2024-10-27,Standard,Males non castres de moins de 2 ans,U,3,EUR/kg carcasse,5.54,,COT-VRO-GBEA_communautaire-A24-S43.csv
2024,43,,2024-10-21,2024-10-27,Standard,Males non castres de moins de 2 ans,R,2,EUR/kg carcasse,5.44,,COT-VRO-GBEA_communautaire-A24-S43.csv
2024,43,,2024-10-21,2024-10-27,Standard,Males non castres de moins de 2 ans,R,3,EUR/kg carcasse,5.37,,COT-VRO-GBEA_communautaire-A24-S43.csv
2024,43,,2024-10-21,2024-10-27,Standard,Males non castres de moins de 2 ans,O,2,EUR/kg carcasse,4.71,,COT-VRO-GBEA_communautaire-A24-S43.csv
2024,43,,2024-10-21,2024-10-27,Standard,Males non castres de moins de 2 ans,O,3,EUR/kg carcasse,4.72,,COT-VRO-GBEA_communautaire-A24-S43.csv
2024,43,,2024-10-21,2024-10-27,Standard,Males non castres de moins de 2 ans,P,3,EUR/kg carcasse,4.64,,COT-VRO-GBEA_communautaire-A24-S43.csv
2024,43,,2024-10-21,2024-10-27,Standard,Autres males non castres,U,2,EUR/kg carcasse,4.71,,COT-VRO-GBEA_communautaire-A24-S43.csv
2024,43,,2024-10-21,2024-10-27,Standard,Autres males non castres,R,2,EUR/kg carcasse,4.63,,COT-VRO-GBEA_communautaire-A24-S43.csv
2024,43,,2024-10-21,2024-10-27,Standard,Males castres,R,3,EUR/kg carcasse,5.3,,COT-VRO-GBEA_communautaire-A24-S43.csv
2024,43,,2024-10-21,2024-10-27,Standard,Males castres,O,3,EUR/kg carcasse,4.59,,COT-VRO-GBEA_communautaire-A24-S43.csv
2024,43,,2024-10-21,2024-10-27,Standard,Males castres,P,3,EUR/kg carcasse,4.28,,COT-VRO-GBEA_communautaire-A24-S43.csv
2024,43,,2024-10-21,2024-10-27,Standard,Femelles ayant deja vele,U,3,EUR/kg carcasse,6.1,,COT-VRO-GBEA_communautaire-A24-S43.csv
2024,43,,2024-10-21,2024-10-27,Standard,Femelles ayant deja vele,R,2,EUR/kg carcasse,5.47,,COT-VRO-GBEA_communautaire-A24-S43.csv
2024,43,,2024-10-21,2024-10-27,Standard,Femelles ayant deja vele,R,3,EUR/kg carcasse,5.53,,COT-VRO-GBEA_communautaire-A24-S43.csv
2024,43,,2024-10-21,2024-10-27,Standard,Femelles ayant deja vele,R,4,EUR/kg carcasse,5.47,,COT-VRO-GBEA_communautaire-A24-S43.csv
2024,43,,2024-10-21,2024-10-27,Standard,Femelles ayant deja vele,O,2,EUR/kg carcasse,4.78,,COT-VRO-GBEA_communautaire-A24-S43.csv
2024,43,,2024-10-21,2024-10-27,Standard,Femelles ayant deja vele,O,3,EUR/kg carcasse,4.53,,COT-VRO-GBEA_communautaire-A24-S43.csv
2024,43,,2024-10-21,2024-10-27,Standard,Femelles ayant deja vele,O,4,EUR/kg carcasse,4.34,,COT-VRO-GBEA_communautaire-A24-S43.csv
2024,43,,2024-10-21,2024-10-27,Standard,Femelles ayant deja vele,P,2,EUR/kg carcasse,3.97,,COT-VRO-GBEA_communautaire-A24-S43.csv
2024,43,,2024-10-21,2024-10-27,Standard,Femelles ayant deja vele,P,3,EUR/kg carcasse,4.19,,COT-VRO-GBEA_communautaire-A24-S43.csv
2024,43,,2024-10-21,2024-10-27,Standard,Autres femelles,U,3,EUR/kg carcasse,6.05,,COT-VRO-GBEA_communautaire-A24-S43.csv
2024,43,,2024-10-21,2024-10-27,Standard,Autres femelles,R,2,EUR/kg carcasse,5.46,,COT-VRO-GBEA_communautaire-A24-S43.csv
2024,43,,2024-10-21,2024-10-27,Standard,Autres femelles,R,3,EUR/kg carcasse,5.55,,COT-VRO-GBEA_communautaire-A24-S43.csv
2024,43,,2024-10-21,2024-10-27,Standard,Autres femelles,R,4,EUR/kg carcasse,5.44,,COT-VRO-GBEA_communautaire-A24-S43.csv
2024,43,,2024-10-21,2024-10-27,Standard,Autres femelles,O,3,EUR/kg carcasse,4.95,,COT-VRO-GBEA_communautaire-A24-S43.csv
2024,44,,2024-10-28,2024-11-03,Standard,Males non castres de moins de 2 ans,E,2,EUR/kg carcasse,6.02,,COT-VRO-GBEA_communautaire-A24-S44.csv
2024,44,,2024-10-28,2024-11-03,Standard,Males non castres de moins de 2 ans,U,2,EUR/kg carcasse,5.74,,COT-VRO-GBEA_communautaire-A24-S44.csv
2024,44,,2024-10-28,2024-11-03,Standard,Males non castres de moins de 2 ans,U,3,EUR/kg carcasse,5.57,,COT-VRO-GBEA_communautaire-A24-S44.csv
2024,44,,2024-10-28,2024-11-03,Standard,Males non castres de moins de 2 ans,R,2,EUR/kg carcasse,5.52,,COT-VRO-GBEA_communautaire-A24-S44.csv
2024,44,,2024-10-28,2024-11-03,Standard,Males non castres de moins de 2 ans,R,3,EUR/kg carcasse,5.4,,COT-VRO-GBEA_communautaire-A24-S44.csv
2024,44,,2024-10-28,2024-11-03,Standard,Males non castres de moins de 2 ans,O,2,EUR/kg carcasse,4.79,,COT-VRO-GBEA_communautaire-A24-S44.csv
2024,44,,2024-10-28,2024-11-03,Standard,Males non castres de moins de 2 ans,O,3,EUR/kg carcasse,4.79,,COT-VRO-GBEA_communautaire-A24-S44.csv
2024,44,,2024-10-28,2024-11-03,Standard,Males non castres de moins de 2 ans,P,3,EUR/kg carcasse,4.63,,COT-VRO-GBEA_communautaire-A24-S44.csv
2024,44,,2024-10-28,2024-11-03,Standard,Autres males non castres,U,2,EUR/kg carcasse,4.71,,COT-VRO-GBEA_communautaire-A24-S44.csv
2024,44,,2024-10-28,2024-11-03,Standard,Autres males non castres,R,2,EUR/kg carcasse,4.63,,COT-VRO-GBEA_communautaire-A24-S44.csv
2024,44,,2024-10-28,2024-11-03,Standard,Males castres,R,3,EUR/kg carcasse,5.43,,COT-VRO-GBEA_communautaire-A24-S44.csv
2024,44,,2024-10-28,2024-11-03,Standard,Males castres,O,3,EUR/kg carcasse,4.59,,COT-VRO-GBEA_communautaire-A24-S44.csv
2024,44,,2024-10-28,2024-11-03,Standard,Males castres,P,3,EUR/kg carcasse,4.27,,COT-VRO-GBEA_communautaire-A24-S44.csv
2024,44,,2024-10-28,2024-11-03,Standard,Femelles ayant deja vele,U,3,EUR/kg carcasse,6.13,,COT-VRO-GBEA_communautaire-A24-S44.csv
2024,44,,2024-10-28,2024-11-03,Standard,Femelles ayant deja vele,R,2,EUR/kg carcasse,5.45,,COT-VRO-GBEA_communautaire-A24-S44.csv
2024,44,,2024-10-28,2024-11-03,Standard,Femelles ayant deja vele,R,3,EUR/kg carcasse,5.53,,COT-VRO-GBEA_communautaire-A24-S44.csv
2024,44,,2024-10-28,2024-11-03,Standard,Femelles ayant deja vele,R,4,EUR/kg carcasse,5.45,,COT-VRO-GBEA_communautaire-A24-S44.csv
2024,44,,2024-10-28,2024-11-03,Standard,Femelles ayant deja vele,O,2,EUR/kg carcasse,4.82,,COT-VRO-GBEA_communautaire-A24-S44.csv
2024,44,,2024-10-28,2024-11-03,Standard,Femelles ayant deja vele,O,3,EUR/kg carcasse,4.5,,COT-VRO-GBEA_communautaire-A24-S44.csv
2024,44,,2024-10-28,2024-11-03,Standard,Femelles ayant deja vele,O,4,EUR/kg carcasse,4.37,,COT-VRO-GBEA_communautaire-A24-S44.csv
2024,44,,2024-10-28,2024-11-03,Standard,Femelles ayant deja vele,P,2,EUR/kg carcasse,3.93,,COT-VRO-GBEA_communautaire-A24-S44.csv
2024,44,,2024-10-28,2024-11-03,Standard,Femelles ayant deja vele,P,3,EUR/kg carcasse,4.15,,COT-VRO-GBEA_communautaire-A24-S44.csv
2024,44,,2024-10-28,2024-11-03,Standard,Autres femelles,U,3,EUR/kg carcasse,6.04,,COT-VRO-GBEA_communautaire-A24-S44.csv
2024,44,,2024-10-28,2024-11-03,Standard,Autres femelles,R,2,EUR/kg carcasse,5.48,,COT-VRO-GBEA_communautaire-A24-S44.csv
2024,44,,2024-10-28,2024-11-03,Standard,Autres femelles,R,3,EUR/kg carcasse,5.56,,COT-VRO-GBEA_communautaire-A24-S44.csv
2024,44,,2024-10-28,2024-11-03,Standard,Autres femelles,R,4,EUR/kg carcasse,5.41,,COT-VRO-GBEA_communautaire-A24-S44.csv
2024,44,,2024-10-28,2024-11-03,Standard,Autres femelles,O,3,EUR/kg carcasse,4.89,,COT-VRO-GBEA_communautaire-A24-S44.csv
2024,45,,2024-11-04,2024-11-10,Standard,Males non castres de moins de 2 ans,E,2,EUR/kg carcasse,6.06,,COT-VRO-GBEA_communautaire-A24-S45.csv
2024,45,,2024-11-04,2024-11-10,Standard,Males non castres de moins de 2 ans,U,2,EUR/kg carcasse,5.79,,COT-VRO-GBEA_communautaire-A24-S45.csv
2024,45,,2024-11-04,2024-11-10,Standard,Males non castres de moins de 2 ans,U,3,EUR/kg carcasse,5.63,,COT-VRO-GBEA_communautaire-A24-S45.csv
2024,45,,2024-11-04,2024-11-10,Standard,Males non castres de moins de 2 ans,R,2,EUR/kg carcasse,5.54,,COT-VRO-GBEA_communautaire-A24-S45.csv
2024,45,,2024-11-04,2024-11-10,Standard,Males non castres de moins de 2 ans,R,3,EUR/kg carcasse,5.47,,COT-VRO-GBEA_communautaire-A24-S45.csv
2024,45,,2024-11-04,2024-11-10,Standard,Males non castres de moins de 2 ans,O,2,EUR/kg carcasse,4.8,,COT-VRO-GBEA_communautaire-A24-S45.csv
2024,45,,2024-11-04,2024-11-10,Standard,Males non castres de moins de 2 ans,O,3,EUR/kg carcasse,4.79,,COT-VRO-GBEA_communautaire-A24-S45.csv
2024,45,,2024-11-04,2024-11-10,Standard,Males non castres de moins de 2 ans,P,3,EUR/kg carcasse,4.66,,COT-VRO-GBEA_communautaire-A24-S45.csv
2024,45,,2024-11-04,2024-11-10,Standard,Autres males non castres,U,2,EUR/kg carcasse,4.74,,COT-VRO-GBEA_communautaire-A24-S45.csv
2024,45,,2024-11-04,2024-11-10,Standard,Autres males non castres,R,2,EUR/kg carcasse,4.67,,COT-VRO-GBEA_communautaire-A24-S45.csv
2024,45,,2024-11-04,2024-11-10,Standard,Autres males non castres,O,2,EUR/kg carcasse,4.19,,COT-VRO-GBEA_communautaire-A24-S45.csv
2024,45,,2024-11-04,2024-11-10,Standard,Males castres,R,3,EUR/kg carcasse,5.33,,COT-VRO-GBEA_communautaire-A24-S45.csv
2024,45,,2024-11-04,2024-11-10,Standard,Males castres,O,3,EUR/kg carcasse,4.54,,COT-VRO-GBEA_communautaire-A24-S45.csv
2024,45,,2024-11-04,2024-11-10,Standard,Males castres,P,3,EUR/kg carcasse,4.26,,COT-VRO-GBEA_communautaire-A24-S45.csv
2024,45,,2024-11-04,2024-11-10,Standard,Femelles ayant deja vele,U,3,EUR/kg carcasse,6.15,,COT-VRO-GBEA_communautaire-A24-S45.csv
2024,45,,2024-11-04,2024-11-10,Standard,Femelles ayant deja vele,R,2,EUR/kg carcasse,5.47,,COT-VRO-GBEA_communautaire-A24-S45.csv
2024,45,,2024-11-04,2024-11-10,Standard,Femelles ayant deja vele,R,3,EUR/kg carcasse,5.54,,COT-VRO-GBEA_communautaire-A24-S45.csv
2024,45,,2024-11-04,2024-11-10,Standard,Femelles ayant deja vele,R,4,EUR/kg carcasse,5.49,,COT-VRO-GBEA_communautaire-A24-S45.csv
2024,45,,2024-11-04,2024-11-10,Standard,Femelles ayant deja vele,O,2,EUR/kg carcasse,4.84,,COT-VRO-GBEA_communautaire-A24-S45.csv
2024,45,,2024-11-04,2024-11-10,Standard,Femelles ayant deja vele,O,3,EUR/kg carcasse,4.52,,COT-VRO-GBEA_communautaire-A24-S45.csv
2024,45,,2024-11-04,2024-11-10,Standard,Femelles ayant deja vele,O,4,EUR/kg carcasse,4.33,,COT-VRO-GBEA_communautaire-A24-S45.csv
2024,45,,2024-11-04,2024-11-10,Standard,Femelles ayant deja vele,P,2,EUR/kg carcasse,3.94,,COT-VRO-GBEA_communautaire-A24-S45.csv
2024,45,,2024-11-04,2024-11-10,Standard,Femelles ayant deja vele,P,3,EUR/kg carcasse,4.16,,COT-VRO-GBEA_communautaire-A24-S45.csv
2024,45,,2024-11-04,2024-11-10,Standard,Autres femelles,U,3,EUR/kg carcasse,6.03,,COT-VRO-GBEA_communautaire-A24-S45.csv
2024,45,,2024-11-04,2024-11-10,Standard,Autres femelles,R,2,EUR/kg carcasse,5.57,,COT-VRO-GBEA_communautaire-A24-S45.csv
2024,45,,2024-11-04,2024-11-10,Standard,Autres femelles,R,3,EUR/kg carcasse,5.56,,COT-VRO-GBEA_communautaire-A24-S45.csv
2024,45,,2024-11-04,2024-11-10,Standard,Autres femelles,R,4,EUR/kg carcasse,5.43,,COT-VRO-GBEA_communautaire-A24-S45.csv
2024,45,,2024-11-04,2024-11-10,Standard,Autres femelles,O,3,EUR/kg carcasse,5.02,,COT-VRO-GBEA_communautaire-A24-S45.csv
2024,46,,2024-11-11,2024-11-17,Standard,Males non castres de moins de 2 ans,E,2,EUR/kg carcasse,6.06,,COT-VRO-GBEA_communautaire-A24-S46.csv
2024,46,,2024-11-11,2024-11-17,Standard,Males non castres de moins de 2 ans,U,2,EUR/kg carcasse,5.84,,COT-VRO-GBEA_communautaire-A24-S46.csv
2024,46,,2024-11-11,2024-11-17,Standard,Males non castres de moins de 2 ans,U,3,EUR/kg carcasse,5.67,,COT-VRO-GBEA_communautaire-A24-S46.csv
2024,46,,2024-11-11,2024-11-17,Standard,Males non castres de moins de 2 ans,R,2,EUR/kg carcasse,5.61,,COT-VRO-GBEA_communautaire-A24-S46.csv
2024,46,,2024-11-11,2024-11-17,Standard,Males non castres de moins de 2 ans,R,3,EUR/kg carcasse,5.52,,COT-VRO-GBEA_communautaire-A24-S46.csv
2024,46,,2024-11-11,2024-11-17,Standard,Males non castres de moins de 2 ans,O,2,EUR/kg carcasse,4.92,,COT-VRO-GBEA_communautaire-A24-S46.csv
2024,46,,2024-11-11,2024-11-17,Standard,Males non castres de moins de 2 ans,O,3,EUR/kg carcasse,4.81,,COT-VRO-GBEA_communautaire-A24-S46.csv
2024,46,,2024-11-11,2024-11-17,Standard,Males non castres de moins de 2 ans,P,3,EUR/kg carcasse,4.7,,COT-VRO-GBEA_communautaire-A24-S46.csv
2024,46,,2024-11-11,2024-11-17,Standard,Autres males non castres,U,2,EUR/kg carcasse,4.75,,COT-VRO-GBEA_communautaire-A24-S46.csv
2024,46,,2024-11-11,2024-11-17,Standard,Autres males non castres,R,2,EUR/kg carcasse,4.7,,COT-VRO-GBEA_communautaire-A24-S46.csv
2024,46,,2024-11-11,2024-11-17,Standard,Males castres,R,3,EUR/kg carcasse,5.41,,COT-VRO-GBEA_communautaire-A24-S46.csv
2024,46,,2024-11-11,2024-11-17,Standard,Males castres,O,3,EUR/kg carcasse,4.66,,COT-VRO-GBEA_communautaire-A24-S46.csv
2024,46,,2024-11-11,2024-11-17,Standard,Males castres,P,3,EUR/kg carcasse,4.28,,COT-VRO-GBEA_communautaire-A24-S46.csv
2024,46,,2024-11-11,2024-11-17,Standard,Femelles ayant deja vele,U,3,EUR/kg carcasse,6.12,,COT-VRO-GBEA_communautaire-A24-S46.csv
2024,46,,2024-11-11,2024-11-17,Standard,Femelles ayant deja vele,R,2,EUR/kg carcasse,5.51,,COT-VRO-GBEA_communautaire-A24-S46.csv
2024,46,,2024-11-11,2024-11-17,Standard,Femelles ayant deja vele,R,3,EUR/kg carcasse,5.55,,COT-VRO-GBEA_communautaire-A24-S46.csv
2024,46,,2024-11-11,2024-11-17,Standard,Femelles ayant deja vele,R,4,EUR/kg carcasse,5.59,,COT-VRO-GBEA_communautaire-A24-S46.csv
2024,46,,2024-11-11,2024-11-17,Standard,Femelles ayant deja vele,O,2,EUR/kg carcasse,4.95,,COT-VRO-GBEA_communautaire-A24-S46.csv
2024,46,,2024-11-11,2024-11-17,Standard,Femelles ayant deja vele,O,3,EUR/kg carcasse,4.55,,COT-VRO-GBEA_communautaire-A24-S46.csv
2024,46,,2024-11-11,2024-11-17,Standard,Femelles ayant deja vele,O,4,EUR/kg carcasse,4.34,,COT-VRO-GBEA_communautaire-A24-S46.csv
2024,46,,2024-11-11,2024-11-17,Standard,Femelles ayant deja vele,P,2,EUR/kg carcasse,3.95,,COT-VRO-GBEA_communautaire-A24-S46.csv
2024,46,,2024-11-11,2024-11-17,Standard,Femelles ayant deja vele,P,3,EUR/kg carcasse,4.17,,COT-VRO-GBEA_communautaire-A24-S46.csv
2024,46,,2024-11-11,2024-11-17,Standard,Autres femelles,U,3,EUR/kg carcasse,6.05,,COT-VRO-GBEA_communautaire-A24-S46.csv
2024,46,,2024-11-11,2024-11-17,Standard,Autres femelles,R,2,EUR/kg carcasse,5.59,,COT-VRO-GBEA_communautaire-A24-S46.csv
2024,46,,2024-11-11,2024-11-17,Standard,Autres femelles,R,3,EUR/kg carcasse,5.59,,COT-VRO-GBEA_communautaire-A24-S46.csv
2024,46,,2024-11-11,2024-11-17,Standard,Autres femelles,R,4,EUR/kg carcasse,5.4,,COT-VRO-GBEA_communautaire-A24-S46.csv
2024,46,,2024-11-11,2024-11-17,Standard,Autres femelles,O,3,EUR/kg carcasse,4.94,,COT-VRO-GBEA_communautaire-A24-S46.csv
2024,47,,2024-11-18,2024-11-24,Standard,Males non castres de moins de 2 ans,E,2,EUR/kg carcasse,6.05,,COT-VRO-GBEA_communautaire-A24-S47.csv
2024,47,,2024-11-18,2024-11-24,Standard,Males non castres de moins de 2 ans,U,2,EUR/kg carcasse,5.89,,COT-VRO-GBEA_communautaire-A24-S47.csv
2024,47,,2024-11-18,2024-11-24,Standard,Males non castres de moins de 2 ans,U,3,EUR/kg carcasse,5.72,,COT-VRO-GBEA_communautaire-A24-S47.csv
2024,47,,2024-11-18,2024-11-24,Standard,Males non castres de moins de 2 ans,R,2,EUR/kg carcasse,5.65,,COT-VRO-GBEA_communautaire-A24-S47.csv
2024,47,,2024-11-18,2024-11-24,Standard,Males non castres de moins de 2 ans,R,3,EUR/kg carcasse,5.56,,COT-VRO-GBEA_communautaire-A24-S47.csv
2024,47,,2024-11-18,2024-11-24,Standard,Males non castres de moins de 2 ans,O,2,EUR/kg carcasse,4.87,,COT-VRO-GBEA_communautaire-A24-S47.csv
2024,47,,2024-11-18,2024-11-24,Standard,Males non castres de moins de 2 ans,O,3,EUR/kg carcasse,4.84,,COT-VRO-GBEA_communautaire-A24-S47.csv
2024,47,,2024-11-18,2024-11-24,Standard,Males non castres de moins de 2 ans,P,3,EUR/kg carcasse,4.71,,COT-VRO-GBEA_communautaire-A24-S47.csv
2024,47,,2024-11-18,2024-11-24,Standard,Autres males non castres,U,2,EUR/kg carcasse,4.79,,COT-VRO-GBEA_communautaire-A24-S47.csv
2024,47,,2024-11-18,2024-11-24,Standard,Autres males non castres,R,2,EUR/kg carcasse,4.71,,COT-VRO-GBEA_communautaire-A24-S47.csv
2024,47,,2024-11-18,2024-11-24,Standard,Autres males non castres,O,2,EUR/kg carcasse,4.28,,COT-VRO-GBEA_communautaire-A24-S47.csv
2024,47,,2024-11-18,2024-11-24,Standard,Males castres,R,3,EUR/kg carcasse,5.38,,COT-VRO-GBEA_communautaire-A24-S47.csv
2024,47,,2024-11-18,2024-11-24,Standard,Males castres,O,3,EUR/kg carcasse,4.71,,COT-VRO-GBEA_communautaire-A24-S47.csv
2024,47,,2024-11-18,2024-11-24,Standard,Males castres,P,3,EUR/kg carcasse,4.3,,COT-VRO-GBEA_communautaire-A24-S47.csv
2024,47,,2024-11-18,2024-11-24,Standard,Femelles ayant deja vele,U,3,EUR/kg carcasse,6.09,,COT-VRO-GBEA_communautaire-A24-S47.csv
2024,47,,2024-11-18,2024-11-24,Standard,Femelles ayant deja vele,R,2,EUR/kg carcasse,5.5,,COT-VRO-GBEA_communautaire-A24-S47.csv
2024,47,,2024-11-18,2024-11-24,Standard,Femelles ayant deja vele,R,3,EUR/kg carcasse,5.54,,COT-VRO-GBEA_communautaire-A24-S47.csv
2024,47,,2024-11-18,2024-11-24,Standard,Femelles ayant deja vele,R,4,EUR/kg carcasse,5.48,,COT-VRO-GBEA_communautaire-A24-S47.csv
2024,47,,2024-11-18,2024-11-24,Standard,Femelles ayant deja vele,O,2,EUR/kg carcasse,4.89,,COT-VRO-GBEA_communautaire-A24-S47.csv
2024,47,,2024-11-18,2024-11-24,Standard,Femelles ayant deja vele,O,3,EUR/kg carcasse,4.55,,COT-VRO-GBEA_communautaire-A24-S47.csv
2024,47,,2024-11-18,2024-11-24,Standard,Femelles ayant deja vele,O,4,EUR/kg carcasse,4.37,,COT-VRO-GBEA_communautaire-A24-S47.csv
2024,47,,2024-11-18,2024-11-24,Standard,Femelles ayant deja vele,P,2,EUR/kg carcasse,3.98,,COT-VRO-GBEA_communautaire-A24-S47.csv
2024,47,,2024-11-18,2024-11-24,Standard,Femelles ayant deja vele,P,3,EUR/kg carcasse,4.2,,COT-VRO-GBEA_communautaire-A24-S47.csv
2024,47,,2024-11-18,2024-11-24,Standard,Autres femelles,U,3,EUR/kg carcasse,6.02,,COT-VRO-GBEA_communautaire-A24-S47.csv
2024,47,,2024-11-18,2024-11-24,Standard,Autres femelles,R,2,EUR/kg carcasse,5.56,,COT-VRO-GBEA_communautaire-A24-S47.csv
2024,47,,2024-11-18,2024-11-24,Standard,Autres femelles,R,3,EUR/kg carcasse,5.58,,COT-VRO-GBEA_communautaire-A24-S47.csv
2024,47,,2024-11-18,2024-11-24,Standard,Autres femelles,R,4,EUR/kg carcasse,5.44,,COT-VRO-GBEA_communautaire-A24-S47.csv
2024,47,,2024-11-18,2024-11-24,Standard,Autres femelles,O,3,EUR/kg carcasse,4.96,,COT-VRO-GBEA_communautaire-A24-S47.csv
2024,48,,2024-11-25,2024-12-01,Standard,Males non castres de moins de 2 ans,E,2,EUR/kg carcasse,6.12,,COT-VRO-GBEA_communautaire-A24-S48.csv
2024,48,,2024-11-25,2024-12-01,Standard,Males non castres de moins de 2 ans,U,2,EUR/kg carcasse,5.93,,COT-VRO-GBEA_communautaire-A24-S48.csv
2024,48,,2024-11-25,2024-12-01,Standard,Males non castres de moins de 2 ans,U,3,EUR/kg carcasse,5.78,,COT-VRO-GBEA_communautaire-A24-S48.csv
2024,48,,2024-11-25,2024-12-01,Standard,Males non castres de moins de 2 ans,R,2,EUR/kg carcasse,5.68,,COT-VRO-GBEA_communautaire-A24-S48.csv
2024,48,,2024-11-25,2024-12-01,Standard,Males non castres de moins de 2 ans,R,3,EUR/kg carcasse,5.61,,COT-VRO-GBEA_communautaire-A24-S48.csv
2024,48,,2024-11-25,2024-12-01,Standard,Males non castres de moins de 2 ans,O,2,EUR/kg carcasse,4.91,,COT-VRO-GBEA_communautaire-A24-S48.csv
2024,48,,2024-11-25,2024-12-01,Standard,Males non castres de moins de 2 ans,O,3,EUR/kg carcasse,4.89,,COT-VRO-GBEA_communautaire-A24-S48.csv
2024,48,,2024-11-25,2024-12-01,Standard,Males non castres de moins de 2 ans,P,3,EUR/kg carcasse,4.75,,COT-VRO-GBEA_communautaire-A24-S48.csv
2024,48,,2024-11-25,2024-12-01,Standard,Autres males non castres,U,2,EUR/kg carcasse,4.84,,COT-VRO-GBEA_communautaire-A24-S48.csv
2024,48,,2024-11-25,2024-12-01,Standard,Autres males non castres,R,2,EUR/kg carcasse,4.74,,COT-VRO-GBEA_communautaire-A24-S48.csv
2024,48,,2024-11-25,2024-12-01,Standard,Autres males non castres,O,2,EUR/kg carcasse,4.22,,COT-VRO-GBEA_communautaire-A24-S48.csv
2024,48,,2024-11-25,2024-12-01,Standard,Males castres,R,3,EUR/kg carcasse,5.4,,COT-VRO-GBEA_communautaire-A24-S48.csv
2024,48,,2024-11-25,2024-12-01,Standard,Males castres,O,3,EUR/kg carcasse,4.72,,COT-VRO-GBEA_communautaire-A24-S48.csv
2024,48,,2024-11-25,2024-12-01,Standard,Males castres,P,3,EUR/kg carcasse,4.31,,COT-VRO-GBEA_communautaire-A24-S48.csv
2024,48,,2024-11-25,2024-12-01,Standard,Femelles ayant deja vele,U,3,EUR/kg carcasse,6.14,,COT-VRO-GBEA_communautaire-A24-S48.csv
2024,48,,2024-11-25,2024-12-01,Standard,Femelles ayant deja vele,R,2,EUR/kg carcasse,5.49,,COT-VRO-GBEA_communautaire-A24-S48.csv
2024,48,,2024-11-25,2024-12-01,Standard,Femelles ayant deja vele,R,3,EUR/kg carcasse,5.55,,COT-VRO-GBEA_communautaire-A24-S48.csv
2024,48,,2024-11-25,2024-12-01,Standard,Femelles ayant deja vele,R,4,EUR/kg carcasse,5.47,,COT-VRO-GBEA_communautaire-A24-S48.csv
2024,48,,2024-11-25,2024-12-01,Standard,Femelles ayant deja vele,O,2,EUR/kg carcasse,4.91,,COT-VRO-GBEA_communautaire-A24-S48.csv
2024,48,,2024-11-25,2024-12-01,Standard,Femelles ayant deja vele,O,3,EUR/kg carcasse,4.56,,COT-VRO-GBEA_communautaire-A24-S48.csv
2024,48,,2024-11-25,2024-12-01,Standard,Femelles ayant deja vele,O,4,EUR/kg carcasse,4.39,,COT-VRO-GBEA_communautaire-A24-S48.csv
2024,48,,2024-11-25,2024-12-01,Standard,Femelles ayant deja vele,P,2,EUR/kg carcasse,3.99,,COT-VRO-GBEA_communautaire-A24-S48.csv
2024,48,,2024-11-25,2024-12-01,Standard,Femelles ayant deja vele,P,3,EUR/kg carcasse,4.21,,COT-VRO-GBEA_communautaire-A24-S48.csv
2024,48,,2024-11-25,2024-12-01,Standard,Autres femelles,U,3,EUR/kg carcasse,6.06,,COT-VRO-GBEA_communautaire-A24-S48.csv
2024,48,,2024-11-25,2024-12-01,Standard,Autres femelles,R,2,EUR/kg carcasse,5.51,,COT-VRO-GBEA_communautaire-A24-S48.csv
2024,48,,2024-11-25,2024-12-01,Standard,Autres femelles,R,3,EUR/kg carcasse,5.59,,COT-VRO-GBEA_communautaire-A24-S48.csv
2024,48,,2024-11-25,2024-12-01,Standard,Autres femelles,R,4,EUR/kg carcasse,5.44,,COT-VRO-GBEA_communautaire-A24-S48.csv
2024,48,,2024-11-25,2024-12-01,Standard,Autres femelles,O,2,EUR/kg carcasse,4.79,,COT-VRO-GBEA_communautaire-A24-S48.csv
2024,48,,2024-11-25,2024-12-01,Standard,Autres femelles,O,3,EUR/kg carcasse,4.99,,COT-VRO-GBEA_communautaire-A24-S48.csv
2024,49,,2024-12-02,2024-12-08,Standard,Males non castres de moins de 2 ans,E,2,EUR/kg carcasse,6.17,,COT-VRO-GBEA_communautaire-A24-S49.csv
2024,49,,2024-12-02,2024-12-08,Standard,Males non castres de moins de 2 ans,U,2,EUR/kg carcasse,5.96,,COT-VRO-GBEA_communautaire-A24-S49.csv
2024,49,,2024-12-02,2024-12-08,Standard,Males non castres de moins de 2 ans,U,3,EUR/kg carcasse,5.81,,COT-VRO-GBEA_communautaire-A24-S49.csv
2024,49,,2024-12-02,2024-12-08,Standard,Males non castres de moins de 2 ans,R,2,EUR/kg carcasse,5.68,,COT-VRO-GBEA_communautaire-A24-S49.csv
2024,49,,2024-12-02,2024-12-08,Standard,Males non castres de moins de 2 ans,R,3,EUR/kg carcasse,5.61,,COT-VRO-GBEA_communautaire-A24-S49.csv
2024,49,,2024-12-02,2024-12-08,Standard,Males non castres de moins de 2 ans,O,2,EUR/kg carcasse,4.9,,COT-VRO-GBEA_communautaire-A24-S49.csv
2024,49,,2024-12-02,2024-12-08,Standard,Males non castres de moins de 2 ans,O,3,EUR/kg carcasse,4.86,,COT-VRO-GBEA_communautaire-A24-S49.csv
2024,49,,2024-12-02,2024-12-08,Standard,Males non castres de moins de 2 ans,P,3,EUR/kg carcasse,4.74,,COT-VRO-GBEA_communautaire-A24-S49.csv
2024,49,,2024-12-02,2024-12-08,Standard,Autres males non castres,U,2,EUR/kg carcasse,4.82,,COT-VRO-GBEA_communautaire-A24-S49.csv
2024,49,,2024-12-02,2024-12-08,Standard,Autres males non castres,R,2,EUR/kg carcasse,4.76,,COT-VRO-GBEA_communautaire-A24-S49.csv
2024,49,,2024-12-02,2024-12-08,Standard,Autres males non castres,O,2,EUR/kg carcasse,4.28,,COT-VRO-GBEA_communautaire-A24-S49.csv
2024,49,,2024-12-02,2024-12-08,Standard,Males castres,R,3,EUR/kg carcasse,5.4,,COT-VRO-GBEA_communautaire-A24-S49.csv
2024,49,,2024-12-02,2024-12-08,Standard,Males castres,O,3,EUR/kg carcasse,4.63,,COT-VRO-GBEA_communautaire-A24-S49.csv
2024,49,,2024-12-02,2024-12-08,Standard,Males castres,P,3,EUR/kg carcasse,4.31,,COT-VRO-GBEA_communautaire-A24-S49.csv
2024,49,,2024-12-02,2024-12-08,Standard,Femelles ayant deja vele,E,3,EUR/kg carcasse,7.99,,COT-VRO-GBEA_communautaire-A24-S49.csv
2024,49,,2024-12-02,2024-12-08,Standard,Femelles ayant deja vele,U,2,EUR/kg carcasse,6.01,,COT-VRO-GBEA_communautaire-A24-S49.csv
2024,49,,2024-12-02,2024-12-08,Standard,Femelles ayant deja vele,U,3,EUR/kg carcasse,6.25,,COT-VRO-GBEA_communautaire-A24-S49.csv
2024,49,,2024-12-02,2024-12-08,Standard,Femelles ayant deja vele,R,2,EUR/kg carcasse,5.55,,COT-VRO-GBEA_communautaire-A24-S49.csv
2024,49,,2024-12-02,2024-12-08,Standard,Femelles ayant deja vele,R,3,EUR/kg carcasse,5.56,,COT-VRO-GBEA_communautaire-A24-S49.csv
2024,49,,2024-12-02,2024-12-08,Standard,Femelles ayant deja vele,R,4,EUR/kg carcasse,5.49,,COT-VRO-GBEA_communautaire-A24-S49.csv
2024,49,,2024-12-02,2024-12-08,Standard,Femelles ayant deja vele,O,2,EUR/kg carcasse,4.9,,COT-VRO-GBEA_communautaire-A24-S49.csv
2024,49,,2024-12-02,2024-12-08,Standard,Femelles ayant deja vele,O,3,EUR/kg carcasse,4.58,,COT-VRO-GBEA_communautaire-A24-S49.csv
2024,49,,2024-12-02,2024-12-08,Standard,Femelles ayant deja vele,O,4,EUR/kg carcasse,4.39,,COT-VRO-GBEA_communautaire-A24-S49.csv
2024,49,,2024-12-02,2024-12-08,Standard,Femelles ayant deja vele,P,2,EUR/kg carcasse,4,,COT-VRO-GBEA_communautaire-A24-S49.csv
2024,49,,2024-12-02,2024-12-08,Standard,Femelles ayant deja vele,P,3,EUR/kg carcasse,4.22,,COT-VRO-GBEA_communautaire-A24-S49.csv
2024,49,,2024-12-02,2024-12-08,Standard,Autres femelles,E,3,EUR/kg carcasse,7.91,,COT-VRO-GBEA_communautaire-A24-S49.csv
2024,49,,2024-12-02,2024-12-08,Standard,Autres femelles,U,2,EUR/kg carcasse,6.02,,COT-VRO-GBEA_communautaire-A24-S49.csv
2024,49,,2024-12-02,2024-12-08,Standard,Autres femelles,U,3,EUR/kg carcasse,6.13,,COT-VRO-GBEA_communautaire-A24-S49.csv
2024,49,,2024-12-02,2024-12-08,Standard,Autres femelles,R,2,EUR/kg carcasse,5.53,,COT-VRO-GBEA_communautaire-A24-S49.csv
2024,49,,2024-12-02,2024-12-08,Standard,Autres femelles,R,3,EUR/kg carcasse,5.59,,COT-VRO-GBEA_communautaire-A24-S49.csv
2024,49,,2024-12-02,2024-12-08,Standard,Autres femelles,R,4,EUR/kg carcasse,5.4,,COT-VRO-GBEA_communautaire-A24-S49.csv
2024,49,,2024-12-02,2024-12-08,Standard,Autres femelles,O,3,EUR/kg carcasse,5,,COT-VRO-GBEA_communautaire-A24-S49.csv
2024,50,,2024-12-09,2024-12-15,Standard,Males non castres de moins de 2 ans,E,2,EUR/kg carcasse,6.17,,COT-VRO-GBEA_communautaire-A24-S50.csv
2024,50,,2024-12-09,2024-12-15,Standard,Males non castres de moins de 2 ans,U,2,EUR/kg carcasse,5.98,,COT-VRO-GBEA_communautaire-A24-S50.csv
2024,50,,2024-12-09,2024-12-15,Standard,Males non castres de moins de 2 ans,U,3,EUR/kg carcasse,5.82,,COT-VRO-GBEA_communautaire-A24-S50.csv
2024,50,,2024-12-09,2024-12-15,Standard,Males non castres de moins de 2 ans,R,2,EUR/kg carcasse,5.7,,COT-VRO-GBEA_communautaire-A24-S50.csv
2024,50,,2024-12-09,2024-12-15,Standard,Males non castres de moins de 2 ans,R,3,EUR/kg carcasse,5.65,,COT-VRO-GBEA_communautaire-A24-S50.csv
2024,50,,2024-12-09,2024-12-15,Standard,Males non castres de moins de 2 ans,O,2,EUR/kg carcasse,4.91,,COT-VRO-GBEA_communautaire-A24-S50.csv
2024,50,,2024-12-09,2024-12-15,Standard,Males non castres de moins de 2 ans,O,3,EUR/kg carcasse,4.88,,COT-VRO-GBEA_communautaire-A24-S50.csv
2024,50,,2024-12-09,2024-12-15,Standard,Males non castres de moins de 2 ans,P,3,EUR/kg carcasse,4.75,,COT-VRO-GBEA_communautaire-A24-S50.csv
2024,50,,2024-12-09,2024-12-15,Standard,Autres males non castres,U,2,EUR/kg carcasse,4.82,,COT-VRO-GBEA_communautaire-A24-S50.csv
2024,50,,2024-12-09,2024-12-15,Standard,Autres males non castres,R,2,EUR/kg carcasse,4.72,,COT-VRO-GBEA_communautaire-A24-S50.csv
2024,50,,2024-12-09,2024-12-15,Standard,Males castres,R,3,EUR/kg carcasse,5.45,,COT-VRO-GBEA_communautaire-A24-S50.csv
2024,50,,2024-12-09,2024-12-15,Standard,Males castres,O,3,EUR/kg carcasse,4.71,,COT-VRO-GBEA_communautaire-A24-S50.csv
2024,50,,2024-12-09,2024-12-15,Standard,Males castres,P,3,EUR/kg carcasse,4.34,,COT-VRO-GBEA_communautaire-A24-S50.csv
2024,50,,2024-12-09,2024-12-15,Standard,Femelles ayant deja vele,E,3,EUR/kg carcasse,7.98,,COT-VRO-GBEA_communautaire-A24-S50.csv
2024,50,,2024-12-09,2024-12-15,Standard,Femelles ayant deja vele,U,2,EUR/kg carcasse,6.01,,COT-VRO-GBEA_communautaire-A24-S50.csv
2024,50,,2024-12-09,2024-12-15,Standard,Femelles ayant deja vele,U,3,EUR/kg carcasse,6.42,,COT-VRO-GBEA_communautaire-A24-S50.csv
2024,50,,2024-12-09,2024-12-15,Standard,Femelles ayant deja vele,R,2,EUR/kg carcasse,5.52,,COT-VRO-GBEA_communautaire-A24-S50.csv
2024,50,,2024-12-09,2024-12-15,Standard,Femelles ayant deja vele,R,3,EUR/kg carcasse,5.56,,COT-VRO-GBEA_communautaire-A24-S50.csv
2024,50,,2024-12-09,2024-12-15,Standard,Femelles ayant deja vele,R,4,EUR/kg carcasse,5.52,,COT-VRO-GBEA_communautaire-A24-S50.csv
2024,50,,2024-12-09,2024-12-15,Standard,Femelles ayant deja vele,O,2,EUR/kg carcasse,4.96,,COT-VRO-GBEA_communautaire-A24-S50.csv
2024,50,,2024-12-09,2024-12-15,Standard,Femelles ayant deja vele,O,3,EUR/kg carcasse,4.57,,COT-VRO-GBEA_communautaire-A24-S50.csv
2024,50,,2024-12-09,2024-12-15,Standard,Femelles ayant deja vele,O,4,EUR/kg carcasse,4.36,,COT-VRO-GBEA_communautaire-A24-S50.csv
2024,50,,2024-12-09,2024-12-15,Standard,Femelles ayant deja vele,P,2,EUR/kg carcasse,4,,COT-VRO-GBEA_communautaire-A24-S50.csv
2024,50,,2024-12-09,2024-12-15,Standard,Femelles ayant deja vele,P,3,EUR/kg carcasse,4.22,,COT-VRO-GBEA_communautaire-A24-S50.csv
2024,50,,2024-12-09,2024-12-15,Standard,Autres femelles,E,3,EUR/kg carcasse,8.13,,COT-VRO-GBEA_communautaire-A24-S50.csv
2024,50,,2024-12-09,2024-12-15,Standard,Autres femelles,U,2,EUR/kg carcasse,6.06,,COT-VRO-GBEA_communautaire-A24-S50.csv
2024,50,,2024-12-09,2024-12-15,Standard,Autres femelles,U,3,EUR/kg carcasse,6.36,,COT-VRO-GBEA_communautaire-A24-S50.csv
2024,50,,2024-12-09,2024-12-15,Standard,Autres femelles,R,2,EUR/kg carcasse,5.56,,COT-VRO-GBEA_communautaire-A24-S50.csv
2024,50,,2024-12-09,2024-12-15,Standard,Autres femelles,R,3,EUR/kg carcasse,5.59,,COT-VRO-GBEA_communautaire-A24-S50.csv
2024,50,,2024-12-09,2024-12-15,Standard,Autres femelles,R,4,EUR/kg carcasse,5.47,,COT-VRO-GBEA_communautaire-A24-S50.csv
2024,50,,2024-12-09,2024-12-15,Standard,Autres femelles,O,3,EUR/kg carcasse,4.99,,COT-VRO-GBEA_communautaire-A24-S50.csv
2024,51,,2024-12-16,2024-12-22,Standard,Males non castres de moins de 2 ans,E,2,EUR/kg carcasse,6.22,,COT-VRO-GBEA_communautaire-A24-S51.csv
2024,51,,2024-12-16,2024-12-22,Standard,Males non castres de moins de 2 ans,U,2,EUR/kg carcasse,5.98,,COT-VRO-GBEA_communautaire-A24-S51.csv
2024,51,,2024-12-16,2024-12-22,Standard,Males non castres de moins de 2 ans,U,3,EUR/kg carcasse,5.83,,COT-VRO-GBEA_communautaire-A24-S51.csv
2024,51,,2024-12-16,2024-12-22,Standard,Males non castres de moins de 2 ans,R,2,EUR/kg carcasse,5.7,,COT-VRO-GBEA_communautaire-A24-S51.csv
2024,51,,2024-12-16,2024-12-22,Standard,Males non castres de moins de 2 ans,R,3,EUR/kg carcasse,5.63,,COT-VRO-GBEA_communautaire-A24-S51.csv
2024,51,,2024-12-16,2024-12-22,Standard,Males non castres de moins de 2 ans,O,2,EUR/kg carcasse,4.85,,COT-VRO-GBEA_communautaire-A24-S51.csv
2024,51,,2024-12-16,2024-12-22,Standard,Males non castres de moins de 2 ans,O,3,EUR/kg carcasse,4.88,,COT-VRO-GBEA_communautaire-A24-S51.csv
2024,51,,2024-12-16,2024-12-22,Standard,Males non castres de moins de 2 ans,P,3,EUR/kg carcasse,4.73,,COT-VRO-GBEA_communautaire-A24-S51.csv
2024,51,,2024-12-16,2024-12-22,Standard,Autres males non castres,U,2,EUR/kg carcasse,4.81,,COT-VRO-GBEA_communautaire-A24-S51.csv
2024,51,,2024-12-16,2024-12-22,Standard,Autres males non castres,R,2,EUR/kg carcasse,4.73,,COT-VRO-GBEA_communautaire-A24-S51.csv
2024,51,,2024-12-16,2024-12-22,Standard,Autres males non castres,O,2,EUR/kg carcasse,4.23,,COT-VRO-GBEA_communautaire-A24-S51.csv
2024,51,,2024-12-16,2024-12-22,Standard,Males castres,R,3,EUR/kg carcasse,5.36,,COT-VRO-GBEA_communautaire-A24-S51.csv
2024,51,,2024-12-16,2024-12-22,Standard,Males castres,O,3,EUR/kg carcasse,4.63,,COT-VRO-GBEA_communautaire-A24-S51.csv
2024,51,,2024-12-16,2024-12-22,Standard,Males castres,P,3,EUR/kg carcasse,4.34,,COT-VRO-GBEA_communautaire-A24-S51.csv
2024,51,,2024-12-16,2024-12-22,Standard,Femelles ayant deja vele,U,3,EUR/kg carcasse,6.15,,COT-VRO-GBEA_communautaire-A24-S51.csv
2024,51,,2024-12-16,2024-12-22,Standard,Femelles ayant deja vele,R,2,EUR/kg carcasse,5.5,,COT-VRO-GBEA_communautaire-A24-S51.csv
2024,51,,2024-12-16,2024-12-22,Standard,Femelles ayant deja vele,R,3,EUR/kg carcasse,5.55,,COT-VRO-GBEA_communautaire-A24-S51.csv
2024,51,,2024-12-16,2024-12-22,Standard,Femelles ayant deja vele,R,4,EUR/kg carcasse,5.49,,COT-VRO-GBEA_communautaire-A24-S51.csv
2024,51,,2024-12-16,2024-12-22,Standard,Femelles ayant deja vele,O,2,EUR/kg carcasse,4.87,,COT-VRO-GBEA_communautaire-A24-S51.csv
2024,51,,2024-12-16,2024-12-22,Standard,Femelles ayant deja vele,O,3,EUR/kg carcasse,4.57,,COT-VRO-GBEA_communautaire-A24-S51.csv
2024,51,,2024-12-16,2024-12-22,Standard,Femelles ayant deja vele,O,4,EUR/kg carcasse,4.41,,COT-VRO-GBEA_communautaire-A24-S51.csv
2024,51,,2024-12-16,2024-12-22,Standard,Femelles ayant deja vele,P,2,EUR/kg carcasse,4.01,,COT-VRO-GBEA_communautaire-A24-S51.csv
2024,51,,2024-12-16,2024-12-22,Standard,Femelles ayant deja vele,P,3,EUR/kg carcasse,4.23,,COT-VRO-GBEA_communautaire-A24-S51.csv
2024,51,,2024-12-16,2024-12-22,Standard,Autres femelles,U,3,EUR/kg carcasse,6.12,,COT-VRO-GBEA_communautaire-A24-S51.csv
2024,51,,2024-12-16,2024-12-22,Standard,Autres femelles,R,2,EUR/kg carcasse,5.58,,COT-VRO-GBEA_communautaire-A24-S51.csv
2024,51,,2024-12-16,2024-12-22,Standard,Autres femelles,R,3,EUR/kg carcasse,5.6,,COT-VRO-GBEA_communautaire-A24-S51.csv
2024,51,,2024-12-16,2024-12-22,Standard,Autres femelles,R,4,EUR/kg carcasse,5.45,,COT-VRO-GBEA_communautaire-A24-S51.csv
2024,51,,2024-12-16,2024-12-22,Standard,Autres femelles,O,3,EUR/kg carcasse,4.97,,COT-VRO-GBEA_communautaire-A24-S51.csv
2024,52,,2024-12-23,2024-12-29,Standard,Males non castres de moins de 2 ans,U,2,EUR/kg carcasse,5.98,,COT-VRO-GBEA_communautaire-A24-S52.csv
2024,52,,2024-12-23,2024-12-29,Standard,Males non castres de moins de 2 ans,U,3,EUR/kg carcasse,5.83,,COT-VRO-GBEA_communautaire-A24-S52.csv
2024,52,,2024-12-23,2024-12-29,Standard,Males non castres de moins de 2 ans,R,2,EUR/kg carcasse,5.74,,COT-VRO-GBEA_communautaire-A24-S52.csv
2024,52,,2024-12-23,2024-12-29,Standard,Males non castres de moins de 2 ans,R,3,EUR/kg carcasse,5.66,,COT-VRO-GBEA_communautaire-A24-S52.csv
2024,52,,2024-12-23,2024-12-29,Standard,Males non castres de moins de 2 ans,O,2,EUR/kg carcasse,4.95,,COT-VRO-GBEA_communautaire-A24-S52.csv
2024,52,,2024-12-23,2024-12-29,Standard,Males non castres de moins de 2 ans,O,3,EUR/kg carcasse,4.89,,COT-VRO-GBEA_communautaire-A24-S52.csv
2024,52,,2024-12-23,2024-12-29,Standard,Males non castres de moins de 2 ans,P,3,EUR/kg carcasse,4.77,,COT-VRO-GBEA_communautaire-A24-S52.csv
2024,52,,2024-12-23,2024-12-29,Standard,Autres males non castres,U,2,EUR/kg carcasse,4.86,,COT-VRO-GBEA_communautaire-A24-S52.csv
2024,52,,2024-12-23,2024-12-29,Standard,Autres males non castres,R,2,EUR/kg carcasse,4.73,,COT-VRO-GBEA_communautaire-A24-S52.csv
2024,52,,2024-12-23,2024-12-29,Standard,Males castres,O,3,EUR/kg carcasse,4.71,,COT-VRO-GBEA_communautaire-A24-S52.csv
2024,52,,2024-12-23,2024-12-29,Standard,Males castres,P,3,EUR/kg carcasse,4.35,,COT-VRO-GBEA_communautaire-A24-S52.csv
2024,52,,2024-12-23,2024-12-29,Standard,Femelles ayant deja vele,U,3,EUR/kg carcasse,6.04,,COT-VRO-GBEA_communautaire-A24-S52.csv
2024,52,,2024-12-23,2024-12-29,Standard,Femelles ayant deja vele,R,2,EUR/kg carcasse,5.52,,COT-VRO-GBEA_communautaire-A24-S52.csv
2024,52,,2024-12-23,2024-12-29,Standard,Femelles ayant deja vele,R,3,EUR/kg carcasse,5.55,,COT-VRO-GBEA_communautaire-A24-S52.csv
2024,52,,2024-12-23,2024-12-29,Standard,Femelles ayant deja vele,R,4,EUR/kg carcasse,5.53,,COT-VRO-GBEA_communautaire-A24-S52.csv
2024,52,,2024-12-23,2024-12-29,Standard,Femelles ayant deja vele,O,2,EUR/kg carcasse,4.91,,COT-VRO-GBEA_communautaire-A24-S52.csv
2024,52,,2024-12-23,2024-12-29,Standard,Femelles ayant deja vele,O,3,EUR/kg carcasse,4.58,,COT-VRO-GBEA_communautaire-A24-S52.csv
2024,52,,2024-12-23,2024-12-29,Standard,Femelles ayant deja vele,O,4,EUR/kg carcasse,4.22,,COT-VRO-GBEA_communautaire-A24-S52.csv
2024,52,,2024-12-23,2024-12-29,Standard,Femelles ayant deja vele,P,2,EUR/kg carcasse,4.02,,COT-VRO-GBEA_communautaire-A24-S52.csv
2024,52,,2024-12-23,2024-12-29,Standard,Femelles ayant deja vele,P,3,EUR/kg carcasse,4.24,,COT-VRO-GBEA_communautaire-A24-S52.csv
2024,52,,2024-12-23,2024-12-29,Standard,Autres femelles,U,3,EUR/kg carcasse,6.06,,COT-VRO-GBEA_communautaire-A24-S52.csv
2024,52,,2024-12-23,2024-12-29,Standard,Autres femelles,R,2,EUR/kg carcasse,5.45,,COT-VRO-GBEA_communautaire-A24-S52.csv
2024,52,,2024-12-23,2024-12-29,Standard,Autres femelles,R,3,EUR/kg carcasse,5.61,,COT-VRO-GBEA_communautaire-A24-S52.csv
2024,52,,2024-12-23,2024-12-29,Standard,Autres femelles,R,4,EUR/kg carcasse,5.45,,COT-VRO-GBEA_communautaire-A24-S52.csv
2024,52,,2024-12-23,2024-12-29,Standard,Autres femelles,O,3,EUR/kg carcasse,5.01,,COT-VRO-GBEA_communautaire-A24-S52.csv
2025,1,,2024-12-30,2025-01-05,Standard,Males non castres de moins de 2 ans,U,2,EUR/kg carcasse,6.02,,COT-VRO-GBEA_communautaire-A25-S01.csv
2025,1,,2024-12-30,2025-01-05,Standard,Males non castres de moins de 2 ans,U,3,EUR/kg carcasse,5.85,,COT-VRO-GBEA_communautaire-A25-S01.csv
2025,1,,2024-12-30,2025-01-05,Standard,Males non castres de moins de 2 ans,R,2,EUR/kg carcasse,5.78,,COT-VRO-GBEA_communautaire-A25-S01.csv
2025,1,,2024-12-30,2025-01-05,Standard,Males non castres de moins de 2 ans,R,3,EUR/kg carcasse,5.7,,COT-VRO-GBEA_communautaire-A25-S01.csv
2025,1,,2024-12-30,2025-01-05,Standard,Males non castres de moins de 2 ans,O,2,EUR/kg carcasse,4.96,,COT-VRO-GBEA_communautaire-A25-S01.csv
2025,1,,2024-12-30,2025-01-05,Standard,Males non castres de moins de 2 ans,O,3,EUR/kg carcasse,4.91,,COT-VRO-GBEA_communautaire-A25-S01.csv
2025,1,,2024-12-30,2025-01-05,Standard,Males non castres de moins de 2 ans,P,3,EUR/kg carcasse,4.78,,COT-VRO-GBEA_communautaire-A25-S01.csv
2025,1,,2024-12-30,2025-01-05,Standard,Autres males non castres,U,2,EUR/kg carcasse,4.85,,COT-VRO-GBEA_communautaire-A25-S01.csv
2025,1,,2024-12-30,2025-01-05,Standard,Males castres,O,3,EUR/kg carcasse,4.75,,COT-VRO-GBEA_communautaire-A25-S01.csv
2025,1,,2024-12-30,2025-01-05,Standard,Males castres,P,3,EUR/kg carcasse,4.36,,COT-VRO-GBEA_communautaire-A25-S01.csv
2025,1,,2024-12-30,2025-01-05,Standard,Femelles ayant deja vele,U,3,EUR/kg carcasse,6.02,,COT-VRO-GBEA_communautaire-A25-S01.csv
2025,1,,2024-12-30,2025-01-05,Standard,Femelles ayant deja vele,R,2,EUR/kg carcasse,5.56,,COT-VRO-GBEA_communautaire-A25-S01.csv
2025,1,,2024-12-30,2025-01-05,Standard,Femelles ayant deja vele,R,3,EUR/kg carcasse,5.57,,COT-VRO-GBEA_communautaire-A25-S01.csv
2025,1,,2024-12-30,2025-01-05,Standard,Femelles ayant deja vele,R,4,EUR/kg carcasse,5.52,,COT-VRO-GBEA_communautaire-A25-S01.csv
2025,1,,2024-12-30,2025-01-05,Standard,Femelles ayant deja vele,O,2,EUR/kg carcasse,4.99,,COT-VRO-GBEA_communautaire-A25-S01.csv
2025,1,,2024-12-30,2025-01-05,Standard,Femelles ayant deja vele,O,3,EUR/kg carcasse,4.61,,COT-VRO-GBEA_communautaire-A25-S01.csv
2025,1,,2024-12-30,2025-01-05,Standard,Femelles ayant deja vele,O,4,EUR/kg carcasse,4.23,,COT-VRO-GBEA_communautaire-A25-S01.csv
2025,1,,2024-12-30,2025-01-05,Standard,Femelles ayant deja vele,P,2,EUR/kg carcasse,4.04,,COT-VRO-GBEA_communautaire-A25-S01.csv
2025,1,,2024-12-30,2025-01-05,Standard,Femelles ayant deja vele,P,3,EUR/kg carcasse,4.26,,COT-VRO-GBEA_communautaire-A25-S01.csv
2025,1,,2024-12-30,2025-01-05,Standard,Autres femelles,U,3,EUR/kg carcasse,6.06,,COT-VRO-GBEA_communautaire-A25-S01.csv
2025,1,,2024-12-30,2025-01-05,Standard,Autres femelles,R,2,EUR/kg carcasse,5.55,,COT-VRO-GBEA_communautaire-A25-S01.csv
2025,1,,2024-12-30,2025-01-05,Standard,Autres femelles,R,3,EUR/kg carcasse,5.63,,COT-VRO-GBEA_communautaire-A25-S01.csv
2025,1,,2024-12-30,2025-01-05,Standard,Autres femelles,R,4,EUR/kg carcasse,5.49,,COT-VRO-GBEA_communautaire-A25-S01.csv
2025,1,,2024-12-30,2025-01-05,Standard,Autres femelles,O,3,EUR/kg carcasse,5.03,,COT-VRO-GBEA_communautaire-A25-S01.csv
2025,,1,2025-01-01,2025-01-31,Bio,Males castres,R,3,EUR/kg carcasse,5.8,,COT-VRO-GBBI_prix_UE-A25-M01.csv
2025,,1,2025-01-01,2025-01-31,Bio,Males castres,O,3,EUR/kg carcasse,5.25,,COT-VRO-GBBI_prix_UE-A25-M01.csv
2025,,1,2025-01-01,2025-01-31,Bio,Femelles ayant deja vele,R,2,EUR/kg carcasse,5.69,,COT-VRO-GBBI_prix_UE-A25-M01.csv
2025,,1,2025-01-01,2025-01-31,Bio,Femelles ayant deja vele,R,3,EUR/kg carcasse,5.72,,COT-VRO-GBBI_prix_UE-A25-M01.csv
2025,,1,2025-01-01,2025-01-31,Bio,Femelles ayant deja vele,O,2,EUR/kg carcasse,5.15,,COT-VRO-GBBI_prix_UE-A25-M01.csv
2025,,1,2025-01-01,2025-01-31,Bio,Femelles ayant deja vele,O,3,EUR/kg carcasse,5.12,,COT-VRO-GBBI_prix_UE-A25-M01.csv
2025,,1,2025-01-01,2025-01-31,Bio,Femelles ayant deja vele,P,3,EUR/kg carcasse,4.84,,COT-VRO-GBBI_prix_UE-A25-M01.csv
2025,,1,2025-01-01,2025-01-31,Bio,Autres femelles,R,3,EUR/kg carcasse,5.83,,COT-VRO-GBBI_prix_UE-A25-M01.csv
2025,2,,2025-01-06,2025-01-12,Standard,Males non castres de moins de 2 ans,U,2,EUR/kg carcasse,6.08,,COT-VRO-GBEA_communautaire-A25-S02.csv
2025,2,,2025-01-06,2025-01-12,Standard,Males non castres de moins de 2 ans,U,3,EUR/kg carcasse,5.89,,COT-VRO-GBEA_communautaire-A25-S02.csv
2025,2,,2025-01-06,2025-01-12,Standard,Males non castres de moins de 2 ans,R,2,EUR/kg carcasse,5.8,,COT-VRO-GBEA_communautaire-A25-S02.csv
2025,2,,2025-01-06,2025-01-12,Standard,Males non castres de moins de 2 ans,R,3,EUR/kg carcasse,5.69,,COT-VRO-GBEA_communautaire-A25-S02.csv
2025,2,,2025-01-06,2025-01-12,Standard,Males non castres de moins de 2 ans,O,2,EUR/kg carcasse,4.98,,COT-VRO-GBEA_communautaire-A25-S02.csv
2025,2,,2025-01-06,2025-01-12,Standard,Males non castres de moins de 2 ans,O,3,EUR/kg carcasse,4.91,,COT-VRO-GBEA_communautaire-A25-S02.csv
2025,2,,2025-01-06,2025-01-12,Standard,Males non castres de moins de 2 ans,P,3,EUR/kg carcasse,4.77,,COT-VRO-GBEA_communautaire-A25-S02.csv
2025,2,,2025-01-06,2025-01-12,Standard,Autres males non castres,U,2,EUR/kg carcasse,4.89,,COT-VRO-GBEA_communautaire-A25-S02.csv
2025,2,,2025-01-06,2025-01-12,Standard,Autres males non castres,R,2,EUR/kg carcasse,4.75,,COT-VRO-GBEA_communautaire-A25-S02.csv
2025,2,,2025-01-06,2025-01-12,Standard,Males castres,R,3,EUR/kg carcasse,5.41,,COT-VRO-GBEA_communautaire-A25-S02.csv
2025,2,,2025-01-06,2025-01-12,Standard,Males castres,O,3,EUR/kg carcasse,4.67,,COT-VRO-GBEA_communautaire-A25-S02.csv
2025,2,,2025-01-06,2025-01-12,Standard,Males castres,P,3,EUR/kg carcasse,4.42,,COT-VRO-GBEA_communautaire-A25-S02.csv
2025,2,,2025-01-06,2025-01-12,Standard,Femelles ayant deja vele,U,3,EUR/kg carcasse,6.07,,COT-VRO-GBEA_communautaire-A25-S02.csv
2025,2,,2025-01-06,2025-01-12,Standard,Femelles ayant deja vele,R,2,EUR/kg carcasse,5.54,,COT-VRO-GBEA_communautaire-A25-S02.csv
2025,2,,2025-01-06,2025-01-12,Standard,Femelles ayant deja vele,R,3,EUR/kg carcasse,5.58,,COT-VRO-GBEA_communautaire-A25-S02.csv
2025,2,,2025-01-06,2025-01-12,Standard,Femelles ayant deja vele,R,4,EUR/kg carcasse,5.55,,COT-VRO-GBEA_communautaire-A25-S02.csv
2025,2,,2025-01-06,2025-01-12,Standard,Femelles ayant deja vele,O,2,EUR/kg carcasse,4.96,,COT-VRO-GBEA_communautaire-A25-S02.csv
2025,2,,2025-01-06,2025-01-12,Standard,Femelles ayant deja vele,O,3,EUR/kg carcasse,4.63,,COT-VRO-GBEA_communautaire-A25-S02.csv
2025,2,,2025-01-06,2025-01-12,Standard,Femelles ayant deja vele,O,4,EUR/kg carcasse,4.44,,COT-VRO-GBEA_communautaire-A25-S02.csv
2025,2,,2025-01-06,2025-01-12,Standard,Femelles ayant deja vele,P,2,EUR/kg carcasse,4.07,,COT-VRO-GBEA_communautaire-A25-S02.csv
2025,2,,2025-01-06,2025-01-12,Standard,Femelles ayant deja vele,P,3,EUR/kg carcasse,4.29,,COT-VRO-GBEA_communautaire-A25-S02.csv
2025,2,,2025-01-06,2025-01-12,Standard,Autres femelles,U,3,EUR/kg carcasse,6.08,,COT-VRO-GBEA_communautaire-A25-S02.csv
2025,2,,2025-01-06,2025-01-12,Standard,Autres femelles,R,2,EUR/kg carcasse,5.67,,COT-VRO-GBEA_communautaire-A25-S02.csv
2025,2,,2025-01-06,2025-01-12,Standard,Autres femelles,R,3,EUR/kg carcasse,5.64,,COT-VRO-GBEA_communautaire-A25-S02.csv
2025,2,,2025-01-06,2025-01-12,Standard,Autres femelles,R,4,EUR/kg carcasse,5.46,,COT-VRO-GBEA_communautaire-A25-S02.csv
2025,2,,2025-01-06,2025-01-12,Standard,Autres femelles,O,3,EUR/kg carcasse,5.03,,COT-VRO-GBEA_communautaire-A25-S02.csv
2025,3,,2025-01-13,2025-01-19,Standard,Males non castres de moins de 2 ans,U,2,EUR/kg carcasse,6.12,,COT-VRO-GBEA_communautaire-A25-S03.csv
2025,3,,2025-01-13,2025-01-19,Standard,Males non castres de moins de 2 ans,U,3,EUR/kg carcasse,5.93,,COT-VRO-GBEA_communautaire-A25-S03.csv
2025,3,,2025-01-13,2025-01-19,Standard,Males non castres de moins de 2 ans,R,2,EUR/kg carcasse,5.82,,COT-VRO-GBEA_communautaire-A25-S03.csv
2025,3,,2025-01-13,2025-01-19,Standard,Males non castres de moins de 2 ans,R,3,EUR/kg carcasse,5.75,,COT-VRO-GBEA_communautaire-A25-S03.csv
2025,3,,2025-01-13,2025-01-19,Standard,Males non castres de moins de 2 ans,O,2,EUR/kg carcasse,5,,COT-VRO-GBEA_communautaire-A25-S03.csv
2025,3,,2025-01-13,2025-01-19,Standard,Males non castres de moins de 2 ans,O,3,EUR/kg carcasse,4.94,,COT-VRO-GBEA_communautaire-A25-S03.csv
2025,3,,2025-01-13,2025-01-19,Standard,Males non castres de moins de 2 ans,P,3,EUR/kg carcasse,4.79,,COT-VRO-GBEA_communautaire-A25-S03.csv
2025,3,,2025-01-13,2025-01-19,Standard,Autres males non castres,U,2,EUR/kg carcasse,4.92,,COT-VRO-GBEA_communautaire-A25-S03.csv
2025,3,,2025-01-13,2025-01-19,Standard,Autres males non castres,R,2,EUR/kg carcasse,4.81,,COT-VRO-GBEA_communautaire-A25-S03.csv
2025,3,,2025-01-13,2025-01-19,Standard,Males castres,R,3,EUR/kg carcasse,5.42,,COT-VRO-GBEA_communautaire-A25-S03.csv
2025,3,,2025-01-13,2025-01-19,Standard,Males castres,O,3,EUR/kg carcasse,4.71,,COT-VRO-GBEA_communautaire-A25-S03.csv
2025,3,,2025-01-13,2025-01-19,Standard,Males castres,P,3,EUR/kg carcasse,4.44,,COT-VRO-GBEA_communautaire-A25-S03.csv
2025,3,,2025-01-13,2025-01-19,Standard,Femelles ayant deja vele,U,3,EUR/kg carcasse,6.09,,COT-VRO-GBEA_communautaire-A25-S03.csv
2025,3,,2025-01-13,2025-01-19,Standard,Femelles ayant deja vele,R,2,EUR/kg carcasse,5.58,,COT-VRO-GBEA_communautaire-A25-S03.csv
2025,3,,2025-01-13,2025-01-19,Standard,Femelles ayant deja vele,R,3,EUR/kg carcasse,5.6,,COT-VRO-GBEA_communautaire-A25-S03.csv
2025,3,,2025-01-13,2025-01-19,Standard,Femelles ayant deja vele,R,4,EUR/kg carcasse,5.55,,COT-VRO-GBEA_communautaire-A25-S03.csv
2025,3,,2025-01-13,2025-01-19,Standard,Femelles ayant deja vele,O,2,EUR/kg carcasse,5.08,,COT-VRO-GBEA_communautaire-A25-S03.csv
2025,3,,2025-01-13,2025-01-19,Standard,Femelles ayant deja vele,O,3,EUR/kg carcasse,4.65,,COT-VRO-GBEA_communautaire-A25-S03.csv
2025,3,,2025-01-13,2025-01-19,Standard,Femelles ayant deja vele,O,4,EUR/kg carcasse,4.47,,COT-VRO-GBEA_communautaire-A25-S03.csv
2025,3,,2025-01-13,2025-01-19,Standard,Femelles ayant deja vele,P,2,EUR/kg carcasse,4.12,,COT-VRO-GBEA_communautaire-A25-S03.csv
2025,3,,2025-01-13,2025-01-19,Standard,Femelles ayant deja vele,P,3,EUR/kg carcasse,4.34,,COT-VRO-GBEA_communautaire-A25-S03.csv
2025,3,,2025-01-13,2025-01-19,Standard,Autres femelles,U,3,EUR/kg carcasse,6.08,,COT-VRO-GBEA_communautaire-A25-S03.csv
2025,3,,2025-01-13,2025-01-19,Standard,Autres femelles,R,2,EUR/kg carcasse,5.64,,COT-VRO-GBEA_communautaire-A25-S03.csv
2025,3,,2025-01-13,2025-01-19,Standard,Autres femelles,R,3,EUR/kg carcasse,5.62,,COT-VRO-GBEA_communautaire-A25-S03.csv
2025,3,,2025-01-13,2025-01-19,Standard,Autres femelles,R,4,EUR/kg carcasse,5.46,,COT-VRO-GBEA_communautaire-A25-S03.csv
2025,3,,2025-01-13,2025-01-19,Standard,Autres femelles,O,3,EUR/kg carcasse,5.06,,COT-VRO-GBEA_communautaire-A25-S03.csv
2025,4,,2025-01-20,2025-01-26,Standard,Males non castres de moins de 2 ans,U,2,EUR/kg carcasse,6.18,,COT-VRO-GBEA_communautaire-A25-S04.csv
2025,4,,2025-01-20,2025-01-26,Standard,Males non castres de moins de 2 ans,U,3,EUR/kg carcasse,5.99,,COT-VRO-GBEA_communautaire-A25-S04.csv
2025,4,,2025-01-20,2025-01-26,Standard,Males non castres de moins de 2 ans,R,2,EUR/kg carcasse,5.88,,COT-VRO-GBEA_communautaire-A25-S04.csv
2025,4,,2025-01-20,2025-01-26,Standard,Males non castres de moins de 2 ans,R,3,EUR/kg carcasse,5.78,,COT-VRO-GBEA_communautaire-A25-S04.csv
2025,4,,2025-01-20,2025-01-26,Standard,Males non castres de moins de 2 ans,O,2,EUR/kg carcasse,5.02,,COT-VRO-GBEA_communautaire-A25-S04.csv
2025,4,,2025-01-20,2025-01-26,Standard,Males non castres de moins de 2 ans,O,3,EUR/kg carcasse,4.96,,COT-VRO-GBEA_communautaire-A25-S04.csv
2025,4,,2025-01-20,2025-01-26,Standard,Males non castres de moins de 2 ans,P,3,EUR/kg carcasse,4.82,,COT-VRO-GBEA_communautaire-A25-S04.csv
2025,4,,2025-01-20,2025-01-26,Standard,Autres males non castres,U,2,EUR/kg carcasse,4.91,,COT-VRO-GBEA_communautaire-A25-S04.csv
2025,4,,2025-01-20,2025-01-26,Standard,Autres males non castres,R,2,EUR/kg carcasse,4.86,,COT-VRO-GBEA_communautaire-A25-S04.csv
2025,4,,2025-01-20,2025-01-26,Standard,Males castres,R,3,EUR/kg carcasse,5.54,,COT-VRO-GBEA_communautaire-A25-S04.csv
2025,4,,2025-01-20,2025-01-26,Standard,Males castres,O,3,EUR/kg carcasse,4.77,,COT-VRO-GBEA_communautaire-A25-S04.csv
2025,4,,2025-01-20,2025-01-26,Standard,Males castres,P,3,EUR/kg carcasse,4.49,,COT-VRO-GBEA_communautaire-A25-S04.csv
2025,4,,2025-01-20,2025-01-26,Standard,Femelles ayant deja vele,U,3,EUR/kg carcasse,6.07,,COT-VRO-GBEA_communautaire-A25-S04.csv
2025,4,,2025-01-20,2025-01-26,Standard,Femelles ayant deja vele,R,2,EUR/kg carcasse,5.59,,COT-VRO-GBEA_communautaire-A25-S04.csv
2025,4,,2025-01-20,2025-01-26,Standard,Femelles ayant deja vele,R,3,EUR/kg carcasse,5.62,,COT-VRO-GBEA_communautaire-A25-S04.csv
2025,4,,2025-01-20,2025-01-26,Standard,Femelles ayant deja vele,R,4,EUR/kg carcasse,5.59,,COT-VRO-GBEA_communautaire-A25-S04.csv
2025,4,,2025-01-20,2025-01-26,Standard,Femelles ayant deja vele,O,2,EUR/kg carcasse,5.04,,COT-VRO-GBEA_communautaire-A25-S04.csv
2025,4,,2025-01-20,2025-01-26,Standard,Femelles ayant deja vele,O,3,EUR/kg carcasse,4.71,,COT-VRO-GBEA_communautaire-A25-S04.csv
2025,4,,2025-01-20,2025-01-26,Standard,Femelles ayant deja vele,O,4,EUR/kg carcasse,4.52,,COT-VRO-GBEA_communautaire-A25-S04.csv
2025,4,,2025-01-20,2025-01-26,Standard,Femelles ayant deja vele,P,2,EUR/kg carcasse,4.17,,COT-VRO-GBEA_communautaire-A25-S04.csv
2025,4,,2025-01-20,2025-01-26,Standard,Femelles ayant deja vele,P,3,EUR/kg carcasse,4.39,,COT-VRO-GBEA_communautaire-A25-S04.csv
2025,4,,2025-01-20,2025-01-26,Standard,Autres femelles,U,3,EUR/kg carcasse,6.1,,COT-VRO-GBEA_communautaire-A25-S04.csv
2025,4,,2025-01-20,2025-01-26,Standard,Autres femelles,R,2,EUR/kg carcasse,5.69,,COT-VRO-GBEA_communautaire-A25-S04.csv
2025,4,,2025-01-20,2025-01-26,Standard,Autres femelles,R,3,EUR/kg carcasse,5.66,,COT-VRO-GBEA_communautaire-A25-S04.csv
2025,4,,2025-01-20,2025-01-26,Standard,Autres femelles,R,4,EUR/kg carcasse,5.48,,COT-VRO-GBEA_communautaire-A25-S04.csv
2025,4,,2025-01-20,2025-01-26,Standard,Autres femelles,O,3,EUR/kg carcasse,5.1,,COT-VRO-GBEA_communautaire-A25-S04.csv
2025,5,,2025-01-27,2025-02-02,Standard,Males non castres de moins de 2 ans,E,2,EUR/kg carcasse,6.46,,COT-VRO-GBEA_communautaire-A25-S05.csv
2025,5,,2025-01-27,2025-02-02,Standard,Males non castres de moins de 2 ans,U,2,EUR/kg carcasse,6.24,,COT-VRO-GBEA_communautaire-A25-S05.csv
2025,5,,2025-01-27,2025-02-02,Standard,Males non castres de moins de 2 ans,U,3,EUR/kg carcasse,6.06,,COT-VRO-GBEA_communautaire-A25-S05.csv
2025,5,,2025-01-27,2025-02-02,Standard,Males non castres de moins de 2 ans,R,2,EUR/kg carcasse,5.94,,COT-VRO-GBEA_communautaire-A25-S05.csv
2025,5,,2025-01-27,2025-02-02,Standard,Males non castres de moins de 2 ans,R,3,EUR/kg carcasse,5.85,,COT-VRO-GBEA_communautaire-A25-S05.csv
2025,5,,2025-01-27,2025-02-02,Standard,Males non castres de moins de 2 ans,O,2,EUR/kg carcasse,5.07,,COT-VRO-GBEA_communautaire-A25-S05.csv
2025,5,,2025-01-27,2025-02-02,Standard,Males non castres de moins de 2 ans,O,3,EUR/kg carcasse,4.99,,COT-VRO-GBEA_communautaire-A25-S05.csv
2025,5,,2025-01-27,2025-02-02,Standard,Males non castres de moins de 2 ans,P,3,EUR/kg carcasse,4.86,,COT-VRO-GBEA_communautaire-A25-S05.csv
2025,5,,2025-01-27,2025-02-02,Standard,Autres males non castres,U,2,EUR/kg carcasse,5,,COT-VRO-GBEA_communautaire-A25-S05.csv
2025,5,,2025-01-27,2025-02-02,Standard,Autres males non castres,R,2,EUR/kg carcasse,4.89,,COT-VRO-GBEA_communautaire-A25-S05.csv
2025,5,,2025-01-27,2025-02-02,Standard,Autres males non castres,O,2,EUR/kg carcasse,4.42,,COT-VRO-GBEA_communautaire-A25-S05.csv
2025,5,,2025-01-27,2025-02-02,Standard,Males castres,R,3,EUR/kg carcasse,5.51,,COT-VRO-GBEA_communautaire-A25-S05.csv
2025,5,,2025-01-27,2025-02-02,Standard,Males castres,O,3,EUR/kg carcasse,4.91,,COT-VRO-GBEA_communautaire-A25-S05.csv
2025,5,,2025-01-27,2025-02-02,Standard,Males castres,P,3,EUR/kg carcasse,4.56,,COT-VRO-GBEA_communautaire-A25-S05.csv
2025,5,,2025-01-27,2025-02-02,Standard,Femelles ayant deja vele,U,3,EUR/kg carcasse,6.1,,COT-VRO-GBEA_communautaire-A25-S05.csv
2025,5,,2025-01-27,2025-02-02,Standard,Femelles ayant deja vele,R,2,EUR/kg carcasse,5.6,,COT-VRO-GBEA_communautaire-A25-S05.csv
2025,5,,2025-01-27,2025-02-02,Standard,Femelles ayant deja vele,R,3,EUR/kg carcasse,5.64,,COT-VRO-GBEA_communautaire-A25-S05.csv
2025,5,,2025-01-27,2025-02-02,Standard,Femelles ayant deja vele,R,4,EUR/kg carcasse,5.59,,COT-VRO-GBEA_communautaire-A25-S05.csv
2025,5,,2025-01-27,2025-02-02,Standard,Femelles ayant deja vele,O,2,EUR/kg carcasse,5.09,,COT-VRO-GBEA_communautaire-A25-S05.csv
2025,5,,2025-01-27,2025-02-02,Standard,Femelles ayant deja vele,O,3,EUR/kg carcasse,4.76,,COT-VRO-GBEA_communautaire-A25-S05.csv
2025,5,,2025-01-27,2025-02-02,Standard,Femelles ayant deja vele,O,4,EUR/kg carcasse,4.57,,COT-VRO-GBEA_communautaire-A25-S05.csv
2025,5,,2025-01-27,2025-02-02,Standard,Femelles ayant deja vele,P,2,EUR/kg carcasse,4.25,,COT-VRO-GBEA_communautaire-A25-S05.csv
2025,5,,2025-01-27,2025-02-02,Standard,Femelles ayant deja vele,P,3,EUR/kg carcasse,4.47,,COT-VRO-GBEA_communautaire-A25-S05.csv
2025,5,,2025-01-27,2025-02-02,Standard,Autres femelles,U,3,EUR/kg carcasse,6.1,,COT-VRO-GBEA_communautaire-A25-S05.csv
2025,5,,2025-01-27,2025-02-02,Standard,Autres femelles,R,2,EUR/kg carcasse,5.61,,COT-VRO-GBEA_communautaire-A25-S05.csv
2025,5,,2025-01-27,2025-02-02,Standard,Autres femelles,R,3,EUR/kg carcasse,5.67,,COT-VRO-GBEA_communautaire-A25-S05.csv
2025,5,,2025-01-27,2025-02-02,Standard,Autres femelles,R,4,EUR/kg carcasse,5.49,,COT-VRO-GBEA_communautaire-A25-S05.csv
2025,5,,2025-01-27,2025-02-02,Standard,Autres femelles,O,3,EUR/kg carcasse,5.15,,COT-VRO-GBEA_communautaire-A25-S05.csv
2025,,2,2025-02-01,2025-02-28,Bio,Males castres,R,3,EUR/kg carcasse,5.88,,COT-VRO-GBBI_prix_UE-A25-M02.csv
2025,,2,2025-02-01,2025-02-28,Bio,Femelles ayant deja vele,R,2,EUR/kg carcasse,5.8,,COT-VRO-GBBI_prix_UE-A25-M02.csv
2025,,2,2025-02-01,2025-02-28,Bio,Femelles ayant deja vele,R,3,EUR/kg carcasse,5.86,,COT-VRO-GBBI_prix_UE-A25-M02.csv
2025,,2,2025-02-01,2025-02-28,Bio,Femelles ayant deja vele,O,2,EUR/kg carcasse,5.32,,COT-VRO-GBBI_prix_UE-A25-M02.csv
2025,,2,2025-02-01,2025-02-28,Bio,Femelles ayant deja vele,O,3,EUR/kg carcasse,5.27,,COT-VRO-GBBI_prix_UE-A25-M02.csv
2025,,2,2025-02-01,2025-02-28,Bio,Femelles ayant deja vele,P,3,EUR/kg carcasse,4.99,,COT-VRO-GBBI_prix_UE-A25-M02.csv
2025,,2,2025-02-01,2025-02-28,Bio,Autres femelles,R,3,EUR/kg carcasse,5.88,,COT-VRO-GBBI_prix_UE-A25-M02.csv
2025,6,,2025-02-03,2025-02-09,Standard,Males non castres de moins de 2 ans,E,2,EUR/kg carcasse,6.56,,COT-VRO-GBEA_communautaire-A25-S06.csv
2025,6,,2025-02-03,2025-02-09,Standard,Males non castres de moins de 2 ans,U,2,EUR/kg carcasse,6.32,,COT-VRO-GBEA_communautaire-A25-S06.csv
2025,6,,2025-02-03,2025-02-09,Standard,Males non castres de moins de 2 ans,U,3,EUR/kg carcasse,6.12,,COT-VRO-GBEA_communautaire-A25-S06.csv
2025,6,,2025-02-03,2025-02-09,Standard,Males non castres de moins de 2 ans,R,2,EUR/kg carcasse,6.03,,COT-VRO-GBEA_communautaire-A25-S06.csv
2025,6,,2025-02-03,2025-02-09,Standard,Males non castres de moins de 2 ans,R,3,EUR/kg carcasse,5.91,,COT-VRO-GBEA_communautaire-A25-S06.csv
2025,6,,2025-02-03,2025-02-09,Standard,Males non castres de moins de 2 ans,O,2,EUR/kg carcasse,5.11,,COT-VRO-GBEA_communautaire-A25-S06.csv
2025,6,,2025-02-03,2025-02-09,Standard,Males non castres de moins de 2 ans,O,3,EUR/kg carcasse,5.03,,COT-VRO-GBEA_communautaire-A25-S06.csv
2025,6,,2025-02-03,2025-02-09,Standard,Males non castres de moins de 2 ans,P,3,EUR/kg carcasse,4.88,,COT-VRO-GBEA_communautaire-A25-S06.csv
2025,6,,2025-02-03,2025-02-09,Standard,Autres males non castres,U,2,EUR/kg carcasse,5.08,,COT-VRO-GBEA_communautaire-A25-S06.csv
2025,6,,2025-02-03,2025-02-09,Standard,Autres males non castres,R,2,EUR/kg carcasse,4.99,,COT-VRO-GBEA_communautaire-A25-S06.csv
2025,6,,2025-02-03,2025-02-09,Standard,Males castres,R,3,EUR/kg carcasse,5.56,,COT-VRO-GBEA_communautaire-A25-S06.csv
2025,6,,2025-02-03,2025-02-09,Standard,Males castres,O,3,EUR/kg carcasse,4.88,,COT-VRO-GBEA_communautaire-A25-S06.csv
2025,6,,2025-02-03,2025-02-09,Standard,Males castres,P,3,EUR/kg carcasse,4.65,,COT-VRO-GBEA_communautaire-A25-S06.csv
2025,6,,2025-02-03,2025-02-09,Standard,Femelles ayant deja vele,U,3,EUR/kg carcasse,6.14,,COT-VRO-GBEA_communautaire-A25-S06.csv
2025,6,,2025-02-03,2025-02-09,Standard,Femelles ayant deja vele,R,2,EUR/kg carcasse,5.63,,COT-VRO-GBEA_communautaire-A25-S06.csv
2025,6,,2025-02-03,2025-02-09,Standard,Femelles ayant deja vele,R,3,EUR/kg carcasse,5.67,,COT-VRO-GBEA_communautaire-A25-S06.csv
2025,6,,2025-02-03,2025-02-09,Standard,Femelles ayant deja vele,R,4,EUR/kg carcasse,5.61,,COT-VRO-GBEA_communautaire-A25-S06.csv
2025,6,,2025-02-03,2025-02-09,Standard,Femelles ayant deja vele,O,2,EUR/kg carcasse,5.15,,COT-VRO-GBEA_communautaire-A25-S06.csv
2025,6,,2025-02-03,2025-02-09,Standard,Femelles ayant deja vele,O,3,EUR/kg carcasse,4.82,,COT-VRO-GBEA_communautaire-A25-S06.csv
2025,6,,2025-02-03,2025-02-09,Standard,Femelles ayant deja vele,O,4,EUR/kg carcasse,4.69,,COT-VRO-GBEA_communautaire-A25-S06.csv
2025,6,,2025-02-03,2025-02-09,Standard,Femelles ayant deja vele,P,2,EUR/kg carcasse,4.32,,COT-VRO-GBEA_communautaire-A25-S06.csv
2025,6,,2025-02-03,2025-02-09,Standard,Femelles ayant deja vele,P,3,EUR/kg carcasse,4.54,,COT-VRO-GBEA_communautaire-A25-S06.csv
2025,6,,2025-02-03,2025-02-09,Standard,Autres femelles,U,3,EUR/kg carcasse,6.12,,COT-VRO-GBEA_communautaire-A25-S06.csv
2025,6,,2025-02-03,2025-02-09,Standard,Autres femelles,R,2,EUR/kg carcasse,5.54,,COT-VRO-GBEA_communautaire-A25-S06.csv
2025,6,,2025-02-03,2025-02-09,Standard,Autres femelles,R,3,EUR/kg carcasse,5.72,,COT-VRO-GBEA_communautaire-A25-S06.csv
2025,6,,2025-02-03,2025-02-09,Standard,Autres femelles,R,4,EUR/kg carcasse,5.55,,COT-VRO-GBEA_communautaire-A25-S06.csv
2025,6,,2025-02-03,2025-02-09,Standard,Autres femelles,O,3,EUR/kg carcasse,5.19,,COT-VRO-GBEA_communautaire-A25-S06.csv
2025,7,,2025-02-10,2025-02-16,Standard,Males non castres de moins de 2 ans,E,2,EUR/kg carcasse,6.67,,COT-VRO-GBEA_communautaire-A25-S07.csv
2025,7,,2025-02-10,2025-02-16,Standard,Males non castres de moins de 2 ans,U,2,EUR/kg carcasse,6.37,,COT-VRO-GBEA_communautaire-A25-S07.csv
2025,7,,2025-02-10,2025-02-16,Standard,Males non castres de moins de 2 ans,U,3,EUR/kg carcasse,6.19,,COT-VRO-GBEA_communautaire-A25-S07.csv
2025,7,,2025-02-10,2025-02-16,Standard,Males non castres de moins de 2 ans,R,2,EUR/kg carcasse,6.07,,COT-VRO-GBEA_communautaire-A25-S07.csv
2025,7,,2025-02-10,2025-02-16,Standard,Males non castres de moins de 2 ans,R,3,EUR/kg carcasse,5.98,,COT-VRO-GBEA_communautaire-A25-S07.csv
2025,7,,2025-02-10,2025-02-16,Standard,Males non castres de moins de 2 ans,O,2,EUR/kg carcasse,5.14,,COT-VRO-GBEA_communautaire-A25-S07.csv
2025,7,,2025-02-10,2025-02-16,Standard,Males non castres de moins de 2 ans,O,3,EUR/kg carcasse,5.1,,COT-VRO-GBEA_communautaire-A25-S07.csv
2025,7,,2025-02-10,2025-02-16,Standard,Males non castres de moins de 2 ans,P,3,EUR/kg carcasse,4.95,,COT-VRO-GBEA_communautaire-A25-S07.csv
2025,7,,2025-02-10,2025-02-16,Standard,Autres males non castres,U,2,EUR/kg carcasse,5.16,,COT-VRO-GBEA_communautaire-A25-S07.csv
2025,7,,2025-02-10,2025-02-16,Standard,Autres males non castres,R,2,EUR/kg carcasse,5.04,,COT-VRO-GBEA_communautaire-A25-S07.csv
2025,7,,2025-02-10,2025-02-16,Standard,Males castres,R,3,EUR/kg carcasse,5.57,,COT-VRO-GBEA_communautaire-A25-S07.csv
2025,7,,2025-02-10,2025-02-16,Standard,Males castres,O,3,EUR/kg carcasse,4.93,,COT-VRO-GBEA_communautaire-A25-S07.csv
2025,7,,2025-02-10,2025-02-16,Standard,Males castres,P,3,EUR/kg carcasse,4.7,,COT-VRO-GBEA_communautaire-A25-S07.csv
2025,7,,2025-02-10,2025-02-16,Standard,Femelles ayant deja vele,U,3,EUR/kg carcasse,6.14,,COT-VRO-GBEA_communautaire-A25-S07.csv
2025,7,,2025-02-10,2025-02-16,Standard,Femelles ayant deja vele,R,2,EUR/kg carcasse,5.69,,COT-VRO-GBEA_communautaire-A25-S07.csv
2025,7,,2025-02-10,2025-02-16,Standard,Femelles ayant deja vele,R,3,EUR/kg carcasse,5.69,,COT-VRO-GBEA_communautaire-A25-S07.csv
2025,7,,2025-02-10,2025-02-16,Standard,Femelles ayant deja vele,R,4,EUR/kg carcasse,5.66,,COT-VRO-GBEA_communautaire-A25-S07.csv
2025,7,,2025-02-10,2025-02-16,Standard,Femelles ayant deja vele,O,2,EUR/kg carcasse,5.21,,COT-VRO-GBEA_communautaire-A25-S07.csv
2025,7,,2025-02-10,2025-02-16,Standard,Femelles ayant deja vele,O,3,EUR/kg carcasse,4.9,,COT-VRO-GBEA_communautaire-A25-S07.csv
2025,7,,2025-02-10,2025-02-16,Standard,Femelles ayant deja vele,O,4,EUR/kg carcasse,4.6,,COT-VRO-GBEA_communautaire-A25-S07.csv
2025,7,,2025-02-10,2025-02-16,Standard,Femelles ayant deja vele,P,2,EUR/kg carcasse,4.4,,COT-VRO-GBEA_communautaire-A25-S07.csv
2025,7,,2025-02-10,2025-02-16,Standard,Femelles ayant deja vele,P,3,EUR/kg carcasse,4.61,,COT-VRO-GBEA_communautaire-A25-S07.csv
2025,7,,2025-02-10,2025-02-16,Standard,Autres femelles,U,3,EUR/kg carcasse,6.13,,COT-VRO-GBEA_communautaire-A25-S07.csv
2025,7,,2025-02-10,2025-02-16,Standard,Autres femelles,R,2,EUR/kg carcasse,5.75,,COT-VRO-GBEA_communautaire-A25-S07.csv
2025,7,,2025-02-10,2025-02-16,Standard,Autres femelles,R,3,EUR/kg carcasse,5.72,,COT-VRO-GBEA_communautaire-A25-S07.csv
2025,7,,2025-02-10,2025-02-16,Standard,Autres femelles,R,4,EUR/kg carcasse,5.61,,COT-VRO-GBEA_communautaire-A25-S07.csv
2025,7,,2025-02-10,2025-02-16,Standard,Autres femelles,O,3,EUR/kg carcasse,5.2,,COT-VRO-GBEA_communautaire-A25-S07.csv
2025,8,,2025-02-17,2025-02-23,Standard,Males non castres de moins de 2 ans,E,2,EUR/kg carcasse,6.71,,COT-VRO-GBEA_communautaire-A25-S08.csv
2025,8,,2025-02-17,2025-02-23,Standard,Males non castres de moins de 2 ans,U,2,EUR/kg carcasse,6.44,,COT-VRO-GBEA_communautaire-A25-S08.csv
2025,8,,2025-02-17,2025-02-23,Standard,Males non castres de moins de 2 ans,U,3,EUR/kg carcasse,6.24,,COT-VRO-GBEA_communautaire-A25-S08.csv
2025,8,,2025-02-17,2025-02-23,Standard,Males non castres de moins de 2 ans,R,2,EUR/kg carcasse,6.13,,COT-VRO-GBEA_communautaire-A25-S08.csv
2025,8,,2025-02-17,2025-02-23,Standard,Males non castres de moins de 2 ans,R,3,EUR/kg carcasse,6.07,,COT-VRO-GBEA_communautaire-A25-S08.csv
2025,8,,2025-02-17,2025-02-23,Standard,Males non castres de moins de 2 ans,O,2,EUR/kg carcasse,5.23,,COT-VRO-GBEA_communautaire-A25-S08.csv
2025,8,,2025-02-17,2025-02-23,Standard,Males non castres de moins de 2 ans,O,3,EUR/kg carcasse,5.15,,COT-VRO-GBEA_communautaire-A25-S08.csv
2025,8,,2025-02-17,2025-02-23,Standard,Males non castres de moins de 2 ans,P,3,EUR/kg carcasse,5.02,,COT-VRO-GBEA_communautaire-A25-S08.csv
2025,8,,2025-02-17,2025-02-23,Standard,Autres males non castres,U,2,EUR/kg carcasse,5.23,,COT-VRO-GBEA_communautaire-A25-S08.csv
2025,8,,2025-02-17,2025-02-23,Standard,Autres males non castres,R,2,EUR/kg carcasse,5.17,,COT-VRO-GBEA_communautaire-A25-S08.csv
2025,8,,2025-02-17,2025-02-23,Standard,Males castres,R,3,EUR/kg carcasse,5.66,,COT-VRO-GBEA_communautaire-A25-S08.csv
2025,8,,2025-02-17,2025-02-23,Standard,Males castres,O,3,EUR/kg carcasse,5.03,,COT-VRO-GBEA_communautaire-A25-S08.csv
2025,8,,2025-02-17,2025-02-23,Standard,Males castres,P,3,EUR/kg carcasse,4.79,,COT-VRO-GBEA_communautaire-A25-S08.csv
2025,8,,2025-02-17,2025-02-23,Standard,Femelles ayant deja vele,U,3,EUR/kg carcasse,6.17,,COT-VRO-GBEA_communautaire-A25-S08.csv
2025,8,,2025-02-17,2025-02-23,Standard,Femelles ayant deja vele,R,2,EUR/kg carcasse,5.72,,COT-VRO-GBEA_communautaire-A25-S08.csv
2025,8,,2025-02-17,2025-02-23,Standard,Femelles ayant deja vele,R,3,EUR/kg carcasse,5.74,,COT-VRO-GBEA_communautaire-A25-S08.csv
2025,8,,2025-02-17,2025-02-23,Standard,Femelles ayant deja vele,R,4,EUR/kg carcasse,5.67,,COT-VRO-GBEA_communautaire-A25-S08.csv
2025,8,,2025-02-17,2025-02-23,Standard,Femelles ayant deja vele,O,2,EUR/kg carcasse,5.3,,COT-VRO-GBEA_communautaire-A25-S08.csv
2025,8,,2025-02-17,2025-02-23,Standard,Femelles ayant deja vele,O,3,EUR/kg carcasse,4.97,,COT-VRO-GBEA_communautaire-A25-S08.csv
2025,8,,2025-02-17,2025-02-23,Standard,Femelles ayant deja vele,O,4,EUR/kg carcasse,4.83,,COT-VRO-GBEA_communautaire-A25-S08.csv
2025,8,,2025-02-17,2025-02-23,Standard,Femelles ayant deja vele,P,2,EUR/kg carcasse,4.48,,COT-VRO-GBEA_communautaire-A25-S08.csv
2025,8,,2025-02-17,2025-02-23,Standard,Femelles ayant deja vele,P,3,EUR/kg carcasse,4.69,,COT-VRO-GBEA_communautaire-A25-S08.csv
2025,8,,2025-02-17,2025-02-23,Standard,Autres femelles,U,3,EUR/kg carcasse,6.17,,COT-VRO-GBEA_communautaire-A25-S08.csv
2025,8,,2025-02-17,2025-02-23,Standard,Autres femelles,R,2,EUR/kg carcasse,5.84,,COT-VRO-GBEA_communautaire-A25-S08.csv
2025,8,,2025-02-17,2025-02-23,Standard,Autres femelles,R,3,EUR/kg carcasse,5.77,,COT-VRO-GBEA_communautaire-A25-S08.csv
2025,8,,2025-02-17,2025-02-23,Standard,Autres femelles,R,4,EUR/kg carcasse,5.57,,COT-VRO-GBEA_communautaire-A25-S08.csv
2025,8,,2025-02-17,2025-02-23,Standard,Autres femelles,O,3,EUR/kg carcasse,5.25,,COT-VRO-GBEA_communautaire-A25-S08.csv
2025,9,,2025-02-24,2025-03-02,Standard,Males non castres de moins de 2 ans,E,2,EUR/kg carcasse,6.65,,COT-VRO-GBEA_communautaire-A25-S09.csv
2025,9,,2025-02-24,2025-03-02,Standard,Males non castres de moins de 2 ans,U,2,EUR/kg carcasse,6.48,,COT-VRO-GBEA_communautaire-A25-S09.csv
2025,9,,2025-02-24,2025-03-02,Standard,Males non castres de moins de 2 ans,U,3,EUR/kg carcasse,6.29,,COT-VRO-GBEA_communautaire-A25-S09.csv
2025,9,,2025-02-24,2025-03-02,Standard,Males non castres de moins de 2 ans,R,2,EUR/kg carcasse,6.2,,COT-VRO-GBEA_communautaire-A25-S09.csv
2025,9,,2025-02-24,2025-03-02,Standard,Males non castres de moins de 2 ans,R,3,EUR/kg carcasse,6.1,,COT-VRO-GBEA_communautaire-A25-S09.csv
2025,9,,2025-02-24,2025-03-02,Standard,Males non castres de moins de 2 ans,O,2,EUR/kg carcasse,5.33,,COT-VRO-GBEA_communautaire-A25-S09.csv
2025,9,,2025-02-24,2025-03-02,Standard,Males non castres de moins de 2 ans,O,3,EUR/kg carcasse,5.23,,COT-VRO-GBEA_communautaire-A25-S09.csv
2025,9,,2025-02-24,2025-03-02,Standard,Males non castres de moins de 2 ans,P,3,EUR/kg carcasse,5.06,,COT-VRO-GBEA_communautaire-A25-S09.csv
2025,9,,2025-02-24,2025-03-02,Standard,Autres males non castres,U,2,EUR/kg carcasse,5.43,,COT-VRO-GBEA_communautaire-A25-S09.csv
2025,9,,2025-02-24,2025-03-02,Standard,Autres males non castres,R,2,EUR/kg carcasse,5.3,,COT-VRO-GBEA_communautaire-A25-S09.csv
2025,9,,2025-02-24,2025-03-02,Standard,Autres males non castres,O,2,EUR/kg carcasse,4.74,,COT-VRO-GBEA_communautaire-A25-S09.csv
2025,9,,2025-02-24,2025-03-02,Standard,Males castres,R,3,EUR/kg carcasse,5.62,,COT-VRO-GBEA_communautaire-A25-S09.csv
2025,9,,2025-02-24,2025-03-02,Standard,Males castres,O,3,EUR/kg carcasse,5.12,,COT-VRO-GBEA_communautaire-A25-S09.csv
2025,9,,2025-02-24,2025-03-02,Standard,Males castres,P,3,EUR/kg carcasse,4.87,,COT-VRO-GBEA_communautaire-A25-S09.csv
2025,9,,2025-02-24,2025-03-02,Standard,Femelles ayant deja vele,U,3,EUR/kg carcasse,6.23,,COT-VRO-GBEA_communautaire-A25-S09.csv
2025,9,,2025-02-24,2025-03-02,Standard,Femelles ayant deja vele,R,2,EUR/kg carcasse,5.78,,COT-VRO-GBEA_communautaire-A25-S09.csv
2025,9,,2025-02-24,2025-03-02,Standard,Femelles ayant deja vele,R,3,EUR/kg carcasse,5.77,,COT-VRO-GBEA_communautaire-A25-S09.csv
2025,9,,2025-02-24,2025-03-02,Standard,Femelles ayant deja vele,R,4,EUR/kg carcasse,5.71,,COT-VRO-GBEA_communautaire-A25-S09.csv
2025,9,,2025-02-24,2025-03-02,Standard,Femelles ayant deja vele,O,2,EUR/kg carcasse,5.3,,COT-VRO-GBEA_communautaire-A25-S09.csv
2025,9,,2025-02-24,2025-03-02,Standard,Femelles ayant deja vele,O,3,EUR/kg carcasse,5.02,,COT-VRO-GBEA_communautaire-A25-S09.csv
2025,9,,2025-02-24,2025-03-02,Standard,Femelles ayant deja vele,O,4,EUR/kg carcasse,4.88,,COT-VRO-GBEA_communautaire-A25-S09.csv
2025,9,,2025-02-24,2025-03-02,Standard,Femelles ayant deja vele,P,2,EUR/kg carcasse,4.56,,COT-VRO-GBEA_communautaire-A25-S09.csv
2025,9,,2025-02-24,2025-03-02,Standard,Femelles ayant deja vele,P,3,EUR/kg carcasse,4.77,,COT-VRO-GBEA_communautaire-A25-S09.csv
2025,9,,2025-02-24,2025-03-02,Standard,Autres femelles,U,3,EUR/kg carcasse,6.23,,COT-VRO-GBEA_communautaire-A25-S09.csv
2025,9,,2025-02-24,2025-03-02,Standard,Autres femelles,R,2,EUR/kg carcasse,5.77,,COT-VRO-GBEA_communautaire-A25-S09.csv
2025,9,,2025-02-24,2025-03-02,Standard,Autres femelles,R,3,EUR/kg carcasse,5.8,,COT-VRO-GBEA_communautaire-A25-S09.csv
2025,9,,2025-02-24,2025-03-02,Standard,Autres femelles,R,4,EUR/kg carcasse,5.67,,COT-VRO-GBEA_communautaire-A25-S09.csv
2025,9,,2025-02-24,2025-03-02,Standard,Autres femelles,O,3,EUR/kg carcasse,5.32,,COT-VRO-GBEA_communautaire-A25-S09.csv
2025,,3,2025-03-01,2025-03-31,Bio,Males castres,U,3,EUR/kg carcasse,6.17,,COT-VRO-GBBI_prix_UE-A25-M03.csv
2025,,3,2025-03-01,2025-03-31,Bio,Males castres,R,3,EUR/kg carcasse,6.03,,COT-VRO-GBBI_prix_UE-A25-M03.csv
2025,,3,2025-03-01,2025-03-31,Bio,Males castres,O,3,EUR/kg carcasse,5.62,,COT-VRO-GBBI_prix_UE-A25-M03.csv
2025,,3,2025-03-01,2025-03-31,Bio,Femelles ayant deja vele,R,3,EUR/kg carcasse,5.98,,COT-VRO-GBBI_prix_UE-A25-M03.csv
2025,,3,2025-03-01,2025-03-31,Bio,Femelles ayant deja vele,O,3,EUR/kg carcasse,5.54,,COT-VRO-GBBI_prix_UE-A25-M03.csv
2025,,3,2025-03-01,2025-03-31,Bio,Femelles ayant deja vele,P,3,EUR/kg carcasse,5.26,,COT-VRO-GBBI_prix_UE-A25-M03.csv
2025,,3,2025-03-01,2025-03-31,Bio,Autres femelles,R,3,EUR/kg carcasse,6.06,,COT-VRO-GBBI_prix_UE-A25-M03.csv
2025,10,,2025-03-03,2025-03-09,Standard,Males non castres de moins de 2 ans,E,2,EUR/kg carcasse,6.72,,COT-VRO-GBEA_communautaire-A25-S10.csv
2025,10,,2025-03-03,2025-03-09,Standard,Males non castres de moins de 2 ans,U,2,EUR/kg carcasse,6.51,,COT-VRO-GBEA_communautaire-A25-S10.csv
2025,10,,2025-03-03,2025-03-09,Standard,Males non castres de moins de 2 ans,U,3,EUR/kg carcasse,6.31,,COT-VRO-GBEA_communautaire-A25-S10.csv
2025,10,,2025-03-03,2025-03-09,Standard,Males non castres de moins de 2 ans,R,2,EUR/kg carcasse,6.2,,COT-VRO-GBEA_communautaire-A25-S10.csv
2025,10,,2025-03-03,2025-03-09,Standard,Males non castres de moins de 2 ans,R,3,EUR/kg carcasse,6.1,,COT-VRO-GBEA_communautaire-A25-S10.csv
2025,10,,2025-03-03,2025-03-09,Standard,Males non castres de moins de 2 ans,O,2,EUR/kg carcasse,5.38,,COT-VRO-GBEA_communautaire-A25-S10.csv
2025,10,,2025-03-03,2025-03-09,Standard,Males non castres de moins de 2 ans,O,3,EUR/kg carcasse,5.25,,COT-VRO-GBEA_communautaire-A25-S10.csv
2025,10,,2025-03-03,2025-03-09,Standard,Males non castres de moins de 2 ans,P,3,EUR/kg carcasse,5.1,,COT-VRO-GBEA_communautaire-A25-S10.csv
2025,10,,2025-03-03,2025-03-09,Standard,Autres males non castres,U,2,EUR/kg carcasse,5.59,,COT-VRO-GBEA_communautaire-A25-S10.csv
2025,10,,2025-03-03,2025-03-09,Standard,Autres males non castres,R,2,EUR/kg carcasse,5.39,,COT-VRO-GBEA_communautaire-A25-S10.csv
2025,10,,2025-03-03,2025-03-09,Standard,Males castres,R,3,EUR/kg carcasse,5.68,,COT-VRO-GBEA_communautaire-A25-S10.csv
2025,10,,2025-03-03,2025-03-09,Standard,Males castres,O,3,EUR/kg carcasse,5.16,,COT-VRO-GBEA_communautaire-A25-S10.csv
2025,10,,2025-03-03,2025-03-09,Standard,Males castres,P,3,EUR/kg carcasse,4.97,,COT-VRO-GBEA_communautaire-A25-S10.csv
2025,10,,2025-03-03,2025-03-09,Standard,Femelles ayant deja vele,U,3,EUR/kg carcasse,6.25,,COT-VRO-GBEA_communautaire-A25-S10.csv
2025,10,,2025-03-03,2025-03-09,Standard,Femelles ayant deja vele,R,2,EUR/kg carcasse,5.82,,COT-VRO-GBEA_communautaire-A25-S10.csv
2025,10,,2025-03-03,2025-03-09,Standard,Femelles ayant deja vele,R,3,EUR/kg carcasse,5.83,,COT-VRO-GBEA_communautaire-A25-S10.csv
2025,10,,2025-03-03,2025-03-09,Standard,Femelles ayant deja vele,R,4,EUR/kg carcasse,5.8,,COT-VRO-GBEA_communautaire-A25-S10.csv
2025,10,,2025-03-03,2025-03-09,Standard,Femelles ayant deja vele,O,2,EUR/kg carcasse,5.39,,COT-VRO-GBEA_communautaire-A25-S10.csv
2025,10,,2025-03-03,2025-03-09,Standard,Femelles ayant deja vele,O,3,EUR/kg carcasse,5.08,,COT-VRO-GBEA_communautaire-A25-S10.csv
2025,10,,2025-03-03,2025-03-09,Standard,Femelles ayant deja vele,O,4,EUR/kg carcasse,4.94,,COT-VRO-GBEA_communautaire-A25-S10.csv
2025,10,,2025-03-03,2025-03-09,Standard,Femelles ayant deja vele,P,2,EUR/kg carcasse,4.64,,COT-VRO-GBEA_communautaire-A25-S10.csv
2025,10,,2025-03-03,2025-03-09,Standard,Femelles ayant deja vele,P,3,EUR/kg carcasse,4.85,,COT-VRO-GBEA_communautaire-A25-S10.csv
2025,10,,2025-03-03,2025-03-09,Standard,Autres femelles,U,3,EUR/kg carcasse,6.25,,COT-VRO-GBEA_communautaire-A25-S10.csv
2025,10,,2025-03-03,2025-03-09,Standard,Autres femelles,R,2,EUR/kg carcasse,5.82,,COT-VRO-GBEA_communautaire-A25-S10.csv
2025,10,,2025-03-03,2025-03-09,Standard,Autres femelles,R,3,EUR/kg carcasse,5.84,,COT-VRO-GBEA_communautaire-A25-S10.csv
2025,10,,2025-03-03,2025-03-09,Standard,Autres femelles,R,4,EUR/kg carcasse,5.67,,COT-VRO-GBEA_communautaire-A25-S10.csv
2025,10,,2025-03-03,2025-03-09,Standard,Autres femelles,O,3,EUR/kg carcasse,5.32,,COT-VRO-GBEA_communautaire-A25-S10.csv
2025,11,,2025-03-10,2025-03-16,Standard,Males non castres de moins de 2 ans,E,2,EUR/kg carcasse,6.77,,COT-VRO-GBEA_communautaire-A25-S11.csv
2025,11,,2025-03-10,2025-03-16,Standard,Males non castres de moins de 2 ans,U,2,EUR/kg carcasse,6.5,,COT-VRO-GBEA_communautaire-A25-S11.csv
2025,11,,2025-03-10,2025-03-16,Standard,Males non castres de moins de 2 ans,U,3,EUR/kg carcasse,6.32,,COT-VRO-GBEA_communautaire-A25-S11.csv
2025,11,,2025-03-10,2025-03-16,Standard,Males non castres de moins de 2 ans,R,2,EUR/kg carcasse,6.21,,COT-VRO-GBEA_communautaire-A25-S11.csv
2025,11,,2025-03-10,2025-03-16,Standard,Males non castres de moins de 2 ans,R,3,EUR/kg carcasse,6.08,,COT-VRO-GBEA_communautaire-A25-S11.csv
2025,11,,2025-03-10,2025-03-16,Standard,Males non castres de moins de 2 ans,O,2,EUR/kg carcasse,5.36,,COT-VRO-GBEA_communautaire-A25-S11.csv
2025,11,,2025-03-10,2025-03-16,Standard,Males non castres de moins de 2 ans,O,3,EUR/kg carcasse,5.27,,COT-VRO-GBEA_communautaire-A25-S11.csv
2025,11,,2025-03-10,2025-03-16,Standard,Males non castres de moins de 2 ans,P,3,EUR/kg carcasse,5.14,,COT-VRO-GBEA_communautaire-A25-S11.csv
2025,11,,2025-03-10,2025-03-16,Standard,Autres males non castres,U,2,EUR/kg carcasse,5.62,,COT-VRO-GBEA_communautaire-A25-S11.csv
2025,11,,2025-03-10,2025-03-16,Standard,Autres males non castres,R,2,EUR/kg carcasse,5.46,,COT-VRO-GBEA_communautaire-A25-S11.csv
2025,11,,2025-03-10,2025-03-16,Standard,Males castres,R,3,EUR/kg carcasse,5.71,,COT-VRO-GBEA_communautaire-A25-S11.csv
2025,11,,2025-03-10,2025-03-16,Standard,Males castres,O,3,EUR/kg carcasse,5.18,,COT-VRO-GBEA_communautaire-A25-S11.csv
2025,11,,2025-03-10,2025-03-16,Standard,Males castres,P,3,EUR/kg carcasse,5.05,,COT-VRO-GBEA_communautaire-A25-S11.csv
2025,11,,2025-03-10,2025-03-16,Standard,Femelles ayant deja vele,U,3,EUR/kg carcasse,6.3,,COT-VRO-GBEA_communautaire-A25-S11.csv
2025,11,,2025-03-10,2025-03-16,Standard,Femelles ayant deja vele,R,2,EUR/kg carcasse,5.83,,COT-VRO-GBEA_communautaire-A25-S11.csv
2025,11,,2025-03-10,2025-03-16,Standard,Femelles ayant deja vele,R,3,EUR/kg carcasse,5.86,,COT-VRO-GBEA_communautaire-A25-S11.csv
2025,11,,2025-03-10,2025-03-16,Standard,Femelles ayant deja vele,R,4,EUR/kg carcasse,5.83,,COT-VRO-GBEA_communautaire-A25-S11.csv
2025,11,,2025-03-10,2025-03-16,Standard,Femelles ayant deja vele,O,2,EUR/kg carcasse,5.42,,COT-VRO-GBEA_communautaire-A25-S11.csv
2025,11,,2025-03-10,2025-03-16,Standard,Femelles ayant deja vele,O,3,EUR/kg carcasse,5.14,,COT-VRO-GBEA_communautaire-A25-S11.csv
2025,11,,2025-03-10,2025-03-16,Standard,Femelles ayant deja vele,O,4,EUR/kg carcasse,5.02,,COT-VRO-GBEA_communautaire-A25-S11.csv
2025,11,,2025-03-10,2025-03-16,Standard,Femelles ayant deja vele,P,2,EUR/kg carcasse,4.72,,COT-VRO-GBEA_communautaire-A25-S11.csv
2025,11,,2025-03-10,2025-03-16,Standard,Femelles ayant deja vele,P,3,EUR/kg carcasse,4.93,,COT-VRO-GBEA_communautaire-A25-S11.csv
2025,11,,2025-03-10,2025-03-16,Standard,Autres femelles,U,3,EUR/kg carcasse,6.29,,COT-VRO-GBEA_communautaire-A25-S11.csv
2025,11,,2025-03-10,2025-03-16,Standard,Autres femelles,R,2,EUR/kg carcasse,5.92,,COT-VRO-GBEA_communautaire-A25-S11.csv
2025,11,,2025-03-10,2025-03-16,Standard,Autres femelles,R,3,EUR/kg carcasse,5.87,,COT-VRO-GBEA_communautaire-A25-S11.csv
2025,11,,2025-03-10,2025-03-16,Standard,Autres femelles,R,4,EUR/kg carcasse,5.76,,COT-VRO-GBEA_communautaire-A25-S11.csv
2025,11,,2025-03-10,2025-03-16,Standard,Autres femelles,O,3,EUR/kg carcasse,5.38,,COT-VRO-GBEA_communautaire-A25-S11.csv
2025,12,,2025-03-17,2025-03-23,Standard,Males non castres de moins de 2 ans,E,2,EUR/kg carcasse,6.78,,COT-VRO-GBEA_communautaire-A25-S12.csv
2025,12,,2025-03-17,2025-03-23,Standard,Males non castres de moins de 2 ans,U,2,EUR/kg carcasse,6.5,,COT-VRO-GBEA_communautaire-A25-S12.csv
2025,12,,2025-03-17,2025-03-23,Standard,Males non castres de moins de 2 ans,U,3,EUR/kg carcasse,6.32,,COT-VRO-GBEA_communautaire-A25-S12.csv
2025,12,,2025-03-17,2025-03-23,Standard,Males non castres de moins de 2 ans,R,2,EUR/kg carcasse,6.24,,COT-VRO-GBEA_communautaire-A25-S12.csv
2025,12,,2025-03-17,2025-03-23,Standard,Males non castres de moins de 2 ans,R,3,EUR/kg carcasse,6.1,,COT-VRO-GBEA_communautaire-A25-S12.csv
2025,12,,2025-03-17,2025-03-23,Standard,Males non castres de moins de 2 ans,O,2,EUR/kg carcasse,5.4,,COT-VRO-GBEA_communautaire-A25-S12.csv
2025,12,,2025-03-17,2025-03-23,Standard,Males non castres de moins de 2 ans,O,3,EUR/kg carcasse,5.32,,COT-VRO-GBEA_communautaire-A25-S12.csv
2025,12,,2025-03-17,2025-03-23,Standard,Males non castres de moins de 2 ans,P,3,EUR/kg carcasse,5.2,,COT-VRO-GBEA_communautaire-A25-S12.csv
2025,12,,2025-03-17,2025-03-23,Standard,Autres males non castres,U,2,EUR/kg carcasse,5.75,,COT-VRO-GBEA_communautaire-A25-S12.csv
2025,12,,2025-03-17,2025-03-23,Standard,Autres males non castres,R,2,EUR/kg carcasse,5.61,,COT-VRO-GBEA_communautaire-A25-S12.csv
2025,12,,2025-03-17,2025-03-23,Standard,Autres males non castres,O,2,EUR/kg carcasse,4.99,,COT-VRO-GBEA_communautaire-A25-S12.csv
2025,12,,2025-03-17,2025-03-23,Standard,Males castres,R,3,EUR/kg carcasse,5.76,,COT-VRO-GBEA_communautaire-A25-S12.csv
2025,12,,2025-03-17,2025-03-23,Standard,Males castres,O,3,EUR/kg carcasse,5.32,,COT-VRO-GBEA_communautaire-A25-S12.csv
2025,12,,2025-03-17,2025-03-23,Standard,Males castres,P,3,EUR/kg carcasse,5.14,,COT-VRO-GBEA_communautaire-A25-S12.csv
2025,12,,2025-03-17,2025-03-23,Standard,Femelles ayant deja vele,U,3,EUR/kg carcasse,6.31,,COT-VRO-GBEA_communautaire-A25-S12.csv
2025,12,,2025-03-17,2025-03-23,Standard,Femelles ayant deja vele,R,2,EUR/kg carcasse,5.87,,COT-VRO-GBEA_communautaire-A25-S12.csv
2025,12,,2025-03-17,2025-03-23,Standard,Femelles ayant deja vele,R,3,EUR/kg carcasse,5.91,,COT-VRO-GBEA_communautaire-A25-S12.csv
2025,12,,2025-03-17,2025-03-23,Standard,Femelles ayant deja vele,R,4,EUR/kg carcasse,5.86,,COT-VRO-GBEA_communautaire-A25-S12.csv
2025,12,,2025-03-17,2025-03-23,Standard,Femelles ayant deja vele,O,2,EUR/kg carcasse,5.48,,COT-VRO-GBEA_communautaire-A25-S12.csv
2025,12,,2025-03-17,2025-03-23,Standard,Femelles ayant deja vele,O,3,EUR/kg carcasse,5.24,,COT-VRO-GBEA_communautaire-A25-S12.csv
2025,12,,2025-03-17,2025-03-23,Standard,Femelles ayant deja vele,O,4,EUR/kg carcasse,5.12,,COT-VRO-GBEA_communautaire-A25-S12.csv
2025,12,,2025-03-17,2025-03-23,Standard,Femelles ayant deja vele,P,2,EUR/kg carcasse,4.81,,COT-VRO-GBEA_communautaire-A25-S12.csv
2025,12,,2025-03-17,2025-03-23,Standard,Femelles ayant deja vele,P,3,EUR/kg carcasse,5.01,,COT-VRO-GBEA_communautaire-A25-S12.csv
2025,12,,2025-03-17,2025-03-23,Standard,Autres femelles,U,3,EUR/kg carcasse,6.33,,COT-VRO-GBEA_communautaire-A25-S12.csv
2025,12,,2025-03-17,2025-03-23,Standard,Autres femelles,R,2,EUR/kg carcasse,5.92,,COT-VRO-GBEA_communautaire-A25-S12.csv
2025,12,,2025-03-17,2025-03-23,Standard,Autres femelles,R,3,EUR/kg carcasse,5.94,,COT-VRO-GBEA_communautaire-A25-S12.csv
2025,12,,2025-03-17,2025-03-23,Standard,Autres femelles,R,4,EUR/kg carcasse,5.71,,COT-VRO-GBEA_communautaire-A25-S12.csv
2025,12,,2025-03-17,2025-03-23,Standard,Autres femelles,O,3,EUR/kg carcasse,5.45,,COT-VRO-GBEA_communautaire-A25-S12.csv
2025,13,,2025-03-24,2025-03-30,Standard,Males non castres de moins de 2 ans,E,2,EUR/kg carcasse,6.73,,COT-VRO-GBEA_communautaire-A25-S13.csv
2025,13,,2025-03-24,2025-03-30,Standard,Males non castres de moins de 2 ans,U,2,EUR/kg carcasse,6.52,,COT-VRO-GBEA_communautaire-A25-S13.csv
2025,13,,2025-03-24,2025-03-30,Standard,Males non castres de moins de 2 ans,U,3,EUR/kg carcasse,6.31,,COT-VRO-GBEA_communautaire-A25-S13.csv
2025,13,,2025-03-24,2025-03-30,Standard,Males non castres de moins de 2 ans,R,2,EUR/kg carcasse,6.22,,COT-VRO-GBEA_communautaire-A25-S13.csv
2025,13,,2025-03-24,2025-03-30,Standard,Males non castres de moins de 2 ans,R,3,EUR/kg carcasse,6.11,,COT-VRO-GBEA_communautaire-A25-S13.csv
2025,13,,2025-03-24,2025-03-30,Standard,Males non castres de moins de 2 ans,O,2,EUR/kg carcasse,5.46,,COT-VRO-GBEA_communautaire-A25-S13.csv
2025,13,,2025-03-24,2025-03-30,Standard,Males non castres de moins de 2 ans,O,3,EUR/kg carcasse,5.36,,COT-VRO-GBEA_communautaire-A25-S13.csv
2025,13,,2025-03-24,2025-03-30,Standard,Males non castres de moins de 2 ans,P,3,EUR/kg carcasse,5.24,,COT-VRO-GBEA_communautaire-A25-S13.csv
2025,13,,2025-03-24,2025-03-30,Standard,Autres males non castres,U,2,EUR/kg carcasse,5.8,,COT-VRO-GBEA_communautaire-A25-S13.csv
2025,13,,2025-03-24,2025-03-30,Standard,Autres males non castres,R,2,EUR/kg carcasse,5.73,,COT-VRO-GBEA_communautaire-A25-S13.csv
2025,13,,2025-03-24,2025-03-30,Standard,Autres males non castres,O,2,EUR/kg carcasse,5.21,,COT-VRO-GBEA_communautaire-A25-S13.csv
2025,13,,2025-03-24,2025-03-30,Standard,Males castres,R,3,EUR/kg carcasse,5.82,,COT-VRO-GBEA_communautaire-A25-S13.csv
2025,13,,2025-03-24,2025-03-30,Standard,Males castres,O,3,EUR/kg carcasse,5.4,,COT-VRO-GBEA_communautaire-A25-S13.csv
2025,13,,2025-03-24,2025-03-30,Standard,Males castres,P,3,EUR/kg carcasse,5.23,,COT-VRO-GBEA_communautaire-A25-S13.csv
2025,13,,2025-03-24,2025-03-30,Standard,Femelles ayant deja vele,U,3,EUR/kg carcasse,6.35,,COT-VRO-GBEA_communautaire-A25-S13.csv
2025,13,,2025-03-24,2025-03-30,Standard,Femelles ayant deja vele,R,2,EUR/kg carcasse,5.91,,COT-VRO-GBEA_communautaire-A25-S13.csv
2025,13,,2025-03-24,2025-03-30,Standard,Femelles ayant deja vele,R,3,EUR/kg carcasse,5.95,,COT-VRO-GBEA_communautaire-A25-S13.csv
2025,13,,2025-03-24,2025-03-30,Standard,Femelles ayant deja vele,R,4,EUR/kg carcasse,5.9,,COT-VRO-GBEA_communautaire-A25-S13.csv
2025,13,,2025-03-24,2025-03-30,Standard,Femelles ayant deja vele,O,2,EUR/kg carcasse,5.51,,COT-VRO-GBEA_communautaire-A25-S13.csv
2025,13,,2025-03-24,2025-03-30,Standard,Femelles ayant deja vele,O,3,EUR/kg carcasse,5.31,,COT-VRO-GBEA_communautaire-A25-S13.csv
2025,13,,2025-03-24,2025-03-30,Standard,Femelles ayant deja vele,O,4,EUR/kg carcasse,5.2,,COT-VRO-GBEA_communautaire-A25-S13.csv
2025,13,,2025-03-24,2025-03-30,Standard,Femelles ayant deja vele,P,2,EUR/kg carcasse,4.91,,COT-VRO-GBEA_communautaire-A25-S13.csv
2025,13,,2025-03-24,2025-03-30,Standard,Femelles ayant deja vele,P,3,EUR/kg carcasse,5.11,,COT-VRO-GBEA_communautaire-A25-S13.csv
2025,13,,2025-03-24,2025-03-30,Standard,Autres femelles,U,3,EUR/kg carcasse,6.36,,COT-VRO-GBEA_communautaire-A25-S13.csv
2025,13,,2025-03-24,2025-03-30,Standard,Autres femelles,R,2,EUR/kg carcasse,6.01,,COT-VRO-GBEA_communautaire-A25-S13.csv
2025,13,,2025-03-24,2025-03-30,Standard,Autres femelles,R,3,EUR/kg carcasse,5.97,,COT-VRO-GBEA_communautaire-A25-S13.csv
2025,13,,2025-03-24,2025-03-30,Standard,Autres femelles,R,4,EUR/kg carcasse,5.83,,COT-VRO-GBEA_communautaire-A25-S13.csv
2025,13,,2025-03-24,2025-03-30,Standard,Autres femelles,O,3,EUR/kg carcasse,5.51,,COT-VRO-GBEA_communautaire-A25-S13.csv
2025,14,,2025-03-31,2025-04-06,Standard,Males non castres de moins de 2 ans,E,2,EUR/kg carcasse,6.78,,COT-VRO-GBEA_communautaire-A25-S14.csv
2025,14,,2025-03-31,2025-04-06,Standard,Males non castres de moins de 2 ans,U,2,EUR/kg carcasse,6.54,,COT-VRO-GBEA_communautaire-A25-S14.csv
2025,14,,2025-03-31,2025-04-06,Standard,Males non castres de moins de 2 ans,U,3,EUR/kg carcasse,6.32,,COT-VRO-GBEA_communautaire-A25-S14.csv
2025,14,,2025-03-31,2025-04-06,Standard,Males non castres de moins de 2 ans,R,2,EUR/kg carcasse,6.23,,COT-VRO-GBEA_communautaire-A25-S14.csv
2025,14,,2025-03-31,2025-04-06,Standard,Males non castres de moins de 2 ans,R,3,EUR/kg carcasse,6.12,,COT-VRO-GBEA_communautaire-A25-S14.csv
2025,14,,2025-03-31,2025-04-06,Standard,Males non castres de moins de 2 ans,O,2,EUR/kg carcasse,5.52,,COT-VRO-GBEA_communautaire-A25-S14.csv
2025,14,,2025-03-31,2025-04-06,Standard,Males non castres de moins de 2 ans,O,3,EUR/kg carcasse,5.42,,COT-VRO-GBEA_communautaire-A25-S14.csv
2025,14,,2025-03-31,2025-04-06,Standard,Males non castres de moins de 2 ans,P,3,EUR/kg carcasse,5.31,,COT-VRO-GBEA_communautaire-A25-S14.csv
2025,14,,2025-03-31,2025-04-06,Standard,Autres males non castres,U,2,EUR/kg carcasse,5.81,,COT-VRO-GBEA_communautaire-A25-S14.csv
2025,14,,2025-03-31,2025-04-06,Standard,Autres males non castres,R,2,EUR/kg carcasse,5.73,,COT-VRO-GBEA_communautaire-A25-S14.csv
2025,14,,2025-03-31,2025-04-06,Standard,Males castres,R,3,EUR/kg carcasse,5.9,,COT-VRO-GBEA_communautaire-A25-S14.csv
2025,14,,2025-03-31,2025-04-06,Standard,Males castres,O,3,EUR/kg carcasse,5.48,,COT-VRO-GBEA_communautaire-A25-S14.csv
2025,14,,2025-03-31,2025-04-06,Standard,Males castres,P,3,EUR/kg carcasse,5.31,,COT-VRO-GBEA_communautaire-A25-S14.csv
2025,14,,2025-03-31,2025-04-06,Standard,Femelles ayant deja vele,U,3,EUR/kg carcasse,6.42,,COT-VRO-GBEA_communautaire-A25-S14.csv
2025,14,,2025-03-31,2025-04-06,Standard,Femelles ayant deja vele,R,2,EUR/kg carcasse,5.93,,COT-VRO-GBEA_communautaire-A25-S14.csv
2025,14,,2025-03-31,2025-04-06,Standard,Femelles ayant deja vele,R,3,EUR/kg carcasse,5.99,,COT-VRO-GBEA_communautaire-A25-S14.csv
2025,14,,2025-03-31,2025-04-06,Standard,Femelles ayant deja vele,R,4,EUR/kg carcasse,5.95,,COT-VRO-GBEA_communautaire-A25-S14.csv
2025,14,,2025-03-31,2025-04-06,Standard,Femelles ayant deja vele,O,2,EUR/kg carcasse,5.52,,COT-VRO-GBEA_communautaire-A25-S14.csv
2025,14,,2025-03-31,2025-04-06,Standard,Femelles ayant deja vele,O,3,EUR/kg carcasse,5.4,,COT-VRO-GBEA_communautaire-A25-S14.csv
2025,14,,2025-03-31,2025-04-06,Standard,Femelles ayant deja vele,O,4,EUR/kg carcasse,5.31,,COT-VRO-GBEA_communautaire-A25-S14.csv
2025,14,,2025-03-31,2025-04-06,Standard,Femelles ayant deja vele,P,2,EUR/kg carcasse,5.02,,COT-VRO-GBEA_communautaire-A25-S14.csv
2025,14,,2025-03-31,2025-04-06,Standard,Femelles ayant deja vele,P,3,EUR/kg carcasse,5.21,,COT-VRO-GBEA_communautaire-A25-S14.csv
2025,14,,2025-03-31,2025-04-06,Standard,Autres femelles,E,3,EUR/kg carcasse,8.24,,COT-VRO-GBEA_communautaire-A25-S14.csv
2025,14,,2025-03-31,2025-04-06,Standard,Autres femelles,U,3,EUR/kg carcasse,6.49,,COT-VRO-GBEA_communautaire-A25-S14.csv
2025,14,,2025-03-31,2025-04-06,Standard,Autres femelles,R,2,EUR/kg carcasse,6.03,,COT-VRO-GBEA_communautaire-A25-S14.csv
2025,14,,2025-03-31,2025-04-06,Standard,Autres femelles,R,3,EUR/kg carcasse,6.01,,COT-VRO-GBEA_communautaire-A25-S14.csv
2025,14,,2025-03-31,2025-04-06,Standard,Autres femelles,R,4,EUR/kg carcasse,5.87,,COT-VRO-GBEA_communautaire-A25-S14.csv
2025,14,,2025-03-31,2025-04-06,Standard,Autres femelles,O,3,EUR/kg carcasse,5.6,,COT-VRO-GBEA_communautaire-A25-S14.csv
2025,14,,2025-03-31,2025-04-06,Standard,Autres femelles,O,4,EUR/kg carcasse,5.58,,COT-VRO-GBEA_communautaire-A25-S14.csv
2025,,4,2025-04-01,2025-04-30,Bio,Males castres,U,3,EUR/kg carcasse,6.41,,COT-VRO-GBBI_prix_UE-A25-M04.csv
2025,,4,2025-04-01,2025-04-30,Bio,Males castres,R,3,EUR/kg carcasse,6.22,,COT-VRO-GBBI_prix_UE-A25-M04.csv
2025,,4,2025-04-01,2025-04-30,Bio,Males castres,O,3,EUR/kg carcasse,5.9,,COT-VRO-GBBI_prix_UE-A25-M04.csv
2025,,4,2025-04-01,2025-04-30,Bio,Femelles ayant deja vele,R,2,EUR/kg carcasse,6.22,,COT-VRO-GBBI_prix_UE-A25-M04.csv
2025,,4,2025-04-01,2025-04-30,Bio,Femelles ayant deja vele,R,3,EUR/kg carcasse,6.23,,COT-VRO-GBBI_prix_UE-A25-M04.csv
2025,,4,2025-04-01,2025-04-30,Bio,Femelles ayant deja vele,O,3,EUR/kg carcasse,5.82,,COT-VRO-GBBI_prix_UE-A25-M04.csv
2025,,4,2025-04-01,2025-04-30,Bio,Femelles ayant deja vele,P,3,EUR/kg carcasse,5.57,,COT-VRO-GBBI_prix_UE-A25-M04.csv
2025,,4,2025-04-01,2025-04-30,Bio,Autres femelles,R,3,EUR/kg carcasse,6.22,,COT-VRO-GBBI_prix_UE-A25-M04.csv
2025,15,,2025-04-07,2025-04-13,Standard,Males non castres de moins de 2 ans,E,2,EUR/kg carcasse,6.87,,COT-VRO-GBEA_communautaire-A25-S15.csv
2025,15,,2025-04-07,2025-04-13,Standard,Males non castres de moins de 2 ans,U,2,EUR/kg carcasse,6.57,,COT-VRO-GBEA_communautaire-A25-S15.csv
2025,15,,2025-04-07,2025-04-13,Standard,Males non castres de moins de 2 ans,U,3,EUR/kg carcasse,6.34,,COT-VRO-GBEA_communautaire-A25-S15.csv
2025,15,,2025-04-07,2025-04-13,Standard,Males non castres de moins de 2 ans,R,2,EUR/kg carcasse,6.26,,COT-VRO-GBEA_communautaire-A25-S15.csv
2025,15,,2025-04-07,2025-04-13,Standard,Males non castres de moins de 2 ans,R,3,EUR/kg carcasse,6.16,,COT-VRO-GBEA_communautaire-A25-S15.csv
2025,15,,2025-04-07,2025-04-13,Standard,Males non castres de moins de 2 ans,O,2,EUR/kg carcasse,5.54,,COT-VRO-GBEA_communautaire-A25-S15.csv
2025,15,,2025-04-07,2025-04-13,Standard,Males non castres de moins de 2 ans,O,3,EUR/kg carcasse,5.48,,COT-VRO-GBEA_communautaire-A25-S15.csv
2025,15,,2025-04-07,2025-04-13,Standard,Males non castres de moins de 2 ans,P,3,EUR/kg carcasse,5.39,,COT-VRO-GBEA_communautaire-A25-S15.csv
2025,15,,2025-04-07,2025-04-13,Standard,Autres males non castres,U,2,EUR/kg carcasse,5.87,,COT-VRO-GBEA_communautaire-A25-S15.csv
2025,15,,2025-04-07,2025-04-13,Standard,Autres males non castres,U,3,EUR/kg carcasse,5.84,,COT-VRO-GBEA_communautaire-A25-S15.csv
2025,15,,2025-04-07,2025-04-13,Standard,Autres males non castres,R,2,EUR/kg carcasse,5.79,,COT-VRO-GBEA_communautaire-A25-S15.csv
2025,15,,2025-04-07,2025-04-13,Standard,Males castres,R,3,EUR/kg carcasse,5.92,,COT-VRO-GBEA_communautaire-A25-S15.csv
2025,15,,2025-04-07,2025-04-13,Standard,Males castres,O,3,EUR/kg carcasse,5.56,,COT-VRO-GBEA_communautaire-A25-S15.csv
2025,15,,2025-04-07,2025-04-13,Standard,Males castres,P,3,EUR/kg carcasse,5.4,,COT-VRO-GBEA_communautaire-A25-S15.csv
2025,15,,2025-04-07,2025-04-13,Standard,Femelles ayant deja vele,E,3,EUR/kg carcasse,8.34,,COT-VRO-GBEA_communautaire-A25-S15.csv
2025,15,,2025-04-07,2025-04-13,Standard,Femelles ayant deja vele,U,3,EUR/kg carcasse,6.63,,COT-VRO-GBEA_communautaire-A25-S15.csv
2025,15,,2025-04-07,2025-04-13,Standard,Femelles ayant deja vele,R,2,EUR/kg carcasse,6.01,,COT-VRO-GBEA_communautaire-A25-S15.csv
2025,15,,2025-04-07,2025-04-13,Standard,Femelles ayant deja vele,R,3,EUR/kg carcasse,6.04,,COT-VRO-GBEA_communautaire-A25-S15.csv
2025,15,,2025-04-07,2025-04-13,Standard,Femelles ayant deja vele,R,4,EUR/kg carcasse,6.03,,COT-VRO-GBEA_communautaire-A25-S15.csv
2025,15,,2025-04-07,2025-04-13,Standard,Femelles ayant deja vele,O,2,EUR/kg carcasse,5.62,,COT-VRO-GBEA_communautaire-A25-S15.csv
2025,15,,2025-04-07,2025-04-13,Standard,Femelles ayant deja vele,O,3,EUR/kg carcasse,5.47,,COT-VRO-GBEA_communautaire-A25-S15.csv
2025,15,,2025-04-07,2025-04-13,Standard,Femelles ayant deja vele,O,4,EUR/kg carcasse,5.38,,COT-VRO-GBEA_communautaire-A25-S15.csv
2025,15,,2025-04-07,2025-04-13,Standard,Femelles ayant deja vele,P,2,EUR/kg carcasse,5.11,,COT-VRO-GBEA_communautaire-A25-S15.csv
2025,15,,2025-04-07,2025-04-13,Standard,Femelles ayant deja vele,P,3,EUR/kg carcasse,5.3,,COT-VRO-GBEA_communautaire-A25-S15.csv
2025,15,,2025-04-07,2025-04-13,Standard,Autres femelles,E,3,EUR/kg carcasse,8.4,,COT-VRO-GBEA_communautaire-A25-S15.csv
2025,15,,2025-04-07,2025-04-13,Standard,Autres femelles,U,3,EUR/kg carcasse,6.59,,COT-VRO-GBEA_communautaire-A25-S15.csv
2025,15,,2025-04-07,2025-04-13,Standard,Autres femelles,R,2,EUR/kg carcasse,6.09,,COT-VRO-GBEA_communautaire-A25-S15.csv
2025,15,,2025-04-07,2025-04-13,Standard,Autres femelles,R,3,EUR/kg carcasse,6.06,,COT-VRO-GBEA_communautaire-A25-S15.csv
2025,15,,2025-04-07,2025-04-13,Standard,Autres femelles,R,4,EUR/kg carcasse,5.91,,COT-VRO-GBEA_communautaire-A25-S15.csv
2025,15,,2025-04-07,2025-04-13,Standard,Autres femelles,O,3,EUR/kg carcasse,5.63,,COT-VRO-GBEA_communautaire-A25-S15.csv
2025,16,,2025-04-14,2025-04-20,Standard,Males non castres de moins de 2 ans,E,2,EUR/kg carcasse,6.83,,COT-VRO-GBEA_communautaire-A25-S16.csv
2025,16,,2025-04-14,2025-04-20,Standard,Males non castres de moins de 2 ans,U,2,EUR/kg carcasse,6.58,,COT-VRO-GBEA_communautaire-A25-S16.csv
2025,16,,2025-04-14,2025-04-20,Standard,Males non castres de moins de 2 ans,U,3,EUR/kg carcasse,6.35,,COT-VRO-GBEA_communautaire-A25-S16.csv
2025,16,,2025-04-14,2025-04-20,Standard,Males non castres de moins de 2 ans,R,2,EUR/kg carcasse,6.31,,COT-VRO-GBEA_communautaire-A25-S16.csv
2025,16,,2025-04-14,2025-04-20,Standard,Males non castres de moins de 2 ans,R,3,EUR/kg carcasse,6.18,,COT-VRO-GBEA_communautaire-A25-S16.csv
2025,16,,2025-04-14,2025-04-20,Standard,Males non castres de moins de 2 ans,O,2,EUR/kg carcasse,5.62,,COT-VRO-GBEA_communautaire-A25-S16.csv
2025,16,,2025-04-14,2025-04-20,Standard,Males non castres de moins de 2 ans,O,3,EUR/kg carcasse,5.54,,COT-VRO-GBEA_communautaire-A25-S16.csv
2025,16,,2025-04-14,2025-04-20,Standard,Males non castres de moins de 2 ans,P,3,EUR/kg carcasse,5.46,,COT-VRO-GBEA_communautaire-A25-S16.csv
2025,16,,2025-04-14,2025-04-20,Standard,Autres males non castres,U,2,EUR/kg carcasse,5.94,,COT-VRO-GBEA_communautaire-A25-S16.csv
2025,16,,2025-04-14,2025-04-20,Standard,Autres males non castres,R,2,EUR/kg carcasse,5.87,,COT-VRO-GBEA_communautaire-A25-S16.csv
2025,16,,2025-04-14,2025-04-20,Standard,Autres males non castres,O,2,EUR/kg carcasse,5.37,,COT-VRO-GBEA_communautaire-A25-S16.csv
2025,16,,2025-04-14,2025-04-20,Standard,Males castres,R,3,EUR/kg carcasse,5.98,,COT-VRO-GBEA_communautaire-A25-S16.csv
2025,16,,2025-04-14,2025-04-20,Standard,Males castres,O,3,EUR/kg carcasse,5.61,,COT-VRO-GBEA_communautaire-A25-S16.csv
2025,16,,2025-04-14,2025-04-20,Standard,Males castres,P,3,EUR/kg carcasse,5.49,,COT-VRO-GBEA_communautaire-A25-S16.csv
2025,16,,2025-04-14,2025-04-20,Standard,Femelles ayant deja vele,U,3,EUR/kg carcasse,6.46,,COT-VRO-GBEA_communautaire-A25-S16.csv
2025,16,,2025-04-14,2025-04-20,Standard,Femelles ayant deja vele,R,2,EUR/kg carcasse,6.07,,COT-VRO-GBEA_communautaire-A25-S16.csv
2025,16,,2025-04-14,2025-04-20,Standard,Femelles ayant deja vele,R,3,EUR/kg carcasse,6.08,,COT-VRO-GBEA_communautaire-A25-S16.csv
2025,16,,2025-04-14,2025-04-20,Standard,Femelles ayant deja vele,R,4,EUR/kg carcasse,6.05,,COT-VRO-GBEA_communautaire-A25-S16.csv
2025,16,,2025-04-14,2025-04-20,Standard,Femelles ayant deja vele,O,2,EUR/kg carcasse,5.72,,COT-VRO-GBEA_communautaire-A25-S16.csv
2025,16,,2025-04-14,2025-04-20,Standard,Femelles ayant deja vele,O,3,EUR/kg carcasse,5.57,,COT-VRO-GBEA_communautaire-A25-S16.csv
2025,16,,2025-04-14,2025-04-20,Standard,Femelles ayant deja vele,O,4,EUR/kg carcasse,5.46,,COT-VRO-GBEA_communautaire-A25-S16.csv
2025,16,,2025-04-14,2025-04-20,Standard,Femelles ayant deja vele,P,2,EUR/kg carcasse,5.21,,COT-VRO-GBEA_communautaire-A25-S16.csv
2025,16,,2025-04-14,2025-04-20,Standard,Femelles ayant deja vele,P,3,EUR/kg carcasse,5.4,,COT-VRO-GBEA_communautaire-A25-S16.csv
2025,16,,2025-04-14,2025-04-20,Standard,Autres femelles,U,3,EUR/kg carcasse,6.49,,COT-VRO-GBEA_communautaire-A25-S16.csv
2025,16,,2025-04-14,2025-04-20,Standard,Autres femelles,R,2,EUR/kg carcasse,6.18,,COT-VRO-GBEA_communautaire-A25-S16.csv
2025,16,,2025-04-14,2025-04-20,Standard,Autres femelles,R,3,EUR/kg carcasse,6.11,,COT-VRO-GBEA_communautaire-A25-S16.csv
2025,16,,2025-04-14,2025-04-20,Standard,Autres femelles,R,4,EUR/kg carcasse,5.93,,COT-VRO-GBEA_communautaire-A25-S16.csv
2025,16,,2025-04-14,2025-04-20,Standard,Autres femelles,O,3,EUR/kg carcasse,5.73,,COT-VRO-GBEA_communautaire-A25-S16.csv
2025,17,,2025-04-21,2025-04-27,Standard,Males non castres de moins de 2 ans,E,2,EUR/kg carcasse,6.9,,COT-VRO-GBEA_communautaire-A25-S17.csv
2025,17,,2025-04-21,2025-04-27,Standard,Males non castres de moins de 2 ans,U,2,EUR/kg carcasse,6.61,,COT-VRO-GBEA_communautaire-A25-S17.csv
2025,17,,2025-04-21,2025-04-27,Standard,Males non castres de moins de 2 ans,U,3,EUR/kg carcasse,6.39,,COT-VRO-GBEA_communautaire-A25-S17.csv
2025,17,,2025-04-21,2025-04-27,Standard,Males non castres de moins de 2 ans,R,2,EUR/kg carcasse,6.31,,COT-VRO-GBEA_communautaire-A25-S17.csv
2025,17,,2025-04-21,2025-04-27,Standard,Males non castres de moins de 2 ans,R,3,EUR/kg carcasse,6.21,,COT-VRO-GBEA_communautaire-A25-S17.csv
2025,17,,2025-04-21,2025-04-27,Standard,Males non castres de moins de 2 ans,O,2,EUR/kg carcasse,5.74,,COT-VRO-GBEA_communautaire-A25-S17.csv
2025,17,,2025-04-21,2025-04-27,Standard,Males non castres de moins de 2 ans,O,3,EUR/kg carcasse,5.63,,COT-VRO-GBEA_communautaire-A25-S17.csv
2025,17,,2025-04-21,2025-04-27,Standard,Males non castres de moins de 2 ans,P,3,EUR/kg carcasse,5.55,,COT-VRO-GBEA_communautaire-A25-S17.csv
2025,17,,2025-04-21,2025-04-27,Standard,Autres males non castres,U,2,EUR/kg carcasse,5.98,,COT-VRO-GBEA_communautaire-A25-S17.csv
2025,17,,2025-04-21,2025-04-27,Standard,Autres males non castres,R,2,EUR/kg carcasse,5.89,,COT-VRO-GBEA_communautaire-A25-S17.csv
2025,17,,2025-04-21,2025-04-27,Standard,Autres males non castres,O,2,EUR/kg carcasse,5.45,,COT-VRO-GBEA_communautaire-A25-S17.csv
2025,17,,2025-04-21,2025-04-27,Standard,Males castres,R,3,EUR/kg carcasse,6.04,,COT-VRO-GBEA_communautaire-A25-S17.csv
2025,17,,2025-04-21,2025-04-27,Standard,Males castres,O,3,EUR/kg carcasse,5.72,,COT-VRO-GBEA_communautaire-A25-S17.csv
2025,17,,2025-04-21,2025-04-27,Standard,Males castres,P,3,EUR/kg carcasse,5.59,,COT-VRO-GBEA_communautaire-A25-S17.csv
2025,17,,2025-04-21,2025-04-27,Standard,Femelles ayant deja vele,U,3,EUR/kg carcasse,6.5,,COT-VRO-GBEA_communautaire-A25-S17.csv
2025,17,,2025-04-21,2025-04-27,Standard,Femelles ayant deja vele,R,2,EUR/kg carcasse,6.1,,COT-VRO-GBEA_communautaire-A25-S17.csv
2025,17,,2025-04-21,2025-04-27,Standard,Femelles ayant deja vele,R,3,EUR/kg carcasse,6.14,,COT-VRO-GBEA_communautaire-A25-S17.csv
2025,17,,2025-04-21,2025-04-27,Standard,Femelles ayant deja vele,R,4,EUR/kg carcasse,6.07,,COT-VRO-GBEA_communautaire-A25-S17.csv
2025,17,,2025-04-21,2025-04-27,Standard,Femelles ayant deja vele,O,2,EUR/kg carcasse,5.82,,COT-VRO-GBEA_communautaire-A25-S17.csv
2025,17,,2025-04-21,2025-04-27,Standard,Femelles ayant deja vele,O,3,EUR/kg carcasse,5.65,,COT-VRO-GBEA_communautaire-A25-S17.csv
2025,17,,2025-04-21,2025-04-27,Standard,Femelles ayant deja vele,O,4,EUR/kg carcasse,5.57,,COT-VRO-GBEA_communautaire-A25-S17.csv
2025,17,,2025-04-21,2025-04-27,Standard,Femelles ayant deja vele,P,2,EUR/kg carcasse,5.3,,COT-VRO-GBEA_communautaire-A25-S17.csv
2025,17,,2025-04-21,2025-04-27,Standard,Femelles ayant deja vele,P,3,EUR/kg carcasse,5.49,,COT-VRO-GBEA_communautaire-A25-S17.csv
2025,17,,2025-04-21,2025-04-27,Standard,Autres femelles,U,3,EUR/kg carcasse,6.5,,COT-VRO-GBEA_communautaire-A25-S17.csv
2025,17,,2025-04-21,2025-04-27,Standard,Autres femelles,R,2,EUR/kg carcasse,6.14,,COT-VRO-GBEA_communautaire-A25-S17.csv
2025,17,,2025-04-21,2025-04-27,Standard,Autres femelles,R,3,EUR/kg carcasse,6.16,,COT-VRO-GBEA_communautaire-A25-S17.csv
2025,17,,2025-04-21,2025-04-27,Standard,Autres femelles,R,4,EUR/kg carcasse,6.01,,COT-VRO-GBEA_communautaire-A25-S17.csv
2025,17,,2025-04-21,2025-04-27,Standard,Autres femelles,O,3,EUR/kg carcasse,5.78,,COT-VRO-GBEA_communautaire-A25-S17.csv
2025,18,,2025-04-28,2025-05-04,Standard,Males non castres de moins de 2 ans,E,2,EUR/kg carcasse,6.89,,COT-VRO-GBEA_communautaire-A25-S18.csv
2025,18,,2025-04-28,2025-05-04,Standard,Males non castres de moins de 2 ans,U,2,EUR/kg carcasse,6.63,,COT-VRO-GBEA_communautaire-A25-S18.csv
2025,18,,2025-04-28,2025-05-04,Standard,Males non castres de moins de 2 ans,U,3,EUR/kg carcasse,6.41,,COT-VRO-GBEA_communautaire-A25-S18.csv
2025,18,,2025-04-28,2025-05-04,Standard,Males non castres de moins de 2 ans,R,2,EUR/kg carcasse,6.35,,COT-VRO-GBEA_communautaire-A25-S18.csv
2025,18,,2025-04-28,2025-05-04,Standard,Males non castres de moins de 2 ans,R,3,EUR/kg carcasse,6.22,,COT-VRO-GBEA_communautaire-A25-S18.csv
2025,18,,2025-04-28,2025-05-04,Standard,Males non castres de moins de 2 ans,O,2,EUR/kg carcasse,5.79,,COT-VRO-GBEA_communautaire-A25-S18.csv
2025,18,,2025-04-28,2025-05-04,Standard,Males non castres de moins de 2 ans,O,3,EUR/kg carcasse,5.69,,COT-VRO-GBEA_communautaire-A25-S18.csv
2025,18,,2025-04-28,2025-05-04,Standard,Males non castres de moins de 2 ans,P,3,EUR/kg carcasse,5.64,,COT-VRO-GBEA_communautaire-A25-S18.csv
2025,18,,2025-04-28,2025-05-04,Standard,Autres males non castres,U,2,EUR/kg carcasse,6.03,,COT-VRO-GBEA_communautaire-A25-S18.csv
2025,18,,2025-04-28,2025-05-04,Standard,Autres males non castres,R,2,EUR/kg carcasse,5.91,,COT-VRO-GBEA_communautaire-A25-S18.csv
2025,18,,2025-04-28,2025-05-04,Standard,Males castres,R,3,EUR/kg carcasse,6.11,,COT-VRO-GBEA_communautaire-A25-S18.csv
2025,18,,2025-04-28,2025-05-04,Standard,Males castres,O,3,EUR/kg carcasse,5.79,,COT-VRO-GBEA_communautaire-A25-S18.csv
2025,18,,2025-04-28,2025-05-04,Standard,Males castres,P,3,EUR/kg carcasse,5.69,,COT-VRO-GBEA_communautaire-A25-S18.csv
2025,18,,2025-04-28,2025-05-04,Standard,Femelles ayant deja vele,U,3,EUR/kg carcasse,6.53,,COT-VRO-GBEA_communautaire-A25-S18.csv
2025,18,,2025-04-28,2025-05-04,Standard,Femelles ayant deja vele,R,2,EUR/kg carcasse,6.17,,COT-VRO-GBEA_communautaire-A25-S18.csv
2025,18,,2025-04-28,2025-05-04,Standard,Femelles ayant deja vele,R,3,EUR/kg carcasse,6.18,,COT-VRO-GBEA_communautaire-A25-S18.csv
2025,18,,2025-04-28,2025-05-04,Standard,Femelles ayant deja vele,R,4,EUR/kg carcasse,6.12,,COT-VRO-GBEA_communautaire-A25-S18.csv
2025,18,,2025-04-28,2025-05-04,Standard,Femelles ayant deja vele,O,2,EUR/kg carcasse,5.91,,COT-VRO-GBEA_communautaire-A25-S18.csv
2025,18,,2025-04-28,2025-05-04,Standard,Femelles ayant deja vele,O,3,EUR/kg carcasse,5.74,,COT-VRO-GBEA_communautaire-A25-S18.csv
2025,18,,2025-04-28,2025-05-04,Standard,Femelles ayant deja vele,O,4,EUR/kg carcasse,5.64,,COT-VRO-GBEA_communautaire-A25-S18.csv
2025,18,,2025-04-28,2025-05-04,Standard,Femelles ayant deja vele,P,2,EUR/kg carcasse,5.41,,COT-VRO-GBEA_communautaire-A25-S18.csv
2025,18,,2025-04-28,2025-05-04,Standard,Femelles ayant deja vele,P,3,EUR/kg carcasse,5.6,,COT-VRO-GBEA_communautaire-A25-S18.csv
2025,18,,2025-04-28,2025-05-04,Standard,Autres femelles,U,3,EUR/kg carcasse,6.51,,COT-VRO-GBEA_communautaire-A25-S18.csv
2025,18,,2025-04-28,2025-05-04,Standard,Autres femelles,R,2,EUR/kg carcasse,6.3,,COT-VRO-GBEA_communautaire-A25-S18.csv
2025,18,,2025-04-28,2025-05-04,Standard,Autres femelles,R,3,EUR/kg carcasse,6.21,,COT-VRO-GBEA_communautaire-A25-S18.csv
2025,18,,2025-04-28,2025-05-04,Standard,Autres femelles,R,4,EUR/kg carcasse,6.05,,COT-VRO-GBEA_communautaire-A25-S18.csv
2025,18,,2025-04-28,2025-05-04,Standard,Autres femelles,O,3,EUR/kg carcasse,5.87,,COT-VRO-GBEA_communautaire-A25-S18.csv
2025,,5,2025-05-01,2025-05-31,Bio,Males castres,R,3,EUR/kg carcasse,6.53,,COT-VRO-GBBI_prix_UE-A25-M05.csv
2025,,5,2025-05-01,2025-05-31,Bio,Males castres,O,3,EUR/kg carcasse,6.33,,COT-VRO-GBBI_prix_UE-A25-M05.csv
2025,,5,2025-05-01,2025-05-31,Bio,Femelles ayant deja vele,R,2,EUR/kg carcasse,6.5,,COT-VRO-GBBI_prix_UE-A25-M05.csv
2025,,5,2025-05-01,2025-05-31,Bio,Femelles ayant deja vele,R,3,EUR/kg carcasse,6.52,,COT-VRO-GBBI_prix_UE-A25-M05.csv
2025,,5,2025-05-01,2025-05-31,Bio,Femelles ayant deja vele,O,3,EUR/kg carcasse,6.21,,COT-VRO-GBBI_prix_UE-A25-M05.csv
2025,,5,2025-05-01,2025-05-31,Bio,Femelles ayant deja vele,P,3,EUR/kg carcasse,6.02,,COT-VRO-GBBI_prix_UE-A25-M05.csv
2025,,5,2025-05-01,2025-05-31,Bio,Autres femelles,R,3,EUR/kg carcasse,6.54,,COT-VRO-GBBI_prix_UE-A25-M05.csv
2025,19,,2025-05-05,2025-05-11,Standard,Males non castres de moins de 2 ans,E,2,EUR/kg carcasse,6.92,,COT-VRO-GBEA_communautaire-A25-S19.csv
2025,19,,2025-05-05,2025-05-11,Standard,Males non castres de moins de 2 ans,U,2,EUR/kg carcasse,6.65,,COT-VRO-GBEA_communautaire-A25-S19.csv
2025,19,,2025-05-05,2025-05-11,Standard,Males non castres de moins de 2 ans,U,3,EUR/kg carcasse,6.43,,COT-VRO-GBEA_communautaire-A25-S19.csv
2025,19,,2025-05-05,2025-05-11,Standard,Males non castres de moins de 2 ans,R,2,EUR/kg carcasse,6.39,,COT-VRO-GBEA_communautaire-A25-S19.csv
2025,19,,2025-05-05,2025-05-11,Standard,Males non castres de moins de 2 ans,R,3,EUR/kg carcasse,6.26,,COT-VRO-GBEA_communautaire-A25-S19.csv
2025,19,,2025-05-05,2025-05-11,Standard,Males non castres de moins de 2 ans,O,2,EUR/kg carcasse,5.85,,COT-VRO-GBEA_communautaire-A25-S19.csv
2025,19,,2025-05-05,2025-05-11,Standard,Males non castres de moins de 2 ans,O,3,EUR/kg carcasse,5.78,,COT-VRO-GBEA_communautaire-A25-S19.csv
2025,19,,2025-05-05,2025-05-11,Standard,Males non castres de moins de 2 ans,P,3,EUR/kg carcasse,5.74,,COT-VRO-GBEA_communautaire-A25-S19.csv
2025,19,,2025-05-05,2025-05-11,Standard,Autres males non castres,U,2,EUR/kg carcasse,6.08,,COT-VRO-GBEA_communautaire-A25-S19.csv
2025,19,,2025-05-05,2025-05-11,Standard,Autres males non castres,R,2,EUR/kg carcasse,5.93,,COT-VRO-GBEA_communautaire-A25-S19.csv
2025,19,,2025-05-05,2025-05-11,Standard,Males castres,R,3,EUR/kg carcasse,6.17,,COT-VRO-GBEA_communautaire-A25-S19.csv
2025,19,,2025-05-05,2025-05-11,Standard,Males castres,O,3,EUR/kg carcasse,5.87,,COT-VRO-GBEA_communautaire-A25-S19.csv
2025,19,,2025-05-05,2025-05-11,Standard,Males castres,P,3,EUR/kg carcasse,5.8,,COT-VRO-GBEA_communautaire-A25-S19.csv
2025,19,,2025-05-05,2025-05-11,Standard,Femelles ayant deja vele,U,3,EUR/kg carcasse,6.59,,COT-VRO-GBEA_communautaire-A25-S19.csv
2025,19,,2025-05-05,2025-05-11,Standard,Femelles ayant deja vele,R,2,EUR/kg carcasse,6.22,,COT-VRO-GBEA_communautaire-A25-S19.csv
2025,19,,2025-05-05,2025-05-11,Standard,Femelles ayant deja vele,R,3,EUR/kg carcasse,6.25,,COT-VRO-GBEA_communautaire-A25-S19.csv
2025,19,,2025-05-05,2025-05-11,Standard,Femelles ayant deja vele,R,4,EUR/kg carcasse,6.21,,COT-VRO-GBEA_communautaire-A25-S19.csv
2025,19,,2025-05-05,2025-05-11,Standard,Femelles ayant deja vele,O,2,EUR/kg carcasse,6.01,,COT-VRO-GBEA_communautaire-A25-S19.csv
2025,19,,2025-05-05,2025-05-11,Standard,Femelles ayant deja vele,O,3,EUR/kg carcasse,5.84,,COT-VRO-GBEA_communautaire-A25-S19.csv
2025,19,,2025-05-05,2025-05-11,Standard,Femelles ayant deja vele,O,4,EUR/kg carcasse,5.74,,COT-VRO-GBEA_communautaire-A25-S19.csv
2025,19,,2025-05-05,2025-05-11,Standard,Femelles ayant deja vele,P,2,EUR/kg carcasse,5.51,,COT-VRO-GBEA_communautaire-A25-S19.csv
2025,19,,2025-05-05,2025-05-11,Standard,Femelles ayant deja vele,P,3,EUR/kg carcasse,5.7,,COT-VRO-GBEA_communautaire-A25-S19.csv
2025,19,,2025-05-05,2025-05-11,Standard,Autres femelles,U,3,EUR/kg carcasse,6.57,,COT-VRO-GBEA_communautaire-A25-S19.csv
2025,19,,2025-05-05,2025-05-11,Standard,Autres femelles,R,2,EUR/kg carcasse,6.23,,COT-VRO-GBEA_communautaire-A25-S19.csv
2025,19,,2025-05-05,2025-05-11,Standard,Autres femelles,R,3,EUR/kg carcasse,6.26,,COT-VRO-GBEA_communautaire-A25-S19.csv
2025,19,,2025-05-05,2025-05-11,Standard,Autres femelles,R,4,EUR/kg carcasse,6.12,,COT-VRO-GBEA_communautaire-A25-S19.csv
2025,19,,2025-05-05,2025-05-11,Standard,Autres femelles,O,3,EUR/kg carcasse,5.92,,COT-VRO-GBEA_communautaire-A25-S19.csv
2025,20,,2025-05-12,2025-05-18,Standard,Males non castres de moins de 2 ans,E,2,EUR/kg carcasse,6.93,,COT-VRO-GBEA_communautaire-A25-S20.csv
2025,20,,2025-05-12,2025-05-18,Standard,Males non castres de moins de 2 ans,U,2,EUR/kg carcasse,6.69,,COT-VRO-GBEA_communautaire-A25-S20.csv
2025,20,,2025-05-12,2025-05-18,Standard,Males non castres de moins de 2 ans,U,3,EUR/kg carcasse,6.46,,COT-VRO-GBEA_communautaire-A25-S20.csv
2025,20,,2025-05-12,2025-05-18,Standard,Males non castres de moins de 2 ans,R,2,EUR/kg carcasse,6.43,,COT-VRO-GBEA_communautaire-A25-S20.csv
2025,20,,2025-05-12,2025-05-18,Standard,Males non castres de moins de 2 ans,R,3,EUR/kg carcasse,6.29,,COT-VRO-GBEA_communautaire-A25-S20.csv
2025,20,,2025-05-12,2025-05-18,Standard,Males non castres de moins de 2 ans,O,2,EUR/kg carcasse,5.95,,COT-VRO-GBEA_communautaire-A25-S20.csv
2025,20,,2025-05-12,2025-05-18,Standard,Males non castres de moins de 2 ans,O,3,EUR/kg carcasse,5.87,,COT-VRO-GBEA_communautaire-A25-S20.csv
2025,20,,2025-05-12,2025-05-18,Standard,Males non castres de moins de 2 ans,P,3,EUR/kg carcasse,5.81,,COT-VRO-GBEA_communautaire-A25-S20.csv
2025,20,,2025-05-12,2025-05-18,Standard,Autres males non castres,U,2,EUR/kg carcasse,6.15,,COT-VRO-GBEA_communautaire-A25-S20.csv
2025,20,,2025-05-12,2025-05-18,Standard,Autres males non castres,R,2,EUR/kg carcasse,6.09,,COT-VRO-GBEA_communautaire-A25-S20.csv
2025,20,,2025-05-12,2025-05-18,Standard,Males castres,R,3,EUR/kg carcasse,6.21,,COT-VRO-GBEA_communautaire-A25-S20.csv
2025,20,,2025-05-12,2025-05-18,Standard,Males castres,O,3,EUR/kg carcasse,5.98,,COT-VRO-GBEA_communautaire-A25-S20.csv
2025,20,,2025-05-12,2025-05-18,Standard,Males castres,P,3,EUR/kg carcasse,5.89,,COT-VRO-GBEA_communautaire-A25-S20.csv
2025,20,,2025-05-12,2025-05-18,Standard,Femelles ayant deja vele,U,3,EUR/kg carcasse,6.61,,COT-VRO-GBEA_communautaire-A25-S20.csv
2025,20,,2025-05-12,2025-05-18,Standard,Femelles ayant deja vele,R,2,EUR/kg carcasse,6.31,,COT-VRO-GBEA_communautaire-A25-S20.csv
2025,20,,2025-05-12,2025-05-18,Standard,Femelles ayant deja vele,R,3,EUR/kg carcasse,6.3,,COT-VRO-GBEA_communautaire-A25-S20.csv
2025,20,,2025-05-12,2025-05-18,Standard,Femelles ayant deja vele,R,4,EUR/kg carcasse,6.25,,COT-VRO-GBEA_communautaire-A25-S20.csv
2025,20,,2025-05-12,2025-05-18,Standard,Femelles ayant deja vele,O,2,EUR/kg carcasse,6.05,,COT-VRO-GBEA_communautaire-A25-S20.csv
2025,20,,2025-05-12,2025-05-18,Standard,Femelles ayant deja vele,O,3,EUR/kg carcasse,5.93,,COT-VRO-GBEA_communautaire-A25-S20.csv
2025,20,,2025-05-12,2025-05-18,Standard,Femelles ayant deja vele,O,4,EUR/kg carcasse,5.83,,COT-VRO-GBEA_communautaire-A25-S20.csv
2025,20,,2025-05-12,2025-05-18,Standard,Femelles ayant deja vele,P,2,EUR/kg carcasse,5.62,,COT-VRO-GBEA_communautaire-A25-S20.csv
2025,20,,2025-05-12,2025-05-18,Standard,Femelles ayant deja vele,P,3,EUR/kg carcasse,5.81,,COT-VRO-GBEA_communautaire-A25-S20.csv
2025,20,,2025-05-12,2025-05-18,Standard,Autres femelles,U,3,EUR/kg carcasse,6.62,,COT-VRO-GBEA_communautaire-A25-S20.csv
2025,20,,2025-05-12,2025-05-18,Standard,Autres femelles,R,2,EUR/kg carcasse,6.38,,COT-VRO-GBEA_communautaire-A25-S20.csv
2025,20,,2025-05-12,2025-05-18,Standard,Autres femelles,R,3,EUR/kg carcasse,6.31,,COT-VRO-GBEA_communautaire-A25-S20.csv
2025,20,,2025-05-12,2025-05-18,Standard,Autres femelles,R,4,EUR/kg carcasse,6.14,,COT-VRO-GBEA_communautaire-A25-S20.csv
2025,20,,2025-05-12,2025-05-18,Standard,Autres femelles,O,3,EUR/kg carcasse,6,,COT-VRO-GBEA_communautaire-A25-S20.csv
2025,21,,2025-05-19,2025-05-25,Standard,Males non castres de moins de 2 ans,E,2,EUR/kg carcasse,7.04,,COT-VRO-GBEA_communautaire-A25-S21.csv
2025,21,,2025-05-19,2025-05-25,Standard,Males non castres de moins de 2 ans,U,2,EUR/kg carcasse,6.7,,COT-VRO-GBEA_communautaire-A25-S21.csv
2025,21,,2025-05-19,2025-05-25,Standard,Males non castres de moins de 2 ans,U,3,EUR/kg carcasse,6.47,,COT-VRO-GBEA_communautaire-A25-S21.csv
2025,21,,2025-05-19,2025-05-25,Standard,Males non castres de moins de 2 ans,R,2,EUR/kg carcasse,6.44,,COT-VRO-GBEA_communautaire-A25-S21.csv
2025,21,,2025-05-19,2025-05-25,Standard,Males non castres de moins de 2 ans,R,3,EUR/kg carcasse,6.31,,COT-VRO-GBEA_communautaire-A25-S21.csv
2025,21,,2025-05-19,2025-05-25,Standard,Males non castres de moins de 2 ans,O,2,EUR/kg carcasse,6,,COT-VRO-GBEA_communautaire-A25-S21.csv
2025,21,,2025-05-19,2025-05-25,Standard,Males non castres de moins de 2 ans,O,3,EUR/kg carcasse,5.93,,COT-VRO-GBEA_communautaire-A25-S21.csv
2025,21,,2025-05-19,2025-05-25,Standard,Males non castres de moins de 2 ans,P,3,EUR/kg carcasse,5.87,,COT-VRO-GBEA_communautaire-A25-S21.csv
2025,21,,2025-05-19,2025-05-25,Standard,Autres males non castres,U,2,EUR/kg carcasse,6.14,,COT-VRO-GBEA_communautaire-A25-S21.csv
2025,21,,2025-05-19,2025-05-25,Standard,Autres males non castres,U,3,EUR/kg carcasse,6.06,,COT-VRO-GBEA_communautaire-A25-S21.csv
2025,21,,2025-05-19,2025-05-25,Standard,Autres males non castres,R,2,EUR/kg carcasse,6.09,,COT-VRO-GBEA_communautaire-A25-S21.csv
2025,21,,2025-05-19,2025-05-25,Standard,Autres males non castres,O,2,EUR/kg carcasse,5.66,,COT-VRO-GBEA_communautaire-A25-S21.csv
2025,21,,2025-05-19,2025-05-25,Standard,Males castres,R,3,EUR/kg carcasse,6.28,,COT-VRO-GBEA_communautaire-A25-S21.csv
2025,21,,2025-05-19,2025-05-25,Standard,Males castres,O,3,EUR/kg carcasse,6.03,,COT-VRO-GBEA_communautaire-A25-S21.csv
2025,21,,2025-05-19,2025-05-25,Standard,Males castres,P,3,EUR/kg carcasse,5.91,,COT-VRO-GBEA_communautaire-A25-S21.csv
2025,21,,2025-05-19,2025-05-25,Standard,Femelles ayant deja vele,U,3,EUR/kg carcasse,6.7,,COT-VRO-GBEA_communautaire-A25-S21.csv
2025,21,,2025-05-19,2025-05-25,Standard,Femelles ayant deja vele,R,2,EUR/kg carcasse,6.37,,COT-VRO-GBEA_communautaire-A25-S21.csv
2025,21,,2025-05-19,2025-05-25,Standard,Femelles ayant deja vele,R,3,EUR/kg carcasse,6.36,,COT-VRO-GBEA_communautaire-A25-S21.csv
2025,21,,2025-05-19,2025-05-25,Standard,Femelles ayant deja vele,R,4,EUR/kg carcasse,6.3,,COT-VRO-GBEA_communautaire-A25-S21.csv
2025,21,,2025-05-19,2025-05-25,Standard,Femelles ayant deja vele,O,2,EUR/kg carcasse,6.07,,COT-VRO-GBEA_communautaire-A25-S21.csv
2025,21,,2025-05-19,2025-05-25,Standard,Femelles ayant deja vele,O,3,EUR/kg carcasse,5.98,,COT-VRO-GBEA_communautaire-A25-S21.csv
2025,21,,2025-05-19,2025-05-25,Standard,Femelles ayant deja vele,O,4,EUR/kg carcasse,5.88,,COT-VRO-GBEA_communautaire-A25-S21.csv
2025,21,,2025-05-19,2025-05-25,Standard,Femelles ayant deja vele,P,2,EUR/kg carcasse,5.65,,COT-VRO-GBEA_communautaire-A25-S21.csv
2025,21,,2025-05-19,2025-05-25,Standard,Femelles ayant deja vele,P,3,EUR/kg carcasse,5.84,,COT-VRO-GBEA_communautaire-A25-S21.csv
2025,21,,2025-05-19,2025-05-25,Standard,Autres femelles,U,3,EUR/kg carcasse,6.7,,COT-VRO-GBEA_communautaire-A25-S21.csv
2025,21,,2025-05-19,2025-05-25,Standard,Autres femelles,R,2,EUR/kg carcasse,6.41,,COT-VRO-GBEA_communautaire-A25-S21.csv
2025,21,,2025-05-19,2025-05-25,Standard,Autres femelles,R,3,EUR/kg carcasse,6.37,,COT-VRO-GBEA_communautaire-A25-S21.csv
2025,21,,2025-05-19,2025-05-25,Standard,Autres femelles,R,4,EUR/kg carcasse,6.23,,COT-VRO-GBEA_communautaire-A25-S21.csv
2025,21,,2025-05-19,2025-05-25,Standard,Autres femelles,O,3,EUR/kg carcasse,6.12,,COT-VRO-GBEA_communautaire-A25-S21.csv
2025,21,,2025-05-19,2025-05-25,Standard,Autres femelles,O,4,EUR/kg carcasse,6.05,,COT-VRO-GBEA_communautaire-A25-S21.csv
2025,22,,2025-05-26,2025-06-01,Standard,Males non castres de moins de 2 ans,E,2,EUR/kg carcasse,6.98,,COT-VRO-GBEA_communautaire-A25-S22.csv
2025,22,,2025-05-26,2025-06-01,Standard,Males non castres de moins de 2 ans,U,2,EUR/kg carcasse,6.7,,COT-VRO-GBEA_communautaire-A25-S22.csv
2025,22,,2025-05-26,2025-06-01,Standard,Males non castres de moins de 2 ans,U,3,EUR/kg carcasse,6.49,,COT-VRO-GBEA_communautaire-A25-S22.csv
2025,22,,2025-05-26,2025-06-01,Standard,Males non castres de moins de 2 ans,R,2,EUR/kg carcasse,6.48,,COT-VRO-GBEA_communautaire-A25-S22.csv
2025,22,,2025-05-26,2025-06-01,Standard,Males non castres de moins de 2 ans,R,3,EUR/kg carcasse,6.33,,COT-VRO-GBEA_communautaire-A25-S22.csv
2025,22,,2025-05-26,2025-06-01,Standard,Males non castres de moins de 2 ans,O,2,EUR/kg carcasse,6.05,,COT-VRO-GBEA_communautaire-A25-S22.csv
2025,22,,2025-05-26,2025-06-01,Standard,Males non castres de moins de 2 ans,O,3,EUR/kg carcasse,5.96,,COT-VRO-GBEA_communautaire-A25-S22.csv
2025,22,,2025-05-26,2025-06-01,Standard,Males non castres de moins de 2 ans,P,3,EUR/kg carcasse,5.92,,COT-VRO-GBEA_communautaire-A25-S22.csv
2025,22,,2025-05-26,2025-06-01,Standard,Autres males non castres,U,2,EUR/kg carcasse,6.23,,COT-VRO-GBEA_communautaire-A25-S22.csv
2025,22,,2025-05-26,2025-06-01,Standard,Autres males non castres,R,2,EUR/kg carcasse,6.18,,COT-VRO-GBEA_communautaire-A25-S22.csv
2025,22,,2025-05-26,2025-06-01,Standard,Males castres,R,3,EUR/kg carcasse,6.32,,COT-VRO-GBEA_communautaire-A25-S22.csv
2025,22,,2025-05-26,2025-06-01,Standard,Males castres,O,3,EUR/kg carcasse,6.05,,COT-VRO-GBEA_communautaire-A25-S22.csv
2025,22,,2025-05-26,2025-06-01,Standard,Males castres,P,3,EUR/kg carcasse,5.97,,COT-VRO-GBEA_communautaire-A25-S22.csv
2025,22,,2025-05-26,2025-06-01,Standard,Femelles ayant deja vele,U,3,EUR/kg carcasse,6.72,,COT-VRO-GBEA_communautaire-A25-S22.csv
2025,22,,2025-05-26,2025-06-01,Standard,Femelles ayant deja vele,R,2,EUR/kg carcasse,6.43,,COT-VRO-GBEA_communautaire-A25-S22.csv
2025,22,,2025-05-26,2025-06-01,Standard,Femelles ayant deja vele,R,3,EUR/kg carcasse,6.41,,COT-VRO-GBEA_communautaire-A25-S22.csv
2025,22,,2025-05-26,2025-06-01,Standard,Femelles ayant deja vele,R,4,EUR/kg carcasse,6.34,,COT-VRO-GBEA_communautaire-A25-S22.csv
2025,22,,2025-05-26,2025-06-01,Standard,Femelles ayant deja vele,O,2,EUR/kg carcasse,6.18,,COT-VRO-GBEA_communautaire-A25-S22.csv
2025,22,,2025-05-26,2025-06-01,Standard,Femelles ayant deja vele,O,3,EUR/kg carcasse,6.01,,COT-VRO-GBEA_communautaire-A25-S22.csv
2025,22,,2025-05-26,2025-06-01,Standard,Femelles ayant deja vele,O,4,EUR/kg carcasse,5.84,,COT-VRO-GBEA_communautaire-A25-S22.csv
2025,22,,2025-05-26,2025-06-01,Standard,Femelles ayant deja vele,P,2,EUR/kg carcasse,5.69,,COT-VRO-GBEA_communautaire-A25-S22.csv
2025,22,,2025-05-26,2025-06-01,Standard,Femelles ayant deja vele,P,3,EUR/kg carcasse,5.87,,COT-VRO-GBEA_communautaire-A25-S22.csv
2025,22,,2025-05-26,2025-06-01,Standard,Autres femelles,U,3,EUR/kg carcasse,6.72,,COT-VRO-GBEA_communautaire-A25-S22.csv
2025,22,,2025-05-26,2025-06-01,Standard,Autres femelles,R,2,EUR/kg carcasse,6.48,,COT-VRO-GBEA_communautaire-A25-S22.csv
2025,22,,2025-05-26,2025-06-01,Standard,Autres femelles,R,3,EUR/kg carcasse,6.41,,COT-VRO-GBEA_communautaire-A25-S22.csv
2025,22,,2025-05-26,2025-06-01,Standard,Autres femelles,R,4,EUR/kg carcasse,6.27,,COT-VRO-GBEA_communautaire-A25-S22.csv
2025,22,,2025-05-26,2025-06-01,Standard,Autres femelles,O,3,EUR/kg carcasse,6.12,,COT-VRO-GBEA_communautaire-A25-S22.csv
2025,,6,2025-06-01,2025-06-30,Bio,Males castres,R,3,EUR/kg carcasse,6.71,,COT-VRO-GBBI_prix_UE-A25-M06.csv
2025,,6,2025-06-01,2025-06-30,Bio,Males castres,O,3,EUR/kg carcasse,6.41,,COT-VRO-GBBI_prix_UE-A25-M06.csv
2025,,6,2025-06-01,2025-06-30,Bio,Femelles ayant deja vele,R,2,EUR/kg carcasse,6.66,,COT-VRO-GBBI_prix_UE-A25-M06.csv
2025,,6,2025-06-01,2025-06-30,Bio,Femelles ayant deja vele,R,3,EUR/kg carcasse,6.66,,COT-VRO-GBBI_prix_UE-A25-M06.csv
2025,,6,2025-06-01,2025-06-30,Bio,Femelles ayant deja vele,O,3,EUR/kg carcasse,6.32,,COT-VRO-GBBI_prix_UE-A25-M06.csv
2025,,6,2025-06-01,2025-06-30,Bio,Femelles ayant deja vele,P,3,EUR/kg carcasse,6.12,,COT-VRO-GBBI_prix_UE-A25-M06.csv
2025,,6,2025-06-01,2025-06-30,Bio,Autres femelles,R,3,EUR/kg carcasse,6.71,,COT-VRO-GBBI_prix_UE-A25-M06.csv
2025,,6,2025-06-01,2025-06-30,Bio,Autres femelles,O,3,EUR/kg carcasse,6.41,,COT-VRO-GBBI_prix_UE-A25-M06.csv
2025,23,,2025-06-02,2025-06-08,Standard,Males non castres de moins de 2 ans,E,2,EUR/kg carcasse,7.04,,COT-VRO-GBEA_communautaire-A25-S23.csv
2025,23,,2025-06-02,2025-06-08,Standard,Males non castres de moins de 2 ans,U,2,EUR/kg carcasse,6.74,,COT-VRO-GBEA_communautaire-A25-S23.csv
2025,23,,2025-06-02,2025-06-08,Standard,Males non castres de moins de 2 ans,U,3,EUR/kg carcasse,6.51,,COT-VRO-GBEA_communautaire-A25-S23.csv
2025,23,,2025-06-02,2025-06-08,Standard,Males non castres de moins de 2 ans,R,2,EUR/kg carcasse,6.49,,COT-VRO-GBEA_communautaire-A25-S23.csv
2025,23,,2025-06-02,2025-06-08,Standard,Males non castres de moins de 2 ans,R,3,EUR/kg carcasse,6.36,,COT-VRO-GBEA_communautaire-A25-S23.csv
2025,23,,2025-06-02,2025-06-08,Standard,Males non castres de moins de 2 ans,O,2,EUR/kg carcasse,6.1,,COT-VRO-GBEA_communautaire-A25-S23.csv
2025,23,,2025-06-02,2025-06-08,Standard,Males non castres de moins de 2 ans,O,3,EUR/kg carcasse,5.99,,COT-VRO-GBEA_communautaire-A25-S23.csv
2025,23,,2025-06-02,2025-06-08,Standard,Males non castres de moins de 2 ans,P,3,EUR/kg carcasse,5.95,,COT-VRO-GBEA_communautaire-A25-S23.csv
2025,23,,2025-06-02,2025-06-08,Standard,Autres males non castres,U,2,EUR/kg carcasse,6.27,,COT-VRO-GBEA_communautaire-A25-S23.csv
2025,23,,2025-06-02,2025-06-08,Standard,Autres males non castres,U,3,EUR/kg carcasse,6.17,,COT-VRO-GBEA_communautaire-A25-S23.csv
2025,23,,2025-06-02,2025-06-08,Standard,Autres males non castres,R,2,EUR/kg carcasse,6.23,,COT-VRO-GBEA_communautaire-A25-S23.csv
2025,23,,2025-06-02,2025-06-08,Standard,Autres males non castres,O,2,EUR/kg carcasse,5.84,,COT-VRO-GBEA_communautaire-A25-S23.csv
2025,23,,2025-06-02,2025-06-08,Standard,Males castres,R,3,EUR/kg carcasse,6.39,,COT-VRO-GBEA_communautaire-A25-S23.csv
2025,23,,2025-06-02,2025-06-08,Standard,Males castres,O,3,EUR/kg carcasse,6.08,,COT-VRO-GBEA_communautaire-A25-S23.csv
2025,23,,2025-06-02,2025-06-08,Standard,Males castres,P,3,EUR/kg carcasse,5.99,,COT-VRO-GBEA_communautaire-A25-S23.csv
2025,23,,2025-06-02,2025-06-08,Standard,Femelles ayant deja vele,U,3,EUR/kg carcasse,6.78,,COT-VRO-GBEA_communautaire-A25-S23.csv
2025,23,,2025-06-02,2025-06-08,Standard,Femelles ayant deja vele,R,2,EUR/kg carcasse,6.46,,COT-VRO-GBEA_communautaire-A25-S23.csv
2025,23,,2025-06-02,2025-06-08,Standard,Femelles ayant deja vele,R,3,EUR/kg carcasse,6.45,,COT-VRO-GBEA_communautaire-A25-S23.csv
2025,23,,2025-06-02,2025-06-08,Standard,Femelles ayant deja vele,R,4,EUR/kg carcasse,6.33,,COT-VRO-GBEA_communautaire-A25-S23.csv
2025,23,,2025-06-02,2025-06-08,Standard,Femelles ayant deja vele,O,2,EUR/kg carcasse,6.19,,COT-VRO-GBEA_communautaire-A25-S23.csv
2025,23,,2025-06-02,2025-06-08,Standard,Femelles ayant deja vele,O,3,EUR/kg carcasse,6.04,,COT-VRO-GBEA_communautaire-A25-S23.csv
2025,23,,2025-06-02,2025-06-08,Standard,Femelles ayant deja vele,O,4,EUR/kg carcasse,5.93,,COT-VRO-GBEA_communautaire-A25-S23.csv
2025,23,,2025-06-02,2025-06-08,Standard,Femelles ayant deja vele,P,2,EUR/kg carcasse,5.72,,COT-VRO-GBEA_communautaire-A25-S23.csv
2025,23,,2025-06-02,2025-06-08,Standard,Femelles ayant deja vele,P,3,EUR/kg carcasse,5.9,,COT-VRO-GBEA_communautaire-A25-S23.csv
2025,23,,2025-06-02,2025-06-08,Standard,Autres femelles,U,3,EUR/kg carcasse,6.76,,COT-VRO-GBEA_communautaire-A25-S23.csv
2025,23,,2025-06-02,2025-06-08,Standard,Autres femelles,R,2,EUR/kg carcasse,6.52,,COT-VRO-GBEA_communautaire-A25-S23.csv
2025,23,,2025-06-02,2025-06-08,Standard,Autres femelles,R,3,EUR/kg carcasse,6.47,,COT-VRO-GBEA_communautaire-A25-S23.csv
2025,23,,2025-06-02,2025-06-08,Standard,Autres femelles,R,4,EUR/kg carcasse,6.3,,COT-VRO-GBEA_communautaire-A25-S23.csv
2025,23,,2025-06-02,2025-06-08,Standard,Autres femelles,O,3,EUR/kg carcasse,6.17,,COT-VRO-GBEA_communautaire-A25-S23.csv
2025,24,,2025-06-09,2025-06-15,Standard,Males non castres de moins de 2 ans,E,2,EUR/kg carcasse,7.05,,COT-VRO-GBEA_communautaire-A25-S24.csv
2025,24,,2025-06-09,2025-06-15,Standard,Males non castres de moins de 2 ans,U,2,EUR/kg carcasse,6.78,,COT-VRO-GBEA_communautaire-A25-S24.csv
2025,24,,2025-06-09,2025-06-15,Standard,Males non castres de moins de 2 ans,U,3,EUR/kg carcasse,6.53,,COT-VRO-GBEA_communautaire-A25-S24.csv
2025,24,,2025-06-09,2025-06-15,Standard,Males non castres de moins de 2 ans,R,2,EUR/kg carcasse,6.5,,COT-VRO-GBEA_communautaire-A25-S24.csv
2025,24,,2025-06-09,2025-06-15,Standard,Males non castres de moins de 2 ans,R,3,EUR/kg carcasse,6.38,,COT-VRO-GBEA_communautaire-A25-S24.csv
2025,24,,2025-06-09,2025-06-15,Standard,Males non castres de moins de 2 ans,O,2,EUR/kg carcasse,6.14,,COT-VRO-GBEA_communautaire-A25-S24.csv
2025,24,,2025-06-09,2025-06-15,Standard,Males non castres de moins de 2 ans,O,3,EUR/kg carcasse,6.01,,COT-VRO-GBEA_communautaire-A25-S24.csv
2025,24,,2025-06-09,2025-06-15,Standard,Males non castres de moins de 2 ans,P,3,EUR/kg carcasse,5.97,,COT-VRO-GBEA_communautaire-A25-S24.csv
2025,24,,2025-06-09,2025-06-15,Standard,Autres males non castres,U,2,EUR/kg carcasse,6.3,,COT-VRO-GBEA_communautaire-A25-S24.csv
2025,24,,2025-06-09,2025-06-15,Standard,Autres males non castres,R,2,EUR/kg carcasse,6.32,,COT-VRO-GBEA_communautaire-A25-S24.csv
2025,24,,2025-06-09,2025-06-15,Standard,Autres males non castres,R,3,EUR/kg carcasse,6.23,,COT-VRO-GBEA_communautaire-A25-S24.csv
2025,24,,2025-06-09,2025-06-15,Standard,Autres males non castres,O,2,EUR/kg carcasse,5.86,,COT-VRO-GBEA_communautaire-A25-S24.csv
2025,24,,2025-06-09,2025-06-15,Standard,Males castres,R,3,EUR/kg carcasse,6.35,,COT-VRO-GBEA_communautaire-A25-S24.csv
2025,24,,2025-06-09,2025-06-15,Standard,Males castres,O,3,EUR/kg carcasse,6.15,,COT-VRO-GBEA_communautaire-A25-S24.csv
2025,24,,2025-06-09,2025-06-15,Standard,Males castres,P,3,EUR/kg carcasse,6,,COT-VRO-GBEA_communautaire-A25-S24.csv
2025,24,,2025-06-09,2025-06-15,Standard,Femelles ayant deja vele,U,3,EUR/kg carcasse,6.83,,COT-VRO-GBEA_communautaire-A25-S24.csv
2025,24,,2025-06-09,2025-06-15,Standard,Femelles ayant deja vele,R,2,EUR/kg carcasse,6.54,,COT-VRO-GBEA_communautaire-A25-S24.csv
2025,24,,2025-06-09,2025-06-15,Standard,Femelles ayant deja vele,R,3,EUR/kg carcasse,6.51,,COT-VRO-GBEA_communautaire-A25-S24.csv
2025,24,,2025-06-09,2025-06-15,Standard,Femelles ayant deja vele,R,4,EUR/kg carcasse,6.46,,COT-VRO-GBEA_communautaire-A25-S24.csv
2025,24,,2025-06-09,2025-06-15,Standard,Femelles ayant deja vele,O,2,EUR/kg carcasse,6.25,,COT-VRO-GBEA_communautaire-A25-S24.csv
2025,24,,2025-06-09,2025-06-15,Standard,Femelles ayant deja vele,O,3,EUR/kg carcasse,6.09,,COT-VRO-GBEA_communautaire-A25-S24.csv
2025,24,,2025-06-09,2025-06-15,Standard,Femelles ayant deja vele,O,4,EUR/kg carcasse,5.99,,COT-VRO-GBEA_communautaire-A25-S24.csv
2025,24,,2025-06-09,2025-06-15,Standard,Femelles ayant deja vele,P,2,EUR/kg carcasse,5.74,,COT-VRO-GBEA_communautaire-A25-S24.csv
2025,24,,2025-06-09,2025-06-15,Standard,Femelles ayant deja vele,P,3,EUR/kg carcasse,5.92,,COT-VRO-GBEA_communautaire-A25-S24.csv
2025,24,,2025-06-09,2025-06-15,Standard,Autres femelles,U,3,EUR/kg carcasse,6.8,,COT-VRO-GBEA_communautaire-A25-S24.csv
2025,24,,2025-06-09,2025-06-15,Standard,Autres femelles,R,2,EUR/kg carcasse,6.55,,COT-VRO-GBEA_communautaire-A25-S24.csv
2025,24,,2025-06-09,2025-06-15,Standard,Autres femelles,R,3,EUR/kg carcasse,6.5,,COT-VRO-GBEA_communautaire-A25-S24.csv
2025,24,,2025-06-09,2025-06-15,Standard,Autres femelles,R,4,EUR/kg carcasse,6.35,,COT-VRO-GBEA_communautaire-A25-S24.csv
2025,24,,2025-06-09,2025-06-15,Standard,Autres femelles,O,3,EUR/kg carcasse,6.21,,COT-VRO-GBEA_communautaire-A25-S24.csv
2025,25,,2025-06-16,2025-06-22,Standard,Males non castres de moins de 2 ans,E,2,EUR/kg carcasse,7.08,,COT-VRO-GBEA_communautaire-A25-S25.csv
2025,25,,2025-06-16,2025-06-22,Standard,Males non castres de moins de 2 ans,U,2,EUR/kg carcasse,6.79,,COT-VRO-GBEA_communautaire-A25-S25.csv
2025,25,,2025-06-16,2025-06-22,Standard,Males non castres de moins de 2 ans,U,3,EUR/kg carcasse,6.55,,COT-VRO-GBEA_communautaire-A25-S25.csv
2025,25,,2025-06-16,2025-06-22,Standard,Males non castres de moins de 2 ans,R,2,EUR/kg carcasse,6.54,,COT-VRO-GBEA_communautaire-A25-S25.csv
2025,25,,2025-06-16,2025-06-22,Standard,Males non castres de moins de 2 ans,R,3,EUR/kg carcasse,6.4,,COT-VRO-GBEA_communautaire-A25-S25.csv
2025,25,,2025-06-16,2025-06-22,Standard,Males non castres de moins de 2 ans,O,2,EUR/kg carcasse,6.14,,COT-VRO-GBEA_communautaire-A25-S25.csv
2025,25,,2025-06-16,2025-06-22,Standard,Males non castres de moins de 2 ans,O,3,EUR/kg carcasse,6.06,,COT-VRO-GBEA_communautaire-A25-S25.csv
2025,25,,2025-06-16,2025-06-22,Standard,Males non castres de moins de 2 ans,P,3,EUR/kg carcasse,6.01,,COT-VRO-GBEA_communautaire-A25-S25.csv
2025,25,,2025-06-16,2025-06-22,Standard,Autres males non castres,U,2,EUR/kg carcasse,6.33,,COT-VRO-GBEA_communautaire-A25-S25.csv
2025,25,,2025-06-16,2025-06-22,Standard,Autres males non castres,R,2,EUR/kg carcasse,6.28,,COT-VRO-GBEA_communautaire-A25-S25.csv
2025,25,,2025-06-16,2025-06-22,Standard,Autres males non castres,O,2,EUR/kg carcasse,5.86,,COT-VRO-GBEA_communautaire-A25-S25.csv
2025,25,,2025-06-16,2025-06-22,Standard,Males castres,R,3,EUR/kg carcasse,6.41,,COT-VRO-GBEA_communautaire-A25-S25.csv
2025,25,,2025-06-16,2025-06-22,Standard,Males castres,O,3,EUR/kg carcasse,6.19,,COT-VRO-GBEA_communautaire-A25-S25.csv
2025,25,,2025-06-16,2025-06-22,Standard,Males castres,P,3,EUR/kg carcasse,6.01,,COT-VRO-GBEA_communautaire-A25-S25.csv
2025,25,,2025-06-16,2025-06-22,Standard,Femelles ayant deja vele,U,3,EUR/kg carcasse,6.85,,COT-VRO-GBEA_communautaire-A25-S25.csv
2025,25,,2025-06-16,2025-06-22,Standard,Femelles ayant deja vele,R,2,EUR/kg carcasse,6.57,,COT-VRO-GBEA_communautaire-A25-S25.csv
2025,25,,2025-06-16,2025-06-22,Standard,Femelles ayant deja vele,R,3,EUR/kg carcasse,6.55,,COT-VRO-GBEA_communautaire-A25-S25.csv
2025,25,,2025-06-16,2025-06-22,Standard,Femelles ayant deja vele,R,4,EUR/kg carcasse,6.48,,COT-VRO-GBEA_communautaire-A25-S25.csv
2025,25,,2025-06-16,2025-06-22,Standard,Femelles ayant deja vele,O,2,EUR/kg carcasse,6.32,,COT-VRO-GBEA_communautaire-A25-S25.csv
2025,25,,2025-06-16,2025-06-22,Standard,Femelles ayant deja vele,O,3,EUR/kg carcasse,6.11,,COT-VRO-GBEA_communautaire-A25-S25.csv
2025,25,,2025-06-16,2025-06-22,Standard,Femelles ayant deja vele,O,4,EUR/kg carcasse,6,,COT-VRO-GBEA_communautaire-A25-S25.csv
2025,25,,2025-06-16,2025-06-22,Standard,Femelles ayant deja vele,P,2,EUR/kg carcasse,5.76,,COT-VRO-GBEA_communautaire-A25-S25.csv
2025,25,,2025-06-16,2025-06-22,Standard,Femelles ayant deja vele,P,3,EUR/kg carcasse,5.94,,COT-VRO-GBEA_communautaire-A25-S25.csv
2025,25,,2025-06-16,2025-06-22,Standard,Autres femelles,U,3,EUR/kg carcasse,6.84,,COT-VRO-GBEA_communautaire-A25-S25.csv
2025,25,,2025-06-16,2025-06-22,Standard,Autres femelles,R,2,EUR/kg carcasse,6.6,,COT-VRO-GBEA_communautaire-A25-S25.csv
2025,25,,2025-06-16,2025-06-22,Standard,Autres femelles,R,3,EUR/kg carcasse,6.53,,COT-VRO-GBEA_communautaire-A25-S25.csv
2025,25,,2025-06-16,2025-06-22,Standard,Autres femelles,R,4,EUR/kg carcasse,6.4,,COT-VRO-GBEA_communautaire-A25-S25.csv
2025,25,,2025-06-16,2025-06-22,Standard,Autres femelles,O,3,EUR/kg carcasse,6.23,,COT-VRO-GBEA_communautaire-A25-S25.csv
2025,26,,2025-06-23,2025-06-29,Standard,Males non castres de moins de 2 ans,U,2,EUR/kg carcasse,6.79,,COT-VRO-GBEA_communautaire-A25-S26.csv
2025,26,,2025-06-23,2025-06-29,Standard,Males non castres de moins de 2 ans,U,3,EUR/kg carcasse,6.56,,COT-VRO-GBEA_communautaire-A25-S26.csv
2025,26,,2025-06-23,2025-06-29,Standard,Males non castres de moins de 2 ans,R,2,EUR/kg carcasse,6.56,,COT-VRO-GBEA_communautaire-A25-S26.csv
2025,26,,2025-06-23,2025-06-29,Standard,Males non castres de moins de 2 ans,R,3,EUR/kg carcasse,6.42,,COT-VRO-GBEA_communautaire-A25-S26.csv
2025,26,,2025-06-23,2025-06-29,Standard,Males non castres de moins de 2 ans,O,2,EUR/kg carcasse,6.11,,COT-VRO-GBEA_communautaire-A25-S26.csv
2025,26,,2025-06-23,2025-06-29,Standard,Males non castres de moins de 2 ans,O,3,EUR/kg carcasse,6.07,,COT-VRO-GBEA_communautaire-A25-S26.csv
2025,26,,2025-06-23,2025-06-29,Standard,Males non castres de moins de 2 ans,P,3,EUR/kg carcasse,6.03,,COT-VRO-GBEA_communautaire-A25-S26.csv
2025,26,,2025-06-23,2025-06-29,Standard,Autres males non castres,U,2,EUR/kg carcasse,6.34,,COT-VRO-GBEA_communautaire-A25-S26.csv
2025,26,,2025-06-23,2025-06-29,Standard,Autres males non castres,R,2,EUR/kg carcasse,6.25,,COT-VRO-GBEA_communautaire-A25-S26.csv
2025,26,,2025-06-23,2025-06-29,Standard,Males castres,R,3,EUR/kg carcasse,6.44,,COT-VRO-GBEA_communautaire-A25-S26.csv
2025,26,,2025-06-23,2025-06-29,Standard,Males castres,O,3,EUR/kg carcasse,6.2,,COT-VRO-GBEA_communautaire-A25-S26.csv
2025,26,,2025-06-23,2025-06-29,Standard,Males castres,P,3,EUR/kg carcasse,6.02,,COT-VRO-GBEA_communautaire-A25-S26.csv
2025,26,,2025-06-23,2025-06-29,Standard,Femelles ayant deja vele,U,3,EUR/kg carcasse,6.88,,COT-VRO-GBEA_communautaire-A25-S26.csv
2025,26,,2025-06-23,2025-06-29,Standard,Femelles ayant deja vele,R,2,EUR/kg carcasse,6.6,,COT-VRO-GBEA_communautaire-A25-S26.csv
2025,26,,2025-06-23,2025-06-29,Standard,Femelles ayant deja vele,R,3,EUR/kg carcasse,6.59,,COT-VRO-GBEA_communautaire-A25-S26.csv
2025,26,,2025-06-23,2025-06-29,Standard,Femelles ayant deja vele,R,4,EUR/kg carcasse,6.54,,COT-VRO-GBEA_communautaire-A25-S26.csv
2025,26,,2025-06-23,2025-06-29,Standard,Femelles ayant deja vele,O,2,EUR/kg carcasse,6.31,,COT-VRO-GBEA_communautaire-A25-S26.csv
2025,26,,2025-06-23,2025-06-29,Standard,Femelles ayant deja vele,O,3,EUR/kg carcasse,6.14,,COT-VRO-GBEA_communautaire-A25-S26.csv
2025,26,,2025-06-23,2025-06-29,Standard,Femelles ayant deja vele,O,4,EUR/kg carcasse,6.02,,COT-VRO-GBEA_communautaire-A25-S26.csv
2025,26,,2025-06-23,2025-06-29,Standard,Femelles ayant deja vele,P,2,EUR/kg carcasse,5.79,,COT-VRO-GBEA_communautaire-A25-S26.csv
2025,26,,2025-06-23,2025-06-29,Standard,Femelles ayant deja vele,P,3,EUR/kg carcasse,5.97,,COT-VRO-GBEA_communautaire-A25-S26.csv
2025,26,,2025-06-23,2025-06-29,Standard,Autres femelles,U,3,EUR/kg carcasse,6.88,,COT-VRO-GBEA_communautaire-A25-S26.csv
2025,26,,2025-06-23,2025-06-29,Standard,Autres femelles,R,2,EUR/kg carcasse,6.57,,COT-VRO-GBEA_communautaire-A25-S26.csv
2025,26,,2025-06-23,2025-06-29,Standard,Autres femelles,R,3,EUR/kg carcasse,6.57,,COT-VRO-GBEA_communautaire-A25-S26.csv
2025,26,,2025-06-23,2025-06-29,Standard,Autres femelles,R,4,EUR/kg carcasse,6.42,,COT-VRO-GBEA_communautaire-A25-S26.csv
2025,26,,2025-06-23,2025-06-29,Standard,Autres femelles,O,3,EUR/kg carcasse,6.25,,COT-VRO-GBEA_communautaire-A25-S26.csv
2025,27,,2025-06-30,2025-07-06,Standard,Males non castres de moins de 2 ans,E,2,EUR/kg carcasse,7.18,,COT-VRO-GBEA_communautaire-A25-S27.csv
2025,27,,2025-06-30,2025-07-06,Standard,Males non castres de moins de 2 ans,U,2,EUR/kg carcasse,6.82,,COT-VRO-GBEA_communautaire-A25-S27.csv
2025,27,,2025-06-30,2025-07-06,Standard,Males non castres de moins de 2 ans,U,3,EUR/kg carcasse,6.57,,COT-VRO-GBEA_communautaire-A25-S27.csv
2025,27,,2025-06-30,2025-07-06,Standard,Males non castres de moins de 2 ans,R,2,EUR/kg carcasse,6.57,,COT-VRO-GBEA_communautaire-A25-S27.csv
2025,27,,2025-06-30,2025-07-06,Standard,Males non castres de moins de 2 ans,R,3,EUR/kg carcasse,6.42,,COT-VRO-GBEA_communautaire-A25-S27.csv
2025,27,,2025-06-30,2025-07-06,Standard,Males non castres de moins de 2 ans,O,2,EUR/kg carcasse,6.18,,COT-VRO-GBEA_communautaire-A25-S27.csv
2025,27,,2025-06-30,2025-07-06,Standard,Males non castres de moins de 2 ans,O,3,EUR/kg carcasse,6.09,,COT-VRO-GBEA_communautaire-A25-S27.csv
2025,27,,2025-06-30,2025-07-06,Standard,Males non castres de moins de 2 ans,P,3,EUR/kg carcasse,6.03,,COT-VRO-GBEA_communautaire-A25-S27.csv
2025,27,,2025-06-30,2025-07-06,Standard,Autres males non castres,U,2,EUR/kg carcasse,6.34,,COT-VRO-GBEA_communautaire-A25-S27.csv
2025,27,,2025-06-30,2025-07-06,Standard,Autres males non castres,R,2,EUR/kg carcasse,6.27,,COT-VRO-GBEA_communautaire-A25-S27.csv
2025,27,,2025-06-30,2025-07-06,Standard,Males castres,R,3,EUR/kg carcasse,6.49,,COT-VRO-GBEA_communautaire-A25-S27.csv
2025,27,,2025-06-30,2025-07-06,Standard,Males castres,O,3,EUR/kg carcasse,6.19,,COT-VRO-GBEA_communautaire-A25-S27.csv
2025,27,,2025-06-30,2025-07-06,Standard,Males castres,P,3,EUR/kg carcasse,6.06,,COT-VRO-GBEA_communautaire-A25-S27.csv
2025,27,,2025-06-30,2025-07-06,Standard,Femelles ayant deja vele,U,3,EUR/kg carcasse,6.95,,COT-VRO-GBEA_communautaire-A25-S27.csv
2025,27,,2025-06-30,2025-07-06,Standard,Femelles ayant deja vele,R,2,EUR/kg carcasse,6.64,,COT-VRO-GBEA_communautaire-A25-S27.csv
2025,27,,2025-06-30,2025-07-06,Standard,Femelles ayant deja vele,R,3,EUR/kg carcasse,6.61,,COT-VRO-GBEA_communautaire-A25-S27.csv
2025,27,,2025-06-30,2025-07-06,Standard,Femelles ayant deja vele,R,4,EUR/kg carcasse,6.56,,COT-VRO-GBEA_communautaire-A25-S27.csv
2025,27,,2025-06-30,2025-07-06,Standard,Femelles ayant deja vele,O,2,EUR/kg carcasse,6.38,,COT-VRO-GBEA_communautaire-A25-S27.csv
2025,27,,2025-06-30,2025-07-06,Standard,Femelles ayant deja vele,O,3,EUR/kg carcasse,6.16,,COT-VRO-GBEA_communautaire-A25-S27.csv
2025,27,,2025-06-30,2025-07-06,Standard,Femelles ayant deja vele,O,4,EUR/kg carcasse,6.08,,COT-VRO-GBEA_communautaire-A25-S27.csv
2025,27,,2025-06-30,2025-07-06,Standard,Femelles ayant deja vele,P,2,EUR/kg carcasse,5.8,,COT-VRO-GBEA_communautaire-A25-S27.csv
2025,27,,2025-06-30,2025-07-06,Standard,Femelles ayant deja vele,P,3,EUR/kg carcasse,5.98,,COT-VRO-GBEA_communautaire-A25-S27.csv
2025,27,,2025-06-30,2025-07-06,Standard,Autres femelles,U,3,EUR/kg carcasse,6.92,,COT-VRO-GBEA_communautaire-A25-S27.csv
2025,27,,2025-06-30,2025-07-06,Standard,Autres femelles,R,2,EUR/kg carcasse,6.66,,COT-VRO-GBEA_communautaire-A25-S27.csv
2025,27,,2025-06-30,2025-07-06,Standard,Autres femelles,R,3,EUR/kg carcasse,6.61,,COT-VRO-GBEA_communautaire-A25-S27.csv
2025,27,,2025-06-30,2025-07-06,Standard,Autres femelles,R,4,EUR/kg carcasse,6.44,,COT-VRO-GBEA_communautaire-A25-S27.csv
2025,27,,2025-06-30,2025-07-06,Standard,Autres femelles,O,3,EUR/kg carcasse,6.3,,COT-VRO-GBEA_communautaire-A25-S27.csv
2025,,7,2025-07-01,2025-07-31,Bio,Males castres,R,3,EUR/kg carcasse,6.82,,COT-VRO-GBBI_prix_UE-A25-M07.csv
2025,,7,2025-07-01,2025-07-31,Bio,Males castres,O,3,EUR/kg carcasse,6.48,,COT-VRO-GBBI_prix_UE-A25-M07.csv
2025,,7,2025-07-01,2025-07-31,Bio,Femelles ayant deja vele,R,2,EUR/kg carcasse,6.82,,COT-VRO-GBBI_prix_UE-A25-M07.csv
2025,,7,2025-07-01,2025-07-31,Bio,Femelles ayant deja vele,R,3,EUR/kg carcasse,6.78,,COT-VRO-GBBI_prix_UE-A25-M07.csv
2025,,7,2025-07-01,2025-07-31,Bio,Femelles ayant deja vele,O,2,EUR/kg carcasse,6.49,,COT-VRO-GBBI_prix_UE-A25-M07.csv
2025,,7,2025-07-01,2025-07-31,Bio,Femelles ayant deja vele,O,3,EUR/kg carcasse,6.41,,COT-VRO-GBBI_prix_UE-A25-M07.csv
2025,,7,2025-07-01,2025-07-31,Bio,Femelles ayant deja vele,P,3,EUR/kg carcasse,6.2,,COT-VRO-GBBI_prix_UE-A25-M07.csv
2025,,7,2025-07-01,2025-07-31,Bio,Autres femelles,R,3,EUR/kg carcasse,6.78,,COT-VRO-GBBI_prix_UE-A25-M07.csv
2025,,7,2025-07-01,2025-07-31,Bio,Autres femelles,O,3,EUR/kg carcasse,6.42,,COT-VRO-GBBI_prix_UE-A25-M07.csv
2025,28,,2025-07-07,2025-07-13,Standard,Males non castres de moins de 2 ans,E,2,EUR/kg carcasse,7.12,,COT-VRO-GBEA_communautaire-A25-S28.csv
2025,28,,2025-07-07,2025-07-13,Standard,Males non castres de moins de 2 ans,U,2,EUR/kg carcasse,6.81,,COT-VRO-GBEA_communautaire-A25-S28.csv
2025,28,,2025-07-07,2025-07-13,Standard,Males non castres de moins de 2 ans,U,3,EUR/kg carcasse,6.56,,COT-VRO-GBEA_communautaire-A25-S28.csv
2025,28,,2025-07-07,2025-07-13,Standard,Males non castres de moins de 2 ans,R,2,EUR/kg carcasse,6.55,,COT-VRO-GBEA_communautaire-A25-S28.csv
2025,28,,2025-07-07,2025-07-13,Standard,Males non castres de moins de 2 ans,R,3,EUR/kg carcasse,6.42,,COT-VRO-GBEA_communautaire-A25-S28.csv
2025,28,,2025-07-07,2025-07-13,Standard,Males non castres de moins de 2 ans,O,2,EUR/kg carcasse,6.16,,COT-VRO-GBEA_communautaire-A25-S28.csv
2025,28,,2025-07-07,2025-07-13,Standard,Males non castres de moins de 2 ans,O,3,EUR/kg carcasse,6.1,,COT-VRO-GBEA_communautaire-A25-S28.csv
2025,28,,2025-07-07,2025-07-13,Standard,Males non castres de moins de 2 ans,P,3,EUR/kg carcasse,6.05,,COT-VRO-GBEA_communautaire-A25-S28.csv
2025,28,,2025-07-07,2025-07-13,Standard,Autres males non castres,U,2,EUR/kg carcasse,6.36,,COT-VRO-GBEA_communautaire-A25-S28.csv
2025,28,,2025-07-07,2025-07-13,Standard,Autres males non castres,R,2,EUR/kg carcasse,6.22,,COT-VRO-GBEA_communautaire-A25-S28.csv
2025,28,,2025-07-07,2025-07-13,Standard,Males castres,R,3,EUR/kg carcasse,6.51,,COT-VRO-GBEA_communautaire-A25-S28.csv
2025,28,,2025-07-07,2025-07-13,Standard,Males castres,O,3,EUR/kg carcasse,6.23,,COT-VRO-GBEA_communautaire-A25-S28.csv
2025,28,,2025-07-07,2025-07-13,Standard,Males castres,P,3,EUR/kg carcasse,6.03,,COT-VRO-GBEA_communautaire-A25-S28.csv
2025,28,,2025-07-07,2025-07-13,Standard,Femelles ayant deja vele,U,3,EUR/kg carcasse,6.94,,COT-VRO-GBEA_communautaire-A25-S28.csv
2025,28,,2025-07-07,2025-07-13,Standard,Femelles ayant deja vele,R,2,EUR/kg carcasse,6.62,,COT-VRO-GBEA_communautaire-A25-S28.csv
2025,28,,2025-07-07,2025-07-13,Standard,Femelles ayant deja vele,R,3,EUR/kg carcasse,6.62,,COT-VRO-GBEA_communautaire-A25-S28.csv
2025,28,,2025-07-07,2025-07-13,Standard,Femelles ayant deja vele,R,4,EUR/kg carcasse,6.57,,COT-VRO-GBEA_communautaire-A25-S28.csv
2025,28,,2025-07-07,2025-07-13,Standard,Femelles ayant deja vele,O,2,EUR/kg carcasse,6.26,,COT-VRO-GBEA_communautaire-A25-S28.csv
2025,28,,2025-07-07,2025-07-13,Standard,Femelles ayant deja vele,O,3,EUR/kg carcasse,6.18,,COT-VRO-GBEA_communautaire-A25-S28.csv
2025,28,,2025-07-07,2025-07-13,Standard,Femelles ayant deja vele,O,4,EUR/kg carcasse,6.03,,COT-VRO-GBEA_communautaire-A25-S28.csv
2025,28,,2025-07-07,2025-07-13,Standard,Femelles ayant deja vele,P,2,EUR/kg carcasse,5.79,,COT-VRO-GBEA_communautaire-A25-S28.csv
2025,28,,2025-07-07,2025-07-13,Standard,Femelles ayant deja vele,P,3,EUR/kg carcasse,5.97,,COT-VRO-GBEA_communautaire-A25-S28.csv
2025,28,,2025-07-07,2025-07-13,Standard,Autres femelles,U,2,EUR/kg carcasse,7.42,,COT-VRO-GBEA_communautaire-A25-S28.csv
2025,28,,2025-07-07,2025-07-13,Standard,Autres femelles,U,3,EUR/kg carcasse,6.93,,COT-VRO-GBEA_communautaire-A25-S28.csv
2025,28,,2025-07-07,2025-07-13,Standard,Autres femelles,R,2,EUR/kg carcasse,6.64,,COT-VRO-GBEA_communautaire-A25-S28.csv
2025,28,,2025-07-07,2025-07-13,Standard,Autres femelles,R,3,EUR/kg carcasse,6.6,,COT-VRO-GBEA_communautaire-A25-S28.csv
2025,28,,2025-07-07,2025-07-13,Standard,Autres femelles,R,4,EUR/kg carcasse,6.5,,COT-VRO-GBEA_communautaire-A25-S28.csv
2025,28,,2025-07-07,2025-07-13,Standard,Autres femelles,O,3,EUR/kg carcasse,6.3,,COT-VRO-GBEA_communautaire-A25-S28.csv
2025,29,,2025-07-14,2025-07-20,Standard,Males non castres de moins de 2 ans,U,2,EUR/kg carcasse,6.8,,COT-VRO-GBEA_communautaire-A25-S29.csv
2025,29,,2025-07-14,2025-07-20,Standard,Males non castres de moins de 2 ans,U,3,EUR/kg carcasse,6.55,,COT-VRO-GBEA_communautaire-A25-S29.csv
2025,29,,2025-07-14,2025-07-20,Standard,Males non castres de moins de 2 ans,R,2,EUR/kg carcasse,6.54,,COT-VRO-GBEA_communautaire-A25-S29.csv
2025,29,,2025-07-14,2025-07-20,Standard,Males non castres de moins de 2 ans,R,3,EUR/kg carcasse,6.41,,COT-VRO-GBEA_communautaire-A25-S29.csv
2025,29,,2025-07-14,2025-07-20,Standard,Males non castres de moins de 2 ans,O,2,EUR/kg carcasse,6.2,,COT-VRO-GBEA_communautaire-A25-S29.csv
2025,29,,2025-07-14,2025-07-20,Standard,Males non castres de moins de 2 ans,O,3,EUR/kg carcasse,6.09,,COT-VRO-GBEA_communautaire-A25-S29.csv
2025,29,,2025-07-14,2025-07-20,Standard,Males non castres de moins de 2 ans,P,3,EUR/kg carcasse,6.04,,COT-VRO-GBEA_communautaire-A25-S29.csv
2025,29,,2025-07-14,2025-07-20,Standard,Autres males non castres,U,2,EUR/kg carcasse,6.34,,COT-VRO-GBEA_communautaire-A25-S29.csv
2025,29,,2025-07-14,2025-07-20,Standard,Autres males non castres,R,2,EUR/kg carcasse,6.26,,COT-VRO-GBEA_communautaire-A25-S29.csv
2025,29,,2025-07-14,2025-07-20,Standard,Males castres,R,3,EUR/kg carcasse,6.44,,COT-VRO-GBEA_communautaire-A25-S29.csv
2025,29,,2025-07-14,2025-07-20,Standard,Males castres,O,3,EUR/kg carcasse,6.2,,COT-VRO-GBEA_communautaire-A25-S29.csv
2025,29,,2025-07-14,2025-07-20,Standard,Males castres,P,3,EUR/kg carcasse,6.02,,COT-VRO-GBEA_communautaire-A25-S29.csv
2025,29,,2025-07-14,2025-07-20,Standard,Femelles ayant deja vele,U,3,EUR/kg carcasse,6.96,,COT-VRO-GBEA_communautaire-A25-S29.csv
2025,29,,2025-07-14,2025-07-20,Standard,Femelles ayant deja vele,R,2,EUR/kg carcasse,6.65,,COT-VRO-GBEA_communautaire-A25-S29.csv
2025,29,,2025-07-14,2025-07-20,Standard,Femelles ayant deja vele,R,3,EUR/kg carcasse,6.63,,COT-VRO-GBEA_communautaire-A25-S29.csv
2025,29,,2025-07-14,2025-07-20,Standard,Femelles ayant deja vele,R,4,EUR/kg carcasse,6.55,,COT-VRO-GBEA_communautaire-A25-S29.csv
2025,29,,2025-07-14,2025-07-20,Standard,Femelles ayant deja vele,O,2,EUR/kg carcasse,6.34,,COT-VRO-GBEA_communautaire-A25-S29.csv
2025,29,,2025-07-14,2025-07-20,Standard,Femelles ayant deja vele,O,3,EUR/kg carcasse,6.16,,COT-VRO-GBEA_communautaire-A25-S29.csv
2025,29,,2025-07-14,2025-07-20,Standard,Femelles ayant deja vele,O,4,EUR/kg carcasse,6.18,,COT-VRO-GBEA_communautaire-A25-S29.csv
2025,29,,2025-07-14,2025-07-20,Standard,Femelles ayant deja vele,P,2,EUR/kg carcasse,5.76,,COT-VRO-GBEA_communautaire-A25-S29.csv
2025,29,,2025-07-14,2025-07-20,Standard,Femelles ayant deja vele,P,3,EUR/kg carcasse,5.94,,COT-VRO-GBEA_communautaire-A25-S29.csv
2025,29,,2025-07-14,2025-07-20,Standard,Autres femelles,U,2,EUR/kg carcasse,7.3,,COT-VRO-GBEA_communautaire-A25-S29.csv
2025,29,,2025-07-14,2025-07-20,Standard,Autres femelles,U,3,EUR/kg carcasse,6.97,,COT-VRO-GBEA_communautaire-A25-S29.csv
2025,29,,2025-07-14,2025-07-20,Standard,Autres femelles,R,2,EUR/kg carcasse,6.68,,COT-VRO-GBEA_communautaire-A25-S29.csv
2025,29,,2025-07-14,2025-07-20,Standard,Autres femelles,R,3,EUR/kg carcasse,6.63,,COT-VRO-GBEA_communautaire-A25-S29.csv
2025,29,,2025-07-14,2025-07-20,Standard,Autres femelles,R,4,EUR/kg carcasse,6.48,,COT-VRO-GBEA_communautaire-A25-S29.csv
2025,29,,2025-07-14,2025-07-20,Standard,Autres femelles,O,3,EUR/kg carcasse,6.28,,COT-VRO-GBEA_communautaire-A25-S29.csv
2025,30,,2025-07-21,2025-07-27,Standard,Males non castres de moins de 2 ans,E,2,EUR/kg carcasse,7.15,,COT-VRO-GBEA_communautaire-A25-S30.csv
2025,30,,2025-07-21,2025-07-27,Standard,Males non castres de moins de 2 ans,U,2,EUR/kg carcasse,6.82,,COT-VRO-GBEA_communautaire-A25-S30.csv
2025,30,,2025-07-21,2025-07-27,Standard,Males non castres de moins de 2 ans,U,3,EUR/kg carcasse,6.56,,COT-VRO-GBEA_communautaire-A25-S30.csv
2025,30,,2025-07-21,2025-07-27,Standard,Males non castres de moins de 2 ans,R,2,EUR/kg carcasse,6.52,,COT-VRO-GBEA_communautaire-A25-S30.csv
2025,30,,2025-07-21,2025-07-27,Standard,Males non castres de moins de 2 ans,R,3,EUR/kg carcasse,6.4,,COT-VRO-GBEA_communautaire-A25-S30.csv
2025,30,,2025-07-21,2025-07-27,Standard,Males non castres de moins de 2 ans,O,2,EUR/kg carcasse,6.14,,COT-VRO-GBEA_communautaire-A25-S30.csv
2025,30,,2025-07-21,2025-07-27,Standard,Males non castres de moins de 2 ans,O,3,EUR/kg carcasse,6.08,,COT-VRO-GBEA_communautaire-A25-S30.csv
2025,30,,2025-07-21,2025-07-27,Standard,Males non castres de moins de 2 ans,P,3,EUR/kg carcasse,6.03,,COT-VRO-GBEA_communautaire-A25-S30.csv
2025,30,,2025-07-21,2025-07-27,Standard,Autres males non castres,U,2,EUR/kg carcasse,6.35,,COT-VRO-GBEA_communautaire-A25-S30.csv
2025,30,,2025-07-21,2025-07-27,Standard,Autres males non castres,R,2,EUR/kg carcasse,6.24,,COT-VRO-GBEA_communautaire-A25-S30.csv
2025,30,,2025-07-21,2025-07-27,Standard,Males castres,R,3,EUR/kg carcasse,6.47,,COT-VRO-GBEA_communautaire-A25-S30.csv
2025,30,,2025-07-21,2025-07-27,Standard,Males castres,O,3,EUR/kg carcasse,6.22,,COT-VRO-GBEA_communautaire-A25-S30.csv
2025,30,,2025-07-21,2025-07-27,Standard,Males castres,P,3,EUR/kg carcasse,6.02,,COT-VRO-GBEA_communautaire-A25-S30.csv
2025,30,,2025-07-21,2025-07-27,Standard,Femelles ayant deja vele,U,3,EUR/kg carcasse,6.95,,COT-VRO-GBEA_communautaire-A25-S30.csv
2025,30,,2025-07-21,2025-07-27,Standard,Femelles ayant deja vele,R,2,EUR/kg carcasse,6.63,,COT-VRO-GBEA_communautaire-A25-S30.csv
2025,30,,2025-07-21,2025-07-27,Standard,Femelles ayant deja vele,R,3,EUR/kg carcasse,6.63,,COT-VRO-GBEA_communautaire-A25-S30.csv
2025,30,,2025-07-21,2025-07-27,Standard,Femelles ayant deja vele,R,4,EUR/kg carcasse,6.56,,COT-VRO-GBEA_communautaire-A25-S30.csv
2025,30,,2025-07-21,2025-07-27,Standard,Femelles ayant deja vele,O,2,EUR/kg carcasse,6.32,,COT-VRO-GBEA_communautaire-A25-S30.csv
2025,30,,2025-07-21,2025-07-27,Standard,Femelles ayant deja vele,O,3,EUR/kg carcasse,6.15,,COT-VRO-GBEA_communautaire-A25-S30.csv
2025,30,,2025-07-21,2025-07-27,Standard,Femelles ayant deja vele,O,4,EUR/kg carcasse,6.03,,COT-VRO-GBEA_communautaire-A25-S30.csv
2025,30,,2025-07-21,2025-07-27,Standard,Femelles ayant deja vele,P,2,EUR/kg carcasse,5.75,,COT-VRO-GBEA_communautaire-A25-S30.csv
2025,30,,2025-07-21,2025-07-27,Standard,Femelles ayant deja vele,P,3,EUR/kg carcasse,5.93,,COT-VRO-GBEA_communautaire-A25-S30.csv
2025,30,,2025-07-21,2025-07-27,Standard,Autres femelles,U,2,EUR/kg carcasse,7.28,,COT-VRO-GBEA_communautaire-A25-S30.csv
2025,30,,2025-07-21,2025-07-27,Standard,Autres femelles,U,3,EUR/kg carcasse,6.98,,COT-VRO-GBEA_communautaire-A25-S30.csv
2025,30,,2025-07-21,2025-07-27,Standard,Autres femelles,R,2,EUR/kg carcasse,6.64,,COT-VRO-GBEA_communautaire-A25-S30.csv
2025,30,,2025-07-21,2025-07-27,Standard,Autres femelles,R,3,EUR/kg carcasse,6.62,,COT-VRO-GBEA_communautaire-A25-S30.csv
2025,30,,2025-07-21,2025-07-27,Standard,Autres femelles,R,4,EUR/kg carcasse,6.49,,COT-VRO-GBEA_communautaire-A25-S30.csv
2025,30,,2025-07-21,2025-07-27,Standard,Autres femelles,O,3,EUR/kg carcasse,6.32,,COT-VRO-GBEA_communautaire-A25-S30.csv
2025,31,,2025-07-28,2025-08-03,Standard,Males non castres de moins de 2 ans,E,2,EUR/kg carcasse,7.18,,COT-VRO-GBEA_communautaire-A25-S31.csv
2025,31,,2025-07-28,2025-08-03,Standard,Males non castres de moins de 2 ans,U,2,EUR/kg carcasse,6.82,,COT-VRO-GBEA_communautaire-A25-S31.csv
2025,31,,2025-07-28,2025-08-03,Standard,Males non castres de moins de 2 ans,U,3,EUR/kg carcasse,6.57,,COT-VRO-GBEA_communautaire-A25-S31.csv
2025,31,,2025-07-28,2025-08-03,Standard,Males non castres de moins de 2 ans,R,2,EUR/kg carcasse,6.55,,COT-VRO-GBEA_communautaire-A25-S31.csv
2025,31,,2025-07-28,2025-08-03,Standard,Males non castres de moins de 2 ans,R,3,EUR/kg carcasse,6.41,,COT-VRO-GBEA_communautaire-A25-S31.csv
2025,31,,2025-07-28,2025-08-03,Standard,Males non castres de moins de 2 ans,O,2,EUR/kg carcasse,6.19,,COT-VRO-GBEA_communautaire-A25-S31.csv
2025,31,,2025-07-28,2025-08-03,Standard,Males non castres de moins de 2 ans,O,3,EUR/kg carcasse,6.09,,COT-VRO-GBEA_communautaire-A25-S31.csv
2025,31,,2025-07-28,2025-08-03,Standard,Males non castres de moins de 2 ans,P,3,EUR/kg carcasse,6.04,,COT-VRO-GBEA_communautaire-A25-S31.csv
2025,31,,2025-07-28,2025-08-03,Standard,Autres males non castres,U,2,EUR/kg carcasse,6.36,,COT-VRO-GBEA_communautaire-A25-S31.csv
2025,31,,2025-07-28,2025-08-03,Standard,Autres males non castres,R,2,EUR/kg carcasse,6.28,,COT-VRO-GBEA_communautaire-A25-S31.csv
2025,31,,2025-07-28,2025-08-03,Standard,Males castres,R,3,EUR/kg carcasse,6.5,,COT-VRO-GBEA_communautaire-A25-S31.csv
2025,31,,2025-07-28,2025-08-03,Standard,Males castres,O,3,EUR/kg carcasse,6.24,,COT-VRO-GBEA_communautaire-A25-S31.csv
2025,31,,2025-07-28,2025-08-03,Standard,Males castres,P,3,EUR/kg carcasse,6.04,,COT-VRO-GBEA_communautaire-A25-S31.csv
2025,31,,2025-07-28,2025-08-03,Standard,Femelles ayant deja vele,U,3,EUR/kg carcasse,7,,COT-VRO-GBEA_communautaire-A25-S31.csv
2025,31,,2025-07-28,2025-08-03,Standard,Femelles ayant deja vele,R,2,EUR/kg carcasse,6.68,,COT-VRO-GBEA_communautaire-A25-S31.csv
2025,31,,2025-07-28,2025-08-03,Standard,Femelles ayant deja vele,R,3,EUR/kg carcasse,6.67,,COT-VRO-GBEA_communautaire-A25-S31.csv
2025,31,,2025-07-28,2025-08-03,Standard,Femelles ayant deja vele,R,4,EUR/kg carcasse,6.62,,COT-VRO-GBEA_communautaire-A25-S31.csv
2025,31,,2025-07-28,2025-08-03,Standard,Femelles ayant deja vele,O,2,EUR/kg carcasse,6.35,,COT-VRO-GBEA_communautaire-A25-S31.csv
2025,31,,2025-07-28,2025-08-03,Standard,Femelles ayant deja vele,O,3,EUR/kg carcasse,6.17,,COT-VRO-GBEA_communautaire-A25-S31.csv
2025,31,,2025-07-28,2025-08-03,Standard,Femelles ayant deja vele,O,4,EUR/kg carcasse,5.93,,COT-VRO-GBEA_communautaire-A25-S31.csv
2025,31,,2025-07-28,2025-08-03,Standard,Femelles ayant deja vele,P,2,EUR/kg carcasse,5.76,,COT-VRO-GBEA_communautaire-A25-S31.csv
2025,31,,2025-07-28,2025-08-03,Standard,Femelles ayant deja vele,P,3,EUR/kg carcasse,5.94,,COT-VRO-GBEA_communautaire-A25-S31.csv
2025,31,,2025-07-28,2025-08-03,Standard,Autres femelles,U,2,EUR/kg carcasse,7.36,,COT-VRO-GBEA_communautaire-A25-S31.csv
2025,31,,2025-07-28,2025-08-03,Standard,Autres femelles,U,3,EUR/kg carcasse,7.02,,COT-VRO-GBEA_communautaire-A25-S31.csv
2025,31,,2025-07-28,2025-08-03,Standard,Autres femelles,R,2,EUR/kg carcasse,6.69,,COT-VRO-GBEA_communautaire-A25-S31.csv
2025,31,,2025-07-28,2025-08-03,Standard,Autres femelles,R,3,EUR/kg carcasse,6.66,,COT-VRO-GBEA_communautaire-A25-S31.csv
2025,31,,2025-07-28,2025-08-03,Standard,Autres femelles,R,4,EUR/kg carcasse,6.53,,COT-VRO-GBEA_communautaire-A25-S31.csv
2025,31,,2025-07-28,2025-08-03,Standard,Autres femelles,O,3,EUR/kg carcasse,6.29,,COT-VRO-GBEA_communautaire-A25-S31.csv
2025,,8,2025-08-01,2025-08-31,Bio,Males castres,R,3,EUR/kg carcasse,6.92,,COT-VRO-GBBI_prix_UE-A25-M08.csv
2025,,8,2025-08-01,2025-08-31,Bio,Males castres,O,3,EUR/kg carcasse,6.61,,COT-VRO-GBBI_prix_UE-A25-M08.csv
2025,,8,2025-08-01,2025-08-31,Bio,Femelles ayant deja vele,R,2,EUR/kg carcasse,6.86,,COT-VRO-GBBI_prix_UE-A25-M08.csv
2025,,8,2025-08-01,2025-08-31,Bio,Femelles ayant deja vele,R,3,EUR/kg carcasse,6.93,,COT-VRO-GBBI_prix_UE-A25-M08.csv
2025,,8,2025-08-01,2025-08-31,Bio,Femelles ayant deja vele,O,3,EUR/kg carcasse,6.52,,COT-VRO-GBBI_prix_UE-A25-M08.csv
2025,,8,2025-08-01,2025-08-31,Bio,Femelles ayant deja vele,P,3,EUR/kg carcasse,6.31,,COT-VRO-GBBI_prix_UE-A25-M08.csv
2025,,8,2025-08-01,2025-08-31,Bio,Autres femelles,R,3,EUR/kg carcasse,6.9,,COT-VRO-GBBI_prix_UE-A25-M08.csv
2025,32,,2025-08-04,2025-08-10,Standard,Males non castres de moins de 2 ans,E,2,EUR/kg carcasse,7.29,,COT-VRO-GBEA_communautaire-A25-S32.csv
2025,32,,2025-08-04,2025-08-10,Standard,Males non castres de moins de 2 ans,U,2,EUR/kg carcasse,6.86,,COT-VRO-GBEA_communautaire-A25-S32.csv
2025,32,,2025-08-04,2025-08-10,Standard,Males non castres de moins de 2 ans,U,3,EUR/kg carcasse,6.6,,COT-VRO-GBEA_communautaire-A25-S32.csv
2025,32,,2025-08-04,2025-08-10,Standard,Males non castres de moins de 2 ans,R,2,EUR/kg carcasse,6.6,,COT-VRO-GBEA_communautaire-A25-S32.csv
2025,32,,2025-08-04,2025-08-10,Standard,Males non castres de moins de 2 ans,R,3,EUR/kg carcasse,6.47,,COT-VRO-GBEA_communautaire-A25-S32.csv
2025,32,,2025-08-04,2025-08-10,Standard,Males non castres de moins de 2 ans,O,2,EUR/kg carcasse,6.24,,COT-VRO-GBEA_communautaire-A25-S32.csv
2025,32,,2025-08-04,2025-08-10,Standard,Males non castres de moins de 2 ans,O,3,EUR/kg carcasse,6.13,,COT-VRO-GBEA_communautaire-A25-S32.csv
2025,32,,2025-08-04,2025-08-10,Standard,Males non castres de moins de 2 ans,P,3,EUR/kg carcasse,6.08,,COT-VRO-GBEA_communautaire-A25-S32.csv
2025,32,,2025-08-04,2025-08-10,Standard,Autres males non castres,U,2,EUR/kg carcasse,6.36,,COT-VRO-GBEA_communautaire-A25-S32.csv
2025,32,,2025-08-04,2025-08-10,Standard,Autres males non castres,R,2,EUR/kg carcasse,6.29,,COT-VRO-GBEA_communautaire-A25-S32.csv
2025,32,,2025-08-04,2025-08-10,Standard,Males castres,R,3,EUR/kg carcasse,6.57,,COT-VRO-GBEA_communautaire-A25-S32.csv
2025,32,,2025-08-04,2025-08-10,Standard,Males castres,O,3,EUR/kg carcasse,6.31,,COT-VRO-GBEA_communautaire-A25-S32.csv
2025,32,,2025-08-04,2025-08-10,Standard,Males castres,P,3,EUR/kg carcasse,6.1,,COT-VRO-GBEA_communautaire-A25-S32.csv
2025,32,,2025-08-04,2025-08-10,Standard,Femelles ayant deja vele,U,3,EUR/kg carcasse,7.04,,COT-VRO-GBEA_communautaire-A25-S32.csv
2025,32,,2025-08-04,2025-08-10,Standard,Femelles ayant deja vele,R,2,EUR/kg carcasse,6.7,,COT-VRO-GBEA_communautaire-A25-S32.csv
2025,32,,2025-08-04,2025-08-10,Standard,Femelles ayant deja vele,R,3,EUR/kg carcasse,6.72,,COT-VRO-GBEA_communautaire-A25-S32.csv
2025,32,,2025-08-04,2025-08-10,Standard,Femelles ayant deja vele,R,4,EUR/kg carcasse,6.66,,COT-VRO-GBEA_communautaire-A25-S32.csv
2025,32,,2025-08-04,2025-08-10,Standard,Femelles ayant deja vele,O,2,EUR/kg carcasse,6.42,,COT-VRO-GBEA_communautaire-A25-S32.csv
2025,32,,2025-08-04,2025-08-10,Standard,Femelles ayant deja vele,O,3,EUR/kg carcasse,6.21,,COT-VRO-GBEA_communautaire-A25-S32.csv
2025,32,,2025-08-04,2025-08-10,Standard,Femelles ayant deja vele,O,4,EUR/kg carcasse,6.19,,COT-VRO-GBEA_communautaire-A25-S32.csv
2025,32,,2025-08-04,2025-08-10,Standard,Femelles ayant deja vele,P,2,EUR/kg carcasse,5.82,,COT-VRO-GBEA_communautaire-A25-S32.csv
2025,32,,2025-08-04,2025-08-10,Standard,Femelles ayant deja vele,P,3,EUR/kg carcasse,6,,COT-VRO-GBEA_communautaire-A25-S32.csv
2025,32,,2025-08-04,2025-08-10,Standard,Autres femelles,U,2,EUR/kg carcasse,7.35,,COT-VRO-GBEA_communautaire-A25-S32.csv
2025,32,,2025-08-04,2025-08-10,Standard,Autres femelles,U,3,EUR/kg carcasse,7.04,,COT-VRO-GBEA_communautaire-A25-S32.csv
2025,32,,2025-08-04,2025-08-10,Standard,Autres femelles,R,2,EUR/kg carcasse,6.74,,COT-VRO-GBEA_communautaire-A25-S32.csv
2025,32,,2025-08-04,2025-08-10,Standard,Autres femelles,R,3,EUR/kg carcasse,6.71,,COT-VRO-GBEA_communautaire-A25-S32.csv
2025,32,,2025-08-04,2025-08-10,Standard,Autres femelles,R,4,EUR/kg carcasse,6.55,,COT-VRO-GBEA_communautaire-A25-S32.csv
2025,32,,2025-08-04,2025-08-10,Standard,Autres femelles,O,3,EUR/kg carcasse,6.35,,COT-VRO-GBEA_communautaire-A25-S32.csv
2025,33,,2025-08-11,2025-08-17,Standard,Males non castres de moins de 2 ans,E,2,EUR/kg carcasse,7.29,,COT-VRO-GBEA_communautaire-A25-S33.csv
2025,33,,2025-08-11,2025-08-17,Standard,Males non castres de moins de 2 ans,U,2,EUR/kg carcasse,6.93,,COT-VRO-GBEA_communautaire-A25-S33.csv
2025,33,,2025-08-11,2025-08-17,Standard,Males non castres de moins de 2 ans,U,3,EUR/kg carcasse,6.68,,COT-VRO-GBEA_communautaire-A25-S33.csv
2025,33,,2025-08-11,2025-08-17,Standard,Males non castres de moins de 2 ans,R,2,EUR/kg carcasse,6.67,,COT-VRO-GBEA_communautaire-A25-S33.csv
2025,33,,2025-08-11,2025-08-17,Standard,Males non castres de moins de 2 ans,R,3,EUR/kg carcasse,6.54,,COT-VRO-GBEA_communautaire-A25-S33.csv
2025,33,,2025-08-11,2025-08-17,Standard,Males non castres de moins de 2 ans,O,2,EUR/kg carcasse,6.29,,COT-VRO-GBEA_communautaire-A25-S33.csv
2025,33,,2025-08-11,2025-08-17,Standard,Males non castres de moins de 2 ans,O,3,EUR/kg carcasse,6.21,,COT-VRO-GBEA_communautaire-A25-S33.csv
2025,33,,2025-08-11,2025-08-17,Standard,Males non castres de moins de 2 ans,P,3,EUR/kg carcasse,6.15,,COT-VRO-GBEA_communautaire-A25-S33.csv
2025,33,,2025-08-11,2025-08-17,Standard,Autres males non castres,U,2,EUR/kg carcasse,6.42,,COT-VRO-GBEA_communautaire-A25-S33.csv
2025,33,,2025-08-11,2025-08-17,Standard,Autres males non castres,R,2,EUR/kg carcasse,6.33,,COT-VRO-GBEA_communautaire-A25-S33.csv
2025,33,,2025-08-11,2025-08-17,Standard,Males castres,R,3,EUR/kg carcasse,6.62,,COT-VRO-GBEA_communautaire-A25-S33.csv
2025,33,,2025-08-11,2025-08-17,Standard,Males castres,O,3,EUR/kg carcasse,6.33,,COT-VRO-GBEA_communautaire-A25-S33.csv
2025,33,,2025-08-11,2025-08-17,Standard,Males castres,P,3,EUR/kg carcasse,6.17,,COT-VRO-GBEA_communautaire-A25-S33.csv
2025,33,,2025-08-11,2025-08-17,Standard,Femelles ayant deja vele,U,3,EUR/kg carcasse,7.1,,COT-VRO-GBEA_communautaire-A25-S33.csv
2025,33,,2025-08-11,2025-08-17,Standard,Femelles ayant deja vele,R,2,EUR/kg carcasse,6.79,,COT-VRO-GBEA_communautaire-A25-S33.csv
2025,33,,2025-08-11,2025-08-17,Standard,Femelles ayant deja vele,R,3,EUR/kg carcasse,6.79,,COT-VRO-GBEA_communautaire-A25-S33.csv
2025,33,,2025-08-11,2025-08-17,Standard,Femelles ayant deja vele,R,4,EUR/kg carcasse,6.72,,COT-VRO-GBEA_communautaire-A25-S33.csv
2025,33,,2025-08-11,2025-08-17,Standard,Femelles ayant deja vele,O,2,EUR/kg carcasse,6.51,,COT-VRO-GBEA_communautaire-A25-S33.csv
2025,33,,2025-08-11,2025-08-17,Standard,Femelles ayant deja vele,O,3,EUR/kg carcasse,6.3,,COT-VRO-GBEA_communautaire-A25-S33.csv
2025,33,,2025-08-11,2025-08-17,Standard,Femelles ayant deja vele,O,4,EUR/kg carcasse,6.01,,COT-VRO-GBEA_communautaire-A25-S33.csv
2025,33,,2025-08-11,2025-08-17,Standard,Femelles ayant deja vele,P,2,EUR/kg carcasse,5.91,,COT-VRO-GBEA_communautaire-A25-S33.csv
2025,33,,2025-08-11,2025-08-17,Standard,Femelles ayant deja vele,P,3,EUR/kg carcasse,6.09,,COT-VRO-GBEA_communautaire-A25-S33.csv
2025,33,,2025-08-11,2025-08-17,Standard,Autres femelles,U,2,EUR/kg carcasse,7.49,,COT-VRO-GBEA_communautaire-A25-S33.csv
2025,33,,2025-08-11,2025-08-17,Standard,Autres femelles,U,3,EUR/kg carcasse,7.11,,COT-VRO-GBEA_communautaire-A25-S33.csv
2025,33,,2025-08-11,2025-08-17,Standard,Autres femelles,R,2,EUR/kg carcasse,6.78,,COT-VRO-GBEA_communautaire-A25-S33.csv
2025,33,,2025-08-11,2025-08-17,Standard,Autres femelles,R,3,EUR/kg carcasse,6.76,,COT-VRO-GBEA_communautaire-A25-S33.csv
2025,33,,2025-08-11,2025-08-17,Standard,Autres femelles,R,4,EUR/kg carcasse,6.65,,COT-VRO-GBEA_communautaire-A25-S33.csv
2025,33,,2025-08-11,2025-08-17,Standard,Autres femelles,O,3,EUR/kg carcasse,6.39,,COT-VRO-GBEA_communautaire-A25-S33.csv
2025,34,,2025-08-18,2025-08-24,Standard,Males non castres de moins de 2 ans,E,2,EUR/kg carcasse,7.42,,COT-VRO-GBEA_communautaire-A25-S34.csv
2025,34,,2025-08-18,2025-08-24,Standard,Males non castres de moins de 2 ans,U,2,EUR/kg carcasse,7,,COT-VRO-GBEA_communautaire-A25-S34.csv
2025,34,,2025-08-18,2025-08-24,Standard,Males non castres de moins de 2 ans,U,3,EUR/kg carcasse,6.75,,COT-VRO-GBEA_communautaire-A25-S34.csv
2025,34,,2025-08-18,2025-08-24,Standard,Males non castres de moins de 2 ans,R,2,EUR/kg carcasse,6.74,,COT-VRO-GBEA_communautaire-A25-S34.csv
2025,34,,2025-08-18,2025-08-24,Standard,Males non castres de moins de 2 ans,R,3,EUR/kg carcasse,6.6,,COT-VRO-GBEA_communautaire-A25-S34.csv
2025,34,,2025-08-18,2025-08-24,Standard,Males non castres de moins de 2 ans,O,2,EUR/kg carcasse,6.37,,COT-VRO-GBEA_communautaire-A25-S34.csv
2025,34,,2025-08-18,2025-08-24,Standard,Males non castres de moins de 2 ans,O,3,EUR/kg carcasse,6.28,,COT-VRO-GBEA_communautaire-A25-S34.csv
2025,34,,2025-08-18,2025-08-24,Standard,Males non castres de moins de 2 ans,P,3,EUR/kg carcasse,6.22,,COT-VRO-GBEA_communautaire-A25-S34.csv
2025,34,,2025-08-18,2025-08-24,Standard,Autres males non castres,U,2,EUR/kg carcasse,6.44,,COT-VRO-GBEA_communautaire-A25-S34.csv
2025,34,,2025-08-18,2025-08-24,Standard,Autres males non castres,R,2,EUR/kg carcasse,6.36,,COT-VRO-GBEA_communautaire-A25-S34.csv
2025,34,,2025-08-18,2025-08-24,Standard,Males castres,R,3,EUR/kg carcasse,6.7,,COT-VRO-GBEA_communautaire-A25-S34.csv
2025,34,,2025-08-18,2025-08-24,Standard,Males castres,O,3,EUR/kg carcasse,6.4,,COT-VRO-GBEA_communautaire-A25-S34.csv
2025,34,,2025-08-18,2025-08-24,Standard,Males castres,P,3,EUR/kg carcasse,6.23,,COT-VRO-GBEA_communautaire-A25-S34.csv
2025,34,,2025-08-18,2025-08-24,Standard,Femelles ayant deja vele,U,3,EUR/kg carcasse,7.15,,COT-VRO-GBEA_communautaire-A25-S34.csv
2025,34,,2025-08-18,2025-08-24,Standard,Femelles ayant deja vele,R,2,EUR/kg carcasse,6.87,,COT-VRO-GBEA_communautaire-A25-S34.csv
2025,34,,2025-08-18,2025-08-24,Standard,Femelles ayant deja vele,R,3,EUR/kg carcasse,6.87,,COT-VRO-GBEA_communautaire-A25-S34.csv
2025,34,,2025-08-18,2025-08-24,Standard,Femelles ayant deja vele,R,4,EUR/kg carcasse,6.8,,COT-VRO-GBEA_communautaire-A25-S34.csv
2025,34,,2025-08-18,2025-08-24,Standard,Femelles ayant deja vele,O,2,EUR/kg carcasse,6.57,,COT-VRO-GBEA_communautaire-A25-S34.csv
2025,34,,2025-08-18,2025-08-24,Standard,Femelles ayant deja vele,O,3,EUR/kg carcasse,6.37,,COT-VRO-GBEA_communautaire-A25-S34.csv
2025,34,,2025-08-18,2025-08-24,Standard,Femelles ayant deja vele,O,4,EUR/kg carcasse,6.13,,COT-VRO-GBEA_communautaire-A25-S34.csv
2025,34,,2025-08-18,2025-08-24,Standard,Femelles ayant deja vele,P,2,EUR/kg carcasse,5.99,,COT-VRO-GBEA_communautaire-A25-S34.csv
2025,34,,2025-08-18,2025-08-24,Standard,Femelles ayant deja vele,P,3,EUR/kg carcasse,6.17,,COT-VRO-GBEA_communautaire-A25-S34.csv
2025,34,,2025-08-18,2025-08-24,Standard,Autres femelles,U,2,EUR/kg carcasse,7.51,,COT-VRO-GBEA_communautaire-A25-S34.csv
2025,34,,2025-08-18,2025-08-24,Standard,Autres femelles,U,3,EUR/kg carcasse,7.18,,COT-VRO-GBEA_communautaire-A25-S34.csv
2025,34,,2025-08-18,2025-08-24,Standard,Autres femelles,R,2,EUR/kg carcasse,6.89,,COT-VRO-GBEA_communautaire-A25-S34.csv
2025,34,,2025-08-18,2025-08-24,Standard,Autres femelles,R,3,EUR/kg carcasse,6.84,,COT-VRO-GBEA_communautaire-A25-S34.csv
2025,34,,2025-08-18,2025-08-24,Standard,Autres femelles,R,4,EUR/kg carcasse,6.65,,COT-VRO-GBEA_communautaire-A25-S34.csv
2025,34,,2025-08-18,2025-08-24,Standard,Autres femelles,O,3,EUR/kg carcasse,6.47,,COT-VRO-GBEA_communautaire-A25-S34.csv
2025,35,,2025-08-25,2025-08-31,Standard,Males non castres de moins de 2 ans,E,2,EUR/kg carcasse,7.43,,COT-VRO-GBEA_communautaire-A25-S35.csv
2025,35,,2025-08-25,2025-08-31,Standard,Males non castres de moins de 2 ans,U,2,EUR/kg carcasse,7.06,,COT-VRO-GBEA_communautaire-A25-S35.csv
2025,35,,2025-08-25,2025-08-31,Standard,Males non castres de moins de 2 ans,U,3,EUR/kg carcasse,6.83,,COT-VRO-GBEA_communautaire-A25-S35.csv
2025,35,,2025-08-25,2025-08-31,Standard,Males non castres de moins de 2 ans,R,2,EUR/kg carcasse,6.82,,COT-VRO-GBEA_communautaire-A25-S35.csv
2025,35,,2025-08-25,2025-08-31,Standard,Males non castres de moins de 2 ans,R,3,EUR/kg carcasse,6.67,,COT-VRO-GBEA_communautaire-A25-S35.csv
2025,35,,2025-08-25,2025-08-31,Standard,Males non castres de moins de 2 ans,O,2,EUR/kg carcasse,6.42,,COT-VRO-GBEA_communautaire-A25-S35.csv
2025,35,,2025-08-25,2025-08-31,Standard,Males non castres de moins de 2 ans,O,3,EUR/kg carcasse,6.34,,COT-VRO-GBEA_communautaire-A25-S35.csv
2025,35,,2025-08-25,2025-08-31,Standard,Males non castres de moins de 2 ans,P,3,EUR/kg carcasse,6.28,,COT-VRO-GBEA_communautaire-A25-S35.csv
2025,35,,2025-08-25,2025-08-31,Standard,Autres males non castres,U,2,EUR/kg carcasse,6.48,,COT-VRO-GBEA_communautaire-A25-S35.csv
2025,35,,2025-08-25,2025-08-31,Standard,Autres males non castres,R,2,EUR/kg carcasse,6.37,,COT-VRO-GBEA_communautaire-A25-S35.csv
2025,35,,2025-08-25,2025-08-31,Standard,Males castres,R,3,EUR/kg carcasse,6.78,,COT-VRO-GBEA_communautaire-A25-S35.csv
2025,35,,2025-08-25,2025-08-31,Standard,Males castres,O,3,EUR/kg carcasse,6.49,,COT-VRO-GBEA_communautaire-A25-S35.csv
2025,35,,2025-08-25,2025-08-31,Standard,Males castres,P,3,EUR/kg carcasse,6.31,,COT-VRO-GBEA_communautaire-A25-S35.csv
2025,35,,2025-08-25,2025-08-31,Standard,Femelles ayant deja vele,U,3,EUR/kg carcasse,7.25,,COT-VRO-GBEA_communautaire-A25-S35.csv
2025,35,,2025-08-25,2025-08-31,Standard,Femelles ayant deja vele,R,2,EUR/kg carcasse,6.94,,COT-VRO-GBEA_communautaire-A25-S35.csv
2025,35,,2025-08-25,2025-08-31,Standard,Femelles ayant deja vele,R,3,EUR/kg carcasse,6.95,,COT-VRO-GBEA_communautaire-A25-S35.csv
2025,35,,2025-08-25,2025-08-31,Standard,Femelles ayant deja vele,R,4,EUR/kg carcasse,6.87,,COT-VRO-GBEA_communautaire-A25-S35.csv
2025,35,,2025-08-25,2025-08-31,Standard,Femelles ayant deja vele,O,2,EUR/kg carcasse,6.62,,COT-VRO-GBEA_communautaire-A25-S35.csv
2025,35,,2025-08-25,2025-08-31,Standard,Femelles ayant deja vele,O,3,EUR/kg carcasse,6.4,,COT-VRO-GBEA_communautaire-A25-S35.csv
2025,35,,2025-08-25,2025-08-31,Standard,Femelles ayant deja vele,O,4,EUR/kg carcasse,6.27,,COT-VRO-GBEA_communautaire-A25-S35.csv
2025,35,,2025-08-25,2025-08-31,Standard,Femelles ayant deja vele,P,2,EUR/kg carcasse,6.06,,COT-VRO-GBEA_communautaire-A25-S35.csv
2025,35,,2025-08-25,2025-08-31,Standard,Femelles ayant deja vele,P,3,EUR/kg carcasse,6.24,,COT-VRO-GBEA_communautaire-A25-S35.csv
2025,35,,2025-08-25,2025-08-31,Standard,Autres femelles,U,3,EUR/kg carcasse,7.27,,COT-VRO-GBEA_communautaire-A25-S35.csv
2025,35,,2025-08-25,2025-08-31,Standard,Autres femelles,R,2,EUR/kg carcasse,6.9,,COT-VRO-GBEA_communautaire-A25-S35.csv
2025,35,,2025-08-25,2025-08-31,Standard,Autres femelles,R,3,EUR/kg carcasse,6.91,,COT-VRO-GBEA_communautaire-A25-S35.csv
2025,35,,2025-08-25,2025-08-31,Standard,Autres femelles,R,4,EUR/kg carcasse,6.79,,COT-VRO-GBEA_communautaire-A25-S35.csv
2025,35,,2025-08-25,2025-08-31,Standard,Autres femelles,O,3,EUR/kg carcasse,6.54,,COT-VRO-GBEA_communautaire-A25-S35.csv
2025,,9,2025-09-01,2025-09-30,Bio,Males castres,R,3,EUR/kg carcasse,7.25,,COT-VRO-GBBI_prix_UE-A25-M09.csv
2025,,9,2025-09-01,2025-09-30,Bio,Males castres,O,3,EUR/kg carcasse,6.89,,COT-VRO-GBBI_prix_UE-A25-M09.csv
2025,,9,2025-09-01,2025-09-30,Bio,Femelles ayant deja vele,R,3,EUR/kg carcasse,7.27,,COT-VRO-GBBI_prix_UE-A25-M09.csv
2025,,9,2025-09-01,2025-09-30,Bio,Femelles ayant deja vele,O,3,EUR/kg carcasse,6.76,,COT-VRO-GBBI_prix_UE-A25-M09.csv
2025,,9,2025-09-01,2025-09-30,Bio,Femelles ayant deja vele,P,3,EUR/kg carcasse,6.5,,COT-VRO-GBBI_prix_UE-A25-M09.csv
2025,,9,2025-09-01,2025-09-30,Bio,Autres femelles,R,3,EUR/kg carcasse,7.23,,COT-VRO-GBBI_prix_UE-A25-M09.csv
2025,,9,2025-09-01,2025-09-30,Bio,Autres femelles,O,3,EUR/kg carcasse,6.8,,COT-VRO-GBBI_prix_UE-A25-M09.csv
2025,36,,2025-09-01,2025-09-07,Standard,Males non castres de moins de 2 ans,E,2,EUR/kg carcasse,7.48,,COT-VRO-GBEA_communautaire-A25-S36.csv
2025,36,,2025-09-01,2025-09-07,Standard,Males non castres de moins de 2 ans,U,2,EUR/kg carcasse,7.15,,COT-VRO-GBEA_communautaire-A25-S36.csv
2025,36,,2025-09-01,2025-09-07,Standard,Males non castres de moins de 2 ans,U,3,EUR/kg carcasse,6.91,,COT-VRO-GBEA_communautaire-A25-S36.csv
2025,36,,2025-09-01,2025-09-07,Standard,Males non castres de moins de 2 ans,R,2,EUR/kg carcasse,6.88,,COT-VRO-GBEA_communautaire-A25-S36.csv
2025,36,,2025-09-01,2025-09-07,Standard,Males non castres de moins de 2 ans,R,3,EUR/kg carcasse,6.73,,COT-VRO-GBEA_communautaire-A25-S36.csv
2025,36,,2025-09-01,2025-09-07,Standard,Males non castres de moins de 2 ans,O,2,EUR/kg carcasse,6.49,,COT-VRO-GBEA_communautaire-A25-S36.csv
2025,36,,2025-09-01,2025-09-07,Standard,Males non castres de moins de 2 ans,O,3,EUR/kg carcasse,6.38,,COT-VRO-GBEA_communautaire-A25-S36.csv
2025,36,,2025-09-01,2025-09-07,Standard,Males non castres de moins de 2 ans,P,3,EUR/kg carcasse,6.34,,COT-VRO-GBEA_communautaire-A25-S36.csv
2025,36,,2025-09-01,2025-09-07,Standard,Autres males non castres,U,2,EUR/kg carcasse,6.52,,COT-VRO-GBEA_communautaire-A25-S36.csv
2025,36,,2025-09-01,2025-09-07,Standard,Autres males non castres,R,2,EUR/kg carcasse,6.46,,COT-VRO-GBEA_communautaire-A25-S36.csv
2025,36,,2025-09-01,2025-09-07,Standard,Males castres,R,3,EUR/kg carcasse,6.81,,COT-VRO-GBEA_communautaire-A25-S36.csv
2025,36,,2025-09-01,2025-09-07,Standard,Males castres,O,3,EUR/kg carcasse,6.51,,COT-VRO-GBEA_communautaire-A25-S36.csv
2025,36,,2025-09-01,2025-09-07,Standard,Males castres,P,3,EUR/kg carcasse,6.35,,COT-VRO-GBEA_communautaire-A25-S36.csv
2025,36,,2025-09-01,2025-09-07,Standard,Femelles ayant deja vele,U,3,EUR/kg carcasse,7.34,,COT-VRO-GBEA_communautaire-A25-S36.csv
2025,36,,2025-09-01,2025-09-07,Standard,Femelles ayant deja vele,R,2,EUR/kg carcasse,7.02,,COT-VRO-GBEA_communautaire-A25-S36.csv
2025,36,,2025-09-01,2025-09-07,Standard,Femelles ayant deja vele,R,3,EUR/kg carcasse,7.01,,COT-VRO-GBEA_communautaire-A25-S36.csv
2025,36,,2025-09-01,2025-09-07,Standard,Femelles ayant deja vele,R,4,EUR/kg carcasse,6.97,,COT-VRO-GBEA_communautaire-A25-S36.csv
2025,36,,2025-09-01,2025-09-07,Standard,Femelles ayant deja vele,O,2,EUR/kg carcasse,6.63,,COT-VRO-GBEA_communautaire-A25-S36.csv
2025,36,,2025-09-01,2025-09-07,Standard,Femelles ayant deja vele,O,3,EUR/kg carcasse,6.45,,COT-VRO-GBEA_communautaire-A25-S36.csv
2025,36,,2025-09-01,2025-09-07,Standard,Femelles ayant deja vele,P,2,EUR/kg carcasse,6.09,,COT-VRO-GBEA_communautaire-A25-S36.csv
2025,36,,2025-09-01,2025-09-07,Standard,Femelles ayant deja vele,P,3,EUR/kg carcasse,6.27,,COT-VRO-GBEA_communautaire-A25-S36.csv
2025,36,,2025-09-01,2025-09-07,Standard,Autres femelles,U,2,EUR/kg carcasse,7.64,,COT-VRO-GBEA_communautaire-A25-S36.csv
2025,36,,2025-09-01,2025-09-07,Standard,Autres femelles,U,3,EUR/kg carcasse,7.34,,COT-VRO-GBEA_communautaire-A25-S36.csv
2025,36,,2025-09-01,2025-09-07,Standard,Autres femelles,R,2,EUR/kg carcasse,7.01,,COT-VRO-GBEA_communautaire-A25-S36.csv
2025,36,,2025-09-01,2025-09-07,Standard,Autres femelles,R,3,EUR/kg carcasse,6.98,,COT-VRO-GBEA_communautaire-A25-S36.csv
2025,36,,2025-09-01,2025-09-07,Standard,Autres femelles,R,4,EUR/kg carcasse,6.85,,COT-VRO-GBEA_communautaire-A25-S36.csv
2025,36,,2025-09-01,2025-09-07,Standard,Autres femelles,O,3,EUR/kg carcasse,6.64,,COT-VRO-GBEA_communautaire-A25-S36.csv
2025,37,,2025-09-08,2025-09-14,Standard,Males non castres de moins de 2 ans,E,2,EUR/kg carcasse,7.54,,COT-VRO-GBEA_communautaire-A25-S37.csv
2025,37,,2025-09-08,2025-09-14,Standard,Males non castres de moins de 2 ans,U,2,EUR/kg carcasse,7.21,,COT-VRO-GBEA_communautaire-A25-S37.csv
2025,37,,2025-09-08,2025-09-14,Standard,Males non castres de moins de 2 ans,U,3,EUR/kg carcasse,6.99,,COT-VRO-GBEA_communautaire-A25-S37.csv
2025,37,,2025-09-08,2025-09-14,Standard,Males non castres de moins de 2 ans,R,2,EUR/kg carcasse,6.95,,COT-VRO-GBEA_communautaire-A25-S37.csv
2025,37,,2025-09-08,2025-09-14,Standard,Males non castres de moins de 2 ans,R,3,EUR/kg carcasse,6.82,,COT-VRO-GBEA_communautaire-A25-S37.csv
2025,37,,2025-09-08,2025-09-14,Standard,Males non castres de moins de 2 ans,O,2,EUR/kg carcasse,6.52,,COT-VRO-GBEA_communautaire-A25-S37.csv
2025,37,,2025-09-08,2025-09-14,Standard,Males non castres de moins de 2 ans,O,3,EUR/kg carcasse,6.43,,COT-VRO-GBEA_communautaire-A25-S37.csv
2025,37,,2025-09-08,2025-09-14,Standard,Males non castres de moins de 2 ans,P,3,EUR/kg carcasse,6.38,,COT-VRO-GBEA_communautaire-A25-S37.csv
2025,37,,2025-09-08,2025-09-14,Standard,Autres males non castres,U,2,EUR/kg carcasse,6.58,,COT-VRO-GBEA_communautaire-A25-S37.csv
2025,37,,2025-09-08,2025-09-14,Standard,Autres males non castres,R,2,EUR/kg carcasse,6.47,,COT-VRO-GBEA_communautaire-A25-S37.csv
2025,37,,2025-09-08,2025-09-14,Standard,Autres males non castres,O,2,EUR/kg carcasse,6.13,,COT-VRO-GBEA_communautaire-A25-S37.csv
2025,37,,2025-09-08,2025-09-14,Standard,Males castres,R,3,EUR/kg carcasse,6.9,,COT-VRO-GBEA_communautaire-A25-S37.csv
2025,37,,2025-09-08,2025-09-14,Standard,Males castres,O,3,EUR/kg carcasse,6.53,,COT-VRO-GBEA_communautaire-A25-S37.csv
2025,37,,2025-09-08,2025-09-14,Standard,Males castres,P,3,EUR/kg carcasse,6.37,,COT-VRO-GBEA_communautaire-A25-S37.csv
2025,37,,2025-09-08,2025-09-14,Standard,Femelles ayant deja vele,U,3,EUR/kg carcasse,7.41,,COT-VRO-GBEA_communautaire-A25-S37.csv
2025,37,,2025-09-08,2025-09-14,Standard,Femelles ayant deja vele,R,2,EUR/kg carcasse,7.08,,COT-VRO-GBEA_communautaire-A25-S37.csv
2025,37,,2025-09-08,2025-09-14,Standard,Femelles ayant deja vele,R,3,EUR/kg carcasse,7.07,,COT-VRO-GBEA_communautaire-A25-S37.csv
2025,37,,2025-09-08,2025-09-14,Standard,Femelles ayant deja vele,R,4,EUR/kg carcasse,7,,COT-VRO-GBEA_communautaire-A25-S37.csv
2025,37,,2025-09-08,2025-09-14,Standard,Femelles ayant deja vele,O,2,EUR/kg carcasse,6.69,,COT-VRO-GBEA_communautaire-A25-S37.csv
2025,37,,2025-09-08,2025-09-14,Standard,Femelles ayant deja vele,O,3,EUR/kg carcasse,6.47,,COT-VRO-GBEA_communautaire-A25-S37.csv
2025,37,,2025-09-08,2025-09-14,Standard,Femelles ayant deja vele,O,4,EUR/kg carcasse,6.25,,COT-VRO-GBEA_communautaire-A25-S37.csv
2025,37,,2025-09-08,2025-09-14,Standard,Femelles ayant deja vele,P,2,EUR/kg carcasse,6.11,,COT-VRO-GBEA_communautaire-A25-S37.csv
2025,37,,2025-09-08,2025-09-14,Standard,Femelles ayant deja vele,P,3,EUR/kg carcasse,6.29,,COT-VRO-GBEA_communautaire-A25-S37.csv
2025,37,,2025-09-08,2025-09-14,Standard,Autres femelles,U,2,EUR/kg carcasse,7.55,,COT-VRO-GBEA_communautaire-A25-S37.csv
2025,37,,2025-09-08,2025-09-14,Standard,Autres femelles,U,3,EUR/kg carcasse,7.44,,COT-VRO-GBEA_communautaire-A25-S37.csv
2025,37,,2025-09-08,2025-09-14,Standard,Autres femelles,R,2,EUR/kg carcasse,7.09,,COT-VRO-GBEA_communautaire-A25-S37.csv
2025,37,,2025-09-08,2025-09-14,Standard,Autres femelles,R,3,EUR/kg carcasse,7.06,,COT-VRO-GBEA_communautaire-A25-S37.csv
2025,37,,2025-09-08,2025-09-14,Standard,Autres femelles,R,4,EUR/kg carcasse,6.92,,COT-VRO-GBEA_communautaire-A25-S37.csv
2025,37,,2025-09-08,2025-09-14,Standard,Autres femelles,O,3,EUR/kg carcasse,6.64,,COT-VRO-GBEA_communautaire-A25-S37.csv
2025,38,,2025-09-15,2025-09-21,Standard,Males non castres de moins de 2 ans,E,2,EUR/kg carcasse,7.6,,COT-VRO-GBEA_communautaire-A25-S38.csv
2025,38,,2025-09-15,2025-09-21,Standard,Males non castres de moins de 2 ans,U,2,EUR/kg carcasse,7.31,,COT-VRO-GBEA_communautaire-A25-S38.csv
2025,38,,2025-09-15,2025-09-21,Standard,Males non castres de moins de 2 ans,U,3,EUR/kg carcasse,7.07,,COT-VRO-GBEA_communautaire-A25-S38.csv
2025,38,,2025-09-15,2025-09-21,Standard,Males non castres de moins de 2 ans,R,2,EUR/kg carcasse,7.05,,COT-VRO-GBEA_communautaire-A25-S38.csv
2025,38,,2025-09-15,2025-09-21,Standard,Males non castres de moins de 2 ans,R,3,EUR/kg carcasse,6.92,,COT-VRO-GBEA_communautaire-A25-S38.csv
2025,38,,2025-09-15,2025-09-21,Standard,Males non castres de moins de 2 ans,O,2,EUR/kg carcasse,6.58,,COT-VRO-GBEA_communautaire-A25-S38.csv
2025,38,,2025-09-15,2025-09-21,Standard,Males non castres de moins de 2 ans,O,3,EUR/kg carcasse,6.47,,COT-VRO-GBEA_communautaire-A25-S38.csv
2025,38,,2025-09-15,2025-09-21,Standard,Males non castres de moins de 2 ans,P,3,EUR/kg carcasse,6.43,,COT-VRO-GBEA_communautaire-A25-S38.csv
2025,38,,2025-09-15,2025-09-21,Standard,Autres males non castres,U,2,EUR/kg carcasse,6.61,,COT-VRO-GBEA_communautaire-A25-S38.csv
2025,38,,2025-09-15,2025-09-21,Standard,Autres males non castres,R,2,EUR/kg carcasse,6.49,,COT-VRO-GBEA_communautaire-A25-S38.csv
2025,38,,2025-09-15,2025-09-21,Standard,Males castres,R,3,EUR/kg carcasse,6.99,,COT-VRO-GBEA_communautaire-A25-S38.csv
2025,38,,2025-09-15,2025-09-21,Standard,Males castres,O,3,EUR/kg carcasse,6.58,,COT-VRO-GBEA_communautaire-A25-S38.csv
2025,38,,2025-09-15,2025-09-21,Standard,Males castres,P,3,EUR/kg carcasse,6.4,,COT-VRO-GBEA_communautaire-A25-S38.csv
2025,38,,2025-09-15,2025-09-21,Standard,Femelles ayant deja vele,U,3,EUR/kg carcasse,7.47,,COT-VRO-GBEA_communautaire-A25-S38.csv
2025,38,,2025-09-15,2025-09-21,Standard,Femelles ayant deja vele,R,2,EUR/kg carcasse,7.15,,COT-VRO-GBEA_communautaire-A25-S38.csv
2025,38,,2025-09-15,2025-09-21,Standard,Femelles ayant deja vele,R,3,EUR/kg carcasse,7.14,,COT-VRO-GBEA_communautaire-A25-S38.csv
2025,38,,2025-09-15,2025-09-21,Standard,Femelles ayant deja vele,R,4,EUR/kg carcasse,7.06,,COT-VRO-GBEA_communautaire-A25-S38.csv
2025,38,,2025-09-15,2025-09-21,Standard,Femelles ayant deja vele,O,2,EUR/kg carcasse,6.77,,COT-VRO-GBEA_communautaire-A25-S38.csv
2025,38,,2025-09-15,2025-09-21,Standard,Femelles ayant deja vele,O,3,EUR/kg carcasse,6.52,,COT-VRO-GBEA_communautaire-A25-S38.csv
2025,38,,2025-09-15,2025-09-21,Standard,Femelles ayant deja vele,O,4,EUR/kg carcasse,6.38,,COT-VRO-GBEA_communautaire-A25-S38.csv
2025,38,,2025-09-15,2025-09-21,Standard,Femelles ayant deja vele,P,2,EUR/kg carcasse,6.14,,COT-VRO-GBEA_communautaire-A25-S38.csv
2025,38,,2025-09-15,2025-09-21,Standard,Femelles ayant deja vele,P,3,EUR/kg carcasse,6.32,,COT-VRO-GBEA_communautaire-A25-S38.csv
2025,38,,2025-09-15,2025-09-21,Standard,Autres femelles,U,2,EUR/kg carcasse,7.72,,COT-VRO-GBEA_communautaire-A25-S38.csv
2025,38,,2025-09-15,2025-09-21,Standard,Autres femelles,U,3,EUR/kg carcasse,7.49,,COT-VRO-GBEA_communautaire-A25-S38.csv
2025,38,,2025-09-15,2025-09-21,Standard,Autres femelles,R,2,EUR/kg carcasse,7.17,,COT-VRO-GBEA_communautaire-A25-S38.csv
2025,38,,2025-09-15,2025-09-21,Standard,Autres femelles,R,3,EUR/kg carcasse,7.11,,COT-VRO-GBEA_communautaire-A25-S38.csv
2025,38,,2025-09-15,2025-09-21,Standard,Autres femelles,R,4,EUR/kg carcasse,6.88,,COT-VRO-GBEA_communautaire-A25-S38.csv
2025,38,,2025-09-15,2025-09-21,Standard,Autres femelles,O,3,EUR/kg carcasse,6.69,,COT-VRO-GBEA_communautaire-A25-S38.csv
2025,39,,2025-09-22,2025-09-28,Standard,Males non castres de moins de 2 ans,E,2,EUR/kg carcasse,7.67,,COT-VRO-GBEA_communautaire-A25-S39.csv
2025,39,,2025-09-22,2025-09-28,Standard,Males non castres de moins de 2 ans,U,2,EUR/kg carcasse,7.38,,COT-VRO-GBEA_communautaire-A25-S39.csv
2025,39,,2025-09-22,2025-09-28,Standard,Males non castres de moins de 2 ans,U,3,EUR/kg carcasse,7.14,,COT-VRO-GBEA_communautaire-A25-S39.csv
2025,39,,2025-09-22,2025-09-28,Standard,Males non castres de moins de 2 ans,R,2,EUR/kg carcasse,7.12,,COT-VRO-GBEA_communautaire-A25-S39.csv
2025,39,,2025-09-22,2025-09-28,Standard,Males non castres de moins de 2 ans,R,3,EUR/kg carcasse,6.99,,COT-VRO-GBEA_communautaire-A25-S39.csv
2025,39,,2025-09-22,2025-09-28,Standard,Males non castres de moins de 2 ans,O,2,EUR/kg carcasse,6.61,,COT-VRO-GBEA_communautaire-A25-S39.csv
2025,39,,2025-09-22,2025-09-28,Standard,Males non castres de moins de 2 ans,O,3,EUR/kg carcasse,6.52,,COT-VRO-GBEA_communautaire-A25-S39.csv
2025,39,,2025-09-22,2025-09-28,Standard,Males non castres de moins de 2 ans,P,3,EUR/kg carcasse,6.47,,COT-VRO-GBEA_communautaire-A25-S39.csv
2025,39,,2025-09-22,2025-09-28,Standard,Autres males non castres,U,2,EUR/kg carcasse,6.67,,COT-VRO-GBEA_communautaire-A25-S39.csv
2025,39,,2025-09-22,2025-09-28,Standard,Autres males non castres,R,2,EUR/kg carcasse,6.54,,COT-VRO-GBEA_communautaire-A25-S39.csv
2025,39,,2025-09-22,2025-09-28,Standard,Males castres,R,3,EUR/kg carcasse,7.01,,COT-VRO-GBEA_communautaire-A25-S39.csv
2025,39,,2025-09-22,2025-09-28,Standard,Males castres,O,3,EUR/kg carcasse,6.65,,COT-VRO-GBEA_communautaire-A25-S39.csv
2025,39,,2025-09-22,2025-09-28,Standard,Males castres,P,3,EUR/kg carcasse,6.42,,COT-VRO-GBEA_communautaire-A25-S39.csv
2025,39,,2025-09-22,2025-09-28,Standard,Femelles ayant deja vele,U,3,EUR/kg carcasse,7.52,,COT-VRO-GBEA_communautaire-A25-S39.csv
2025,39,,2025-09-22,2025-09-28,Standard,Femelles ayant deja vele,R,2,EUR/kg carcasse,7.23,,COT-VRO-GBEA_communautaire-A25-S39.csv
2025,39,,2025-09-22,2025-09-28,Standard,Femelles ayant deja vele,R,3,EUR/kg carcasse,7.21,,COT-VRO-GBEA_communautaire-A25-S39.csv
2025,39,,2025-09-22,2025-09-28,Standard,Femelles ayant deja vele,R,4,EUR/kg carcasse,7.16,,COT-VRO-GBEA_communautaire-A25-S39.csv
2025,39,,2025-09-22,2025-09-28,Standard,Femelles ayant deja vele,O,2,EUR/kg carcasse,6.77,,COT-VRO-GBEA_communautaire-A25-S39.csv
2025,39,,2025-09-22,2025-09-28,Standard,Femelles ayant deja vele,O,3,EUR/kg carcasse,6.56,,COT-VRO-GBEA_communautaire-A25-S39.csv
2025,39,,2025-09-22,2025-09-28,Standard,Femelles ayant deja vele,O,4,EUR/kg carcasse,6.41,,COT-VRO-GBEA_communautaire-A25-S39.csv
2025,39,,2025-09-22,2025-09-28,Standard,Femelles ayant deja vele,P,2,EUR/kg carcasse,6.18,,COT-VRO-GBEA_communautaire-A25-S39.csv
2025,39,,2025-09-22,2025-09-28,Standard,Femelles ayant deja vele,P,3,EUR/kg carcasse,6.36,,COT-VRO-GBEA_communautaire-A25-S39.csv
2025,39,,2025-09-22,2025-09-28,Standard,Autres femelles,U,3,EUR/kg carcasse,7.52,,COT-VRO-GBEA_communautaire-A25-S39.csv
2025,39,,2025-09-22,2025-09-28,Standard,Autres femelles,R,2,EUR/kg carcasse,7.18,,COT-VRO-GBEA_communautaire-A25-S39.csv
2025,39,,2025-09-22,2025-09-28,Standard,Autres femelles,R,3,EUR/kg carcasse,7.19,,COT-VRO-GBEA_communautaire-A25-S39.csv
2025,39,,2025-09-22,2025-09-28,Standard,Autres femelles,R,4,EUR/kg carcasse,7.07,,COT-VRO-GBEA_communautaire-A25-S39.csv
2025,39,,2025-09-22,2025-09-28,Standard,Autres femelles,O,3,EUR/kg carcasse,6.76,,COT-VRO-GBEA_communautaire-A25-S39.csv
2025,40,,2025-09-29,2025-10-05,Standard,Males non castres de moins de 2 ans,E,2,EUR/kg carcasse,7.74,,COT-VRO-GBEA_communautaire-A25-S40.csv
2025,40,,2025-09-29,2025-10-05,Standard,Males non castres de moins de 2 ans,U,2,EUR/kg carcasse,7.44,,COT-VRO-GBEA_communautaire-A25-S40.csv
2025,40,,2025-09-29,2025-10-05,Standard,Males non castres de moins de 2 ans,U,3,EUR/kg carcasse,7.21,,COT-VRO-GBEA_communautaire-A25-S40.csv
2025,40,,2025-09-29,2025-10-05,Standard,Males non castres de moins de 2 ans,R,2,EUR/kg carcasse,7.19,,COT-VRO-GBEA_communautaire-A25-S40.csv
2025,40,,2025-09-29,2025-10-05,Standard,Males non castres de moins de 2 ans,R,3,EUR/kg carcasse,7.07,,COT-VRO-GBEA_communautaire-A25-S40.csv
2025,40,,2025-09-29,2025-10-05,Standard,Males non castres de moins de 2 ans,O,2,EUR/kg carcasse,6.68,,COT-VRO-GBEA_communautaire-A25-S40.csv
2025,40,,2025-09-29,2025-10-05,Standard,Males non castres de moins de 2 ans,O,3,EUR/kg carcasse,6.57,,COT-VRO-GBEA_communautaire-A25-S40.csv
2025,40,,2025-09-29,2025-10-05,Standard,Males non castres de moins de 2 ans,P,3,EUR/kg carcasse,6.51,,COT-VRO-GBEA_communautaire-A25-S40.csv
2025,40,,2025-09-29,2025-10-05,Standard,Autres males non castres,U,2,EUR/kg carcasse,6.73,,COT-VRO-GBEA_communautaire-A25-S40.csv
2025,40,,2025-09-29,2025-10-05,Standard,Autres males non castres,R,2,EUR/kg carcasse,6.64,,COT-VRO-GBEA_communautaire-A25-S40.csv
2025,40,,2025-09-29,2025-10-05,Standard,Males castres,R,3,EUR/kg carcasse,7.08,,COT-VRO-GBEA_communautaire-A25-S40.csv
2025,40,,2025-09-29,2025-10-05,Standard,Males castres,O,3,EUR/kg carcasse,6.68,,COT-VRO-GBEA_communautaire-A25-S40.csv
2025,40,,2025-09-29,2025-10-05,Standard,Males castres,P,3,EUR/kg carcasse,6.47,,COT-VRO-GBEA_communautaire-A25-S40.csv
2025,40,,2025-09-29,2025-10-05,Standard,Femelles ayant deja vele,U,3,EUR/kg carcasse,7.59,,COT-VRO-GBEA_communautaire-A25-S40.csv
2025,40,,2025-09-29,2025-10-05,Standard,Femelles ayant deja vele,R,2,EUR/kg carcasse,7.28,,COT-VRO-GBEA_communautaire-A25-S40.csv
2025,40,,2025-09-29,2025-10-05,Standard,Femelles ayant deja vele,R,3,EUR/kg carcasse,7.28,,COT-VRO-GBEA_communautaire-A25-S40.csv
2025,40,,2025-09-29,2025-10-05,Standard,Femelles ayant deja vele,R,4,EUR/kg carcasse,7.21,,COT-VRO-GBEA_communautaire-A25-S40.csv
2025,40,,2025-09-29,2025-10-05,Standard,Femelles ayant deja vele,O,2,EUR/kg carcasse,6.88,,COT-VRO-GBEA_communautaire-A25-S40.csv
2025,40,,2025-09-29,2025-10-05,Standard,Femelles ayant deja vele,O,3,EUR/kg carcasse,6.6,,COT-VRO-GBEA_communautaire-A25-S40.csv
2025,40,,2025-09-29,2025-10-05,Standard,Femelles ayant deja vele,O,4,EUR/kg carcasse,6.46,,COT-VRO-GBEA_communautaire-A25-S40.csv
2025,40,,2025-09-29,2025-10-05,Standard,Femelles ayant deja vele,P,2,EUR/kg carcasse,6.23,,COT-VRO-GBEA_communautaire-A25-S40.csv
2025,40,,2025-09-29,2025-10-05,Standard,Femelles ayant deja vele,P,3,EUR/kg carcasse,6.41,,COT-VRO-GBEA_communautaire-A25-S40.csv
2025,40,,2025-09-29,2025-10-05,Standard,Autres femelles,U,3,EUR/kg carcasse,7.59,,COT-VRO-GBEA_communautaire-A25-S40.csv
2025,40,,2025-09-29,2025-10-05,Standard,Autres femelles,R,2,EUR/kg carcasse,7.28,,COT-VRO-GBEA_communautaire-A25-S40.csv
2025,40,,2025-09-29,2025-10-05,Standard,Autres femelles,R,3,EUR/kg carcasse,7.26,,COT-VRO-GBEA_communautaire-A25-S40.csv
2025,40,,2025-09-29,2025-10-05,Standard,Autres femelles,R,4,EUR/kg carcasse,7.13,,COT-VRO-GBEA_communautaire-A25-S40.csv
2025,40,,2025-09-29,2025-10-05,Standard,Autres femelles,O,3,EUR/kg carcasse,6.8,,COT-VRO-GBEA_communautaire-A25-S40.csv
2025,,10,2025-10-01,2025-10-31,Bio,Males castres,R,3,EUR/kg carcasse,7.54,,COT-VRO-GBBI_prix_UE-A25-M10.csv
2025,,10,2025-10-01,2025-10-31,Bio,Males castres,O,3,EUR/kg carcasse,7.02,,COT-VRO-GBBI_prix_UE-A25-M10.csv
2025,,10,2025-10-01,2025-10-31,Bio,Femelles ayant deja vele,R,2,EUR/kg carcasse,7.53,,COT-VRO-GBBI_prix_UE-A25-M10.csv
2025,,10,2025-10-01,2025-10-31,Bio,Femelles ayant deja vele,R,3,EUR/kg carcasse,7.48,,COT-VRO-GBBI_prix_UE-A25-M10.csv
2025,,10,2025-10-01,2025-10-31,Bio,Femelles ayant deja vele,O,3,EUR/kg carcasse,6.97,,COT-VRO-GBBI_prix_UE-A25-M10.csv
2025,,10,2025-10-01,2025-10-31,Bio,Femelles ayant deja vele,P,3,EUR/kg carcasse,6.68,,COT-VRO-GBBI_prix_UE-A25-M10.csv
2025,,10,2025-10-01,2025-10-31,Bio,Autres femelles,R,3,EUR/kg carcasse,7.54,,COT-VRO-GBBI_prix_UE-A25-M10.csv
2025,41,,2025-10-06,2025-10-12,Standard,Males non castres de moins de 2 ans,E,2,EUR/kg carcasse,7.78,,COT-VRO-GBEA_communautaire-A25-S41.csv
2025,41,,2025-10-06,2025-10-12,Standard,Males non castres de moins de 2 ans,U,2,EUR/kg carcasse,7.49,,COT-VRO-GBEA_communautaire-A25-S41.csv
2025,41,,2025-10-06,2025-10-12,Standard,Males non castres de moins de 2 ans,U,3,EUR/kg carcasse,7.27,,COT-VRO-GBEA_communautaire-A25-S41.csv
2025,41,,2025-10-06,2025-10-12,Standard,Males non castres de moins de 2 ans,R,2,EUR/kg carcasse,7.23,,COT-VRO-GBEA_communautaire-A25-S41.csv
2025,41,,2025-10-06,2025-10-12,Standard,Males non castres de moins de 2 ans,R,3,EUR/kg carcasse,7.13,,COT-VRO-GBEA_communautaire-A25-S41.csv
2025,41,,2025-10-06,2025-10-12,Standard,Males non castres de moins de 2 ans,O,2,EUR/kg carcasse,6.72,,COT-VRO-GBEA_communautaire-A25-S41.csv
2025,41,,2025-10-06,2025-10-12,Standard,Males non castres de moins de 2 ans,O,3,EUR/kg carcasse,6.63,,COT-VRO-GBEA_communautaire-A25-S41.csv
2025,41,,2025-10-06,2025-10-12,Standard,Males non castres de moins de 2 ans,P,3,EUR/kg carcasse,6.56,,COT-VRO-GBEA_communautaire-A25-S41.csv
2025,41,,2025-10-06,2025-10-12,Standard,Autres males non castres,U,2,EUR/kg carcasse,6.79,,COT-VRO-GBEA_communautaire-A25-S41.csv
2025,41,,2025-10-06,2025-10-12,Standard,Autres males non castres,R,2,EUR/kg carcasse,6.67,,COT-VRO-GBEA_communautaire-A25-S41.csv
2025,41,,2025-10-06,2025-10-12,Standard,Males castres,R,3,EUR/kg carcasse,7.14,,COT-VRO-GBEA_communautaire-A25-S41.csv
2025,41,,2025-10-06,2025-10-12,Standard,Males castres,O,3,EUR/kg carcasse,6.75,,COT-VRO-GBEA_communautaire-A25-S41.csv
2025,41,,2025-10-06,2025-10-12,Standard,Males castres,P,3,EUR/kg carcasse,6.52,,COT-VRO-GBEA_communautaire-A25-S41.csv
2025,41,,2025-10-06,2025-10-12,Standard,Femelles ayant deja vele,U,3,EUR/kg carcasse,7.62,,COT-VRO-GBEA_communautaire-A25-S41.csv
2025,41,,2025-10-06,2025-10-12,Standard,Femelles ayant deja vele,R,2,EUR/kg carcasse,7.34,,COT-VRO-GBEA_communautaire-A25-S41.csv
2025,41,,2025-10-06,2025-10-12,Standard,Femelles ayant deja vele,R,3,EUR/kg carcasse,7.34,,COT-VRO-GBEA_communautaire-A25-S41.csv
2025,41,,2025-10-06,2025-10-12,Standard,Femelles ayant deja vele,R,4,EUR/kg carcasse,7.3,,COT-VRO-GBEA_communautaire-A25-S41.csv
2025,41,,2025-10-06,2025-10-12,Standard,Femelles ayant deja vele,O,2,EUR/kg carcasse,6.96,,COT-VRO-GBEA_communautaire-A25-S41.csv
2025,41,,2025-10-06,2025-10-12,Standard,Femelles ayant deja vele,O,3,EUR/kg carcasse,6.65,,COT-VRO-GBEA_communautaire-A25-S41.csv
2025,41,,2025-10-06,2025-10-12,Standard,Femelles ayant deja vele,O,4,EUR/kg carcasse,6.5,,COT-VRO-GBEA_communautaire-A25-S41.csv
2025,41,,2025-10-06,2025-10-12,Standard,Femelles ayant deja vele,P,2,EUR/kg carcasse,6.27,,COT-VRO-GBEA_communautaire-A25-S41.csv
2025,41,,2025-10-06,2025-10-12,Standard,Femelles ayant deja vele,P,3,EUR/kg carcasse,6.45,,COT-VRO-GBEA_communautaire-A25-S41.csv
2025,41,,2025-10-06,2025-10-12,Standard,Autres femelles,U,3,EUR/kg carcasse,7.66,,COT-VRO-GBEA_communautaire-A25-S41.csv
2025,41,,2025-10-06,2025-10-12,Standard,Autres femelles,R,2,EUR/kg carcasse,7.37,,COT-VRO-GBEA_communautaire-A25-S41.csv
2025,41,,2025-10-06,2025-10-12,Standard,Autres femelles,R,3,EUR/kg carcasse,7.33,,COT-VRO-GBEA_communautaire-A25-S41.csv
2025,41,,2025-10-06,2025-10-12,Standard,Autres femelles,R,4,EUR/kg carcasse,7.14,,COT-VRO-GBEA_communautaire-A25-S41.csv
2025,41,,2025-10-06,2025-10-12,Standard,Autres femelles,O,3,EUR/kg carcasse,6.86,,COT-VRO-GBEA_communautaire-A25-S41.csv
2025,42,,2025-10-13,2025-10-19,Standard,Males non castres de moins de 2 ans,E,2,EUR/kg carcasse,7.77,,COT-VRO-GBEA_communautaire-A25-S42.csv
2025,42,,2025-10-13,2025-10-19,Standard,Males non castres de moins de 2 ans,U,2,EUR/kg carcasse,7.52,,COT-VRO-GBEA_communautaire-A25-S42.csv
2025,42,,2025-10-13,2025-10-19,Standard,Males non castres de moins de 2 ans,U,3,EUR/kg carcasse,7.31,,COT-VRO-GBEA_communautaire-A25-S42.csv
2025,42,,2025-10-13,2025-10-19,Standard,Males non castres de moins de 2 ans,R,2,EUR/kg carcasse,7.28,,COT-VRO-GBEA_communautaire-A25-S42.csv
2025,42,,2025-10-13,2025-10-19,Standard,Males non castres de moins de 2 ans,R,3,EUR/kg carcasse,7.16,,COT-VRO-GBEA_communautaire-A25-S42.csv
2025,42,,2025-10-13,2025-10-19,Standard,Males non castres de moins de 2 ans,O,2,EUR/kg carcasse,6.79,,COT-VRO-GBEA_communautaire-A25-S42.csv
2025,42,,2025-10-13,2025-10-19,Standard,Males non castres de moins de 2 ans,O,3,EUR/kg carcasse,6.67,,COT-VRO-GBEA_communautaire-A25-S42.csv
2025,42,,2025-10-13,2025-10-19,Standard,Males non castres de moins de 2 ans,P,3,EUR/kg carcasse,6.61,,COT-VRO-GBEA_communautaire-A25-S42.csv
2025,42,,2025-10-13,2025-10-19,Standard,Autres males non castres,U,2,EUR/kg carcasse,6.83,,COT-VRO-GBEA_communautaire-A25-S42.csv
2025,42,,2025-10-13,2025-10-19,Standard,Autres males non castres,R,2,EUR/kg carcasse,6.72,,COT-VRO-GBEA_communautaire-A25-S42.csv
2025,42,,2025-10-13,2025-10-19,Standard,Males castres,R,3,EUR/kg carcasse,7.19,,COT-VRO-GBEA_communautaire-A25-S42.csv
2025,42,,2025-10-13,2025-10-19,Standard,Males castres,O,3,EUR/kg carcasse,6.75,,COT-VRO-GBEA_communautaire-A25-S42.csv
2025,42,,2025-10-13,2025-10-19,Standard,Males castres,P,3,EUR/kg carcasse,6.56,,COT-VRO-GBEA_communautaire-A25-S42.csv
2025,42,,2025-10-13,2025-10-19,Standard,Femelles ayant deja vele,U,3,EUR/kg carcasse,7.7,,COT-VRO-GBEA_communautaire-A25-S42.csv
2025,42,,2025-10-13,2025-10-19,Standard,Femelles ayant deja vele,R,2,EUR/kg carcasse,7.41,,COT-VRO-GBEA_communautaire-A25-S42.csv
2025,42,,2025-10-13,2025-10-19,Standard,Femelles ayant deja vele,R,3,EUR/kg carcasse,7.4,,COT-VRO-GBEA_communautaire-A25-S42.csv
2025,42,,2025-10-13,2025-10-19,Standard,Femelles ayant deja vele,R,4,EUR/kg carcasse,7.31,,COT-VRO-GBEA_communautaire-A25-S42.csv
2025,42,,2025-10-13,2025-10-19,Standard,Femelles ayant deja vele,O,2,EUR/kg carcasse,7.05,,COT-VRO-GBEA_communautaire-A25-S42.csv
2025,42,,2025-10-13,2025-10-19,Standard,Femelles ayant deja vele,O,3,EUR/kg carcasse,6.69,,COT-VRO-GBEA_communautaire-A25-S42.csv
2025,42,,2025-10-13,2025-10-19,Standard,Femelles ayant deja vele,O,4,EUR/kg carcasse,6.45,,COT-VRO-GBEA_communautaire-A25-S42.csv
2025,42,,2025-10-13,2025-10-19,Standard,Femelles ayant deja vele,P,2,EUR/kg carcasse,6.31,,COT-VRO-GBEA_communautaire-A25-S42.csv
2025,42,,2025-10-13,2025-10-19,Standard,Femelles ayant deja vele,P,3,EUR/kg carcasse,6.49,,COT-VRO-GBEA_communautaire-A25-S42.csv
2025,42,,2025-10-13,2025-10-19,Standard,Autres femelles,U,3,EUR/kg carcasse,7.69,,COT-VRO-GBEA_communautaire-A25-S42.csv
2025,42,,2025-10-13,2025-10-19,Standard,Autres femelles,R,2,EUR/kg carcasse,7.42,,COT-VRO-GBEA_communautaire-A25-S42.csv
2025,42,,2025-10-13,2025-10-19,Standard,Autres femelles,R,3,EUR/kg carcasse,7.37,,COT-VRO-GBEA_communautaire-A25-S42.csv
2025,42,,2025-10-13,2025-10-19,Standard,Autres femelles,R,4,EUR/kg carcasse,7.14,,COT-VRO-GBEA_communautaire-A25-S42.csv
2025,42,,2025-10-13,2025-10-19,Standard,Autres femelles,O,3,EUR/kg carcasse,6.9,,COT-VRO-GBEA_communautaire-A25-S42.csv
2025,43,,2025-10-20,2025-10-26,Standard,Males non castres de moins de 2 ans,E,2,EUR/kg carcasse,7.81,,COT-VRO-GBEA_communautaire-A25-S43.csv
2025,43,,2025-10-20,2025-10-26,Standard,Males non castres de moins de 2 ans,U,2,EUR/kg carcasse,7.55,,COT-VRO-GBEA_communautaire-A25-S43.csv
2025,43,,2025-10-20,2025-10-26,Standard,Males non castres de moins de 2 ans,U,3,EUR/kg carcasse,7.34,,COT-VRO-GBEA_communautaire-A25-S43.csv
2025,43,,2025-10-20,2025-10-26,Standard,Males non castres de moins de 2 ans,R,2,EUR/kg carcasse,7.32,,COT-VRO-GBEA_communautaire-A25-S43.csv
2025,43,,2025-10-20,2025-10-26,Standard,Males non castres de moins de 2 ans,R,3,EUR/kg carcasse,7.2,,COT-VRO-GBEA_communautaire-A25-S43.csv
2025,43,,2025-10-20,2025-10-26,Standard,Males non castres de moins de 2 ans,O,2,EUR/kg carcasse,6.8,,COT-VRO-GBEA_communautaire-A25-S43.csv
2025,43,,2025-10-20,2025-10-26,Standard,Males non castres de moins de 2 ans,O,3,EUR/kg carcasse,6.69,,COT-VRO-GBEA_communautaire-A25-S43.csv
2025,43,,2025-10-20,2025-10-26,Standard,Males non castres de moins de 2 ans,P,3,EUR/kg carcasse,6.62,,COT-VRO-GBEA_communautaire-A25-S43.csv
2025,43,,2025-10-20,2025-10-26,Standard,Autres males non castres,U,2,EUR/kg carcasse,6.87,,COT-VRO-GBEA_communautaire-A25-S43.csv
2025,43,,2025-10-20,2025-10-26,Standard,Autres males non castres,R,2,EUR/kg carcasse,6.79,,COT-VRO-GBEA_communautaire-A25-S43.csv
2025,43,,2025-10-20,2025-10-26,Standard,Males castres,R,3,EUR/kg carcasse,7.26,,COT-VRO-GBEA_communautaire-A25-S43.csv
2025,43,,2025-10-20,2025-10-26,Standard,Males castres,O,3,EUR/kg carcasse,6.8,,COT-VRO-GBEA_communautaire-A25-S43.csv
2025,43,,2025-10-20,2025-10-26,Standard,Males castres,P,3,EUR/kg carcasse,6.57,,COT-VRO-GBEA_communautaire-A25-S43.csv
2025,43,,2025-10-20,2025-10-26,Standard,Femelles ayant deja vele,U,3,EUR/kg carcasse,7.74,,COT-VRO-GBEA_communautaire-A25-S43.csv
2025,43,,2025-10-20,2025-10-26,Standard,Femelles ayant deja vele,R,2,EUR/kg carcasse,7.43,,COT-VRO-GBEA_communautaire-A25-S43.csv
2025,43,,2025-10-20,2025-10-26,Standard,Femelles ayant deja vele,R,3,EUR/kg carcasse,7.43,,COT-VRO-GBEA_communautaire-A25-S43.csv
2025,43,,2025-10-20,2025-10-26,Standard,Femelles ayant deja vele,R,4,EUR/kg carcasse,7.36,,COT-VRO-GBEA_communautaire-A25-S43.csv
2025,43,,2025-10-20,2025-10-26,Standard,Femelles ayant deja vele,O,2,EUR/kg carcasse,7.05,,COT-VRO-GBEA_communautaire-A25-S43.csv
2025,43,,2025-10-20,2025-10-26,Standard,Femelles ayant deja vele,O,3,EUR/kg carcasse,6.7,,COT-VRO-GBEA_communautaire-A25-S43.csv
2025,43,,2025-10-20,2025-10-26,Standard,Femelles ayant deja vele,O,4,EUR/kg carcasse,6.56,,COT-VRO-GBEA_communautaire-A25-S43.csv
2025,43,,2025-10-20,2025-10-26,Standard,Femelles ayant deja vele,P,2,EUR/kg carcasse,6.32,,COT-VRO-GBEA_communautaire-A25-S43.csv
2025,43,,2025-10-20,2025-10-26,Standard,Femelles ayant deja vele,P,3,EUR/kg carcasse,6.5,,COT-VRO-GBEA_communautaire-A25-S43.csv
2025,43,,2025-10-20,2025-10-26,Standard,Autres femelles,U,3,EUR/kg carcasse,7.73,,COT-VRO-GBEA_communautaire-A25-S43.csv
2025,43,,2025-10-20,2025-10-26,Standard,Autres femelles,R,2,EUR/kg carcasse,7.5,,COT-VRO-GBEA_communautaire-A25-S43.csv
2025,43,,2025-10-20,2025-10-26,Standard,Autres femelles,R,3,EUR/kg carcasse,7.4,,COT-VRO-GBEA_communautaire-A25-S43.csv
2025,43,,2025-10-20,2025-10-26,Standard,Autres femelles,R,4,EUR/kg carcasse,7.25,,COT-VRO-GBEA_communautaire-A25-S43.csv
2025,43,,2025-10-20,2025-10-26,Standard,Autres femelles,O,3,EUR/kg carcasse,6.91,,COT-VRO-GBEA_communautaire-A25-S43.csv
2025,44,,2025-10-27,2025-11-02,Standard,Males non castres de moins de 2 ans,E,2,EUR/kg carcasse,7.87,,COT-VRO-GBEA_communautaire-A25-S44.csv
2025,44,,2025-10-27,2025-11-02,Standard,Males non castres de moins de 2 ans,U,2,EUR/kg carcasse,7.59,,COT-VRO-GBEA_communautaire-A25-S44.csv
2025,44,,2025-10-27,2025-11-02,Standard,Males non castres de moins de 2 ans,U,3,EUR/kg carcasse,7.36,,COT-VRO-GBEA_communautaire-A25-S44.csv
2025,44,,2025-10-27,2025-11-02,Standard,Males non castres de moins de 2 ans,R,2,EUR/kg carcasse,7.33,,COT-VRO-GBEA_communautaire-A25-S44.csv
2025,44,,2025-10-27,2025-11-02,Standard,Males non castres de moins de 2 ans,R,3,EUR/kg carcasse,7.2,,COT-VRO-GBEA_communautaire-A25-S44.csv
2025,44,,2025-10-27,2025-11-02,Standard,Males non castres de moins de 2 ans,O,2,EUR/kg carcasse,6.76,,COT-VRO-GBEA_communautaire-A25-S44.csv
2025,44,,2025-10-27,2025-11-02,Standard,Males non castres de moins de 2 ans,O,3,EUR/kg carcasse,6.69,,COT-VRO-GBEA_communautaire-A25-S44.csv
2025,44,,2025-10-27,2025-11-02,Standard,Males non castres de moins de 2 ans,P,3,EUR/kg carcasse,6.63,,COT-VRO-GBEA_communautaire-A25-S44.csv
2025,44,,2025-10-27,2025-11-02,Standard,Autres males non castres,U,2,EUR/kg carcasse,6.86,,COT-VRO-GBEA_communautaire-A25-S44.csv
2025,44,,2025-10-27,2025-11-02,Standard,Autres males non castres,U,3,EUR/kg carcasse,6.79,,COT-VRO-GBEA_communautaire-A25-S44.csv
2025,44,,2025-10-27,2025-11-02,Standard,Autres males non castres,R,2,EUR/kg carcasse,6.72,,COT-VRO-GBEA_communautaire-A25-S44.csv
2025,44,,2025-10-27,2025-11-02,Standard,Males castres,R,3,EUR/kg carcasse,7.25,,COT-VRO-GBEA_communautaire-A25-S44.csv
2025,44,,2025-10-27,2025-11-02,Standard,Males castres,O,3,EUR/kg carcasse,6.76,,COT-VRO-GBEA_communautaire-A25-S44.csv
2025,44,,2025-10-27,2025-11-02,Standard,Males castres,P,3,EUR/kg carcasse,6.49,,COT-VRO-GBEA_communautaire-A25-S44.csv
2025,44,,2025-10-27,2025-11-02,Standard,Femelles ayant deja vele,U,3,EUR/kg carcasse,7.74,,COT-VRO-GBEA_communautaire-A25-S44.csv
2025,44,,2025-10-27,2025-11-02,Standard,Femelles ayant deja vele,R,2,EUR/kg carcasse,7.44,,COT-VRO-GBEA_communautaire-A25-S44.csv
2025,44,,2025-10-27,2025-11-02,Standard,Femelles ayant deja vele,R,3,EUR/kg carcasse,7.43,,COT-VRO-GBEA_communautaire-A25-S44.csv
2025,44,,2025-10-27,2025-11-02,Standard,Femelles ayant deja vele,R,4,EUR/kg carcasse,7.32,,COT-VRO-GBEA_communautaire-A25-S44.csv
2025,44,,2025-10-27,2025-11-02,Standard,Femelles ayant deja vele,O,2,EUR/kg carcasse,7.03,,COT-VRO-GBEA_communautaire-A25-S44.csv
2025,44,,2025-10-27,2025-11-02,Standard,Femelles ayant deja vele,O,3,EUR/kg carcasse,6.64,,COT-VRO-GBEA_communautaire-A25-S44.csv
2025,44,,2025-10-27,2025-11-02,Standard,Femelles ayant deja vele,O,4,EUR/kg carcasse,6.53,,COT-VRO-GBEA_communautaire-A25-S44.csv
2025,44,,2025-10-27,2025-11-02,Standard,Femelles ayant deja vele,P,2,EUR/kg carcasse,6.25,,COT-VRO-GBEA_communautaire-A25-S44.csv
2025,44,,2025-10-27,2025-11-02,Standard,Femelles ayant deja vele,P,3,EUR/kg carcasse,6.43,,COT-VRO-GBEA_communautaire-A25-S44.csv
2025,44,,2025-10-27,2025-11-02,Standard,Autres femelles,U,2,EUR/kg carcasse,7.87,,COT-VRO-GBEA_communautaire-A25-S44.csv
2025,44,,2025-10-27,2025-11-02,Standard,Autres femelles,U,3,EUR/kg carcasse,7.75,,COT-VRO-GBEA_communautaire-A25-S44.csv
2025,44,,2025-10-27,2025-11-02,Standard,Autres femelles,R,2,EUR/kg carcasse,7.45,,COT-VRO-GBEA_communautaire-A25-S44.csv
2025,44,,2025-10-27,2025-11-02,Standard,Autres femelles,R,3,EUR/kg carcasse,7.41,,COT-VRO-GBEA_communautaire-A25-S44.csv
2025,44,,2025-10-27,2025-11-02,Standard,Autres femelles,R,4,EUR/kg carcasse,7.22,,COT-VRO-GBEA_communautaire-A25-S44.csv
2025,44,,2025-10-27,2025-11-02,Standard,Autres femelles,O,3,EUR/kg carcasse,6.95,,COT-VRO-GBEA_communautaire-A25-S44.csv
2025,,11,2025-11-01,2025-11-30,Bio,Males castres,U,3,EUR/kg carcasse,7.8,,COT-VRO-GBBI_prix_UE-A25-M11.csv
2025,,11,2025-11-01,2025-11-30,Bio,Males castres,R,3,EUR/kg carcasse,7.62,,COT-VRO-GBBI_prix_UE-A25-M11.csv
2025,,11,2025-11-01,2025-11-30,Bio,Males castres,O,3,EUR/kg carcasse,7.13,,COT-VRO-GBBI_prix_UE-A25-M11.csv
2025,,11,2025-11-01,2025-11-30,Bio,Femelles ayant deja vele,U,3,EUR/kg carcasse,7.81,,COT-VRO-GBBI_prix_UE-A25-M11.csv
2025,,11,2025-11-01,2025-11-30,Bio,Femelles ayant deja vele,R,2,EUR/kg carcasse,7.6,,COT-VRO-GBBI_prix_UE-A25-M11.csv
2025,,11,2025-11-01,2025-11-30,Bio,Femelles ayant deja vele,R,3,EUR/kg carcasse,7.6,,COT-VRO-GBBI_prix_UE-A25-M11.csv
2025,,11,2025-11-01,2025-11-30,Bio,Femelles ayant deja vele,O,3,EUR/kg carcasse,6.89,,COT-VRO-GBBI_prix_UE-A25-M11.csv
2025,,11,2025-11-01,2025-11-30,Bio,Femelles ayant deja vele,P,3,EUR/kg carcasse,6.56,,COT-VRO-GBBI_prix_UE-A25-M11.csv
2025,,11,2025-11-01,2025-11-30,Bio,Autres femelles,R,3,EUR/kg carcasse,7.58,,COT-VRO-GBBI_prix_UE-A25-M11.csv
2025,,11,2025-11-01,2025-11-30,Bio,Autres femelles,O,3,EUR/kg carcasse,6.92,,COT-VRO-GBBI_prix_UE-A25-M11.csv
2025,45,,2025-11-03,2025-11-09,Standard,Males non castres de moins de 2 ans,E,2,EUR/kg carcasse,7.91,,COT-VRO-GBEA_communautaire-A25-S45.csv
2025,45,,2025-11-03,2025-11-09,Standard,Males non castres de moins de 2 ans,U,2,EUR/kg carcasse,7.6,,COT-VRO-GBEA_communautaire-A25-S45.csv
2025,45,,2025-11-03,2025-11-09,Standard,Males non castres de moins de 2 ans,U,3,EUR/kg carcasse,7.37,,COT-VRO-GBEA_communautaire-A25-S45.csv
2025,45,,2025-11-03,2025-11-09,Standard,Males non castres de moins de 2 ans,R,2,EUR/kg carcasse,7.34,,COT-VRO-GBEA_communautaire-A25-S45.csv
2025,45,,2025-11-03,2025-11-09,Standard,Males non castres de moins de 2 ans,R,3,EUR/kg carcasse,7.22,,COT-VRO-GBEA_communautaire-A25-S45.csv
2025,45,,2025-11-03,2025-11-09,Standard,Males non castres de moins de 2 ans,O,2,EUR/kg carcasse,6.66,,COT-VRO-GBEA_communautaire-A25-S45.csv
2025,45,,2025-11-03,2025-11-09,Standard,Males non castres de moins de 2 ans,O,3,EUR/kg carcasse,6.69,,COT-VRO-GBEA_communautaire-A25-S45.csv
2025,45,,2025-11-03,2025-11-09,Standard,Males non castres de moins de 2 ans,P,3,EUR/kg carcasse,6.58,,COT-VRO-GBEA_communautaire-A25-S45.csv
2025,45,,2025-11-03,2025-11-09,Standard,Autres males non castres,U,2,EUR/kg carcasse,6.84,,COT-VRO-GBEA_communautaire-A25-S45.csv
2025,45,,2025-11-03,2025-11-09,Standard,Autres males non castres,R,2,EUR/kg carcasse,6.71,,COT-VRO-GBEA_communautaire-A25-S45.csv
2025,45,,2025-11-03,2025-11-09,Standard,Males castres,R,3,EUR/kg carcasse,7.28,,COT-VRO-GBEA_communautaire-A25-S45.csv
2025,45,,2025-11-03,2025-11-09,Standard,Males castres,O,3,EUR/kg carcasse,6.65,,COT-VRO-GBEA_communautaire-A25-S45.csv
2025,45,,2025-11-03,2025-11-09,Standard,Males castres,P,3,EUR/kg carcasse,6.43,,COT-VRO-GBEA_communautaire-A25-S45.csv
2025,45,,2025-11-03,2025-11-09,Standard,Femelles ayant deja vele,U,3,EUR/kg carcasse,7.77,,COT-VRO-GBEA_communautaire-A25-S45.csv
2025,45,,2025-11-03,2025-11-09,Standard,Femelles ayant deja vele,R,2,EUR/kg carcasse,7.44,,COT-VRO-GBEA_communautaire-A25-S45.csv
2025,45,,2025-11-03,2025-11-09,Standard,Femelles ayant deja vele,R,3,EUR/kg carcasse,7.43,,COT-VRO-GBEA_communautaire-A25-S45.csv
2025,45,,2025-11-03,2025-11-09,Standard,Femelles ayant deja vele,R,4,EUR/kg carcasse,7.38,,COT-VRO-GBEA_communautaire-A25-S45.csv
2025,45,,2025-11-03,2025-11-09,Standard,Femelles ayant deja vele,O,2,EUR/kg carcasse,6.99,,COT-VRO-GBEA_communautaire-A25-S45.csv
2025,45,,2025-11-03,2025-11-09,Standard,Femelles ayant deja vele,O,3,EUR/kg carcasse,6.57,,COT-VRO-GBEA_communautaire-A25-S45.csv
2025,45,,2025-11-03,2025-11-09,Standard,Femelles ayant deja vele,O,4,EUR/kg carcasse,6.41,,COT-VRO-GBEA_communautaire-A25-S45.csv
2025,45,,2025-11-03,2025-11-09,Standard,Femelles ayant deja vele,P,2,EUR/kg carcasse,6.17,,COT-VRO-GBEA_communautaire-A25-S45.csv
2025,45,,2025-11-03,2025-11-09,Standard,Femelles ayant deja vele,P,3,EUR/kg carcasse,6.35,,COT-VRO-GBEA_communautaire-A25-S45.csv
2025,45,,2025-11-03,2025-11-09,Standard,Autres femelles,U,3,EUR/kg carcasse,7.74,,COT-VRO-GBEA_communautaire-A25-S45.csv
2025,45,,2025-11-03,2025-11-09,Standard,Autres femelles,R,2,EUR/kg carcasse,7.45,,COT-VRO-GBEA_communautaire-A25-S45.csv
2025,45,,2025-11-03,2025-11-09,Standard,Autres femelles,R,3,EUR/kg carcasse,7.41,,COT-VRO-GBEA_communautaire-A25-S45.csv
2025,45,,2025-11-03,2025-11-09,Standard,Autres femelles,R,4,EUR/kg carcasse,7.27,,COT-VRO-GBEA_communautaire-A25-S45.csv
2025,45,,2025-11-03,2025-11-09,Standard,Autres femelles,O,3,EUR/kg carcasse,6.88,,COT-VRO-GBEA_communautaire-A25-S45.csv
2025,46,,2025-11-10,2025-11-16,Standard,Males non castres de moins de 2 ans,E,2,EUR/kg carcasse,7.93,,COT-VRO-GBEA_communautaire-A25-S46.csv
2025,46,,2025-11-10,2025-11-16,Standard,Males non castres de moins de 2 ans,U,2,EUR/kg carcasse,7.62,,COT-VRO-GBEA_communautaire-A25-S46.csv
2025,46,,2025-11-10,2025-11-16,Standard,Males non castres de moins de 2 ans,U,3,EUR/kg carcasse,7.4,,COT-VRO-GBEA_communautaire-A25-S46.csv
2025,46,,2025-11-10,2025-11-16,Standard,Males non castres de moins de 2 ans,R,2,EUR/kg carcasse,7.35,,COT-VRO-GBEA_communautaire-A25-S46.csv
2025,46,,2025-11-10,2025-11-16,Standard,Males non castres de moins de 2 ans,R,3,EUR/kg carcasse,7.25,,COT-VRO-GBEA_communautaire-A25-S46.csv
2025,46,,2025-11-10,2025-11-16,Standard,Males non castres de moins de 2 ans,O,2,EUR/kg carcasse,6.75,,COT-VRO-GBEA_communautaire-A25-S46.csv
2025,46,,2025-11-10,2025-11-16,Standard,Males non castres de moins de 2 ans,O,3,EUR/kg carcasse,6.7,,COT-VRO-GBEA_communautaire-A25-S46.csv
2025,46,,2025-11-10,2025-11-16,Standard,Males non castres de moins de 2 ans,P,3,EUR/kg carcasse,6.61,,COT-VRO-GBEA_communautaire-A25-S46.csv
2025,46,,2025-11-10,2025-11-16,Standard,Autres males non castres,U,2,EUR/kg carcasse,6.87,,COT-VRO-GBEA_communautaire-A25-S46.csv
2025,46,,2025-11-10,2025-11-16,Standard,Autres males non castres,R,2,EUR/kg carcasse,6.76,,COT-VRO-GBEA_communautaire-A25-S46.csv
2025,46,,2025-11-10,2025-11-16,Standard,Males castres,R,3,EUR/kg carcasse,7.28,,COT-VRO-GBEA_communautaire-A25-S46.csv
2025,46,,2025-11-10,2025-11-16,Standard,Males castres,O,3,EUR/kg carcasse,6.67,,COT-VRO-GBEA_communautaire-A25-S46.csv
2025,46,,2025-11-10,2025-11-16,Standard,Males castres,P,3,EUR/kg carcasse,6.36,,COT-VRO-GBEA_communautaire-A25-S46.csv
2025,46,,2025-11-10,2025-11-16,Standard,Femelles ayant deja vele,U,3,EUR/kg carcasse,7.79,,COT-VRO-GBEA_communautaire-A25-S46.csv
2025,46,,2025-11-10,2025-11-16,Standard,Femelles ayant deja vele,R,2,EUR/kg carcasse,7.46,,COT-VRO-GBEA_communautaire-A25-S46.csv
2025,46,,2025-11-10,2025-11-16,Standard,Femelles ayant deja vele,R,3,EUR/kg carcasse,7.44,,COT-VRO-GBEA_communautaire-A25-S46.csv
2025,46,,2025-11-10,2025-11-16,Standard,Femelles ayant deja vele,R,4,EUR/kg carcasse,7.39,,COT-VRO-GBEA_communautaire-A25-S46.csv
2025,46,,2025-11-10,2025-11-16,Standard,Femelles ayant deja vele,O,2,EUR/kg carcasse,6.98,,COT-VRO-GBEA_communautaire-A25-S46.csv
2025,46,,2025-11-10,2025-11-16,Standard,Femelles ayant deja vele,O,3,EUR/kg carcasse,6.53,,COT-VRO-GBEA_communautaire-A25-S46.csv
2025,46,,2025-11-10,2025-11-16,Standard,Femelles ayant deja vele,O,4,EUR/kg carcasse,6.36,,COT-VRO-GBEA_communautaire-A25-S46.csv
2025,46,,2025-11-10,2025-11-16,Standard,Femelles ayant deja vele,P,2,EUR/kg carcasse,6.1,,COT-VRO-GBEA_communautaire-A25-S46.csv
2025,46,,2025-11-10,2025-11-16,Standard,Femelles ayant deja vele,P,3,EUR/kg carcasse,6.28,,COT-VRO-GBEA_communautaire-A25-S46.csv
2025,46,,2025-11-10,2025-11-16,Standard,Autres femelles,U,3,EUR/kg carcasse,7.79,,COT-VRO-GBEA_communautaire-A25-S46.csv
2025,46,,2025-11-10,2025-11-16,Standard,Autres femelles,R,2,EUR/kg carcasse,7.46,,COT-VRO-GBEA_communautaire-A25-S46.csv
2025,46,,2025-11-10,2025-11-16,Standard,Autres femelles,R,3,EUR/kg carcasse,7.43,,COT-VRO-GBEA_communautaire-A25-S46.csv
2025,46,,2025-11-10,2025-11-16,Standard,Autres femelles,R,4,EUR/kg carcasse,7.3,,COT-VRO-GBEA_communautaire-A25-S46.csv
2025,46,,2025-11-10,2025-11-16,Standard,Autres femelles,O,3,EUR/kg carcasse,6.9,,COT-VRO-GBEA_communautaire-A25-S46.csv
2025,47,,2025-11-17,2025-11-23,Standard,Males non castres de moins de 2 ans,E,2,EUR/kg carcasse,7.87,,COT-VRO-GBEA_communautaire-A25-S47.csv
2025,47,,2025-11-17,2025-11-23,Standard,Males non castres de moins de 2 ans,U,2,EUR/kg carcasse,7.63,,COT-VRO-GBEA_communautaire-A25-S47.csv
2025,47,,2025-11-17,2025-11-23,Standard,Males non castres de moins de 2 ans,U,3,EUR/kg carcasse,7.44,,COT-VRO-GBEA_communautaire-A25-S47.csv
2025,47,,2025-11-17,2025-11-23,Standard,Males non castres de moins de 2 ans,R,2,EUR/kg carcasse,7.35,,COT-VRO-GBEA_communautaire-A25-S47.csv
2025,47,,2025-11-17,2025-11-23,Standard,Males non castres de moins de 2 ans,R,3,EUR/kg carcasse,7.26,,COT-VRO-GBEA_communautaire-A25-S47.csv
2025,47,,2025-11-17,2025-11-23,Standard,Males non castres de moins de 2 ans,O,2,EUR/kg carcasse,6.75,,COT-VRO-GBEA_communautaire-A25-S47.csv
2025,47,,2025-11-17,2025-11-23,Standard,Males non castres de moins de 2 ans,O,3,EUR/kg carcasse,6.7,,COT-VRO-GBEA_communautaire-A25-S47.csv
2025,47,,2025-11-17,2025-11-23,Standard,Males non castres de moins de 2 ans,P,3,EUR/kg carcasse,6.61,,COT-VRO-GBEA_communautaire-A25-S47.csv
2025,47,,2025-11-17,2025-11-23,Standard,Autres males non castres,U,2,EUR/kg carcasse,6.85,,COT-VRO-GBEA_communautaire-A25-S47.csv
2025,47,,2025-11-17,2025-11-23,Standard,Autres males non castres,R,2,EUR/kg carcasse,6.74,,COT-VRO-GBEA_communautaire-A25-S47.csv
2025,47,,2025-11-17,2025-11-23,Standard,Males castres,R,3,EUR/kg carcasse,7.32,,COT-VRO-GBEA_communautaire-A25-S47.csv
2025,47,,2025-11-17,2025-11-23,Standard,Males castres,O,3,EUR/kg carcasse,6.65,,COT-VRO-GBEA_communautaire-A25-S47.csv
2025,47,,2025-11-17,2025-11-23,Standard,Males castres,P,3,EUR/kg carcasse,6.32,,COT-VRO-GBEA_communautaire-A25-S47.csv
2025,47,,2025-11-17,2025-11-23,Standard,Femelles ayant deja vele,U,3,EUR/kg carcasse,7.83,,COT-VRO-GBEA_communautaire-A25-S47.csv
2025,47,,2025-11-17,2025-11-23,Standard,Femelles ayant deja vele,R,2,EUR/kg carcasse,7.45,,COT-VRO-GBEA_communautaire-A25-S47.csv
2025,47,,2025-11-17,2025-11-23,Standard,Femelles ayant deja vele,R,3,EUR/kg carcasse,7.44,,COT-VRO-GBEA_communautaire-A25-S47.csv
2025,47,,2025-11-17,2025-11-23,Standard,Femelles ayant deja vele,R,4,EUR/kg carcasse,7.37,,COT-VRO-GBEA_communautaire-A25-S47.csv
2025,47,,2025-11-17,2025-11-23,Standard,Femelles ayant deja vele,O,2,EUR/kg carcasse,6.98,,COT-VRO-GBEA_communautaire-A25-S47.csv
2025,47,,2025-11-17,2025-11-23,Standard,Femelles ayant deja vele,O,3,EUR/kg carcasse,6.5,,COT-VRO-GBEA_communautaire-A25-S47.csv
2025,47,,2025-11-17,2025-11-23,Standard,Femelles ayant deja vele,O,4,EUR/kg carcasse,6.32,,COT-VRO-GBEA_communautaire-A25-S47.csv
2025,47,,2025-11-17,2025-11-23,Standard,Femelles ayant deja vele,P,2,EUR/kg carcasse,6.04,,COT-VRO-GBEA_communautaire-A25-S47.csv
2025,47,,2025-11-17,2025-11-23,Standard,Femelles ayant deja vele,P,3,EUR/kg carcasse,6.22,,COT-VRO-GBEA_communautaire-A25-S47.csv
2025,47,,2025-11-17,2025-11-23,Standard,Autres femelles,U,3,EUR/kg carcasse,7.79,,COT-VRO-GBEA_communautaire-A25-S47.csv
2025,47,,2025-11-17,2025-11-23,Standard,Autres femelles,R,2,EUR/kg carcasse,7.43,,COT-VRO-GBEA_communautaire-A25-S47.csv
2025,47,,2025-11-17,2025-11-23,Standard,Autres femelles,R,3,EUR/kg carcasse,7.45,,COT-VRO-GBEA_communautaire-A25-S47.csv
2025,47,,2025-11-17,2025-11-23,Standard,Autres femelles,R,4,EUR/kg carcasse,7.24,,COT-VRO-GBEA_communautaire-A25-S47.csv
2025,47,,2025-11-17,2025-11-23,Standard,Autres femelles,O,3,EUR/kg carcasse,6.89,,COT-VRO-GBEA_communautaire-A25-S47.csv
2025,47,,2025-11-17,2025-11-23,Standard,Autres femelles,O,4,EUR/kg carcasse,6.91,,COT-VRO-GBEA_communautaire-A25-S47.csv
2025,48,,2025-11-24,2025-11-30,Standard,Males non castres de moins de 2 ans,E,2,EUR/kg carcasse,7.88,,COT-VRO-GBEA_communautaire-A25-S48.csv
2025,48,,2025-11-24,2025-11-30,Standard,Males non castres de moins de 2 ans,U,2,EUR/kg carcasse,7.67,,COT-VRO-GBEA_communautaire-A25-S48.csv
2025,48,,2025-11-24,2025-11-30,Standard,Males non castres de moins de 2 ans,U,3,EUR/kg carcasse,7.44,,COT-VRO-GBEA_communautaire-A25-S48.csv
2025,48,,2025-11-24,2025-11-30,Standard,Males non castres de moins de 2 ans,R,2,EUR/kg carcasse,7.33,,COT-VRO-GBEA_communautaire-A25-S48.csv
2025,48,,2025-11-24,2025-11-30,Standard,Males non castres de moins de 2 ans,R,3,EUR/kg carcasse,7.27,,COT-VRO-GBEA_communautaire-A25-S48.csv
2025,48,,2025-11-24,2025-11-30,Standard,Males non castres de moins de 2 ans,O,2,EUR/kg carcasse,6.78,,COT-VRO-GBEA_communautaire-A25-S48.csv
2025,48,,2025-11-24,2025-11-30,Standard,Males non castres de moins de 2 ans,O,3,EUR/kg carcasse,6.71,,COT-VRO-GBEA_communautaire-A25-S48.csv
2025,48,,2025-11-24,2025-11-30,Standard,Males non castres de moins de 2 ans,P,3,EUR/kg carcasse,6.62,,COT-VRO-GBEA_communautaire-A25-S48.csv
2025,48,,2025-11-24,2025-11-30,Standard,Autres males non castres,U,2,EUR/kg carcasse,6.86,,COT-VRO-GBEA_communautaire-A25-S48.csv
2025,48,,2025-11-24,2025-11-30,Standard,Autres males non castres,R,2,EUR/kg carcasse,6.76,,COT-VRO-GBEA_communautaire-A25-S48.csv
2025,48,,2025-11-24,2025-11-30,Standard,Autres males non castres,O,2,EUR/kg carcasse,6.25,,COT-VRO-GBEA_communautaire-A25-S48.csv
2025,48,,2025-11-24,2025-11-30,Standard,Males castres,R,3,EUR/kg carcasse,7.33,,COT-VRO-GBEA_communautaire-A25-S48.csv
2025,48,,2025-11-24,2025-11-30,Standard,Males castres,O,3,EUR/kg carcasse,6.61,,COT-VRO-GBEA_communautaire-A25-S48.csv
2025,48,,2025-11-24,2025-11-30,Standard,Males castres,P,3,EUR/kg carcasse,6.23,,COT-VRO-GBEA_communautaire-A25-S48.csv
2025,48,,2025-11-24,2025-11-30,Standard,Femelles ayant deja vele,U,3,EUR/kg carcasse,7.81,,COT-VRO-GBEA_communautaire-A25-S48.csv
2025,48,,2025-11-24,2025-11-30,Standard,Femelles ayant deja vele,R,2,EUR/kg carcasse,7.37,,COT-VRO-GBEA_communautaire-A25-S48.csv
2025,48,,2025-11-24,2025-11-30,Standard,Femelles ayant deja vele,R,3,EUR/kg carcasse,7.44,,COT-VRO-GBEA_communautaire-A25-S48.csv
2025,48,,2025-11-24,2025-11-30,Standard,Femelles ayant deja vele,R,4,EUR/kg carcasse,7.39,,COT-VRO-GBEA_communautaire-A25-S48.csv
2025,48,,2025-11-24,2025-11-30,Standard,Femelles ayant deja vele,O,2,EUR/kg carcasse,6.85,,COT-VRO-GBEA_communautaire-A25-S48.csv
2025,48,,2025-11-24,2025-11-30,Standard,Femelles ayant deja vele,O,3,EUR/kg carcasse,6.44,,COT-VRO-GBEA_communautaire-A25-S48.csv
2025,48,,2025-11-24,2025-11-30,Standard,Femelles ayant deja vele,O,4,EUR/kg carcasse,6.27,,COT-VRO-GBEA_communautaire-A25-S48.csv
2025,48,,2025-11-24,2025-11-30,Standard,Femelles ayant deja vele,P,2,EUR/kg carcasse,5.98,,COT-VRO-GBEA_communautaire-A25-S48.csv
2025,48,,2025-11-24,2025-11-30,Standard,Femelles ayant deja vele,P,3,EUR/kg carcasse,6.16,,COT-VRO-GBEA_communautaire-A25-S48.csv
2025,48,,2025-11-24,2025-11-30,Standard,Autres femelles,U,3,EUR/kg carcasse,7.83,,COT-VRO-GBEA_communautaire-A25-S48.csv
2025,48,,2025-11-24,2025-11-30,Standard,Autres femelles,R,2,EUR/kg carcasse,7.43,,COT-VRO-GBEA_communautaire-A25-S48.csv
2025,48,,2025-11-24,2025-11-30,Standard,Autres femelles,R,3,EUR/kg carcasse,7.44,,COT-VRO-GBEA_communautaire-A25-S48.csv
2025,48,,2025-11-24,2025-11-30,Standard,Autres femelles,R,4,EUR/kg carcasse,7.28,,COT-VRO-GBEA_communautaire-A25-S48.csv
2025,48,,2025-11-24,2025-11-30,Standard,Autres femelles,O,3,EUR/kg carcasse,6.84,,COT-VRO-GBEA_communautaire-A25-S48.csv
2025,,12,2025-12-01,2025-12-31,Bio,Males castres,R,3,EUR/kg carcasse,7.71,,COT-VRO-GBBI_prix_UE-A25-M12.csv
2025,,12,2025-12-01,2025-12-31,Bio,Males castres,O,3,EUR/kg carcasse,7.03,,COT-VRO-GBBI_prix_UE-A25-M12.csv
2025,,12,2025-12-01,2025-12-31,Bio,Femelles ayant deja vele,R,2,EUR/kg carcasse,7.61,,COT-VRO-GBBI_prix_UE-A25-M12.csv
2025,,12,2025-12-01,2025-12-31,Bio,Femelles ayant deja vele,R,3,EUR/kg carcasse,7.65,,COT-VRO-GBBI_prix_UE-A25-M12.csv
2025,,12,2025-12-01,2025-12-31,Bio,Femelles ayant deja vele,O,3,EUR/kg carcasse,6.78,,COT-VRO-GBBI_prix_UE-A25-M12.csv
2025,,12,2025-12-01,2025-12-31,Bio,Femelles ayant deja vele,P,3,EUR/kg carcasse,6.43,,COT-VRO-GBBI_prix_UE-A25-M12.csv
2025,,12,2025-12-01,2025-12-31,Bio,Autres femelles,R,3,EUR/kg carcasse,7.65,,COT-VRO-GBBI_prix_UE-A25-M12.csv
2025,49,,2025-12-01,2025-12-07,Standard,Males non castres de moins de 2 ans,E,2,EUR/kg carcasse,7.93,,COT-VRO-GBEA_communautaire-A25-S49.csv
2025,49,,2025-12-01,2025-12-07,Standard,Males non castres de moins de 2 ans,U,2,EUR/kg carcasse,7.69,,COT-VRO-GBEA_communautaire-A25-S49.csv
2025,49,,2025-12-01,2025-12-07,Standard,Males non castres de moins de 2 ans,U,3,EUR/kg carcasse,7.47,,COT-VRO-GBEA_communautaire-A25-S49.csv
2025,49,,2025-12-01,2025-12-07,Standard,Males non castres de moins de 2 ans,R,2,EUR/kg carcasse,7.39,,COT-VRO-GBEA_communautaire-A25-S49.csv
2025,49,,2025-12-01,2025-12-07,Standard,Males non castres de moins de 2 ans,R,3,EUR/kg carcasse,7.31,,COT-VRO-GBEA_communautaire-A25-S49.csv
2025,49,,2025-12-01,2025-12-07,Standard,Males non castres de moins de 2 ans,O,2,EUR/kg carcasse,6.77,,COT-VRO-GBEA_communautaire-A25-S49.csv
2025,49,,2025-12-01,2025-12-07,Standard,Males non castres de moins de 2 ans,O,3,EUR/kg carcasse,6.73,,COT-VRO-GBEA_communautaire-A25-S49.csv
2025,49,,2025-12-01,2025-12-07,Standard,Males non castres de moins de 2 ans,P,3,EUR/kg carcasse,6.62,,COT-VRO-GBEA_communautaire-A25-S49.csv
2025,49,,2025-12-01,2025-12-07,Standard,Autres males non castres,U,2,EUR/kg carcasse,6.8,,COT-VRO-GBEA_communautaire-A25-S49.csv
2025,49,,2025-12-01,2025-12-07,Standard,Autres males non castres,U,3,EUR/kg carcasse,6.73,,COT-VRO-GBEA_communautaire-A25-S49.csv
2025,49,,2025-12-01,2025-12-07,Standard,Autres males non castres,R,2,EUR/kg carcasse,6.72,,COT-VRO-GBEA_communautaire-A25-S49.csv
2025,49,,2025-12-01,2025-12-07,Standard,Autres males non castres,O,2,EUR/kg carcasse,6.19,,COT-VRO-GBEA_communautaire-A25-S49.csv
2025,49,,2025-12-01,2025-12-07,Standard,Males castres,R,3,EUR/kg carcasse,7.32,,COT-VRO-GBEA_communautaire-A25-S49.csv
2025,49,,2025-12-01,2025-12-07,Standard,Males castres,O,3,EUR/kg carcasse,6.59,,COT-VRO-GBEA_communautaire-A25-S49.csv
2025,49,,2025-12-01,2025-12-07,Standard,Males castres,P,3,EUR/kg carcasse,6.22,,COT-VRO-GBEA_communautaire-A25-S49.csv
2025,49,,2025-12-01,2025-12-07,Standard,Femelles ayant deja vele,E,3,EUR/kg carcasse,9.51,,COT-VRO-GBEA_communautaire-A25-S49.csv
2025,49,,2025-12-01,2025-12-07,Standard,Femelles ayant deja vele,U,3,EUR/kg carcasse,7.92,,COT-VRO-GBEA_communautaire-A25-S49.csv
2025,49,,2025-12-01,2025-12-07,Standard,Femelles ayant deja vele,R,2,EUR/kg carcasse,7.41,,COT-VRO-GBEA_communautaire-A25-S49.csv
2025,49,,2025-12-01,2025-12-07,Standard,Femelles ayant deja vele,R,3,EUR/kg carcasse,7.43,,COT-VRO-GBEA_communautaire-A25-S49.csv
2025,49,,2025-12-01,2025-12-07,Standard,Femelles ayant deja vele,R,4,EUR/kg carcasse,7.36,,COT-VRO-GBEA_communautaire-A25-S49.csv
2025,49,,2025-12-01,2025-12-07,Standard,Femelles ayant deja vele,O,2,EUR/kg carcasse,6.88,,COT-VRO-GBEA_communautaire-A25-S49.csv
2025,49,,2025-12-01,2025-12-07,Standard,Femelles ayant deja vele,O,3,EUR/kg carcasse,6.44,,COT-VRO-GBEA_communautaire-A25-S49.csv
2025,49,,2025-12-01,2025-12-07,Standard,Femelles ayant deja vele,O,4,EUR/kg carcasse,6.24,,COT-VRO-GBEA_communautaire-A25-S49.csv
2025,49,,2025-12-01,2025-12-07,Standard,Femelles ayant deja vele,P,2,EUR/kg carcasse,5.94,,COT-VRO-GBEA_communautaire-A25-S49.csv
2025,49,,2025-12-01,2025-12-07,Standard,Femelles ayant deja vele,P,3,EUR/kg carcasse,6.12,,COT-VRO-GBEA_communautaire-A25-S49.csv
2025,49,,2025-12-01,2025-12-07,Standard,Autres femelles,U,3,EUR/kg carcasse,7.89,,COT-VRO-GBEA_communautaire-A25-S49.csv
2025,49,,2025-12-01,2025-12-07,Standard,Autres femelles,R,2,EUR/kg carcasse,7.4,,COT-VRO-GBEA_communautaire-A25-S49.csv
2025,49,,2025-12-01,2025-12-07,Standard,Autres femelles,R,3,EUR/kg carcasse,7.47,,COT-VRO-GBEA_communautaire-A25-S49.csv
2025,49,,2025-12-01,2025-12-07,Standard,Autres femelles,R,4,EUR/kg carcasse,7.31,,COT-VRO-GBEA_communautaire-A25-S49.csv
2025,49,,2025-12-01,2025-12-07,Standard,Autres femelles,O,3,EUR/kg carcasse,6.81,,COT-VRO-GBEA_communautaire-A25-S49.csv
2025,50,,2025-12-08,2025-12-14,Standard,Males non castres de moins de 2 ans,E,2,EUR/kg carcasse,7.96,,COT-VRO-GBEA_communautaire-A25-S50.csv
2025,50,,2025-12-08,2025-12-14,Standard,Males non castres de moins de 2 ans,U,2,EUR/kg carcasse,7.7,,COT-VRO-GBEA_communautaire-A25-S50.csv
2025,50,,2025-12-08,2025-12-14,Standard,Males non castres de moins de 2 ans,U,3,EUR/kg carcasse,7.47,,COT-VRO-GBEA_communautaire-A25-S50.csv
2025,50,,2025-12-08,2025-12-14,Standard,Males non castres de moins de 2 ans,R,2,EUR/kg carcasse,7.39,,COT-VRO-GBEA_communautaire-A25-S50.csv
2025,50,,2025-12-08,2025-12-14,Standard,Males non castres de moins de 2 ans,R,3,EUR/kg carcasse,7.3,,COT-VRO-GBEA_communautaire-A25-S50.csv
2025,50,,2025-12-08,2025-12-14,Standard,Males non castres de moins de 2 ans,O,2,EUR/kg carcasse,6.76,,COT-VRO-GBEA_communautaire-A25-S50.csv
2025,50,,2025-12-08,2025-12-14,Standard,Males non castres de moins de 2 ans,O,3,EUR/kg carcasse,6.71,,COT-VRO-GBEA_communautaire-A25-S50.csv
2025,50,,2025-12-08,2025-12-14,Standard,Males non castres de moins de 2 ans,P,3,EUR/kg carcasse,6.64,,COT-VRO-GBEA_communautaire-A25-S50.csv
2025,50,,2025-12-08,2025-12-14,Standard,Autres males non castres,U,2,EUR/kg carcasse,6.82,,COT-VRO-GBEA_communautaire-A25-S50.csv
2025,50,,2025-12-08,2025-12-14,Standard,Autres males non castres,U,3,EUR/kg carcasse,6.7,,COT-VRO-GBEA_communautaire-A25-S50.csv
2025,50,,2025-12-08,2025-12-14,Standard,Autres males non castres,R,2,EUR/kg carcasse,6.69,,COT-VRO-GBEA_communautaire-A25-S50.csv
2025,50,,2025-12-08,2025-12-14,Standard,Autres males non castres,O,2,EUR/kg carcasse,6.19,,COT-VRO-GBEA_communautaire-A25-S50.csv
2025,50,,2025-12-08,2025-12-14,Standard,Autres males non castres,O,3,EUR/kg carcasse,6.08,,COT-VRO-GBEA_communautaire-A25-S50.csv
2025,50,,2025-12-08,2025-12-14,Standard,Males castres,R,3,EUR/kg carcasse,7.23,,COT-VRO-GBEA_communautaire-A25-S50.csv
2025,50,,2025-12-08,2025-12-14,Standard,Males castres,O,3,EUR/kg carcasse,6.56,,COT-VRO-GBEA_communautaire-A25-S50.csv
2025,50,,2025-12-08,2025-12-14,Standard,Males castres,P,3,EUR/kg carcasse,6.18,,COT-VRO-GBEA_communautaire-A25-S50.csv
2025,50,,2025-12-08,2025-12-14,Standard,Femelles ayant deja vele,E,3,EUR/kg carcasse,9.69,,COT-VRO-GBEA_communautaire-A25-S50.csv
2025,50,,2025-12-08,2025-12-14,Standard,Femelles ayant deja vele,U,3,EUR/kg carcasse,8.03,,COT-VRO-GBEA_communautaire-A25-S50.csv
2025,50,,2025-12-08,2025-12-14,Standard,Femelles ayant deja vele,R,2,EUR/kg carcasse,7.41,,COT-VRO-GBEA_communautaire-A25-S50.csv
2025,50,,2025-12-08,2025-12-14,Standard,Femelles ayant deja vele,R,3,EUR/kg carcasse,7.44,,COT-VRO-GBEA_communautaire-A25-S50.csv
2025,50,,2025-12-08,2025-12-14,Standard,Femelles ayant deja vele,R,4,EUR/kg carcasse,7.36,,COT-VRO-GBEA_communautaire-A25-S50.csv
2025,50,,2025-12-08,2025-12-14,Standard,Femelles ayant deja vele,O,2,EUR/kg carcasse,6.85,,COT-VRO-GBEA_communautaire-A25-S50.csv
2025,50,,2025-12-08,2025-12-14,Standard,Femelles ayant deja vele,O,3,EUR/kg carcasse,6.39,,COT-VRO-GBEA_communautaire-A25-S50.csv
2025,50,,2025-12-08,2025-12-14,Standard,Femelles ayant deja vele,O,4,EUR/kg carcasse,6.23,,COT-VRO-GBEA_communautaire-A25-S50.csv
2025,50,,2025-12-08,2025-12-14,Standard,Femelles ayant deja vele,P,2,EUR/kg carcasse,5.9,,COT-VRO-GBEA_communautaire-A25-S50.csv
2025,50,,2025-12-08,2025-12-14,Standard,Femelles ayant deja vele,P,3,EUR/kg carcasse,6.08,,COT-VRO-GBEA_communautaire-A25-S50.csv
2025,50,,2025-12-08,2025-12-14,Standard,Autres femelles,E,3,EUR/kg carcasse,9.5,,COT-VRO-GBEA_communautaire-A25-S50.csv
2025,50,,2025-12-08,2025-12-14,Standard,Autres femelles,U,3,EUR/kg carcasse,8.08,,COT-VRO-GBEA_communautaire-A25-S50.csv
2025,50,,2025-12-08,2025-12-14,Standard,Autres femelles,R,2,EUR/kg carcasse,7.43,,COT-VRO-GBEA_communautaire-A25-S50.csv
2025,50,,2025-12-08,2025-12-14,Standard,Autres femelles,R,3,EUR/kg carcasse,7.47,,COT-VRO-GBEA_communautaire-A25-S50.csv
2025,50,,2025-12-08,2025-12-14,Standard,Autres femelles,R,4,EUR/kg carcasse,7.32,,COT-VRO-GBEA_communautaire-A25-S50.csv
2025,50,,2025-12-08,2025-12-14,Standard,Autres femelles,O,3,EUR/kg carcasse,6.82,,COT-VRO-GBEA_communautaire-A25-S50.csv
2025,51,,2025-12-15,2025-12-21,Standard,Males non castres de moins de 2 ans,E,2,EUR/kg carcasse,8.06,,COT-VRO-GBEA_communautaire-A25-S51.csv
2025,51,,2025-12-15,2025-12-21,Standard,Males non castres de moins de 2 ans,U,2,EUR/kg carcasse,7.72,,COT-VRO-GBEA_communautaire-A25-S51.csv
2025,51,,2025-12-15,2025-12-21,Standard,Males non castres de moins de 2 ans,U,3,EUR/kg carcasse,7.49,,COT-VRO-GBEA_communautaire-A25-S51.csv
2025,51,,2025-12-15,2025-12-21,Standard,Males non castres de moins de 2 ans,R,2,EUR/kg carcasse,7.42,,COT-VRO-GBEA_communautaire-A25-S51.csv
2025,51,,2025-12-15,2025-12-21,Standard,Males non castres de moins de 2 ans,R,3,EUR/kg carcasse,7.32,,COT-VRO-GBEA_communautaire-A25-S51.csv
2025,51,,2025-12-15,2025-12-21,Standard,Males non castres de moins de 2 ans,O,2,EUR/kg carcasse,6.72,,COT-VRO-GBEA_communautaire-A25-S51.csv
2025,51,,2025-12-15,2025-12-21,Standard,Males non castres de moins de 2 ans,O,3,EUR/kg carcasse,6.72,,COT-VRO-GBEA_communautaire-A25-S51.csv
2025,51,,2025-12-15,2025-12-21,Standard,Males non castres de moins de 2 ans,P,3,EUR/kg carcasse,6.66,,COT-VRO-GBEA_communautaire-A25-S51.csv
2025,51,,2025-12-15,2025-12-21,Standard,Autres males non castres,U,2,EUR/kg carcasse,6.76,,COT-VRO-GBEA_communautaire-A25-S51.csv
2025,51,,2025-12-15,2025-12-21,Standard,Autres males non castres,R,2,EUR/kg carcasse,6.62,,COT-VRO-GBEA_communautaire-A25-S51.csv
2025,51,,2025-12-15,2025-12-21,Standard,Males castres,R,3,EUR/kg carcasse,7.26,,COT-VRO-GBEA_communautaire-A25-S51.csv
2025,51,,2025-12-15,2025-12-21,Standard,Males castres,O,3,EUR/kg carcasse,6.55,,COT-VRO-GBEA_communautaire-A25-S51.csv
2025,51,,2025-12-15,2025-12-21,Standard,Males castres,P,3,EUR/kg carcasse,6.14,,COT-VRO-GBEA_communautaire-A25-S51.csv
2025,51,,2025-12-15,2025-12-21,Standard,Femelles ayant deja vele,U,3,EUR/kg carcasse,7.85,,COT-VRO-GBEA_communautaire-A25-S51.csv
2025,51,,2025-12-15,2025-12-21,Standard,Femelles ayant deja vele,R,2,EUR/kg carcasse,7.35,,COT-VRO-GBEA_communautaire-A25-S51.csv
2025,51,,2025-12-15,2025-12-21,Standard,Femelles ayant deja vele,R,3,EUR/kg carcasse,7.43,,COT-VRO-GBEA_communautaire-A25-S51.csv
2025,51,,2025-12-15,2025-12-21,Standard,Femelles ayant deja vele,R,4,EUR/kg carcasse,7.35,,COT-VRO-GBEA_communautaire-A25-S51.csv
2025,51,,2025-12-15,2025-12-21,Standard,Femelles ayant deja vele,O,2,EUR/kg carcasse,6.82,,COT-VRO-GBEA_communautaire-A25-S51.csv
2025,51,,2025-12-15,2025-12-21,Standard,Femelles ayant deja vele,O,3,EUR/kg carcasse,6.38,,COT-VRO-GBEA_communautaire-A25-S51.csv
2025,51,,2025-12-15,2025-12-21,Standard,Femelles ayant deja vele,O,4,EUR/kg carcasse,6.19,,COT-VRO-GBEA_communautaire-A25-S51.csv
2025,51,,2025-12-15,2025-12-21,Standard,Femelles ayant deja vele,P,2,EUR/kg carcasse,5.87,,COT-VRO-GBEA_communautaire-A25-S51.csv
2025,51,,2025-12-15,2025-12-21,Standard,Femelles ayant deja vele,P,3,EUR/kg carcasse,6.05,,COT-VRO-GBEA_communautaire-A25-S51.csv
2025,51,,2025-12-15,2025-12-21,Standard,Autres femelles,U,3,EUR/kg carcasse,7.89,,COT-VRO-GBEA_communautaire-A25-S51.csv
2025,51,,2025-12-15,2025-12-21,Standard,Autres femelles,R,2,EUR/kg carcasse,7.4,,COT-VRO-GBEA_communautaire-A25-S51.csv
2025,51,,2025-12-15,2025-12-21,Standard,Autres femelles,R,3,EUR/kg carcasse,7.47,,COT-VRO-GBEA_communautaire-A25-S51.csv
2025,51,,2025-12-15,2025-12-21,Standard,Autres femelles,R,4,EUR/kg carcasse,7.3,,COT-VRO-GBEA_communautaire-A25-S51.csv
2025,51,,2025-12-15,2025-12-21,Standard,Autres femelles,O,3,EUR/kg carcasse,6.81,,COT-VRO-GBEA_communautaire-A25-S51.csv
2025,52,,2025-12-22,2025-12-28,Standard,Males non castres de moins de 2 ans,E,2,EUR/kg carcasse,7.99,,COT-VRO-GBEA_communautaire-A25-S52.csv
2025,52,,2025-12-22,2025-12-28,Standard,Males non castres de moins de 2 ans,U,2,EUR/kg carcasse,7.71,,COT-VRO-GBEA_communautaire-A25-S52.csv
2025,52,,2025-12-22,2025-12-28,Standard,Males non castres de moins de 2 ans,U,3,EUR/kg carcasse,7.49,,COT-VRO-GBEA_communautaire-A25-S52.csv
2025,52,,2025-12-22,2025-12-28,Standard,Males non castres de moins de 2 ans,R,2,EUR/kg carcasse,7.41,,COT-VRO-GBEA_communautaire-A25-S52.csv
2025,52,,2025-12-22,2025-12-28,Standard,Males non castres de moins de 2 ans,R,3,EUR/kg carcasse,7.31,,COT-VRO-GBEA_communautaire-A25-S52.csv
2025,52,,2025-12-22,2025-12-28,Standard,Males non castres de moins de 2 ans,O,2,EUR/kg carcasse,6.78,,COT-VRO-GBEA_communautaire-A25-S52.csv
2025,52,,2025-12-22,2025-12-28,Standard,Males non castres de moins de 2 ans,O,3,EUR/kg carcasse,6.73,,COT-VRO-GBEA_communautaire-A25-S52.csv
2025,52,,2025-12-22,2025-12-28,Standard,Males non castres de moins de 2 ans,P,3,EUR/kg carcasse,6.64,,COT-VRO-GBEA_communautaire-A25-S52.csv
2025,52,,2025-12-22,2025-12-28,Standard,Autres males non castres,U,2,EUR/kg carcasse,6.82,,COT-VRO-GBEA_communautaire-A25-S52.csv
2025,52,,2025-12-22,2025-12-28,Standard,Autres males non castres,R,2,EUR/kg carcasse,6.73,,COT-VRO-GBEA_communautaire-A25-S52.csv
2025,52,,2025-12-22,2025-12-28,Standard,Males castres,R,3,EUR/kg carcasse,7.3,,COT-VRO-GBEA_communautaire-A25-S52.csv
2025,52,,2025-12-22,2025-12-28,Standard,Males castres,O,3,EUR/kg carcasse,6.6,,COT-VRO-GBEA_communautaire-A25-S52.csv
2025,52,,2025-12-22,2025-12-28,Standard,Males castres,P,3,EUR/kg carcasse,6.14,,COT-VRO-GBEA_communautaire-A25-S52.csv
2025,52,,2025-12-22,2025-12-28,Standard,Femelles ayant deja vele,U,3,EUR/kg carcasse,7.82,,COT-VRO-GBEA_communautaire-A25-S52.csv
2025,52,,2025-12-22,2025-12-28,Standard,Femelles ayant deja vele,R,2,EUR/kg carcasse,7.43,,COT-VRO-GBEA_communautaire-A25-S52.csv
2025,52,,2025-12-22,2025-12-28,Standard,Femelles ayant deja vele,R,3,EUR/kg carcasse,7.44,,COT-VRO-GBEA_communautaire-A25-S52.csv
2025,52,,2025-12-22,2025-12-28,Standard,Femelles ayant deja vele,R,4,EUR/kg carcasse,7.37,,COT-VRO-GBEA_communautaire-A25-S52.csv
2025,52,,2025-12-22,2025-12-28,Standard,Femelles ayant deja vele,O,2,EUR/kg carcasse,6.82,,COT-VRO-GBEA_communautaire-A25-S52.csv
2025,52,,2025-12-22,2025-12-28,Standard,Femelles ayant deja vele,O,3,EUR/kg carcasse,6.38,,COT-VRO-GBEA_communautaire-A25-S52.csv
2025,52,,2025-12-22,2025-12-28,Standard,Femelles ayant deja vele,O,4,EUR/kg carcasse,6.17,,COT-VRO-GBEA_communautaire-A25-S52.csv
2025,52,,2025-12-22,2025-12-28,Standard,Femelles ayant deja vele,P,2,EUR/kg carcasse,5.86,,COT-VRO-GBEA_communautaire-A25-S52.csv
2025,52,,2025-12-22,2025-12-28,Standard,Femelles ayant deja vele,P,3,EUR/kg carcasse,6.04,,COT-VRO-GBEA_communautaire-A25-S52.csv
2025,52,,2025-12-22,2025-12-28,Standard,Autres femelles,U,3,EUR/kg carcasse,7.85,,COT-VRO-GBEA_communautaire-A25-S52.csv
2025,52,,2025-12-22,2025-12-28,Standard,Autres femelles,R,2,EUR/kg carcasse,7.47,,COT-VRO-GBEA_communautaire-A25-S52.csv
2025,52,,2025-12-22,2025-12-28,Standard,Autres femelles,R,3,EUR/kg carcasse,7.46,,COT-VRO-GBEA_communautaire-A25-S52.csv
2025,52,,2025-12-22,2025-12-28,Standard,Autres femelles,R,4,EUR/kg carcasse,7.28,,COT-VRO-GBEA_communautaire-A25-S52.csv
2025,52,,2025-12-22,2025-12-28,Standard,Autres femelles,O,3,EUR/kg carcasse,6.81,,COT-VRO-GBEA_communautaire-A25-S52.csv
2026,1,,2025-12-29,2026-01-04,Standard,Males non castres de moins de 2 ans,U,2,EUR/kg carcasse,7.72,,COT-VRO-GBEA_communautaire-A26-S01.csv
2026,1,,2025-12-29,2026-01-04,Standard,Males non castres de moins de 2 ans,U,3,EUR/kg carcasse,7.5,,COT-VRO-GBEA_communautaire-A26-S01.csv
2026,1,,2025-12-29,2026-01-04,Standard,Males non castres de moins de 2 ans,R,2,EUR/kg carcasse,7.45,,COT-VRO-GBEA_communautaire-A26-S01.csv
2026,1,,2025-12-29,2026-01-04,Standard,Males non castres de moins de 2 ans,R,3,EUR/kg carcasse,7.37,,COT-VRO-GBEA_communautaire-A26-S01.csv
2026,1,,2025-12-29,2026-01-04,Standard,Males non castres de moins de 2 ans,O,2,EUR/kg carcasse,6.77,,COT-VRO-GBEA_communautaire-A26-S01.csv
2026,1,,2025-12-29,2026-01-04,Standard,Males non castres de moins de 2 ans,O,3,EUR/kg carcasse,6.76,,COT-VRO-GBEA_communautaire-A26-S01.csv
2026,1,,2025-12-29,2026-01-04,Standard,Males non castres de moins de 2 ans,P,3,EUR/kg carcasse,6.68,,COT-VRO-GBEA_communautaire-A26-S01.csv
2026,1,,2025-12-29,2026-01-04,Standard,Autres males non castres,U,2,EUR/kg carcasse,6.84,,COT-VRO-GBEA_communautaire-A26-S01.csv
2026,1,,2025-12-29,2026-01-04,Standard,Autres males non castres,R,2,EUR/kg carcasse,6.71,,COT-VRO-GBEA_communautaire-A26-S01.csv
2026,1,,2025-12-29,2026-01-04,Standard,Males castres,R,3,EUR/kg carcasse,7.23,,COT-VRO-GBEA_communautaire-A26-S01.csv
2026,1,,2025-12-29,2026-01-04,Standard,Males castres,O,3,EUR/kg carcasse,6.48,,COT-VRO-GBEA_communautaire-A26-S01.csv
2026,1,,2025-12-29,2026-01-04,Standard,Males castres,P,3,EUR/kg carcasse,6.17,,COT-VRO-GBEA_communautaire-A26-S01.csv
2026,1,,2025-12-29,2026-01-04,Standard,Femelles ayant deja vele,U,3,EUR/kg carcasse,7.83,,COT-VRO-GBEA_communautaire-A26-S01.csv
2026,1,,2025-12-29,2026-01-04,Standard,Femelles ayant deja vele,R,2,EUR/kg carcasse,7.48,,COT-VRO-GBEA_communautaire-A26-S01.csv
2026,1,,2025-12-29,2026-01-04,Standard,Femelles ayant deja vele,R,3,EUR/kg carcasse,7.46,,COT-VRO-GBEA_communautaire-A26-S01.csv
2026,1,,2025-12-29,2026-01-04,Standard,Femelles ayant deja vele,R,4,EUR/kg carcasse,7.41,,COT-VRO-GBEA_communautaire-A26-S01.csv
2026,1,,2025-12-29,2026-01-04,Standard,Femelles ayant deja vele,O,2,EUR/kg carcasse,6.95,,COT-VRO-GBEA_communautaire-A26-S01.csv
2026,1,,2025-12-29,2026-01-04,Standard,Femelles ayant deja vele,O,3,EUR/kg carcasse,6.41,,COT-VRO-GBEA_communautaire-A26-S01.csv
2026,1,,2025-12-29,2026-01-04,Standard,Femelles ayant deja vele,O,4,EUR/kg carcasse,6.29,,COT-VRO-GBEA_communautaire-A26-S01.csv
2026,1,,2025-12-29,2026-01-04,Standard,Femelles ayant deja vele,P,2,EUR/kg carcasse,5.89,,COT-VRO-GBEA_communautaire-A26-S01.csv
2026,1,,2025-12-29,2026-01-04,Standard,Femelles ayant deja vele,P,3,EUR/kg carcasse,6.07,,COT-VRO-GBEA_communautaire-A26-S01.csv
2026,1,,2025-12-29,2026-01-04,Standard,Autres femelles,U,3,EUR/kg carcasse,7.83,,COT-VRO-GBEA_communautaire-A26-S01.csv
2026,1,,2025-12-29,2026-01-04,Standard,Autres femelles,R,2,EUR/kg carcasse,7.39,,COT-VRO-GBEA_communautaire-A26-S01.csv
2026,1,,2025-12-29,2026-01-04,Standard,Autres femelles,R,3,EUR/kg carcasse,7.46,,COT-VRO-GBEA_communautaire-A26-S01.csv
2026,1,,2025-12-29,2026-01-04,Standard,Autres femelles,R,4,EUR/kg carcasse,7.27,,COT-VRO-GBEA_communautaire-A26-S01.csv
2026,1,,2025-12-29,2026-01-04,Standard,Autres femelles,O,3,EUR/kg carcasse,6.75,,COT-VRO-GBEA_communautaire-A26-S01.csv
2026,,1,2026-01-01,2026-01-31,Bio,Males castres,U,3,EUR/kg carcasse,7.98,,COT-VRO-GBBI_prix_UE-A26-M01.csv
2026,,1,2026-01-01,2026-01-31,Bio,Males castres,R,3,EUR/kg carcasse,7.74,,COT-VRO-GBBI_prix_UE-A26-M01.csv
2026,,1,2026-01-01,2026-01-31,Bio,Males castres,O,3,EUR/kg carcasse,7.15,,COT-VRO-GBBI_prix_UE-A26-M01.csv
2026,,1,2026-01-01,2026-01-31,Bio,Femelles ayant deja vele,U,3,EUR/kg carcasse,7.86,,COT-VRO-GBBI_prix_UE-A26-M01.csv
2026,,1,2026-01-01,2026-01-31,Bio,Femelles ayant deja vele,R,3,EUR/kg carcasse,7.67,,COT-VRO-GBBI_prix_UE-A26-M01.csv
2026,,1,2026-01-01,2026-01-31,Bio,Femelles ayant deja vele,O,3,EUR/kg carcasse,6.82,,COT-VRO-GBBI_prix_UE-A26-M01.csv
2026,,1,2026-01-01,2026-01-31,Bio,Femelles ayant deja vele,P,3,EUR/kg carcasse,6.45,,COT-VRO-GBBI_prix_UE-A26-M01.csv
2026,,1,2026-01-01,2026-01-31,Bio,Autres femelles,R,3,EUR/kg carcasse,7.74,,COT-VRO-GBBI_prix_UE-A26-M01.csv
2026,2,,2026-01-05,2026-01-11,Standard,Males non castres de moins de 2 ans,U,2,EUR/kg carcasse,7.78,,COT-VRO-GBEA_communautaire-A26-S02.csv
2026,2,,2026-01-05,2026-01-11,Standard,Males non castres de moins de 2 ans,U,3,EUR/kg carcasse,7.55,,COT-VRO-GBEA_communautaire-A26-S02.csv
2026,2,,2026-01-05,2026-01-11,Standard,Males non castres de moins de 2 ans,R,2,EUR/kg carcasse,7.5,,COT-VRO-GBEA_communautaire-A26-S02.csv
2026,2,,2026-01-05,2026-01-11,Standard,Males non castres de moins de 2 ans,R,3,EUR/kg carcasse,7.38,,COT-VRO-GBEA_communautaire-A26-S02.csv
2026,2,,2026-01-05,2026-01-11,Standard,Males non castres de moins de 2 ans,O,2,EUR/kg carcasse,6.85,,COT-VRO-GBEA_communautaire-A26-S02.csv
2026,2,,2026-01-05,2026-01-11,Standard,Males non castres de moins de 2 ans,O,3,EUR/kg carcasse,6.77,,COT-VRO-GBEA_communautaire-A26-S02.csv
2026,2,,2026-01-05,2026-01-11,Standard,Males non castres de moins de 2 ans,P,3,EUR/kg carcasse,6.68,,COT-VRO-GBEA_communautaire-A26-S02.csv
2026,2,,2026-01-05,2026-01-11,Standard,Autres males non castres,U,2,EUR/kg carcasse,6.89,,COT-VRO-GBEA_communautaire-A26-S02.csv
2026,2,,2026-01-05,2026-01-11,Standard,Autres males non castres,R,2,EUR/kg carcasse,6.8,,COT-VRO-GBEA_communautaire-A26-S02.csv
2026,2,,2026-01-05,2026-01-11,Standard,Males castres,R,3,EUR/kg carcasse,7.34,,COT-VRO-GBEA_communautaire-A26-S02.csv
2026,2,,2026-01-05,2026-01-11,Standard,Males castres,O,3,EUR/kg carcasse,6.54,,COT-VRO-GBEA_communautaire-A26-S02.csv
2026,2,,2026-01-05,2026-01-11,Standard,Males castres,P,3,EUR/kg carcasse,6.19,,COT-VRO-GBEA_communautaire-A26-S02.csv
2026,2,,2026-01-05,2026-01-11,Standard,Femelles ayant deja vele,U,3,EUR/kg carcasse,7.85,,COT-VRO-GBEA_communautaire-A26-S02.csv
2026,2,,2026-01-05,2026-01-11,Standard,Femelles ayant deja vele,R,2,EUR/kg carcasse,7.49,,COT-VRO-GBEA_communautaire-A26-S02.csv
2026,2,,2026-01-05,2026-01-11,Standard,Femelles ayant deja vele,R,3,EUR/kg carcasse,7.49,,COT-VRO-GBEA_communautaire-A26-S02.csv
2026,2,,2026-01-05,2026-01-11,Standard,Femelles ayant deja vele,R,4,EUR/kg carcasse,7.42,,COT-VRO-GBEA_communautaire-A26-S02.csv
2026,2,,2026-01-05,2026-01-11,Standard,Femelles ayant deja vele,O,2,EUR/kg carcasse,6.93,,COT-VRO-GBEA_communautaire-A26-S02.csv
2026,2,,2026-01-05,2026-01-11,Standard,Femelles ayant deja vele,O,3,EUR/kg carcasse,6.42,,COT-VRO-GBEA_communautaire-A26-S02.csv
2026,2,,2026-01-05,2026-01-11,Standard,Femelles ayant deja vele,O,4,EUR/kg carcasse,6.3,,COT-VRO-GBEA_communautaire-A26-S02.csv
2026,2,,2026-01-05,2026-01-11,Standard,Femelles ayant deja vele,P,2,EUR/kg carcasse,5.91,,COT-VRO-GBEA_communautaire-A26-S02.csv
2026,2,,2026-01-05,2026-01-11,Standard,Femelles ayant deja vele,P,3,EUR/kg carcasse,6.09,,COT-VRO-GBEA_communautaire-A26-S02.csv
2026,2,,2026-01-05,2026-01-11,Standard,Autres femelles,U,3,EUR/kg carcasse,7.88,,COT-VRO-GBEA_communautaire-A26-S02.csv
2026,2,,2026-01-05,2026-01-11,Standard,Autres femelles,R,2,EUR/kg carcasse,7.46,,COT-VRO-GBEA_communautaire-A26-S02.csv
2026,2,,2026-01-05,2026-01-11,Standard,Autres femelles,R,3,EUR/kg carcasse,7.5,,COT-VRO-GBEA_communautaire-A26-S02.csv
2026,2,,2026-01-05,2026-01-11,Standard,Autres femelles,R,4,EUR/kg carcasse,7.33,,COT-VRO-GBEA_communautaire-A26-S02.csv
2026,2,,2026-01-05,2026-01-11,Standard,Autres femelles,O,3,EUR/kg carcasse,6.79,,COT-VRO-GBEA_communautaire-A26-S02.csv
2026,3,,2026-01-12,2026-01-18,Standard,Males non castres de moins de 2 ans,E,2,EUR/kg carcasse,8.04,,COT-VRO-GBEA_communautaire-A26-S03.csv
2026,3,,2026-01-12,2026-01-18,Standard,Males non castres de moins de 2 ans,U,2,EUR/kg carcasse,7.82,,COT-VRO-GBEA_communautaire-A26-S03.csv
2026,3,,2026-01-12,2026-01-18,Standard,Males non castres de moins de 2 ans,U,3,EUR/kg carcasse,7.57,,COT-VRO-GBEA_communautaire-A26-S03.csv
2026,3,,2026-01-12,2026-01-18,Standard,Males non castres de moins de 2 ans,R,2,EUR/kg carcasse,7.54,,COT-VRO-GBEA_communautaire-A26-S03.csv
2026,3,,2026-01-12,2026-01-18,Standard,Males non castres de moins de 2 ans,R,3,EUR/kg carcasse,7.4,,COT-VRO-GBEA_communautaire-A26-S03.csv
2026,3,,2026-01-12,2026-01-18,Standard,Males non castres de moins de 2 ans,O,2,EUR/kg carcasse,6.84,,COT-VRO-GBEA_communautaire-A26-S03.csv
2026,3,,2026-01-12,2026-01-18,Standard,Males non castres de moins de 2 ans,O,3,EUR/kg carcasse,6.78,,COT-VRO-GBEA_communautaire-A26-S03.csv
2026,3,,2026-01-12,2026-01-18,Standard,Males non castres de moins de 2 ans,P,3,EUR/kg carcasse,6.69,,COT-VRO-GBEA_communautaire-A26-S03.csv
2026,3,,2026-01-12,2026-01-18,Standard,Autres males non castres,U,2,EUR/kg carcasse,6.92,,COT-VRO-GBEA_communautaire-A26-S03.csv
2026,3,,2026-01-12,2026-01-18,Standard,Autres males non castres,U,3,EUR/kg carcasse,6.82,,COT-VRO-GBEA_communautaire-A26-S03.csv
2026,3,,2026-01-12,2026-01-18,Standard,Autres males non castres,R,2,EUR/kg carcasse,6.85,,COT-VRO-GBEA_communautaire-A26-S03.csv
2026,3,,2026-01-12,2026-01-18,Standard,Males castres,R,3,EUR/kg carcasse,7.37,,COT-VRO-GBEA_communautaire-A26-S03.csv
2026,3,,2026-01-12,2026-01-18,Standard,Males castres,O,3,EUR/kg carcasse,6.62,,COT-VRO-GBEA_communautaire-A26-S03.csv
2026,3,,2026-01-12,2026-01-18,Standard,Males castres,P,3,EUR/kg carcasse,6.25,,COT-VRO-GBEA_communautaire-A26-S03.csv
2026,3,,2026-01-12,2026-01-18,Standard,Femelles ayant deja vele,U,3,EUR/kg carcasse,7.88,,COT-VRO-GBEA_communautaire-A26-S03.csv
2026,3,,2026-01-12,2026-01-18,Standard,Femelles ayant deja vele,R,2,EUR/kg carcasse,7.55,,COT-VRO-GBEA_communautaire-A26-S03.csv
2026,3,,2026-01-12,2026-01-18,Standard,Femelles ayant deja vele,R,3,EUR/kg carcasse,7.52,,COT-VRO-GBEA_communautaire-A26-S03.csv
2026,3,,2026-01-12,2026-01-18,Standard,Femelles ayant deja vele,R,4,EUR/kg carcasse,7.46,,COT-VRO-GBEA_communautaire-A26-S03.csv
2026,3,,2026-01-12,2026-01-18,Standard,Femelles ayant deja vele,O,2,EUR/kg carcasse,7.01,,COT-VRO-GBEA_communautaire-A26-S03.csv
2026,3,,2026-01-12,2026-01-18,Standard,Femelles ayant deja vele,O,3,EUR/kg carcasse,6.44,,COT-VRO-GBEA_communautaire-A26-S03.csv
2026,3,,2026-01-12,2026-01-18,Standard,Femelles ayant deja vele,O,4,EUR/kg carcasse,6.26,,COT-VRO-GBEA_communautaire-A26-S03.csv
2026,3,,2026-01-12,2026-01-18,Standard,Femelles ayant deja vele,P,2,EUR/kg carcasse,5.96,,COT-VRO-GBEA_communautaire-A26-S03.csv
2026,3,,2026-01-12,2026-01-18,Standard,Femelles ayant deja vele,P,3,EUR/kg carcasse,6.14,,COT-VRO-GBEA_communautaire-A26-S03.csv
2026,3,,2026-01-12,2026-01-18,Standard,Autres femelles,U,3,EUR/kg carcasse,7.91,,COT-VRO-GBEA_communautaire-A26-S03.csv
2026,3,,2026-01-12,2026-01-18,Standard,Autres femelles,R,2,EUR/kg carcasse,7.58,,COT-VRO-GBEA_communautaire-A26-S03.csv
2026,3,,2026-01-12,2026-01-18,Standard,Autres femelles,R,3,EUR/kg carcasse,7.55,,COT-VRO-GBEA_communautaire-A26-S03.csv
2026,3,,2026-01-12,2026-01-18,Standard,Autres femelles,R,4,EUR/kg carcasse,7.35,,COT-VRO-GBEA_communautaire-A26-S03.csv
2026,3,,2026-01-12,2026-01-18,Standard,Autres femelles,O,3,EUR/kg carcasse,6.86,,COT-VRO-GBEA_communautaire-A26-S03.csv
2026,4,,2026-01-19,2026-01-25,Standard,Males non castres de moins de 2 ans,E,2,EUR/kg carcasse,8.06,,COT-VRO-GBEA_communautaire-A26-S04.csv
2026,4,,2026-01-19,2026-01-25,Standard,Males non castres de moins de 2 ans,U,2,EUR/kg carcasse,7.83,,COT-VRO-GBEA_communautaire-A26-S04.csv
2026,4,,2026-01-19,2026-01-25,Standard,Males non castres de moins de 2 ans,U,3,EUR/kg carcasse,7.6,,COT-VRO-GBEA_communautaire-A26-S04.csv
2026,4,,2026-01-19,2026-01-25,Standard,Males non castres de moins de 2 ans,R,2,EUR/kg carcasse,7.56,,COT-VRO-GBEA_communautaire-A26-S04.csv
2026,4,,2026-01-19,2026-01-25,Standard,Males non castres de moins de 2 ans,R,3,EUR/kg carcasse,7.42,,COT-VRO-GBEA_communautaire-A26-S04.csv
2026,4,,2026-01-19,2026-01-25,Standard,Males non castres de moins de 2 ans,O,2,EUR/kg carcasse,6.91,,COT-VRO-GBEA_communautaire-A26-S04.csv
2026,4,,2026-01-19,2026-01-25,Standard,Males non castres de moins de 2 ans,O,3,EUR/kg carcasse,6.81,,COT-VRO-GBEA_communautaire-A26-S04.csv
2026,4,,2026-01-19,2026-01-25,Standard,Males non castres de moins de 2 ans,P,3,EUR/kg carcasse,6.71,,COT-VRO-GBEA_communautaire-A26-S04.csv
2026,4,,2026-01-19,2026-01-25,Standard,Autres males non castres,U,2,EUR/kg carcasse,6.95,,COT-VRO-GBEA_communautaire-A26-S04.csv
2026,4,,2026-01-19,2026-01-25,Standard,Autres males non castres,U,3,EUR/kg carcasse,6.84,,COT-VRO-GBEA_communautaire-A26-S04.csv
2026,4,,2026-01-19,2026-01-25,Standard,Autres males non castres,R,2,EUR/kg carcasse,6.86,,COT-VRO-GBEA_communautaire-A26-S04.csv
2026,4,,2026-01-19,2026-01-25,Standard,Males castres,R,3,EUR/kg carcasse,7.39,,COT-VRO-GBEA_communautaire-A26-S04.csv
2026,4,,2026-01-19,2026-01-25,Standard,Males castres,O,3,EUR/kg carcasse,6.51,,COT-VRO-GBEA_communautaire-A26-S04.csv
2026,4,,2026-01-19,2026-01-25,Standard,Males castres,P,3,EUR/kg carcasse,6.26,,COT-VRO-GBEA_communautaire-A26-S04.csv
2026,4,,2026-01-19,2026-01-25,Standard,Femelles ayant deja vele,U,3,EUR/kg carcasse,7.92,,COT-VRO-GBEA_communautaire-A26-S04.csv
2026,4,,2026-01-19,2026-01-25,Standard,Femelles ayant deja vele,R,2,EUR/kg carcasse,7.57,,COT-VRO-GBEA_communautaire-A26-S04.csv
2026,4,,2026-01-19,2026-01-25,Standard,Femelles ayant deja vele,R,3,EUR/kg carcasse,7.54,,COT-VRO-GBEA_communautaire-A26-S04.csv
2026,4,,2026-01-19,2026-01-25,Standard,Femelles ayant deja vele,R,4,EUR/kg carcasse,7.48,,COT-VRO-GBEA_communautaire-A26-S04.csv
2026,4,,2026-01-19,2026-01-25,Standard,Femelles ayant deja vele,O,2,EUR/kg carcasse,6.97,,COT-VRO-GBEA_communautaire-A26-S04.csv
2026,4,,2026-01-19,2026-01-25,Standard,Femelles ayant deja vele,O,3,EUR/kg carcasse,6.47,,COT-VRO-GBEA_communautaire-A26-S04.csv
2026,4,,2026-01-19,2026-01-25,Standard,Femelles ayant deja vele,O,4,EUR/kg carcasse,6.31,,COT-VRO-GBEA_communautaire-A26-S04.csv
2026,4,,2026-01-19,2026-01-25,Standard,Femelles ayant deja vele,P,2,EUR/kg carcasse,5.99,,COT-VRO-GBEA_communautaire-A26-S04.csv
2026,4,,2026-01-19,2026-01-25,Standard,Femelles ayant deja vele,P,3,EUR/kg carcasse,6.17,,COT-VRO-GBEA_communautaire-A26-S04.csv
2026,4,,2026-01-19,2026-01-25,Standard,Autres femelles,U,3,EUR/kg carcasse,7.97,,COT-VRO-GBEA_communautaire-A26-S04.csv
2026,4,,2026-01-19,2026-01-25,Standard,Autres femelles,R,2,EUR/kg carcasse,7.51,,COT-VRO-GBEA_communautaire-A26-S04.csv
2026,4,,2026-01-19,2026-01-25,Standard,Autres femelles,R,3,EUR/kg carcasse,7.56,,COT-VRO-GBEA_communautaire-A26-S04.csv
2026,4,,2026-01-19,2026-01-25,Standard,Autres femelles,R,4,EUR/kg carcasse,7.4,,COT-VRO-GBEA_communautaire-A26-S04.csv
2026,4,,2026-01-19,2026-01-25,Standard,Autres femelles,O,3,EUR/kg carcasse,6.91,,COT-VRO-GBEA_communautaire-A26-S04.csv
2026,5,,2026-01-26,2026-02-01,Standard,Males non castres de moins de 2 ans,E,2,EUR/kg carcasse,8.12,,COT-VRO-GBEA_communautaire-A26-S05.csv
2026,5,,2026-01-26,2026-02-01,Standard,Males non castres de moins de 2 ans,U,2,EUR/kg carcasse,7.88,,COT-VRO-GBEA_communautaire-A26-S05.csv
2026,5,,2026-01-26,2026-02-01,Standard,Males non castres de moins de 2 ans,U,3,EUR/kg carcasse,7.65,,COT-VRO-GBEA_communautaire-A26-S05.csv
2026,5,,2026-01-26,2026-02-01,Standard,Males non castres de moins de 2 ans,R,2,EUR/kg carcasse,7.6,,COT-VRO-GBEA_communautaire-A26-S05.csv
2026,5,,2026-01-26,2026-02-01,Standard,Males non castres de moins de 2 ans,R,3,EUR/kg carcasse,7.46,,COT-VRO-GBEA_communautaire-A26-S05.csv
2026,5,,2026-01-26,2026-02-01,Standard,Males non castres de moins de 2 ans,O,2,EUR/kg carcasse,6.9,,COT-VRO-GBEA_communautaire-A26-S05.csv
2026,5,,2026-01-26,2026-02-01,Standard,Males non castres de moins de 2 ans,O,3,EUR/kg carcasse,6.82,,COT-VRO-GBEA_communautaire-A26-S05.csv
2026,5,,2026-01-26,2026-02-01,Standard,Males non castres de moins de 2 ans,P,3,EUR/kg carcasse,6.73,,COT-VRO-GBEA_communautaire-A26-S05.csv
2026,5,,2026-01-26,2026-02-01,Standard,Autres males non castres,U,2,EUR/kg carcasse,6.96,,COT-VRO-GBEA_communautaire-A26-S05.csv
2026,5,,2026-01-26,2026-02-01,Standard,Autres males non castres,R,2,EUR/kg carcasse,6.86,,COT-VRO-GBEA_communautaire-A26-S05.csv
2026,5,,2026-01-26,2026-02-01,Standard,Autres males non castres,O,2,EUR/kg carcasse,6.41,,COT-VRO-GBEA_communautaire-A26-S05.csv
2026,5,,2026-01-26,2026-02-01,Standard,Males castres,R,3,EUR/kg carcasse,7.47,,COT-VRO-GBEA_communautaire-A26-S05.csv
2026,5,,2026-01-26,2026-02-01,Standard,Males castres,O,3,EUR/kg carcasse,6.65,,COT-VRO-GBEA_communautaire-A26-S05.csv
2026,5,,2026-01-26,2026-02-01,Standard,Males castres,P,3,EUR/kg carcasse,6.3,,COT-VRO-GBEA_communautaire-A26-S05.csv
2026,5,,2026-01-26,2026-02-01,Standard,Femelles ayant deja vele,U,3,EUR/kg carcasse,7.95,,COT-VRO-GBEA_communautaire-A26-S05.csv
2026,5,,2026-01-26,2026-02-01,Standard,Femelles ayant deja vele,R,2,EUR/kg carcasse,7.55,,COT-VRO-GBEA_communautaire-A26-S05.csv
2026,5,,2026-01-26,2026-02-01,Standard,Femelles ayant deja vele,R,3,EUR/kg carcasse,7.59,,COT-VRO-GBEA_communautaire-A26-S05.csv
2026,5,,2026-01-26,2026-02-01,Standard,Femelles ayant deja vele,R,4,EUR/kg carcasse,7.53,,COT-VRO-GBEA_communautaire-A26-S05.csv
2026,5,,2026-01-26,2026-02-01,Standard,Femelles ayant deja vele,O,2,EUR/kg carcasse,6.97,,COT-VRO-GBEA_communautaire-A26-S05.csv
2026,5,,2026-01-26,2026-02-01,Standard,Femelles ayant deja vele,O,3,EUR/kg carcasse,6.52,,COT-VRO-GBEA_communautaire-A26-S05.csv
2026,5,,2026-01-26,2026-02-01,Standard,Femelles ayant deja vele,O,4,EUR/kg carcasse,6.32,,COT-VRO-GBEA_communautaire-A26-S05.csv
2026,5,,2026-01-26,2026-02-01,Standard,Femelles ayant deja vele,P,2,EUR/kg carcasse,6.02,,COT-VRO-GBEA_communautaire-A26-S05.csv
2026,5,,2026-01-26,2026-02-01,Standard,Femelles ayant deja vele,P,3,EUR/kg carcasse,6.2,,COT-VRO-GBEA_communautaire-A26-S05.csv
2026,5,,2026-01-26,2026-02-01,Standard,Autres femelles,U,3,EUR/kg carcasse,7.97,,COT-VRO-GBEA_communautaire-A26-S05.csv
2026,5,,2026-01-26,2026-02-01,Standard,Autres femelles,R,2,EUR/kg carcasse,7.6,,COT-VRO-GBEA_communautaire-A26-S05.csv
2026,5,,2026-01-26,2026-02-01,Standard,Autres femelles,R,3,EUR/kg carcasse,7.6,,COT-VRO-GBEA_communautaire-A26-S05.csv
2026,5,,2026-01-26,2026-02-01,Standard,Autres femelles,R,4,EUR/kg carcasse,7.44,,COT-VRO-GBEA_communautaire-A26-S05.csv
2026,5,,2026-01-26,2026-02-01,Standard,Autres femelles,O,3,EUR/kg carcasse,6.97,,COT-VRO-GBEA_communautaire-A26-S05.csv
2026,,2,2026-02-01,2026-02-28,Bio,Males castres,U,3,EUR/kg carcasse,8.14,,COT-VRO-GBBI_prix_UE-A26-M02.csv
2026,,2,2026-02-01,2026-02-28,Bio,Males castres,R,3,EUR/kg carcasse,7.9,,COT-VRO-GBBI_prix_UE-A26-M02.csv
2026,,2,2026-02-01,2026-02-28,Bio,Males castres,O,3,EUR/kg carcasse,7.18,,COT-VRO-GBBI_prix_UE-A26-M02.csv
2026,,2,2026-02-01,2026-02-28,Bio,Femelles ayant deja vele,U,3,EUR/kg carcasse,8.02,,COT-VRO-GBBI_prix_UE-A26-M02.csv
2026,,2,2026-02-01,2026-02-28,Bio,Femelles ayant deja vele,R,3,EUR/kg carcasse,7.87,,COT-VRO-GBBI_prix_UE-A26-M02.csv
2026,,2,2026-02-01,2026-02-28,Bio,Femelles ayant deja vele,O,3,EUR/kg carcasse,7.05,,COT-VRO-GBBI_prix_UE-A26-M02.csv
2026,,2,2026-02-01,2026-02-28,Bio,Femelles ayant deja vele,P,3,EUR/kg carcasse,6.63,,COT-VRO-GBBI_prix_UE-A26-M02.csv
2026,,2,2026-02-01,2026-02-28,Bio,Autres femelles,R,3,EUR/kg carcasse,7.89,,COT-VRO-GBBI_prix_UE-A26-M02.csv
2026,6,,2026-02-02,2026-02-08,Standard,Males non castres de moins de 2 ans,E,2,EUR/kg carcasse,8.18,,COT-VRO-GBEA_communautaire-A26-S06.csv
2026,6,,2026-02-02,2026-02-08,Standard,Males non castres de moins de 2 ans,U,2,EUR/kg carcasse,7.92,,COT-VRO-GBEA_communautaire-A26-S06.csv
2026,6,,2026-02-02,2026-02-08,Standard,Males non castres de moins de 2 ans,U,3,EUR/kg carcasse,7.69,,COT-VRO-GBEA_communautaire-A26-S06.csv
2026,6,,2026-02-02,2026-02-08,Standard,Males non castres de moins de 2 ans,R,2,EUR/kg carcasse,7.63,,COT-VRO-GBEA_communautaire-A26-S06.csv
2026,6,,2026-02-02,2026-02-08,Standard,Males non castres de moins de 2 ans,R,3,EUR/kg carcasse,7.49,,COT-VRO-GBEA_communautaire-A26-S06.csv
2026,6,,2026-02-02,2026-02-08,Standard,Males non castres de moins de 2 ans,O,2,EUR/kg carcasse,6.93,,COT-VRO-GBEA_communautaire-A26-S06.csv
2026,6,,2026-02-02,2026-02-08,Standard,Males non castres de moins de 2 ans,O,3,EUR/kg carcasse,6.85,,COT-VRO-GBEA_communautaire-A26-S06.csv
2026,6,,2026-02-02,2026-02-08,Standard,Males non castres de moins de 2 ans,P,3,EUR/kg carcasse,6.77,,COT-VRO-GBEA_communautaire-A26-S06.csv
2026,6,,2026-02-02,2026-02-08,Standard,Autres males non castres,U,2,EUR/kg carcasse,7.03,,COT-VRO-GBEA_communautaire-A26-S06.csv
2026,6,,2026-02-02,2026-02-08,Standard,Autres males non castres,R,2,EUR/kg carcasse,6.93,,COT-VRO-GBEA_communautaire-A26-S06.csv
2026,6,,2026-02-02,2026-02-08,Standard,Males castres,R,3,EUR/kg carcasse,7.45,,COT-VRO-GBEA_communautaire-A26-S06.csv
2026,6,,2026-02-02,2026-02-08,Standard,Males castres,O,3,EUR/kg carcasse,6.61,,COT-VRO-GBEA_communautaire-A26-S06.csv
2026,6,,2026-02-02,2026-02-08,Standard,Males castres,P,3,EUR/kg carcasse,6.35,,COT-VRO-GBEA_communautaire-A26-S06.csv
2026,6,,2026-02-02,2026-02-08,Standard,Femelles ayant deja vele,U,3,EUR/kg carcasse,7.97,,COT-VRO-GBEA_communautaire-A26-S06.csv
2026,6,,2026-02-02,2026-02-08,Standard,Femelles ayant deja vele,R,2,EUR/kg carcasse,7.58,,COT-VRO-GBEA_communautaire-A26-S06.csv
2026,6,,2026-02-02,2026-02-08,Standard,Femelles ayant deja vele,R,3,EUR/kg carcasse,7.6,,COT-VRO-GBEA_communautaire-A26-S06.csv
2026,6,,2026-02-02,2026-02-08,Standard,Femelles ayant deja vele,R,4,EUR/kg carcasse,7.52,,COT-VRO-GBEA_communautaire-A26-S06.csv
2026,6,,2026-02-02,2026-02-08,Standard,Femelles ayant deja vele,O,2,EUR/kg carcasse,6.94,,COT-VRO-GBEA_communautaire-A26-S06.csv
2026,6,,2026-02-02,2026-02-08,Standard,Femelles ayant deja vele,O,3,EUR/kg carcasse,6.55,,COT-VRO-GBEA_communautaire-A26-S06.csv
2026,6,,2026-02-02,2026-02-08,Standard,Femelles ayant deja vele,O,4,EUR/kg carcasse,6.36,,COT-VRO-GBEA_communautaire-A26-S06.csv
2026,6,,2026-02-02,2026-02-08,Standard,Femelles ayant deja vele,P,2,EUR/kg carcasse,6.06,,COT-VRO-GBEA_communautaire-A26-S06.csv
2026,6,,2026-02-02,2026-02-08,Standard,Femelles ayant deja vele,P,3,EUR/kg carcasse,6.24,,COT-VRO-GBEA_communautaire-A26-S06.csv
2026,6,,2026-02-02,2026-02-08,Standard,Autres femelles,U,3,EUR/kg carcasse,8.02,,COT-VRO-GBEA_communautaire-A26-S06.csv
2026,6,,2026-02-02,2026-02-08,Standard,Autres femelles,R,2,EUR/kg carcasse,7.22,,COT-VRO-GBEA_communautaire-A26-S06.csv
2026,6,,2026-02-02,2026-02-08,Standard,Autres femelles,R,3,EUR/kg carcasse,7.66,,COT-VRO-GBEA_communautaire-A26-S06.csv
2026,6,,2026-02-02,2026-02-08,Standard,Autres femelles,R,4,EUR/kg carcasse,7.43,,COT-VRO-GBEA_communautaire-A26-S06.csv
2026,6,,2026-02-02,2026-02-08,Standard,Autres femelles,O,3,EUR/kg carcasse,7.03,,COT-VRO-GBEA_communautaire-A26-S06.csv
2026,7,,2026-02-09,2026-02-15,Standard,Males non castres de moins de 2 ans,E,2,EUR/kg carcasse,8.16,,COT-VRO-GBEA_communautaire-A26-S07.csv
2026,7,,2026-02-09,2026-02-15,Standard,Males non castres de moins de 2 ans,U,2,EUR/kg carcasse,7.97,,COT-VRO-GBEA_communautaire-A26-S07.csv
2026,7,,2026-02-09,2026-02-15,Standard,Males non castres de moins de 2 ans,U,3,EUR/kg carcasse,7.72,,COT-VRO-GBEA_communautaire-A26-S07.csv
2026,7,,2026-02-09,2026-02-15,Standard,Males non castres de moins de 2 ans,R,2,EUR/kg carcasse,7.67,,COT-VRO-GBEA_communautaire-A26-S07.csv
2026,7,,2026-02-09,2026-02-15,Standard,Males non castres de moins de 2 ans,R,3,EUR/kg carcasse,7.54,,COT-VRO-GBEA_communautaire-A26-S07.csv
2026,7,,2026-02-09,2026-02-15,Standard,Males non castres de moins de 2 ans,O,2,EUR/kg carcasse,6.94,,COT-VRO-GBEA_communautaire-A26-S07.csv
2026,7,,2026-02-09,2026-02-15,Standard,Males non castres de moins de 2 ans,O,3,EUR/kg carcasse,6.87,,COT-VRO-GBEA_communautaire-A26-S07.csv
2026,7,,2026-02-09,2026-02-15,Standard,Males non castres de moins de 2 ans,P,3,EUR/kg carcasse,6.79,,COT-VRO-GBEA_communautaire-A26-S07.csv
2026,7,,2026-02-09,2026-02-15,Standard,Autres males non castres,U,2,EUR/kg carcasse,7.06,,COT-VRO-GBEA_communautaire-A26-S07.csv
2026,7,,2026-02-09,2026-02-15,Standard,Autres males non castres,U,3,EUR/kg carcasse,6.96,,COT-VRO-GBEA_communautaire-A26-S07.csv
2026,7,,2026-02-09,2026-02-15,Standard,Autres males non castres,R,2,EUR/kg carcasse,6.99,,COT-VRO-GBEA_communautaire-A26-S07.csv
2026,7,,2026-02-09,2026-02-15,Standard,Males castres,R,3,EUR/kg carcasse,7.48,,COT-VRO-GBEA_communautaire-A26-S07.csv
2026,7,,2026-02-09,2026-02-15,Standard,Males castres,O,3,EUR/kg carcasse,6.73,,COT-VRO-GBEA_communautaire-A26-S07.csv
2026,7,,2026-02-09,2026-02-15,Standard,Males castres,P,3,EUR/kg carcasse,6.38,,COT-VRO-GBEA_communautaire-A26-S07.csv
2026,7,,2026-02-09,2026-02-15,Standard,Femelles ayant deja vele,U,3,EUR/kg carcasse,7.98,,COT-VRO-GBEA_communautaire-A26-S07.csv
2026,7,,2026-02-09,2026-02-15,Standard,Femelles ayant deja vele,R,2,EUR/kg carcasse,7.56,,COT-VRO-GBEA_communautaire-A26-S07.csv
2026,7,,2026-02-09,2026-02-15,Standard,Femelles ayant deja vele,R,3,EUR/kg carcasse,7.63,,COT-VRO-GBEA_communautaire-A26-S07.csv
2026,7,,2026-02-09,2026-02-15,Standard,Femelles ayant deja vele,R,4,EUR/kg carcasse,7.55,,COT-VRO-GBEA_communautaire-A26-S07.csv
2026,7,,2026-02-09,2026-02-15,Standard,Femelles ayant deja vele,O,2,EUR/kg carcasse,6.99,,COT-VRO-GBEA_communautaire-A26-S07.csv
2026,7,,2026-02-09,2026-02-15,Standard,Femelles ayant deja vele,O,3,EUR/kg carcasse,6.58,,COT-VRO-GBEA_communautaire-A26-S07.csv
2026,7,,2026-02-09,2026-02-15,Standard,Femelles ayant deja vele,O,4,EUR/kg carcasse,6.42,,COT-VRO-GBEA_communautaire-A26-S07.csv
2026,7,,2026-02-09,2026-02-15,Standard,Femelles ayant deja vele,P,2,EUR/kg carcasse,6.1,,COT-VRO-GBEA_communautaire-A26-S07.csv
2026,7,,2026-02-09,2026-02-15,Standard,Femelles ayant deja vele,P,3,EUR/kg carcasse,6.28,,COT-VRO-GBEA_communautaire-A26-S07.csv
2026,7,,2026-02-09,2026-02-15,Standard,Autres femelles,U,3,EUR/kg carcasse,8.03,,COT-VRO-GBEA_communautaire-A26-S07.csv
2026,7,,2026-02-09,2026-02-15,Standard,Autres femelles,R,2,EUR/kg carcasse,7.49,,COT-VRO-GBEA_communautaire-A26-S07.csv
2026,7,,2026-02-09,2026-02-15,Standard,Autres femelles,R,3,EUR/kg carcasse,7.62,,COT-VRO-GBEA_communautaire-A26-S07.csv
2026,7,,2026-02-09,2026-02-15,Standard,Autres femelles,R,4,EUR/kg carcasse,7.45,,COT-VRO-GBEA_communautaire-A26-S07.csv
2026,7,,2026-02-09,2026-02-15,Standard,Autres femelles,O,3,EUR/kg carcasse,7.01,,COT-VRO-GBEA_communautaire-A26-S07.csv
2026,8,,2026-02-16,2026-02-22,Standard,Males non castres de moins de 2 ans,E,2,EUR/kg carcasse,8.16,,COT-VRO-GBEA_communautaire-A26-S08.csv
2026,8,,2026-02-16,2026-02-22,Standard,Males non castres de moins de 2 ans,U,2,EUR/kg carcasse,7.97,,COT-VRO-GBEA_communautaire-A26-S08.csv
2026,8,,2026-02-16,2026-02-22,Standard,Males non castres de moins de 2 ans,U,3,EUR/kg carcasse,7.73,,COT-VRO-GBEA_communautaire-A26-S08.csv
2026,8,,2026-02-16,2026-02-22,Standard,Males non castres de moins de 2 ans,R,2,EUR/kg carcasse,7.69,,COT-VRO-GBEA_communautaire-A26-S08.csv
2026,8,,2026-02-16,2026-02-22,Standard,Males non castres de moins de 2 ans,R,3,EUR/kg carcasse,7.56,,COT-VRO-GBEA_communautaire-A26-S08.csv
2026,8,,2026-02-16,2026-02-22,Standard,Males non castres de moins de 2 ans,O,2,EUR/kg carcasse,6.96,,COT-VRO-GBEA_communautaire-A26-S08.csv
2026,8,,2026-02-16,2026-02-22,Standard,Males non castres de moins de 2 ans,O,3,EUR/kg carcasse,6.9,,COT-VRO-GBEA_communautaire-A26-S08.csv
2026,8,,2026-02-16,2026-02-22,Standard,Males non castres de moins de 2 ans,P,3,EUR/kg carcasse,6.81,,COT-VRO-GBEA_communautaire-A26-S08.csv
2026,8,,2026-02-16,2026-02-22,Standard,Autres males non castres,U,2,EUR/kg carcasse,7.11,,COT-VRO-GBEA_communautaire-A26-S08.csv
2026,8,,2026-02-16,2026-02-22,Standard,Autres males non castres,U,3,EUR/kg carcasse,6.98,,COT-VRO-GBEA_communautaire-A26-S08.csv
2026,8,,2026-02-16,2026-02-22,Standard,Autres males non castres,R,2,EUR/kg carcasse,7.05,,COT-VRO-GBEA_communautaire-A26-S08.csv
2026,8,,2026-02-16,2026-02-22,Standard,Males castres,R,3,EUR/kg carcasse,7.46,,COT-VRO-GBEA_communautaire-A26-S08.csv
2026,8,,2026-02-16,2026-02-22,Standard,Males castres,O,3,EUR/kg carcasse,6.73,,COT-VRO-GBEA_communautaire-A26-S08.csv
2026,8,,2026-02-16,2026-02-22,Standard,Males castres,P,3,EUR/kg carcasse,6.39,,COT-VRO-GBEA_communautaire-A26-S08.csv
2026,8,,2026-02-16,2026-02-22,Standard,Femelles ayant deja vele,U,3,EUR/kg carcasse,8.02,,COT-VRO-GBEA_communautaire-A26-S08.csv
2026,8,,2026-02-16,2026-02-22,Standard,Femelles ayant deja vele,R,2,EUR/kg carcasse,7.64,,COT-VRO-GBEA_communautaire-A26-S08.csv
2026,8,,2026-02-16,2026-02-22,Standard,Femelles ayant deja vele,R,3,EUR/kg carcasse,7.64,,COT-VRO-GBEA_communautaire-A26-S08.csv
2026,8,,2026-02-16,2026-02-22,Standard,Femelles ayant deja vele,R,4,EUR/kg carcasse,7.57,,COT-VRO-GBEA_communautaire-A26-S08.csv
2026,8,,2026-02-16,2026-02-22,Standard,Femelles ayant deja vele,O,2,EUR/kg carcasse,7.11,,COT-VRO-GBEA_communautaire-A26-S08.csv
2026,8,,2026-02-16,2026-02-22,Standard,Femelles ayant deja vele,O,3,EUR/kg carcasse,6.61,,COT-VRO-GBEA_communautaire-A26-S08.csv
2026,8,,2026-02-16,2026-02-22,Standard,Femelles ayant deja vele,O,4,EUR/kg carcasse,6.41,,COT-VRO-GBEA_communautaire-A26-S08.csv
2026,8,,2026-02-16,2026-02-22,Standard,Femelles ayant deja vele,P,2,EUR/kg carcasse,6.14,,COT-VRO-GBEA_communautaire-A26-S08.csv
2026,8,,2026-02-16,2026-02-22,Standard,Femelles ayant deja vele,P,3,EUR/kg carcasse,6.32,,COT-VRO-GBEA_communautaire-A26-S08.csv
2026,8,,2026-02-16,2026-02-22,Standard,Autres femelles,U,3,EUR/kg carcasse,8.04,,COT-VRO-GBEA_communautaire-A26-S08.csv
2026,8,,2026-02-16,2026-02-22,Standard,Autres femelles,R,2,EUR/kg carcasse,7.61,,COT-VRO-GBEA_communautaire-A26-S08.csv
2026,8,,2026-02-16,2026-02-22,Standard,Autres femelles,R,3,EUR/kg carcasse,7.64,,COT-VRO-GBEA_communautaire-A26-S08.csv
2026,8,,2026-02-16,2026-02-22,Standard,Autres femelles,R,4,EUR/kg carcasse,7.51,,COT-VRO-GBEA_communautaire-A26-S08.csv
2026,8,,2026-02-16,2026-02-22,Standard,Autres femelles,O,3,EUR/kg carcasse,7.03,,COT-VRO-GBEA_communautaire-A26-S08.csv
2026,9,,2026-02-23,2026-03-01,Standard,Males non castres de moins de 2 ans,U,2,EUR/kg carcasse,7.96,,COT-VRO-GBEA_communautaire-A26-S09.csv
2026,9,,2026-02-23,2026-03-01,Standard,Males non castres de moins de 2 ans,U,3,EUR/kg carcasse,7.73,,COT-VRO-GBEA_communautaire-A26-S09.csv
2026,9,,2026-02-23,2026-03-01,Standard,Males non castres de moins de 2 ans,R,2,EUR/kg carcasse,7.65,,COT-VRO-GBEA_communautaire-A26-S09.csv
2026,9,,2026-02-23,2026-03-01,Standard,Males non castres de moins de 2 ans,R,3,EUR/kg carcasse,7.54,,COT-VRO-GBEA_communautaire-A26-S09.csv
2026,9,,2026-02-23,2026-03-01,Standard,Males non castres de moins de 2 ans,O,2,EUR/kg carcasse,7.01,,COT-VRO-GBEA_communautaire-A26-S09.csv
2026,9,,2026-02-23,2026-03-01,Standard,Males non castres de moins de 2 ans,O,3,EUR/kg carcasse,6.93,,COT-VRO-GBEA_communautaire-A26-S09.csv
2026,9,,2026-02-23,2026-03-01,Standard,Males non castres de moins de 2 ans,P,3,EUR/kg carcasse,6.83,,COT-VRO-GBEA_communautaire-A26-S09.csv
2026,9,,2026-02-23,2026-03-01,Standard,Autres males non castres,U,2,EUR/kg carcasse,7.12,,COT-VRO-GBEA_communautaire-A26-S09.csv
2026,9,,2026-02-23,2026-03-01,Standard,Autres males non castres,R,2,EUR/kg carcasse,7.03,,COT-VRO-GBEA_communautaire-A26-S09.csv
2026,9,,2026-02-23,2026-03-01,Standard,Males castres,R,3,EUR/kg carcasse,7.48,,COT-VRO-GBEA_communautaire-A26-S09.csv
2026,9,,2026-02-23,2026-03-01,Standard,Males castres,O,3,EUR/kg carcasse,6.77,,COT-VRO-GBEA_communautaire-A26-S09.csv
2026,9,,2026-02-23,2026-03-01,Standard,Males castres,P,3,EUR/kg carcasse,6.45,,COT-VRO-GBEA_communautaire-A26-S09.csv
2026,9,,2026-02-23,2026-03-01,Standard,Femelles ayant deja vele,U,3,EUR/kg carcasse,8.05,,COT-VRO-GBEA_communautaire-A26-S09.csv
2026,9,,2026-02-23,2026-03-01,Standard,Femelles ayant deja vele,R,2,EUR/kg carcasse,7.65,,COT-VRO-GBEA_communautaire-A26-S09.csv
2026,9,,2026-02-23,2026-03-01,Standard,Femelles ayant deja vele,R,3,EUR/kg carcasse,7.66,,COT-VRO-GBEA_communautaire-A26-S09.csv
2026,9,,2026-02-23,2026-03-01,Standard,Femelles ayant deja vele,R,4,EUR/kg carcasse,7.57,,COT-VRO-GBEA_communautaire-A26-S09.csv
2026,9,,2026-02-23,2026-03-01,Standard,Femelles ayant deja vele,O,2,EUR/kg carcasse,7.17,,COT-VRO-GBEA_communautaire-A26-S09.csv
2026,9,,2026-02-23,2026-03-01,Standard,Femelles ayant deja vele,O,3,EUR/kg carcasse,6.66,,COT-VRO-GBEA_communautaire-A26-S09.csv
2026,9,,2026-02-23,2026-03-01,Standard,Femelles ayant deja vele,O,4,EUR/kg carcasse,6.44,,COT-VRO-GBEA_communautaire-A26-S09.csv
2026,9,,2026-02-23,2026-03-01,Standard,Femelles ayant deja vele,P,2,EUR/kg carcasse,6.18,,COT-VRO-GBEA_communautaire-A26-S09.csv
2026,9,,2026-02-23,2026-03-01,Standard,Femelles ayant deja vele,P,3,EUR/kg carcasse,6.36,,COT-VRO-GBEA_communautaire-A26-S09.csv
2026,9,,2026-02-23,2026-03-01,Standard,Autres femelles,U,3,EUR/kg carcasse,8.05,,COT-VRO-GBEA_communautaire-A26-S09.csv
2026,9,,2026-02-23,2026-03-01,Standard,Autres femelles,R,2,EUR/kg carcasse,7.59,,COT-VRO-GBEA_communautaire-A26-S09.csv
2026,9,,2026-02-23,2026-03-01,Standard,Autres femelles,R,3,EUR/kg carcasse,7.64,,COT-VRO-GBEA_communautaire-A26-S09.csv
2026,9,,2026-02-23,2026-03-01,Standard,Autres femelles,R,4,EUR/kg carcasse,7.48,,COT-VRO-GBEA_communautaire-A26-S09.csv
2026,9,,2026-02-23,2026-03-01,Standard,Autres femelles,O,3,EUR/kg carcasse,7.09,,COT-VRO-GBEA_communautaire-A26-S09.csv
2026,,3,2026-03-01,2026-03-31,Bio,Males castres,U,3,EUR/kg carcasse,8.17,,COT-VRO-GBBI_prix_UE-A26-M03.csv
2026,,3,2026-03-01,2026-03-31,Bio,Males castres,R,3,EUR/kg carcasse,8,,COT-VRO-GBBI_prix_UE-A26-M03.csv
2026,,3,2026-03-01,2026-03-31,Bio,Males castres,O,3,EUR/kg carcasse,7.38,,COT-VRO-GBBI_prix_UE-A26-M03.csv
2026,,3,2026-03-01,2026-03-31,Bio,Femelles ayant deja vele,U,3,EUR/kg carcasse,8.2,,COT-VRO-GBBI_prix_UE-A26-M03.csv
2026,,3,2026-03-01,2026-03-31,Bio,Femelles ayant deja vele,R,3,EUR/kg carcasse,7.95,,COT-VRO-GBBI_prix_UE-A26-M03.csv
2026,,3,2026-03-01,2026-03-31,Bio,Femelles ayant deja vele,O,3,EUR/kg carcasse,7.13,,COT-VRO-GBBI_prix_UE-A26-M03.csv
2026,,3,2026-03-01,2026-03-31,Bio,Femelles ayant deja vele,P,3,EUR/kg carcasse,6.8,,COT-VRO-GBBI_prix_UE-A26-M03.csv
2026,,3,2026-03-01,2026-03-31,Bio,Autres femelles,R,3,EUR/kg carcasse,7.95,,COT-VRO-GBBI_prix_UE-A26-M03.csv
2026,10,,2026-03-02,2026-03-08,Standard,Males non castres de moins de 2 ans,E,2,EUR/kg carcasse,8.22,,COT-VRO-GBEA_communautaire-A26-S10.csv
2026,10,,2026-03-02,2026-03-08,Standard,Males non castres de moins de 2 ans,U,2,EUR/kg carcasse,7.95,,COT-VRO-GBEA_communautaire-A26-S10.csv
2026,10,,2026-03-02,2026-03-08,Standard,Males non castres de moins de 2 ans,U,3,EUR/kg carcasse,7.73,,COT-VRO-GBEA_communautaire-A26-S10.csv
2026,10,,2026-03-02,2026-03-08,Standard,Males non castres de moins de 2 ans,R,2,EUR/kg carcasse,7.71,,COT-VRO-GBEA_communautaire-A26-S10.csv
2026,10,,2026-03-02,2026-03-08,Standard,Males non castres de moins de 2 ans,R,3,EUR/kg carcasse,7.53,,COT-VRO-GBEA_communautaire-A26-S10.csv
2026,10,,2026-03-02,2026-03-08,Standard,Males non castres de moins de 2 ans,O,2,EUR/kg carcasse,7.05,,COT-VRO-GBEA_communautaire-A26-S10.csv
2026,10,,2026-03-02,2026-03-08,Standard,Males non castres de moins de 2 ans,O,3,EUR/kg carcasse,6.93,,COT-VRO-GBEA_communautaire-A26-S10.csv
2026,10,,2026-03-02,2026-03-08,Standard,Males non castres de moins de 2 ans,P,3,EUR/kg carcasse,6.85,,COT-VRO-GBEA_communautaire-A26-S10.csv
2026,10,,2026-03-02,2026-03-08,Standard,Autres males non castres,U,2,EUR/kg carcasse,7.16,,COT-VRO-GBEA_communautaire-A26-S10.csv
2026,10,,2026-03-02,2026-03-08,Standard,Autres males non castres,R,2,EUR/kg carcasse,7.02,,COT-VRO-GBEA_communautaire-A26-S10.csv
2026,10,,2026-03-02,2026-03-08,Standard,Autres males non castres,O,3,EUR/kg carcasse,6.37,,COT-VRO-GBEA_communautaire-A26-S10.csv
2026,10,,2026-03-02,2026-03-08,Standard,Males castres,R,3,EUR/kg carcasse,7.52,,COT-VRO-GBEA_communautaire-A26-S10.csv
2026,10,,2026-03-02,2026-03-08,Standard,Males castres,O,3,EUR/kg carcasse,6.79,,COT-VRO-GBEA_communautaire-A26-S10.csv
2026,10,,2026-03-02,2026-03-08,Standard,Males castres,P,3,EUR/kg carcasse,6.49,,COT-VRO-GBEA_communautaire-A26-S10.csv
2026,10,,2026-03-02,2026-03-08,Standard,Femelles ayant deja vele,U,3,EUR/kg carcasse,8.05,,COT-VRO-GBEA_communautaire-A26-S10.csv
2026,10,,2026-03-02,2026-03-08,Standard,Femelles ayant deja vele,R,2,EUR/kg carcasse,7.61,,COT-VRO-GBEA_communautaire-A26-S10.csv
2026,10,,2026-03-02,2026-03-08,Standard,Femelles ayant deja vele,R,3,EUR/kg carcasse,7.66,,COT-VRO-GBEA_communautaire-A26-S10.csv
2026,10,,2026-03-02,2026-03-08,Standard,Femelles ayant deja vele,R,4,EUR/kg carcasse,7.57,,COT-VRO-GBEA_communautaire-A26-S10.csv
2026,10,,2026-03-02,2026-03-08,Standard,Femelles ayant deja vele,O,2,EUR/kg carcasse,7.13,,COT-VRO-GBEA_communautaire-A26-S10.csv
2026,10,,2026-03-02,2026-03-08,Standard,Femelles ayant deja vele,O,3,EUR/kg carcasse,6.68,,COT-VRO-GBEA_communautaire-A26-S10.csv
2026,10,,2026-03-02,2026-03-08,Standard,Femelles ayant deja vele,O,4,EUR/kg carcasse,6.48,,COT-VRO-GBEA_communautaire-A26-S10.csv
2026,10,,2026-03-02,2026-03-08,Standard,Femelles ayant deja vele,P,2,EUR/kg carcasse,6.22,,COT-VRO-GBEA_communautaire-A26-S10.csv
2026,10,,2026-03-02,2026-03-08,Standard,Femelles ayant deja vele,P,3,EUR/kg carcasse,6.4,,COT-VRO-GBEA_communautaire-A26-S10.csv
2026,10,,2026-03-02,2026-03-08,Standard,Autres femelles,U,3,EUR/kg carcasse,8.08,,COT-VRO-GBEA_communautaire-A26-S10.csv
2026,10,,2026-03-02,2026-03-08,Standard,Autres femelles,R,2,EUR/kg carcasse,7.55,,COT-VRO-GBEA_communautaire-A26-S10.csv
2026,10,,2026-03-02,2026-03-08,Standard,Autres femelles,R,3,EUR/kg carcasse,7.68,,COT-VRO-GBEA_communautaire-A26-S10.csv
2026,10,,2026-03-02,2026-03-08,Standard,Autres femelles,R,4,EUR/kg carcasse,7.49,,COT-VRO-GBEA_communautaire-A26-S10.csv
2026,10,,2026-03-02,2026-03-08,Standard,Autres femelles,O,3,EUR/kg carcasse,7.1,,COT-VRO-GBEA_communautaire-A26-S10.csv
2026,11,,2026-03-09,2026-03-15,Standard,Males non castres de moins de 2 ans,U,2,EUR/kg carcasse,7.95,,COT-VRO-GBEA_communautaire-A26-S11.csv
2026,11,,2026-03-09,2026-03-15,Standard,Males non castres de moins de 2 ans,U,3,EUR/kg carcasse,7.71,,COT-VRO-GBEA_communautaire-A26-S11.csv
2026,11,,2026-03-09,2026-03-15,Standard,Males non castres de moins de 2 ans,R,2,EUR/kg carcasse,7.68,,COT-VRO-GBEA_communautaire-A26-S11.csv
2026,11,,2026-03-09,2026-03-15,Standard,Males non castres de moins de 2 ans,R,3,EUR/kg carcasse,7.51,,COT-VRO-GBEA_communautaire-A26-S11.csv
2026,11,,2026-03-09,2026-03-15,Standard,Males non castres de moins de 2 ans,O,2,EUR/kg carcasse,7.05,,COT-VRO-GBEA_communautaire-A26-S11.csv
2026,11,,2026-03-09,2026-03-15,Standard,Males non castres de moins de 2 ans,O,3,EUR/kg carcasse,6.95,,COT-VRO-GBEA_communautaire-A26-S11.csv
2026,11,,2026-03-09,2026-03-15,Standard,Males non castres de moins de 2 ans,P,3,EUR/kg carcasse,6.87,,COT-VRO-GBEA_communautaire-A26-S11.csv
2026,11,,2026-03-09,2026-03-15,Standard,Autres males non castres,U,2,EUR/kg carcasse,7.18,,COT-VRO-GBEA_communautaire-A26-S11.csv
2026,11,,2026-03-09,2026-03-15,Standard,Autres males non castres,R,2,EUR/kg carcasse,7.09,,COT-VRO-GBEA_communautaire-A26-S11.csv
2026,11,,2026-03-09,2026-03-15,Standard,Autres males non castres,O,3,EUR/kg carcasse,6.39,,COT-VRO-GBEA_communautaire-A26-S11.csv
2026,11,,2026-03-09,2026-03-15,Standard,Males castres,R,3,EUR/kg carcasse,7.52,,COT-VRO-GBEA_communautaire-A26-S11.csv
2026,11,,2026-03-09,2026-03-15,Standard,Males castres,O,3,EUR/kg carcasse,6.81,,COT-VRO-GBEA_communautaire-A26-S11.csv
2026,11,,2026-03-09,2026-03-15,Standard,Males castres,P,3,EUR/kg carcasse,6.51,,COT-VRO-GBEA_communautaire-A26-S11.csv
2026,11,,2026-03-09,2026-03-15,Standard,Femelles ayant deja vele,U,3,EUR/kg carcasse,8.1,,COT-VRO-GBEA_communautaire-A26-S11.csv
2026,11,,2026-03-09,2026-03-15,Standard,Femelles ayant deja vele,R,2,EUR/kg carcasse,7.66,,COT-VRO-GBEA_communautaire-A26-S11.csv
2026,11,,2026-03-09,2026-03-15,Standard,Femelles ayant deja vele,R,3,EUR/kg carcasse,7.66,,COT-VRO-GBEA_communautaire-A26-S11.csv
2026,11,,2026-03-09,2026-03-15,Standard,Femelles ayant deja vele,R,4,EUR/kg carcasse,7.56,,COT-VRO-GBEA_communautaire-A26-S11.csv
2026,11,,2026-03-09,2026-03-15,Standard,Femelles ayant deja vele,O,2,EUR/kg carcasse,7.18,,COT-VRO-GBEA_communautaire-A26-S11.csv
2026,11,,2026-03-09,2026-03-15,Standard,Femelles ayant deja vele,O,3,EUR/kg carcasse,6.71,,COT-VRO-GBEA_communautaire-A26-S11.csv
2026,11,,2026-03-09,2026-03-15,Standard,Femelles ayant deja vele,O,4,EUR/kg carcasse,6.53,,COT-VRO-GBEA_communautaire-A26-S11.csv
2026,11,,2026-03-09,2026-03-15,Standard,Femelles ayant deja vele,P,2,EUR/kg carcasse,6.26,,COT-VRO-GBEA_communautaire-A26-S11.csv
2026,11,,2026-03-09,2026-03-15,Standard,Femelles ayant deja vele,P,3,EUR/kg carcasse,6.44,,COT-VRO-GBEA_communautaire-A26-S11.csv
2026,11,,2026-03-09,2026-03-15,Standard,Autres femelles,U,3,EUR/kg carcasse,8.09,,COT-VRO-GBEA_communautaire-A26-S11.csv
2026,11,,2026-03-09,2026-03-15,Standard,Autres femelles,R,2,EUR/kg carcasse,7.55,,COT-VRO-GBEA_communautaire-A26-S11.csv
2026,11,,2026-03-09,2026-03-15,Standard,Autres femelles,R,3,EUR/kg carcasse,7.7,,COT-VRO-GBEA_communautaire-A26-S11.csv
2026,11,,2026-03-09,2026-03-15,Standard,Autres femelles,R,4,EUR/kg carcasse,7.47,,COT-VRO-GBEA_communautaire-A26-S11.csv
2026,11,,2026-03-09,2026-03-15,Standard,Autres femelles,O,3,EUR/kg carcasse,7.04,,COT-VRO-GBEA_communautaire-A26-S11.csv
2026,12,,2026-03-16,2026-03-22,Standard,Males non castres de moins de 2 ans,E,2,EUR/kg carcasse,8.16,,COT-VRO-GBEA_communautaire-A26-S12.csv
2026,12,,2026-03-16,2026-03-22,Standard,Males non castres de moins de 2 ans,U,2,EUR/kg carcasse,7.93,,COT-VRO-GBEA_communautaire-A26-S12.csv
2026,12,,2026-03-16,2026-03-22,Standard,Males non castres de moins de 2 ans,U,3,EUR/kg carcasse,7.69,,COT-VRO-GBEA_communautaire-A26-S12.csv
2026,12,,2026-03-16,2026-03-22,Standard,Males non castres de moins de 2 ans,R,2,EUR/kg carcasse,7.68,,COT-VRO-GBEA_communautaire-A26-S12.csv
2026,12,,2026-03-16,2026-03-22,Standard,Males non castres de moins de 2 ans,R,3,EUR/kg carcasse,7.52,,COT-VRO-GBEA_communautaire-A26-S12.csv
2026,12,,2026-03-16,2026-03-22,Standard,Males non castres de moins de 2 ans,O,2,EUR/kg carcasse,7.04,,COT-VRO-GBEA_communautaire-A26-S12.csv
2026,12,,2026-03-16,2026-03-22,Standard,Males non castres de moins de 2 ans,O,3,EUR/kg carcasse,6.95,,COT-VRO-GBEA_communautaire-A26-S12.csv
2026,12,,2026-03-16,2026-03-22,Standard,Males non castres de moins de 2 ans,P,3,EUR/kg carcasse,6.9,,COT-VRO-GBEA_communautaire-A26-S12.csv
2026,12,,2026-03-16,2026-03-22,Standard,Autres males non castres,U,2,EUR/kg carcasse,7.19,,COT-VRO-GBEA_communautaire-A26-S12.csv
2026,12,,2026-03-16,2026-03-22,Standard,Autres males non castres,U,3,EUR/kg carcasse,7.06,,COT-VRO-GBEA_communautaire-A26-S12.csv
2026,12,,2026-03-16,2026-03-22,Standard,Autres males non castres,R,2,EUR/kg carcasse,7.09,,COT-VRO-GBEA_communautaire-A26-S12.csv
2026,12,,2026-03-16,2026-03-22,Standard,Males castres,R,3,EUR/kg carcasse,7.5,,COT-VRO-GBEA_communautaire-A26-S12.csv
2026,12,,2026-03-16,2026-03-22,Standard,Males castres,O,3,EUR/kg carcasse,6.8,,COT-VRO-GBEA_communautaire-A26-S12.csv
2026,12,,2026-03-16,2026-03-22,Standard,Males castres,P,3,EUR/kg carcasse,6.55,,COT-VRO-GBEA_communautaire-A26-S12.csv
2026,12,,2026-03-16,2026-03-22,Standard,Femelles ayant deja vele,U,3,EUR/kg carcasse,8.13,,COT-VRO-GBEA_communautaire-A26-S12.csv
2026,12,,2026-03-16,2026-03-22,Standard,Femelles ayant deja vele,R,2,EUR/kg carcasse,7.66,,COT-VRO-GBEA_communautaire-A26-S12.csv
2026,12,,2026-03-16,2026-03-22,Standard,Femelles ayant deja vele,R,3,EUR/kg carcasse,7.66,,COT-VRO-GBEA_communautaire-A26-S12.csv
2026,12,,2026-03-16,2026-03-22,Standard,Femelles ayant deja vele,R,4,EUR/kg carcasse,7.57,,COT-VRO-GBEA_communautaire-A26-S12.csv
2026,12,,2026-03-16,2026-03-22,Standard,Femelles ayant deja vele,O,2,EUR/kg carcasse,7.14,,COT-VRO-GBEA_communautaire-A26-S12.csv
2026,12,,2026-03-16,2026-03-22,Standard,Femelles ayant deja vele,O,3,EUR/kg carcasse,6.73,,COT-VRO-GBEA_communautaire-A26-S12.csv
2026,12,,2026-03-16,2026-03-22,Standard,Femelles ayant deja vele,O,4,EUR/kg carcasse,6.56,,COT-VRO-GBEA_communautaire-A26-S12.csv
2026,12,,2026-03-16,2026-03-22,Standard,Femelles ayant deja vele,P,2,EUR/kg carcasse,6.28,,COT-VRO-GBEA_communautaire-A26-S12.csv
2026,12,,2026-03-16,2026-03-22,Standard,Femelles ayant deja vele,P,3,EUR/kg carcasse,6.46,,COT-VRO-GBEA_communautaire-A26-S12.csv
2026,12,,2026-03-16,2026-03-22,Standard,Autres femelles,E,3,EUR/kg carcasse,9.8,,COT-VRO-GBEA_communautaire-A26-S12.csv
2026,12,,2026-03-16,2026-03-22,Standard,Autres femelles,U,3,EUR/kg carcasse,8.16,,COT-VRO-GBEA_communautaire-A26-S12.csv
2026,12,,2026-03-16,2026-03-22,Standard,Autres femelles,R,2,EUR/kg carcasse,7.68,,COT-VRO-GBEA_communautaire-A26-S12.csv
2026,12,,2026-03-16,2026-03-22,Standard,Autres femelles,R,3,EUR/kg carcasse,7.67,,COT-VRO-GBEA_communautaire-A26-S12.csv
2026,12,,2026-03-16,2026-03-22,Standard,Autres femelles,R,4,EUR/kg carcasse,7.48,,COT-VRO-GBEA_communautaire-A26-S12.csv
2026,12,,2026-03-16,2026-03-22,Standard,Autres femelles,O,3,EUR/kg carcasse,7.06,,COT-VRO-GBEA_communautaire-A26-S12.csv
2026,13,,2026-03-23,2026-03-29,Standard,Males non castres de moins de 2 ans,U,2,EUR/kg carcasse,7.92,,COT-VRO-GBEA_communautaire-A26-S13.csv
2026,13,,2026-03-23,2026-03-29,Standard,Males non castres de moins de 2 ans,U,3,EUR/kg carcasse,7.68,,COT-VRO-GBEA_communautaire-A26-S13.csv
2026,13,,2026-03-23,2026-03-29,Standard,Males non castres de moins de 2 ans,R,2,EUR/kg carcasse,7.62,,COT-VRO-GBEA_communautaire-A26-S13.csv
2026,13,,2026-03-23,2026-03-29,Standard,Males non castres de moins de 2 ans,R,3,EUR/kg carcasse,7.5,,COT-VRO-GBEA_communautaire-A26-S13.csv
2026,13,,2026-03-23,2026-03-29,Standard,Males non castres de moins de 2 ans,O,2,EUR/kg carcasse,7,,COT-VRO-GBEA_communautaire-A26-S13.csv
2026,13,,2026-03-23,2026-03-29,Standard,Males non castres de moins de 2 ans,O,3,EUR/kg carcasse,6.97,,COT-VRO-GBEA_communautaire-A26-S13.csv
2026,13,,2026-03-23,2026-03-29,Standard,Males non castres de moins de 2 ans,P,3,EUR/kg carcasse,6.88,,COT-VRO-GBEA_communautaire-A26-S13.csv
2026,13,,2026-03-23,2026-03-29,Standard,Autres males non castres,U,2,EUR/kg carcasse,7.2,,COT-VRO-GBEA_communautaire-A26-S13.csv
2026,13,,2026-03-23,2026-03-29,Standard,Autres males non castres,U,3,EUR/kg carcasse,7.07,,COT-VRO-GBEA_communautaire-A26-S13.csv
2026,13,,2026-03-23,2026-03-29,Standard,Autres males non castres,R,2,EUR/kg carcasse,7.09,,COT-VRO-GBEA_communautaire-A26-S13.csv
2026,13,,2026-03-23,2026-03-29,Standard,Males castres,R,3,EUR/kg carcasse,7.53,,COT-VRO-GBEA_communautaire-A26-S13.csv
2026,13,,2026-03-23,2026-03-29,Standard,Males castres,O,3,EUR/kg carcasse,6.85,,COT-VRO-GBEA_communautaire-A26-S13.csv
2026,13,,2026-03-23,2026-03-29,Standard,Males castres,P,3,EUR/kg carcasse,6.54,,COT-VRO-GBEA_communautaire-A26-S13.csv
2026,13,,2026-03-23,2026-03-29,Standard,Femelles ayant deja vele,E,3,EUR/kg carcasse,9.64,,COT-VRO-GBEA_communautaire-A26-S13.csv
2026,13,,2026-03-23,2026-03-29,Standard,Femelles ayant deja vele,U,3,EUR/kg carcasse,8.23,,COT-VRO-GBEA_communautaire-A26-S13.csv
2026,13,,2026-03-23,2026-03-29,Standard,Femelles ayant deja vele,R,2,EUR/kg carcasse,7.66,,COT-VRO-GBEA_communautaire-A26-S13.csv
2026,13,,2026-03-23,2026-03-29,Standard,Femelles ayant deja vele,R,3,EUR/kg carcasse,7.66,,COT-VRO-GBEA_communautaire-A26-S13.csv
2026,13,,2026-03-23,2026-03-29,Standard,Femelles ayant deja vele,R,4,EUR/kg carcasse,7.57,,COT-VRO-GBEA_communautaire-A26-S13.csv
2026,13,,2026-03-23,2026-03-29,Standard,Femelles ayant deja vele,O,2,EUR/kg carcasse,7.13,,COT-VRO-GBEA_communautaire-A26-S13.csv
2026,13,,2026-03-23,2026-03-29,Standard,Femelles ayant deja vele,O,3,EUR/kg carcasse,6.74,,COT-VRO-GBEA_communautaire-A26-S13.csv
2026,13,,2026-03-23,2026-03-29,Standard,Femelles ayant deja vele,O,4,EUR/kg carcasse,6.54,,COT-VRO-GBEA_communautaire-A26-S13.csv
2026,13,,2026-03-23,2026-03-29,Standard,Femelles ayant deja vele,P,2,EUR/kg carcasse,6.29,,COT-VRO-GBEA_communautaire-A26-S13.csv
2026,13,,2026-03-23,2026-03-29,Standard,Femelles ayant deja vele,P,3,EUR/kg carcasse,6.47,,COT-VRO-GBEA_communautaire-A26-S13.csv
2026,13,,2026-03-23,2026-03-29,Standard,Autres femelles,E,3,EUR/kg carcasse,9.89,,COT-VRO-GBEA_communautaire-A26-S13.csv
2026,13,,2026-03-23,2026-03-29,Standard,Autres femelles,U,3,EUR/kg carcasse,8.25,,COT-VRO-GBEA_communautaire-A26-S13.csv
2026,13,,2026-03-23,2026-03-29,Standard,Autres femelles,R,2,EUR/kg carcasse,7.66,,COT-VRO-GBEA_communautaire-A26-S13.csv
2026,13,,2026-03-23,2026-03-29,Standard,Autres femelles,R,3,EUR/kg carcasse,7.68,,COT-VRO-GBEA_communautaire-A26-S13.csv
2026,13,,2026-03-23,2026-03-29,Standard,Autres femelles,R,4,EUR/kg carcasse,7.49,,COT-VRO-GBEA_communautaire-A26-S13.csv
2026,13,,2026-03-23,2026-03-29,Standard,Autres femelles,O,3,EUR/kg carcasse,7.09,,COT-VRO-GBEA_communautaire-A26-S13.csv
2026,13,,2026-03-23,2026-03-29,Standard,Autres femelles,O,4,EUR/kg carcasse,7.09,,COT-VRO-GBEA_communautaire-A26-S13.csv
2026,14,,2026-03-30,2026-04-05,Standard,Males non castres de moins de 2 ans,E,2,EUR/kg carcasse,8.15,,COT-VRO-GBEA_communautaire-A26-S14.csv
2026,14,,2026-03-30,2026-04-05,Standard,Males non castres de moins de 2 ans,U,2,EUR/kg carcasse,7.88,,COT-VRO-GBEA_communautaire-A26-S14.csv
2026,14,,2026-03-30,2026-04-05,Standard,Males non castres de moins de 2 ans,U,3,EUR/kg carcasse,7.64,,COT-VRO-GBEA_communautaire-A26-S14.csv
2026,14,,2026-03-30,2026-04-05,Standard,Males non castres de moins de 2 ans,R,2,EUR/kg carcasse,7.62,,COT-VRO-GBEA_communautaire-A26-S14.csv
2026,14,,2026-03-30,2026-04-05,Standard,Males non castres de moins de 2 ans,R,3,EUR/kg carcasse,7.45,,COT-VRO-GBEA_communautaire-A26-S14.csv
2026,14,,2026-03-30,2026-04-05,Standard,Males non castres de moins de 2 ans,O,2,EUR/kg carcasse,7.08,,COT-VRO-GBEA_communautaire-A26-S14.csv
2026,14,,2026-03-30,2026-04-05,Standard,Males non castres de moins de 2 ans,O,3,EUR/kg carcasse,6.96,,COT-VRO-GBEA_communautaire-A26-S14.csv
2026,14,,2026-03-30,2026-04-05,Standard,Males non castres de moins de 2 ans,P,3,EUR/kg carcasse,6.9,,COT-VRO-GBEA_communautaire-A26-S14.csv
2026,14,,2026-03-30,2026-04-05,Standard,Autres males non castres,U,2,EUR/kg carcasse,7.17,,COT-VRO-GBEA_communautaire-A26-S14.csv
2026,14,,2026-03-30,2026-04-05,Standard,Autres males non castres,U,3,EUR/kg carcasse,7.08,,COT-VRO-GBEA_communautaire-A26-S14.csv
2026,14,,2026-03-30,2026-04-05,Standard,Autres males non castres,R,2,EUR/kg carcasse,7.09,,COT-VRO-GBEA_communautaire-A26-S14.csv
2026,14,,2026-03-30,2026-04-05,Standard,Males castres,R,3,EUR/kg carcasse,7.39,,COT-VRO-GBEA_communautaire-A26-S14.csv
2026,14,,2026-03-30,2026-04-05,Standard,Males castres,O,3,EUR/kg carcasse,6.79,,COT-VRO-GBEA_communautaire-A26-S14.csv
2026,14,,2026-03-30,2026-04-05,Standard,Males castres,P,3,EUR/kg carcasse,6.54,,COT-VRO-GBEA_communautaire-A26-S14.csv
2026,14,,2026-03-30,2026-04-05,Standard,Femelles ayant deja vele,U,3,EUR/kg carcasse,8.08,,COT-VRO-GBEA_communautaire-A26-S14.csv
2026,14,,2026-03-30,2026-04-05,Standard,Femelles ayant deja vele,R,2,EUR/kg carcasse,7.59,,COT-VRO-GBEA_communautaire-A26-S14.csv
2026,14,,2026-03-30,2026-04-05,Standard,Femelles ayant deja vele,R,3,EUR/kg carcasse,7.64,,COT-VRO-GBEA_communautaire-A26-S14.csv
2026,14,,2026-03-30,2026-04-05,Standard,Femelles ayant deja vele,R,4,EUR/kg carcasse,7.55,,COT-VRO-GBEA_communautaire-A26-S14.csv
2026,14,,2026-03-30,2026-04-05,Standard,Femelles ayant deja vele,O,2,EUR/kg carcasse,7.12,,COT-VRO-GBEA_communautaire-A26-S14.csv
2026,14,,2026-03-30,2026-04-05,Standard,Femelles ayant deja vele,O,3,EUR/kg carcasse,6.74,,COT-VRO-GBEA_communautaire-A26-S14.csv
2026,14,,2026-03-30,2026-04-05,Standard,Femelles ayant deja vele,O,4,EUR/kg carcasse,6.53,,COT-VRO-GBEA_communautaire-A26-S14.csv
2026,14,,2026-03-30,2026-04-05,Standard,Femelles ayant deja vele,P,2,EUR/kg carcasse,6.29,,COT-VRO-GBEA_communautaire-A26-S14.csv
2026,14,,2026-03-30,2026-04-05,Standard,Femelles ayant deja vele,P,3,EUR/kg carcasse,6.47,,COT-VRO-GBEA_communautaire-A26-S14.csv
2026,14,,2026-03-30,2026-04-05,Standard,Autres femelles,U,3,EUR/kg carcasse,8.13,,COT-VRO-GBEA_communautaire-A26-S14.csv
2026,14,,2026-03-30,2026-04-05,Standard,Autres femelles,R,2,EUR/kg carcasse,7.57,,COT-VRO-GBEA_communautaire-A26-S14.csv
2026,14,,2026-03-30,2026-04-05,Standard,Autres femelles,R,3,EUR/kg carcasse,7.66,,COT-VRO-GBEA_communautaire-A26-S14.csv
2026,14,,2026-03-30,2026-04-05,Standard,Autres femelles,R,4,EUR/kg carcasse,7.47,,COT-VRO-GBEA_communautaire-A26-S14.csv
2026,14,,2026-03-30,2026-04-05,Standard,Autres femelles,O,3,EUR/kg carcasse,7.06,,COT-VRO-GBEA_communautaire-A26-S14.csv
2026,,4,2026-04-01,2026-04-30,Bio,Males castres,U,3,EUR/kg carcasse,8.26,,COT-VRO-GBBI_prix_UE-A26-M04.csv
2026,,4,2026-04-01,2026-04-30,Bio,Males castres,R,3,EUR/kg carcasse,7.95,,COT-VRO-GBBI_prix_UE-A26-M04.csv
2026,,4,2026-04-01,2026-04-30,Bio,Males castres,O,3,EUR/kg carcasse,7.2,,COT-VRO-GBBI_prix_UE-A26-M04.csv
2026,,4,2026-04-01,2026-04-30,Bio,Femelles ayant deja vele,U,3,EUR/kg carcasse,8.16,,COT-VRO-GBBI_prix_UE-A26-M04.csv
2026,,4,2026-04-01,2026-04-30,Bio,Femelles ayant deja vele,R,3,EUR/kg carcasse,7.85,,COT-VRO-GBBI_prix_UE-A26-M04.csv
2026,,4,2026-04-01,2026-04-30,Bio,Femelles ayant deja vele,O,3,EUR/kg carcasse,7.08,,COT-VRO-GBBI_prix_UE-A26-M04.csv
2026,,4,2026-04-01,2026-04-30,Bio,Femelles ayant deja vele,P,3,EUR/kg carcasse,6.72,,COT-VRO-GBBI_prix_UE-A26-M04.csv
2026,,4,2026-04-01,2026-04-30,Bio,Autres femelles,R,3,EUR/kg carcasse,7.85,,COT-VRO-GBBI_prix_UE-A26-M04.csv
2026,15,,2026-04-06,2026-04-12,Standard,Males non castres de moins de 2 ans,E,2,EUR/kg carcasse,8.18,,COT-VRO-GBEA_communautaire-A26-S15.csv
2026,15,,2026-04-06,2026-04-12,Standard,Males non castres de moins de 2 ans,U,2,EUR/kg carcasse,7.84,,COT-VRO-GBEA_communautaire-A26-S15.csv
2026,15,,2026-04-06,2026-04-12,Standard,Males non castres de moins de 2 ans,U,3,EUR/kg carcasse,7.58,,COT-VRO-GBEA_communautaire-A26-S15.csv
2026,15,,2026-04-06,2026-04-12,Standard,Males non castres de moins de 2 ans,R,2,EUR/kg carcasse,7.54,,COT-VRO-GBEA_communautaire-A26-S15.csv
2026,15,,2026-04-06,2026-04-12,Standard,Males non castres de moins de 2 ans,R,3,EUR/kg carcasse,7.4,,COT-VRO-GBEA_communautaire-A26-S15.csv
2026,15,,2026-04-06,2026-04-12,Standard,Males non castres de moins de 2 ans,O,2,EUR/kg carcasse,7,,COT-VRO-GBEA_communautaire-A26-S15.csv
2026,15,,2026-04-06,2026-04-12,Standard,Males non castres de moins de 2 ans,O,3,EUR/kg carcasse,6.94,,COT-VRO-GBEA_communautaire-A26-S15.csv
2026,15,,2026-04-06,2026-04-12,Standard,Males non castres de moins de 2 ans,P,3,EUR/kg carcasse,6.86,,COT-VRO-GBEA_communautaire-A26-S15.csv
2026,15,,2026-04-06,2026-04-12,Standard,Autres males non castres,U,2,EUR/kg carcasse,7.16,,COT-VRO-GBEA_communautaire-A26-S15.csv
2026,15,,2026-04-06,2026-04-12,Standard,Autres males non castres,R,2,EUR/kg carcasse,7.06,,COT-VRO-GBEA_communautaire-A26-S15.csv
2026,15,,2026-04-06,2026-04-12,Standard,Males castres,R,3,EUR/kg carcasse,7.41,,COT-VRO-GBEA_communautaire-A26-S15.csv
2026,15,,2026-04-06,2026-04-12,Standard,Males castres,O,3,EUR/kg carcasse,6.84,,COT-VRO-GBEA_communautaire-A26-S15.csv
2026,15,,2026-04-06,2026-04-12,Standard,Males castres,P,3,EUR/kg carcasse,6.5,,COT-VRO-GBEA_communautaire-A26-S15.csv
2026,15,,2026-04-06,2026-04-12,Standard,Femelles ayant deja vele,U,3,EUR/kg carcasse,8.08,,COT-VRO-GBEA_communautaire-A26-S15.csv
2026,15,,2026-04-06,2026-04-12,Standard,Femelles ayant deja vele,R,2,EUR/kg carcasse,7.59,,COT-VRO-GBEA_communautaire-A26-S15.csv
2026,15,,2026-04-06,2026-04-12,Standard,Femelles ayant deja vele,R,3,EUR/kg carcasse,7.62,,COT-VRO-GBEA_communautaire-A26-S15.csv
2026,15,,2026-04-06,2026-04-12,Standard,Femelles ayant deja vele,R,4,EUR/kg carcasse,7.56,,COT-VRO-GBEA_communautaire-A26-S15.csv
2026,15,,2026-04-06,2026-04-12,Standard,Femelles ayant deja vele,O,2,EUR/kg carcasse,6.93,,COT-VRO-GBEA_communautaire-A26-S15.csv
2026,15,,2026-04-06,2026-04-12,Standard,Femelles ayant deja vele,O,3,EUR/kg carcasse,6.7,,COT-VRO-GBEA_communautaire-A26-S15.csv
2026,15,,2026-04-06,2026-04-12,Standard,Femelles ayant deja vele,O,4,EUR/kg carcasse,6.5,,COT-VRO-GBEA_communautaire-A26-S15.csv
2026,15,,2026-04-06,2026-04-12,Standard,Femelles ayant deja vele,P,2,EUR/kg carcasse,6.26,,COT-VRO-GBEA_communautaire-A26-S15.csv
2026,15,,2026-04-06,2026-04-12,Standard,Femelles ayant deja vele,P,3,EUR/kg carcasse,6.44,,COT-VRO-GBEA_communautaire-A26-S15.csv
2026,15,,2026-04-06,2026-04-12,Standard,Autres femelles,U,3,EUR/kg carcasse,8.09,,COT-VRO-GBEA_communautaire-A26-S15.csv
2026,15,,2026-04-06,2026-04-12,Standard,Autres femelles,R,2,EUR/kg carcasse,7.57,,COT-VRO-GBEA_communautaire-A26-S15.csv
2026,15,,2026-04-06,2026-04-12,Standard,Autres femelles,R,3,EUR/kg carcasse,7.63,,COT-VRO-GBEA_communautaire-A26-S15.csv
2026,15,,2026-04-06,2026-04-12,Standard,Autres femelles,R,4,EUR/kg carcasse,7.44,,COT-VRO-GBEA_communautaire-A26-S15.csv
2026,15,,2026-04-06,2026-04-12,Standard,Autres femelles,O,3,EUR/kg carcasse,6.98,,COT-VRO-GBEA_communautaire-A26-S15.csv
2026,15,,2026-04-06,2026-04-12,Standard,Autres femelles,O,4,EUR/kg carcasse,6.83,,COT-VRO-GBEA_communautaire-A26-S15.csv
2026,16,,2026-04-13,2026-04-19,Standard,Males non castres de moins de 2 ans,E,2,EUR/kg carcasse,8.05,,COT-VRO-GBEA_communautaire-A26-S16.csv
2026,16,,2026-04-13,2026-04-19,Standard,Males non castres de moins de 2 ans,U,2,EUR/kg carcasse,7.75,,COT-VRO-GBEA_communautaire-A26-S16.csv
2026,16,,2026-04-13,2026-04-19,Standard,Males non castres de moins de 2 ans,U,3,EUR/kg carcasse,7.51,,COT-VRO-GBEA_communautaire-A26-S16.csv
2026,16,,2026-04-13,2026-04-19,Standard,Males non castres de moins de 2 ans,R,2,EUR/kg carcasse,7.46,,COT-VRO-GBEA_communautaire-A26-S16.csv
2026,16,,2026-04-13,2026-04-19,Standard,Males non castres de moins de 2 ans,R,3,EUR/kg carcasse,7.32,,COT-VRO-GBEA_communautaire-A26-S16.csv
2026,16,,2026-04-13,2026-04-19,Standard,Males non castres de moins de 2 ans,O,2,EUR/kg carcasse,6.96,,COT-VRO-GBEA_communautaire-A26-S16.csv
2026,16,,2026-04-13,2026-04-19,Standard,Males non castres de moins de 2 ans,O,3,EUR/kg carcasse,6.87,,COT-VRO-GBEA_communautaire-A26-S16.csv
2026,16,,2026-04-13,2026-04-19,Standard,Males non castres de moins de 2 ans,P,3,EUR/kg carcasse,6.8,,COT-VRO-GBEA_communautaire-A26-S16.csv
2026,16,,2026-04-13,2026-04-19,Standard,Autres males non castres,U,2,EUR/kg carcasse,7.09,,COT-VRO-GBEA_communautaire-A26-S16.csv
2026,16,,2026-04-13,2026-04-19,Standard,Autres males non castres,U,3,EUR/kg carcasse,6.95,,COT-VRO-GBEA_communautaire-A26-S16.csv
2026,16,,2026-04-13,2026-04-19,Standard,Autres males non castres,R,2,EUR/kg carcasse,6.91,,COT-VRO-GBEA_communautaire-A26-S16.csv
2026,16,,2026-04-13,2026-04-19,Standard,Autres males non castres,O,3,EUR/kg carcasse,6.21,,COT-VRO-GBEA_communautaire-A26-S16.csv
2026,16,,2026-04-13,2026-04-19,Standard,Males castres,R,3,EUR/kg carcasse,7.41,,COT-VRO-GBEA_communautaire-A26-S16.csv
2026,16,,2026-04-13,2026-04-19,Standard,Males castres,O,3,EUR/kg carcasse,6.73,,COT-VRO-GBEA_communautaire-A26-S16.csv
2026,16,,2026-04-13,2026-04-19,Standard,Males castres,P,3,EUR/kg carcasse,6.45,,COT-VRO-GBEA_communautaire-A26-S16.csv
2026,16,,2026-04-13,2026-04-19,Standard,Femelles ayant deja vele,U,3,EUR/kg carcasse,8.03,,COT-VRO-GBEA_communautaire-A26-S16.csv
2026,16,,2026-04-13,2026-04-19,Standard,Femelles ayant deja vele,R,2,EUR/kg carcasse,7.57,,COT-VRO-GBEA_communautaire-A26-S16.csv
2026,16,,2026-04-13,2026-04-19,Standard,Femelles ayant deja vele,R,3,EUR/kg carcasse,7.56,,COT-VRO-GBEA_communautaire-A26-S16.csv
2026,16,,2026-04-13,2026-04-19,Standard,Femelles ayant deja vele,R,4,EUR/kg carcasse,7.47,,COT-VRO-GBEA_communautaire-A26-S16.csv
2026,16,,2026-04-13,2026-04-19,Standard,Femelles ayant deja vele,O,2,EUR/kg carcasse,7.01,,COT-VRO-GBEA_communautaire-A26-S16.csv
2026,16,,2026-04-13,2026-04-19,Standard,Femelles ayant deja vele,O,3,EUR/kg carcasse,6.64,,COT-VRO-GBEA_communautaire-A26-S16.csv
2026,16,,2026-04-13,2026-04-19,Standard,Femelles ayant deja vele,O,4,EUR/kg carcasse,6.45,,COT-VRO-GBEA_communautaire-A26-S16.csv
2026,16,,2026-04-13,2026-04-19,Standard,Femelles ayant deja vele,P,2,EUR/kg carcasse,6.2,,COT-VRO-GBEA_communautaire-A26-S16.csv
2026,16,,2026-04-13,2026-04-19,Standard,Femelles ayant deja vele,P,3,EUR/kg carcasse,6.38,,COT-VRO-GBEA_communautaire-A26-S16.csv
2026,16,,2026-04-13,2026-04-19,Standard,Autres femelles,U,3,EUR/kg carcasse,8.05,,COT-VRO-GBEA_communautaire-A26-S16.csv
2026,16,,2026-04-13,2026-04-19,Standard,Autres femelles,R,2,EUR/kg carcasse,7.5,,COT-VRO-GBEA_communautaire-A26-S16.csv
2026,16,,2026-04-13,2026-04-19,Standard,Autres femelles,R,3,EUR/kg carcasse,7.58,,COT-VRO-GBEA_communautaire-A26-S16.csv
2026,16,,2026-04-13,2026-04-19,Standard,Autres femelles,R,4,EUR/kg carcasse,7.39,,COT-VRO-GBEA_communautaire-A26-S16.csv
2026,16,,2026-04-13,2026-04-19,Standard,Autres femelles,O,3,EUR/kg carcasse,6.96,,COT-VRO-GBEA_communautaire-A26-S16.csv
2026,17,,2026-04-20,2026-04-26,Standard,Males non castres de moins de 2 ans,E,2,EUR/kg carcasse,7.95,,COT-VRO-GBEA_communautaire-A26-S17.csv
2026,17,,2026-04-20,2026-04-26,Standard,Males non castres de moins de 2 ans,U,2,EUR/kg carcasse,7.63,,COT-VRO-GBEA_communautaire-A26-S17.csv
2026,17,,2026-04-20,2026-04-26,Standard,Males non castres de moins de 2 ans,U,3,EUR/kg carcasse,7.39,,COT-VRO-GBEA_communautaire-A26-S17.csv
2026,17,,2026-04-20,2026-04-26,Standard,Males non castres de moins de 2 ans,R,2,EUR/kg carcasse,7.35,,COT-VRO-GBEA_communautaire-A26-S17.csv
2026,17,,2026-04-20,2026-04-26,Standard,Males non castres de moins de 2 ans,R,3,EUR/kg carcasse,7.22,,COT-VRO-GBEA_communautaire-A26-S17.csv
2026,17,,2026-04-20,2026-04-26,Standard,Males non castres de moins de 2 ans,O,2,EUR/kg carcasse,6.83,,COT-VRO-GBEA_communautaire-A26-S17.csv
2026,17,,2026-04-20,2026-04-26,Standard,Males non castres de moins de 2 ans,O,3,EUR/kg carcasse,6.76,,COT-VRO-GBEA_communautaire-A26-S17.csv
2026,17,,2026-04-20,2026-04-26,Standard,Males non castres de moins de 2 ans,P,3,EUR/kg carcasse,6.7,,COT-VRO-GBEA_communautaire-A26-S17.csv
2026,17,,2026-04-20,2026-04-26,Standard,Autres males non castres,U,2,EUR/kg carcasse,6.98,,COT-VRO-GBEA_communautaire-A26-S17.csv
2026,17,,2026-04-20,2026-04-26,Standard,Autres males non castres,U,3,EUR/kg carcasse,6.87,,COT-VRO-GBEA_communautaire-A26-S17.csv
2026,17,,2026-04-20,2026-04-26,Standard,Autres males non castres,R,2,EUR/kg carcasse,6.89,,COT-VRO-GBEA_communautaire-A26-S17.csv
2026,17,,2026-04-20,2026-04-26,Standard,Autres males non castres,R,3,EUR/kg carcasse,6.7,,COT-VRO-GBEA_communautaire-A26-S17.csv
2026,17,,2026-04-20,2026-04-26,Standard,Autres males non castres,O,3,EUR/kg carcasse,6.15,,COT-VRO-GBEA_communautaire-A26-S17.csv
2026,17,,2026-04-20,2026-04-26,Standard,Males castres,R,3,EUR/kg carcasse,7.32,,COT-VRO-GBEA_communautaire-A26-S17.csv
2026,17,,2026-04-20,2026-04-26,Standard,Males castres,O,3,EUR/kg carcasse,6.65,,COT-VRO-GBEA_communautaire-A26-S17.csv
2026,17,,2026-04-20,2026-04-26,Standard,Males castres,P,3,EUR/kg carcasse,6.35,,COT-VRO-GBEA_communautaire-A26-S17.csv
2026,17,,2026-04-20,2026-04-26,Standard,Femelles ayant deja vele,U,3,EUR/kg carcasse,7.99,,COT-VRO-GBEA_communautaire-A26-S17.csv
2026,17,,2026-04-20,2026-04-26,Standard,Femelles ayant deja vele,R,2,EUR/kg carcasse,7.4,,COT-VRO-GBEA_communautaire-A26-S17.csv
2026,17,,2026-04-20,2026-04-26,Standard,Femelles ayant deja vele,R,3,EUR/kg carcasse,7.47,,COT-VRO-GBEA_communautaire-A26-S17.csv
2026,17,,2026-04-20,2026-04-26,Standard,Femelles ayant deja vele,R,4,EUR/kg carcasse,7.34,,COT-VRO-GBEA_communautaire-A26-S17.csv
2026,17,,2026-04-20,2026-04-26,Standard,Femelles ayant deja vele,O,2,EUR/kg carcasse,6.79,,COT-VRO-GBEA_communautaire-A26-S17.csv
2026,17,,2026-04-20,2026-04-26,Standard,Femelles ayant deja vele,O,3,EUR/kg carcasse,6.56,,COT-VRO-GBEA_communautaire-A26-S17.csv
2026,17,,2026-04-20,2026-04-26,Standard,Femelles ayant deja vele,O,4,EUR/kg carcasse,6.37,,COT-VRO-GBEA_communautaire-A26-S17.csv
2026,17,,2026-04-20,2026-04-26,Standard,Femelles ayant deja vele,P,2,EUR/kg carcasse,6.09,,COT-VRO-GBEA_communautaire-A26-S17.csv
2026,17,,2026-04-20,2026-04-26,Standard,Femelles ayant deja vele,P,3,EUR/kg carcasse,6.27,,COT-VRO-GBEA_communautaire-A26-S17.csv
2026,17,,2026-04-20,2026-04-26,Standard,Autres femelles,U,3,EUR/kg carcasse,8.04,,COT-VRO-GBEA_communautaire-A26-S17.csv
2026,17,,2026-04-20,2026-04-26,Standard,Autres femelles,R,2,EUR/kg carcasse,7.5,,COT-VRO-GBEA_communautaire-A26-S17.csv
2026,17,,2026-04-20,2026-04-26,Standard,Autres femelles,R,3,EUR/kg carcasse,7.5,,COT-VRO-GBEA_communautaire-A26-S17.csv
2026,17,,2026-04-20,2026-04-26,Standard,Autres femelles,R,4,EUR/kg carcasse,7.33,,COT-VRO-GBEA_communautaire-A26-S17.csv
2026,17,,2026-04-20,2026-04-26,Standard,Autres femelles,O,3,EUR/kg carcasse,6.81,,COT-VRO-GBEA_communautaire-A26-S17.csv
2026,18,,2026-04-27,2026-05-03,Standard,Males non castres de moins de 2 ans,E,2,EUR/kg carcasse,7.81,,COT-VRO-GBEA_communautaire-A26-S18.csv
2026,18,,2026-04-27,2026-05-03,Standard,Males non castres de moins de 2 ans,U,2,EUR/kg carcasse,7.5,,COT-VRO-GBEA_communautaire-A26-S18.csv
2026,18,,2026-04-27,2026-05-03,Standard,Males non castres de moins de 2 ans,U,3,EUR/kg carcasse,7.25,,COT-VRO-GBEA_communautaire-A26-S18.csv
2026,18,,2026-04-27,2026-05-03,Standard,Males non castres de moins de 2 ans,R,2,EUR/kg carcasse,7.19,,COT-VRO-GBEA_communautaire-A26-S18.csv
2026,18,,2026-04-27,2026-05-03,Standard,Males non castres de moins de 2 ans,R,3,EUR/kg carcasse,7.07,,COT-VRO-GBEA_communautaire-A26-S18.csv
2026,18,,2026-04-27,2026-05-03,Standard,Males non castres de moins de 2 ans,O,2,EUR/kg carcasse,6.72,,COT-VRO-GBEA_communautaire-A26-S18.csv
2026,18,,2026-04-27,2026-05-03,Standard,Males non castres de moins de 2 ans,O,3,EUR/kg carcasse,6.67,,COT-VRO-GBEA_communautaire-A26-S18.csv
2026,18,,2026-04-27,2026-05-03,Standard,Males non castres de moins de 2 ans,P,3,EUR/kg carcasse,6.6,,COT-VRO-GBEA_communautaire-A26-S18.csv
2026,18,,2026-04-27,2026-05-03,Standard,Autres males non castres,U,2,EUR/kg carcasse,6.88,,COT-VRO-GBEA_communautaire-A26-S18.csv
2026,18,,2026-04-27,2026-05-03,Standard,Autres males non castres,U,3,EUR/kg carcasse,6.82,,COT-VRO-GBEA_communautaire-A26-S18.csv
2026,18,,2026-04-27,2026-05-03,Standard,Autres males non castres,R,2,EUR/kg carcasse,6.8,,COT-VRO-GBEA_communautaire-A26-S18.csv
2026,18,,2026-04-27,2026-05-03,Standard,Males castres,R,3,EUR/kg carcasse,7.2,,COT-VRO-GBEA_communautaire-A26-S18.csv
2026,18,,2026-04-27,2026-05-03,Standard,Males castres,O,3,EUR/kg carcasse,6.58,,COT-VRO-GBEA_communautaire-A26-S18.csv
2026,18,,2026-04-27,2026-05-03,Standard,Males castres,P,3,EUR/kg carcasse,6.25,,COT-VRO-GBEA_communautaire-A26-S18.csv
2026,18,,2026-04-27,2026-05-03,Standard,Femelles ayant deja vele,U,3,EUR/kg carcasse,7.97,,COT-VRO-GBEA_communautaire-A26-S18.csv
2026,18,,2026-04-27,2026-05-03,Standard,Femelles ayant deja vele,R,2,EUR/kg carcasse,7.35,,COT-VRO-GBEA_communautaire-A26-S18.csv
2026,18,,2026-04-27,2026-05-03,Standard,Femelles ayant deja vele,R,3,EUR/kg carcasse,7.38,,COT-VRO-GBEA_communautaire-A26-S18.csv
2026,18,,2026-04-27,2026-05-03,Standard,Femelles ayant deja vele,R,4,EUR/kg carcasse,7.27,,COT-VRO-GBEA_communautaire-A26-S18.csv
2026,18,,2026-04-27,2026-05-03,Standard,Femelles ayant deja vele,O,2,EUR/kg carcasse,6.81,,COT-VRO-GBEA_communautaire-A26-S18.csv
2026,18,,2026-04-27,2026-05-03,Standard,Femelles ayant deja vele,O,3,EUR/kg carcasse,6.47,,COT-VRO-GBEA_communautaire-A26-S18.csv
2026,18,,2026-04-27,2026-05-03,Standard,Femelles ayant deja vele,O,4,EUR/kg carcasse,6.3,,COT-VRO-GBEA_communautaire-A26-S18.csv
2026,18,,2026-04-27,2026-05-03,Standard,Femelles ayant deja vele,P,2,EUR/kg carcasse,5.98,,COT-VRO-GBEA_communautaire-A26-S18.csv
2026,18,,2026-04-27,2026-05-03,Standard,Femelles ayant deja vele,P,3,EUR/kg carcasse,6.16,,COT-VRO-GBEA_communautaire-A26-S18.csv
2026,18,,2026-04-27,2026-05-03,Standard,Autres femelles,U,3,EUR/kg carcasse,8,,COT-VRO-GBEA_communautaire-A26-S18.csv
2026,18,,2026-04-27,2026-05-03,Standard,Autres femelles,R,2,EUR/kg carcasse,7.22,,COT-VRO-GBEA_communautaire-A26-S18.csv
2026,18,,2026-04-27,2026-05-03,Standard,Autres femelles,R,3,EUR/kg carcasse,7.45,,COT-VRO-GBEA_communautaire-A26-S18.csv
2026,18,,2026-04-27,2026-05-03,Standard,Autres femelles,R,4,EUR/kg carcasse,7.29,,COT-VRO-GBEA_communautaire-A26-S18.csv
2026,18,,2026-04-27,2026-05-03,Standard,Autres femelles,O,3,EUR/kg carcasse,6.79,,COT-VRO-GBEA_communautaire-A26-S18.csv
2026,,5,2026-05-01,2026-05-31,Bio,Males castres,U,3,EUR/kg carcasse,7.96,,COT-VRO-GBBI_prix_UE-A26-M05.csv
2026,,5,2026-05-01,2026-05-31,Bio,Males castres,R,3,EUR/kg carcasse,7.61,,COT-VRO-GBBI_prix_UE-A26-M05.csv
2026,,5,2026-05-01,2026-05-31,Bio,Males castres,O,3,EUR/kg carcasse,7.09,,COT-VRO-GBBI_prix_UE-A26-M05.csv
2026,,5,2026-05-01,2026-05-31,Bio,Femelles ayant deja vele,U,3,EUR/kg carcasse,7.95,,COT-VRO-GBBI_prix_UE-A26-M05.csv
2026,,5,2026-05-01,2026-05-31,Bio,Femelles ayant deja vele,R,3,EUR/kg carcasse,7.61,,COT-VRO-GBBI_prix_UE-A26-M05.csv
2026,,5,2026-05-01,2026-05-31,Bio,Femelles ayant deja vele,O,3,EUR/kg carcasse,6.89,,COT-VRO-GBBI_prix_UE-A26-M05.csv
2026,,5,2026-05-01,2026-05-31,Bio,Femelles ayant deja vele,P,3,EUR/kg carcasse,6.52,,COT-VRO-GBBI_prix_UE-A26-M05.csv
2026,,5,2026-05-01,2026-05-31,Bio,Autres femelles,R,3,EUR/kg carcasse,7.62,,COT-VRO-GBBI_prix_UE-A26-M05.csv
2026,19,,2026-05-04,2026-05-10,Standard,Males non castres de moins de 2 ans,E,2,EUR/kg carcasse,7.64,,COT-VRO-GBEA_communautaire-A26-S19.csv
2026,19,,2026-05-04,2026-05-10,Standard,Males non castres de moins de 2 ans,U,2,EUR/kg carcasse,7.38,,COT-VRO-GBEA_communautaire-A26-S19.csv
2026,19,,2026-05-04,2026-05-10,Standard,Males non castres de moins de 2 ans,U,3,EUR/kg carcasse,7.12,,COT-VRO-GBEA_communautaire-A26-S19.csv
2026,19,,2026-05-04,2026-05-10,Standard,Males non castres de moins de 2 ans,R,2,EUR/kg carcasse,7.07,,COT-VRO-GBEA_communautaire-A26-S19.csv
2026,19,,2026-05-04,2026-05-10,Standard,Males non castres de moins de 2 ans,R,3,EUR/kg carcasse,6.95,,COT-VRO-GBEA_communautaire-A26-S19.csv
2026,19,,2026-05-04,2026-05-10,Standard,Males non castres de moins de 2 ans,O,2,EUR/kg carcasse,6.58,,COT-VRO-GBEA_communautaire-A26-S19.csv
2026,19,,2026-05-04,2026-05-10,Standard,Males non castres de moins de 2 ans,O,3,EUR/kg carcasse,6.55,,COT-VRO-GBEA_communautaire-A26-S19.csv
2026,19,,2026-05-04,2026-05-10,Standard,Males non castres de moins de 2 ans,P,3,EUR/kg carcasse,6.48,,COT-VRO-GBEA_communautaire-A26-S19.csv
2026,19,,2026-05-04,2026-05-10,Standard,Autres males non castres,U,2,EUR/kg carcasse,6.78,,COT-VRO-GBEA_communautaire-A26-S19.csv
2026,19,,2026-05-04,2026-05-10,Standard,Autres males non castres,U,3,EUR/kg carcasse,6.63,,COT-VRO-GBEA_communautaire-A26-S19.csv
2026,19,,2026-05-04,2026-05-10,Standard,Autres males non castres,R,2,EUR/kg carcasse,6.66,,COT-VRO-GBEA_communautaire-A26-S19.csv
2026,19,,2026-05-04,2026-05-10,Standard,Males castres,R,3,EUR/kg carcasse,7.19,,COT-VRO-GBEA_communautaire-A26-S19.csv
2026,19,,2026-05-04,2026-05-10,Standard,Males castres,O,3,EUR/kg carcasse,6.43,,COT-VRO-GBEA_communautaire-A26-S19.csv
2026,19,,2026-05-04,2026-05-10,Standard,Males castres,P,3,EUR/kg carcasse,6.13,,COT-VRO-GBEA_communautaire-A26-S19.csv
2026,19,,2026-05-04,2026-05-10,Standard,Femelles ayant deja vele,U,3,EUR/kg carcasse,7.87,,COT-VRO-GBEA_communautaire-A26-S19.csv
2026,19,,2026-05-04,2026-05-10,Standard,Femelles ayant deja vele,R,2,EUR/kg carcasse,7.24,,COT-VRO-GBEA_communautaire-A26-S19.csv
2026,19,,2026-05-04,2026-05-10,Standard,Femelles ayant deja vele,R,3,EUR/kg carcasse,7.3,,COT-VRO-GBEA_communautaire-A26-S19.csv
2026,19,,2026-05-04,2026-05-10,Standard,Femelles ayant deja vele,R,4,EUR/kg carcasse,7.16,,COT-VRO-GBEA_communautaire-A26-S19.csv
2026,19,,2026-05-04,2026-05-10,Standard,Femelles ayant deja vele,O,2,EUR/kg carcasse,6.73,,COT-VRO-GBEA_communautaire-A26-S19.csv
2026,19,,2026-05-04,2026-05-10,Standard,Femelles ayant deja vele,O,3,EUR/kg carcasse,6.35,,COT-VRO-GBEA_communautaire-A26-S19.csv
2026,19,,2026-05-04,2026-05-10,Standard,Femelles ayant deja vele,O,4,EUR/kg carcasse,6.02,,COT-VRO-GBEA_communautaire-A26-S19.csv
2026,19,,2026-05-04,2026-05-10,Standard,Femelles ayant deja vele,P,2,EUR/kg carcasse,5.89,,COT-VRO-GBEA_communautaire-A26-S19.csv
2026,19,,2026-05-04,2026-05-10,Standard,Femelles ayant deja vele,P,3,EUR/kg carcasse,6.07,,COT-VRO-GBEA_communautaire-A26-S19.csv
2026,19,,2026-05-04,2026-05-10,Standard,Autres femelles,U,3,EUR/kg carcasse,7.94,,COT-VRO-GBEA_communautaire-A26-S19.csv
2026,19,,2026-05-04,2026-05-10,Standard,Autres femelles,R,2,EUR/kg carcasse,7.39,,COT-VRO-GBEA_communautaire-A26-S19.csv
2026,19,,2026-05-04,2026-05-10,Standard,Autres femelles,R,3,EUR/kg carcasse,7.35,,COT-VRO-GBEA_communautaire-A26-S19.csv
2026,19,,2026-05-04,2026-05-10,Standard,Autres femelles,R,4,EUR/kg carcasse,7.14,,COT-VRO-GBEA_communautaire-A26-S19.csv
2026,19,,2026-05-04,2026-05-10,Standard,Autres femelles,O,3,EUR/kg carcasse,6.72,,COT-VRO-GBEA_communautaire-A26-S19.csv
2026,20,,2026-05-11,2026-05-17,Standard,Males non castres de moins de 2 ans,E,2,EUR/kg carcasse,7.63,,COT-VRO-GBEA_communautaire-A26-S20.csv
2026,20,,2026-05-11,2026-05-17,Standard,Males non castres de moins de 2 ans,U,2,EUR/kg carcasse,7.29,,COT-VRO-GBEA_communautaire-A26-S20.csv
2026,20,,2026-05-11,2026-05-17,Standard,Males non castres de moins de 2 ans,U,3,EUR/kg carcasse,7.01,,COT-VRO-GBEA_communautaire-A26-S20.csv
2026,20,,2026-05-11,2026-05-17,Standard,Males non castres de moins de 2 ans,R,2,EUR/kg carcasse,7.02,,COT-VRO-GBEA_communautaire-A26-S20.csv
2026,20,,2026-05-11,2026-05-17,Standard,Males non castres de moins de 2 ans,R,3,EUR/kg carcasse,6.86,,COT-VRO-GBEA_communautaire-A26-S20.csv
2026,20,,2026-05-11,2026-05-17,Standard,Males non castres de moins de 2 ans,O,2,EUR/kg carcasse,6.5,,COT-VRO-GBEA_communautaire-A26-S20.csv
2026,20,,2026-05-11,2026-05-17,Standard,Males non castres de moins de 2 ans,O,3,EUR/kg carcasse,6.45,,COT-VRO-GBEA_communautaire-A26-S20.csv
2026,20,,2026-05-11,2026-05-17,Standard,Males non castres de moins de 2 ans,P,3,EUR/kg carcasse,6.37,,COT-VRO-GBEA_communautaire-A26-S20.csv
2026,20,,2026-05-11,2026-05-17,Standard,Autres males non castres,U,2,EUR/kg carcasse,6.69,,COT-VRO-GBEA_communautaire-A26-S20.csv
2026,20,,2026-05-11,2026-05-17,Standard,Autres males non castres,U,3,EUR/kg carcasse,6.6,,COT-VRO-GBEA_communautaire-A26-S20.csv
2026,20,,2026-05-11,2026-05-17,Standard,Autres males non castres,R,2,EUR/kg carcasse,6.58,,COT-VRO-GBEA_communautaire-A26-S20.csv
2026,20,,2026-05-11,2026-05-17,Standard,Males castres,R,3,EUR/kg carcasse,7.1,,COT-VRO-GBEA_communautaire-A26-S20.csv
2026,20,,2026-05-11,2026-05-17,Standard,Males castres,O,3,EUR/kg carcasse,6.41,,COT-VRO-GBEA_communautaire-A26-S20.csv
2026,20,,2026-05-11,2026-05-17,Standard,Males castres,P,3,EUR/kg carcasse,6.06,,COT-VRO-GBEA_communautaire-A26-S20.csv
2026,20,,2026-05-11,2026-05-17,Standard,Femelles ayant deja vele,U,3,EUR/kg carcasse,7.88,,COT-VRO-GBEA_communautaire-A26-S20.csv
2026,20,,2026-05-11,2026-05-17,Standard,Femelles ayant deja vele,R,2,EUR/kg carcasse,7.18,,COT-VRO-GBEA_communautaire-A26-S20.csv
2026,20,,2026-05-11,2026-05-17,Standard,Femelles ayant deja vele,R,3,EUR/kg carcasse,7.27,,COT-VRO-GBEA_communautaire-A26-S20.csv
2026,20,,2026-05-11,2026-05-17,Standard,Femelles ayant deja vele,R,4,EUR/kg carcasse,7.12,,COT-VRO-GBEA_communautaire-A26-S20.csv
2026,20,,2026-05-11,2026-05-17,Standard,Femelles ayant deja vele,O,2,EUR/kg carcasse,6.61,,COT-VRO-GBEA_communautaire-A26-S20.csv
2026,20,,2026-05-11,2026-05-17,Standard,Femelles ayant deja vele,O,3,EUR/kg carcasse,6.3,,COT-VRO-GBEA_communautaire-A26-S20.csv
2026,20,,2026-05-11,2026-05-17,Standard,Femelles ayant deja vele,O,4,EUR/kg carcasse,5.95,,COT-VRO-GBEA_communautaire-A26-S20.csv
2026,20,,2026-05-11,2026-05-17,Standard,Femelles ayant deja vele,P,2,EUR/kg carcasse,5.81,,COT-VRO-GBEA_communautaire-A26-S20.csv
2026,20,,2026-05-11,2026-05-17,Standard,Femelles ayant deja vele,P,3,EUR/kg carcasse,5.99,,COT-VRO-GBEA_communautaire-A26-S20.csv
2026,20,,2026-05-11,2026-05-17,Standard,Autres femelles,U,3,EUR/kg carcasse,7.93,,COT-VRO-GBEA_communautaire-A26-S20.csv
2026,20,,2026-05-11,2026-05-17,Standard,Autres femelles,R,2,EUR/kg carcasse,7.35,,COT-VRO-GBEA_communautaire-A26-S20.csv
2026,20,,2026-05-11,2026-05-17,Standard,Autres femelles,R,3,EUR/kg carcasse,7.33,,COT-VRO-GBEA_communautaire-A26-S20.csv
2026,20,,2026-05-11,2026-05-17,Standard,Autres femelles,R,4,EUR/kg carcasse,7.15,,COT-VRO-GBEA_communautaire-A26-S20.csv
2026,20,,2026-05-11,2026-05-17,Standard,Autres femelles,O,3,EUR/kg carcasse,6.67,,COT-VRO-GBEA_communautaire-A26-S20.csv
2026,21,,2026-05-18,2026-05-24,Standard,Males non castres de moins de 2 ans,E,2,EUR/kg carcasse,7.59,,COT-VRO-GBEA_communautaire-A26-S21.csv
2026,21,,2026-05-18,2026-05-24,Standard,Males non castres de moins de 2 ans,U,2,EUR/kg carcasse,7.18,,COT-VRO-GBEA_communautaire-A26-S21.csv
2026,21,,2026-05-18,2026-05-24,Standard,Males non castres de moins de 2 ans,U,3,EUR/kg carcasse,6.94,,COT-VRO-GBEA_communautaire-A26-S21.csv
2026,21,,2026-05-18,2026-05-24,Standard,Males non castres de moins de 2 ans,R,2,EUR/kg carcasse,6.88,,COT-VRO-GBEA_communautaire-A26-S21.csv
2026,21,,2026-05-18,2026-05-24,Standard,Males non castres de moins de 2 ans,R,3,EUR/kg carcasse,6.76,,COT-VRO-GBEA_communautaire-A26-S21.csv
2026,21,,2026-05-18,2026-05-24,Standard,Males non castres de moins de 2 ans,O,2,EUR/kg carcasse,6.42,,COT-VRO-GBEA_communautaire-A26-S21.csv
2026,21,,2026-05-18,2026-05-24,Standard,Males non castres de moins de 2 ans,O,3,EUR/kg carcasse,6.34,,COT-VRO-GBEA_communautaire-A26-S21.csv
2026,21,,2026-05-18,2026-05-24,Standard,Males non castres de moins de 2 ans,P,3,EUR/kg carcasse,6.26,,COT-VRO-GBEA_communautaire-A26-S21.csv
2026,21,,2026-05-18,2026-05-24,Standard,Autres males non castres,U,2,EUR/kg carcasse,6.64,,COT-VRO-GBEA_communautaire-A26-S21.csv
2026,21,,2026-05-18,2026-05-24,Standard,Autres males non castres,U,3,EUR/kg carcasse,6.56,,COT-VRO-GBEA_communautaire-A26-S21.csv
2026,21,,2026-05-18,2026-05-24,Standard,Autres males non castres,R,2,EUR/kg carcasse,6.53,,COT-VRO-GBEA_communautaire-A26-S21.csv
2026,21,,2026-05-18,2026-05-24,Standard,Autres males non castres,O,2,EUR/kg carcasse,6.09,,COT-VRO-GBEA_communautaire-A26-S21.csv
2026,21,,2026-05-18,2026-05-24,Standard,Males castres,R,3,EUR/kg carcasse,7.06,,COT-VRO-GBEA_communautaire-A26-S21.csv
2026,21,,2026-05-18,2026-05-24,Standard,Males castres,O,3,EUR/kg carcasse,6.36,,COT-VRO-GBEA_communautaire-A26-S21.csv
2026,21,,2026-05-18,2026-05-24,Standard,Males castres,P,3,EUR/kg carcasse,5.99,,COT-VRO-GBEA_communautaire-A26-S21.csv
2026,21,,2026-05-18,2026-05-24,Standard,Femelles ayant deja vele,U,3,EUR/kg carcasse,7.83,,COT-VRO-GBEA_communautaire-A26-S21.csv
2026,21,,2026-05-18,2026-05-24,Standard,Femelles ayant deja vele,R,2,EUR/kg carcasse,7.2,,COT-VRO-GBEA_communautaire-A26-S21.csv
2026,21,,2026-05-18,2026-05-24,Standard,Femelles ayant deja vele,R,3,EUR/kg carcasse,7.24,,COT-VRO-GBEA_communautaire-A26-S21.csv
2026,21,,2026-05-18,2026-05-24,Standard,Femelles ayant deja vele,R,4,EUR/kg carcasse,7.1,,COT-VRO-GBEA_communautaire-A26-S21.csv
2026,21,,2026-05-18,2026-05-24,Standard,Femelles ayant deja vele,O,2,EUR/kg carcasse,6.63,,COT-VRO-GBEA_communautaire-A26-S21.csv
2026,21,,2026-05-18,2026-05-24,Standard,Femelles ayant deja vele,O,3,EUR/kg carcasse,6.26,,COT-VRO-GBEA_communautaire-A26-S21.csv
2026,21,,2026-05-18,2026-05-24,Standard,Femelles ayant deja vele,O,4,EUR/kg carcasse,6.05,,COT-VRO-GBEA_communautaire-A26-S21.csv
2026,21,,2026-05-18,2026-05-24,Standard,Femelles ayant deja vele,P,2,EUR/kg carcasse,5.73,,COT-VRO-GBEA_communautaire-A26-S21.csv
2026,21,,2026-05-18,2026-05-24,Standard,Femelles ayant deja vele,P,3,EUR/kg carcasse,5.91,,COT-VRO-GBEA_communautaire-A26-S21.csv
2026,21,,2026-05-18,2026-05-24,Standard,Autres femelles,U,3,EUR/kg carcasse,7.91,,COT-VRO-GBEA_communautaire-A26-S21.csv
2026,21,,2026-05-18,2026-05-24,Standard,Autres femelles,R,2,EUR/kg carcasse,7.29,,COT-VRO-GBEA_communautaire-A26-S21.csv
2026,21,,2026-05-18,2026-05-24,Standard,Autres femelles,R,3,EUR/kg carcasse,7.33,,COT-VRO-GBEA_communautaire-A26-S21.csv
2026,21,,2026-05-18,2026-05-24,Standard,Autres femelles,R,4,EUR/kg carcasse,7.14,,COT-VRO-GBEA_communautaire-A26-S21.csv
2026,21,,2026-05-18,2026-05-24,Standard,Autres femelles,O,3,EUR/kg carcasse,6.52,,COT-VRO-GBEA_communautaire-A26-S21.csv
2026,22,,2026-05-25,2026-05-31,Standard,Males non castres de moins de 2 ans,E,2,EUR/kg carcasse,7.5,,COT-VRO-GBEA_communautaire-A26-S22.csv
2026,22,,2026-05-25,2026-05-31,Standard,Males non castres de moins de 2 ans,U,2,EUR/kg carcasse,7.14,,COT-VRO-GBEA_communautaire-A26-S22.csv
2026,22,,2026-05-25,2026-05-31,Standard,Males non castres de moins de 2 ans,U,3,EUR/kg carcasse,6.9,,COT-VRO-GBEA_communautaire-A26-S22.csv
2026,22,,2026-05-25,2026-05-31,Standard,Males non castres de moins de 2 ans,R,2,EUR/kg carcasse,6.88,,COT-VRO-GBEA_communautaire-A26-S22.csv
2026,22,,2026-05-25,2026-05-31,Standard,Males non castres de moins de 2 ans,R,3,EUR/kg carcasse,6.72,,COT-VRO-GBEA_communautaire-A26-S22.csv
2026,22,,2026-05-25,2026-05-31,Standard,Males non castres de moins de 2 ans,O,2,EUR/kg carcasse,6.38,,COT-VRO-GBEA_communautaire-A26-S22.csv
2026,22,,2026-05-25,2026-05-31,Standard,Males non castres de moins de 2 ans,O,3,EUR/kg carcasse,6.29,,COT-VRO-GBEA_communautaire-A26-S22.csv
2026,22,,2026-05-25,2026-05-31,Standard,Males non castres de moins de 2 ans,P,3,EUR/kg carcasse,6.21,,COT-VRO-GBEA_communautaire-A26-S22.csv
2026,22,,2026-05-25,2026-05-31,Standard,Autres males non castres,U,2,EUR/kg carcasse,6.65,,COT-VRO-GBEA_communautaire-A26-S22.csv
2026,22,,2026-05-25,2026-05-31,Standard,Autres males non castres,U,3,EUR/kg carcasse,6.54,,COT-VRO-GBEA_communautaire-A26-S22.csv
2026,22,,2026-05-25,2026-05-31,Standard,Autres males non castres,R,2,EUR/kg carcasse,6.58,,COT-VRO-GBEA_communautaire-A26-S22.csv
2026,22,,2026-05-25,2026-05-31,Standard,Autres males non castres,R,3,EUR/kg carcasse,6.44,,COT-VRO-GBEA_communautaire-A26-S22.csv
2026,22,,2026-05-25,2026-05-31,Standard,Autres males non castres,O,2,EUR/kg carcasse,6.23,,COT-VRO-GBEA_communautaire-A26-S22.csv
2026,22,,2026-05-25,2026-05-31,Standard,Autres males non castres,O,3,EUR/kg carcasse,5.97,,COT-VRO-GBEA_communautaire-A26-S22.csv
2026,22,,2026-05-25,2026-05-31,Standard,Males castres,R,3,EUR/kg carcasse,7.07,,COT-VRO-GBEA_communautaire-A26-S22.csv
2026,22,,2026-05-25,2026-05-31,Standard,Males castres,O,3,EUR/kg carcasse,6.42,,COT-VRO-GBEA_communautaire-A26-S22.csv
2026,22,,2026-05-25,2026-05-31,Standard,Males castres,P,3,EUR/kg carcasse,6.01,,COT-VRO-GBEA_communautaire-A26-S22.csv
2026,22,,2026-05-25,2026-05-31,Standard,Femelles ayant deja vele,U,3,EUR/kg carcasse,7.89,,COT-VRO-GBEA_communautaire-A26-S22.csv
2026,22,,2026-05-25,2026-05-31,Standard,Femelles ayant deja vele,R,2,EUR/kg carcasse,7.3,,COT-VRO-GBEA_communautaire-A26-S22.csv
2026,22,,2026-05-25,2026-05-31,Standard,Femelles ayant deja vele,R,3,EUR/kg carcasse,7.25,,COT-VRO-GBEA_communautaire-A26-S22.csv
2026,22,,2026-05-25,2026-05-31,Standard,Femelles ayant deja vele,R,4,EUR/kg carcasse,7.13,,COT-VRO-GBEA_communautaire-A26-S22.csv
2026,22,,2026-05-25,2026-05-31,Standard,Femelles ayant deja vele,O,2,EUR/kg carcasse,6.64,,COT-VRO-GBEA_communautaire-A26-S22.csv
2026,22,,2026-05-25,2026-05-31,Standard,Femelles ayant deja vele,O,3,EUR/kg carcasse,6.29,,COT-VRO-GBEA_communautaire-A26-S22.csv
2026,22,,2026-05-25,2026-05-31,Standard,Femelles ayant deja vele,O,4,EUR/kg carcasse,6.06,,COT-VRO-GBEA_communautaire-A26-S22.csv
2026,22,,2026-05-25,2026-05-31,Standard,Femelles ayant deja vele,P,2,EUR/kg carcasse,5.72,,COT-VRO-GBEA_communautaire-A26-S22.csv
2026,22,,2026-05-25,2026-05-31,Standard,Femelles ayant deja vele,P,3,EUR/kg carcasse,5.9,,COT-VRO-GBEA_communautaire-A26-S22.csv
2026,22,,2026-05-25,2026-05-31,Standard,Autres femelles,U,3,EUR/kg carcasse,7.9,,COT-VRO-GBEA_communautaire-A26-S22.csv
2026,22,,2026-05-25,2026-05-31,Standard,Autres femelles,R,2,EUR/kg carcasse,7.28,,COT-VRO-GBEA_communautaire-A26-S22.csv
2026,22,,2026-05-25,2026-05-31,Standard,Autres femelles,R,3,EUR/kg carcasse,7.31,,COT-VRO-GBEA_communautaire-A26-S22.csv
2026,22,,2026-05-25,2026-05-31,Standard,Autres femelles,R,4,EUR/kg carcasse,7.12,,COT-VRO-GBEA_communautaire-A26-S22.csv
2026,22,,2026-05-25,2026-05-31,Standard,Autres femelles,O,3,EUR/kg carcasse,6.64,,COT-VRO-GBEA_communautaire-A26-S22.csv
2026,,6,2026-06-01,2026-06-30,Bio,Males castres,U,3,EUR/kg carcasse,7.9,,COT-VRO-GBBI_prix_UE-A26-M06.csv
2026,,6,2026-06-01,2026-06-30,Bio,Males castres,R,3,EUR/kg carcasse,7.52,,COT-VRO-GBBI_prix_UE-A26-M06.csv
2026,,6,2026-06-01,2026-06-30,Bio,Males castres,O,3,EUR/kg carcasse,7,,COT-VRO-GBBI_prix_UE-A26-M06.csv
2026,,6,2026-06-01,2026-06-30,Bio,Femelles ayant deja vele,U,3,EUR/kg carcasse,7.93,,COT-VRO-GBBI_prix_UE-A26-M06.csv
2026,,6,2026-06-01,2026-06-30,Bio,Femelles ayant deja vele,R,2,EUR/kg carcasse,7.49,,COT-VRO-GBBI_prix_UE-A26-M06.csv
2026,,6,2026-06-01,2026-06-30,Bio,Femelles ayant deja vele,R,3,EUR/kg carcasse,7.59,,COT-VRO-GBBI_prix_UE-A26-M06.csv
2026,,6,2026-06-01,2026-06-30,Bio,Femelles ayant deja vele,O,3,EUR/kg carcasse,6.81,,COT-VRO-GBBI_prix_UE-A26-M06.csv
2026,,6,2026-06-01,2026-06-30,Bio,Femelles ayant deja vele,P,3,EUR/kg carcasse,6.4,,COT-VRO-GBBI_prix_UE-A26-M06.csv
2026,,6,2026-06-01,2026-06-30,Bio,Autres femelles,R,3,EUR/kg carcasse,7.62,,COT-VRO-GBBI_prix_UE-A26-M06.csv
2026,,6,2026-06-01,2026-06-30,Bio,Autres femelles,O,3,EUR/kg carcasse,7,,COT-VRO-GBBI_prix_UE-A26-M06.csv
2026,23,,2026-06-01,2026-06-07,Standard,Males non castres de moins de 2 ans,E,2,EUR/kg carcasse,7.41,,COT-VRO-GBEA_communautaire-A26-S23.csv
2026,23,,2026-06-01,2026-06-07,Standard,Males non castres de moins de 2 ans,U,2,EUR/kg carcasse,7.12,,COT-VRO-GBEA_communautaire-A26-S23.csv
2026,23,,2026-06-01,2026-06-07,Standard,Males non castres de moins de 2 ans,U,3,EUR/kg carcasse,6.88,,COT-VRO-GBEA_communautaire-A26-S23.csv
2026,23,,2026-06-01,2026-06-07,Standard,Males non castres de moins de 2 ans,R,2,EUR/kg carcasse,6.83,,COT-VRO-GBEA_communautaire-A26-S23.csv
2026,23,,2026-06-01,2026-06-07,Standard,Males non castres de moins de 2 ans,R,3,EUR/kg carcasse,6.72,,COT-VRO-GBEA_communautaire-A26-S23.csv
2026,23,,2026-06-01,2026-06-07,Standard,Males non castres de moins de 2 ans,O,2,EUR/kg carcasse,6.29,,COT-VRO-GBEA_communautaire-A26-S23.csv
2026,23,,2026-06-01,2026-06-07,Standard,Males non castres de moins de 2 ans,O,3,EUR/kg carcasse,6.28,,COT-VRO-GBEA_communautaire-A26-S23.csv
2026,23,,2026-06-01,2026-06-07,Standard,Males non castres de moins de 2 ans,P,3,EUR/kg carcasse,6.21,,COT-VRO-GBEA_communautaire-A26-S23.csv
2026,23,,2026-06-01,2026-06-07,Standard,Autres males non castres,U,2,EUR/kg carcasse,6.63,,COT-VRO-GBEA_communautaire-A26-S23.csv
2026,23,,2026-06-01,2026-06-07,Standard,Autres males non castres,U,3,EUR/kg carcasse,6.5,,COT-VRO-GBEA_communautaire-A26-S23.csv
2026,23,,2026-06-01,2026-06-07,Standard,Autres males non castres,R,2,EUR/kg carcasse,6.5,,COT-VRO-GBEA_communautaire-A26-S23.csv
2026,23,,2026-06-01,2026-06-07,Standard,Autres males non castres,O,3,EUR/kg carcasse,5.83,,COT-VRO-GBEA_communautaire-A26-S23.csv
2026,23,,2026-06-01,2026-06-07,Standard,Males castres,R,3,EUR/kg carcasse,7.05,,COT-VRO-GBEA_communautaire-A26-S23.csv
2026,23,,2026-06-01,2026-06-07,Standard,Males castres,O,3,EUR/kg carcasse,6.42,,COT-VRO-GBEA_communautaire-A26-S23.csv
2026,23,,2026-06-01,2026-06-07,Standard,Males castres,P,3,EUR/kg carcasse,5.99,,COT-VRO-GBEA_communautaire-A26-S23.csv
2026,23,,2026-06-01,2026-06-07,Standard,Femelles ayant deja vele,U,2,EUR/kg carcasse,7.81,,COT-VRO-GBEA_communautaire-A26-S23.csv
2026,23,,2026-06-01,2026-06-07,Standard,Femelles ayant deja vele,U,3,EUR/kg carcasse,7.84,,COT-VRO-GBEA_communautaire-A26-S23.csv
2026,23,,2026-06-01,2026-06-07,Standard,Femelles ayant deja vele,R,2,EUR/kg carcasse,7.18,,COT-VRO-GBEA_communautaire-A26-S23.csv
2026,23,,2026-06-01,2026-06-07,Standard,Femelles ayant deja vele,R,3,EUR/kg carcasse,7.25,,COT-VRO-GBEA_communautaire-A26-S23.csv
2026,23,,2026-06-01,2026-06-07,Standard,Femelles ayant deja vele,R,4,EUR/kg carcasse,7.15,,COT-VRO-GBEA_communautaire-A26-S23.csv
2026,23,,2026-06-01,2026-06-07,Standard,Femelles ayant deja vele,O,2,EUR/kg carcasse,6.67,,COT-VRO-GBEA_communautaire-A26-S23.csv
2026,23,,2026-06-01,2026-06-07,Standard,Femelles ayant deja vele,O,3,EUR/kg carcasse,6.27,,COT-VRO-GBEA_communautaire-A26-S23.csv
2026,23,,2026-06-01,2026-06-07,Standard,Femelles ayant deja vele,O,4,EUR/kg carcasse,5.85,,COT-VRO-GBEA_communautaire-A26-S23.csv
2026,23,,2026-06-01,2026-06-07,Standard,Femelles ayant deja vele,P,2,EUR/kg carcasse,5.71,,COT-VRO-GBEA_communautaire-A26-S23.csv
2026,23,,2026-06-01,2026-06-07,Standard,Femelles ayant deja vele,P,3,EUR/kg carcasse,5.89,,COT-VRO-GBEA_communautaire-A26-S23.csv
2026,23,,2026-06-01,2026-06-07,Standard,Autres femelles,U,2,EUR/kg carcasse,8.08,,COT-VRO-GBEA_communautaire-A26-S23.csv
2026,23,,2026-06-01,2026-06-07,Standard,Autres femelles,U,3,EUR/kg carcasse,7.87,,COT-VRO-GBEA_communautaire-A26-S23.csv
2026,23,,2026-06-01,2026-06-07,Standard,Autres femelles,R,2,EUR/kg carcasse,7.22,,COT-VRO-GBEA_communautaire-A26-S23.csv
2026,23,,2026-06-01,2026-06-07,Standard,Autres femelles,R,3,EUR/kg carcasse,7.29,,COT-VRO-GBEA_communautaire-A26-S23.csv
2026,23,,2026-06-01,2026-06-07,Standard,Autres femelles,R,4,EUR/kg carcasse,7.06,,COT-VRO-GBEA_communautaire-A26-S23.csv
2026,23,,2026-06-01,2026-06-07,Standard,Autres femelles,O,3,EUR/kg carcasse,6.6,,COT-VRO-GBEA_communautaire-A26-S23.csv
2026,24,,2026-06-08,2026-06-14,Standard,Males non castres de moins de 2 ans,E,2,EUR/kg carcasse,7.43,,COT-VRO-GBEA_communautaire-A26-S24.csv
2026,24,,2026-06-08,2026-06-14,Standard,Males non castres de moins de 2 ans,U,2,EUR/kg carcasse,7.09,,COT-VRO-GBEA_communautaire-A26-S24.csv
2026,24,,2026-06-08,2026-06-14,Standard,Males non castres de moins de 2 ans,U,3,EUR/kg carcasse,6.85,,COT-VRO-GBEA_communautaire-A26-S24.csv
2026,24,,2026-06-08,2026-06-14,Standard,Males non castres de moins de 2 ans,R,2,EUR/kg carcasse,6.79,,COT-VRO-GBEA_communautaire-A26-S24.csv
2026,24,,2026-06-08,2026-06-14,Standard,Males non castres de moins de 2 ans,R,3,EUR/kg carcasse,6.68,,COT-VRO-GBEA_communautaire-A26-S24.csv
2026,24,,2026-06-08,2026-06-14,Standard,Males non castres de moins de 2 ans,O,2,EUR/kg carcasse,6.32,,COT-VRO-GBEA_communautaire-A26-S24.csv
2026,24,,2026-06-08,2026-06-14,Standard,Males non castres de moins de 2 ans,O,3,EUR/kg carcasse,6.26,,COT-VRO-GBEA_communautaire-A26-S24.csv
2026,24,,2026-06-08,2026-06-14,Standard,Males non castres de moins de 2 ans,P,3,EUR/kg carcasse,6.17,,COT-VRO-GBEA_communautaire-A26-S24.csv
2026,24,,2026-06-08,2026-06-14,Standard,Autres males non castres,U,2,EUR/kg carcasse,6.63,,COT-VRO-GBEA_communautaire-A26-S24.csv
2026,24,,2026-06-08,2026-06-14,Standard,Autres males non castres,U,3,EUR/kg carcasse,6.48,,COT-VRO-GBEA_communautaire-A26-S24.csv
2026,24,,2026-06-08,2026-06-14,Standard,Autres males non castres,R,2,EUR/kg carcasse,6.47,,COT-VRO-GBEA_communautaire-A26-S24.csv
2026,24,,2026-06-08,2026-06-14,Standard,Autres males non castres,O,2,EUR/kg carcasse,5.98,,COT-VRO-GBEA_communautaire-A26-S24.csv
2026,24,,2026-06-08,2026-06-14,Standard,Males castres,R,3,EUR/kg carcasse,7.1,,COT-VRO-GBEA_communautaire-A26-S24.csv
2026,24,,2026-06-08,2026-06-14,Standard,Males castres,O,3,EUR/kg carcasse,6.35,,COT-VRO-GBEA_communautaire-A26-S24.csv
2026,24,,2026-06-08,2026-06-14,Standard,Males castres,P,3,EUR/kg carcasse,6,,COT-VRO-GBEA_communautaire-A26-S24.csv
2026,24,,2026-06-08,2026-06-14,Standard,Femelles ayant deja vele,U,3,EUR/kg carcasse,7.82,,COT-VRO-GBEA_communautaire-A26-S24.csv
2026,24,,2026-06-08,2026-06-14,Standard,Femelles ayant deja vele,R,2,EUR/kg carcasse,7.23,,COT-VRO-GBEA_communautaire-A26-S24.csv
2026,24,,2026-06-08,2026-06-14,Standard,Femelles ayant deja vele,R,3,EUR/kg carcasse,7.26,,COT-VRO-GBEA_communautaire-A26-S24.csv
2026,24,,2026-06-08,2026-06-14,Standard,Femelles ayant deja vele,R,4,EUR/kg carcasse,7.14,,COT-VRO-GBEA_communautaire-A26-S24.csv
2026,24,,2026-06-08,2026-06-14,Standard,Femelles ayant deja vele,O,2,EUR/kg carcasse,6.67,,COT-VRO-GBEA_communautaire-A26-S24.csv
2026,24,,2026-06-08,2026-06-14,Standard,Femelles ayant deja vele,O,3,EUR/kg carcasse,6.28,,COT-VRO-GBEA_communautaire-A26-S24.csv
2026,24,,2026-06-08,2026-06-14,Standard,Femelles ayant deja vele,O,4,EUR/kg carcasse,6.07,,COT-VRO-GBEA_communautaire-A26-S24.csv
2026,24,,2026-06-08,2026-06-14,Standard,Femelles ayant deja vele,P,2,EUR/kg carcasse,5.72,,COT-VRO-GBEA_communautaire-A26-S24.csv
2026,24,,2026-06-08,2026-06-14,Standard,Femelles ayant deja vele,P,3,EUR/kg carcasse,5.9,,COT-VRO-GBEA_communautaire-A26-S24.csv
2026,24,,2026-06-08,2026-06-14,Standard,Autres femelles,U,3,EUR/kg carcasse,7.87,,COT-VRO-GBEA_communautaire-A26-S24.csv
2026,24,,2026-06-08,2026-06-14,Standard,Autres femelles,R,2,EUR/kg carcasse,7.36,,COT-VRO-GBEA_communautaire-A26-S24.csv
2026,24,,2026-06-08,2026-06-14,Standard,Autres femelles,R,3,EUR/kg carcasse,7.32,,COT-VRO-GBEA_communautaire-A26-S24.csv
2026,24,,2026-06-08,2026-06-14,Standard,Autres femelles,R,4,EUR/kg carcasse,7.09,,COT-VRO-GBEA_communautaire-A26-S24.csv
2026,24,,2026-06-08,2026-06-14,Standard,Autres femelles,O,3,EUR/kg carcasse,6.56,,COT-VRO-GBEA_communautaire-A26-S24.csv
2026,25,,2026-06-15,2026-06-21,Standard,Males non castres de moins de 2 ans,U,2,EUR/kg carcasse,7.09,,COT-VRO-GBEA_communautaire-A26-S25.csv
2026,25,,2026-06-15,2026-06-21,Standard,Males non castres de moins de 2 ans,U,3,EUR/kg carcasse,6.83,,COT-VRO-GBEA_communautaire-A26-S25.csv
2026,25,,2026-06-15,2026-06-21,Standard,Males non castres de moins de 2 ans,R,2,EUR/kg carcasse,6.77,,COT-VRO-GBEA_communautaire-A26-S25.csv
2026,25,,2026-06-15,2026-06-21,Standard,Males non castres de moins de 2 ans,R,3,EUR/kg carcasse,6.67,,COT-VRO-GBEA_communautaire-A26-S25.csv
2026,25,,2026-06-15,2026-06-21,Standard,Males non castres de moins de 2 ans,O,2,EUR/kg carcasse,6.29,,COT-VRO-GBEA_communautaire-A26-S25.csv
2026,25,,2026-06-15,2026-06-21,Standard,Males non castres de moins de 2 ans,O,3,EUR/kg carcasse,6.25,,COT-VRO-GBEA_communautaire-A26-S25.csv
2026,25,,2026-06-15,2026-06-21,Standard,Males non castres de moins de 2 ans,P,3,EUR/kg carcasse,6.19,,COT-VRO-GBEA_communautaire-A26-S25.csv
2026,25,,2026-06-15,2026-06-21,Standard,Autres males non castres,U,2,EUR/kg carcasse,6.6,,COT-VRO-GBEA_communautaire-A26-S25.csv
2026,25,,2026-06-15,2026-06-21,Standard,Autres males non castres,U,3,EUR/kg carcasse,6.45,,COT-VRO-GBEA_communautaire-A26-S25.csv
2026,25,,2026-06-15,2026-06-21,Standard,Autres males non castres,R,2,EUR/kg carcasse,6.47,,COT-VRO-GBEA_communautaire-A26-S25.csv
2026,25,,2026-06-15,2026-06-21,Standard,Males castres,R,3,EUR/kg carcasse,7.02,,COT-VRO-GBEA_communautaire-A26-S25.csv
2026,25,,2026-06-15,2026-06-21,Standard,Males castres,O,3,EUR/kg carcasse,6.4,,COT-VRO-GBEA_communautaire-A26-S25.csv
2026,25,,2026-06-15,2026-06-21,Standard,Males castres,P,3,EUR/kg carcasse,6,,COT-VRO-GBEA_communautaire-A26-S25.csv
2026,25,,2026-06-15,2026-06-21,Standard,Femelles ayant deja vele,U,3,EUR/kg carcasse,7.84,,COT-VRO-GBEA_communautaire-A26-S25.csv
2026,25,,2026-06-15,2026-06-21,Standard,Femelles ayant deja vele,R,2,EUR/kg carcasse,7.16,,COT-VRO-GBEA_communautaire-A26-S25.csv
2026,25,,2026-06-15,2026-06-21,Standard,Femelles ayant deja vele,R,3,EUR/kg carcasse,7.27,,COT-VRO-GBEA_communautaire-A26-S25.csv
2026,25,,2026-06-15,2026-06-21,Standard,Femelles ayant deja vele,R,4,EUR/kg carcasse,7.15,,COT-VRO-GBEA_communautaire-A26-S25.csv
2026,25,,2026-06-15,2026-06-21,Standard,Femelles ayant deja vele,O,2,EUR/kg carcasse,6.7,,COT-VRO-GBEA_communautaire-A26-S25.csv
2026,25,,2026-06-15,2026-06-21,Standard,Femelles ayant deja vele,O,3,EUR/kg carcasse,6.27,,COT-VRO-GBEA_communautaire-A26-S25.csv
2026,25,,2026-06-15,2026-06-21,Standard,Femelles ayant deja vele,O,4,EUR/kg carcasse,6.07,,COT-VRO-GBEA_communautaire-A26-S25.csv
2026,25,,2026-06-15,2026-06-21,Standard,Femelles ayant deja vele,P,2,EUR/kg carcasse,5.73,,COT-VRO-GBEA_communautaire-A26-S25.csv
2026,25,,2026-06-15,2026-06-21,Standard,Femelles ayant deja vele,P,3,EUR/kg carcasse,5.91,,COT-VRO-GBEA_communautaire-A26-S25.csv
2026,25,,2026-06-15,2026-06-21,Standard,Autres femelles,U,3,EUR/kg carcasse,7.86,,COT-VRO-GBEA_communautaire-A26-S25.csv
2026,25,,2026-06-15,2026-06-21,Standard,Autres femelles,R,2,EUR/kg carcasse,7.3,,COT-VRO-GBEA_communautaire-A26-S25.csv
2026,25,,2026-06-15,2026-06-21,Standard,Autres femelles,R,3,EUR/kg carcasse,7.32,,COT-VRO-GBEA_communautaire-A26-S25.csv
2026,25,,2026-06-15,2026-06-21,Standard,Autres femelles,R,4,EUR/kg carcasse,7.08,,COT-VRO-GBEA_communautaire-A26-S25.csv
2026,25,,2026-06-15,2026-06-21,Standard,Autres femelles,O,3,EUR/kg carcasse,6.61,,COT-VRO-GBEA_communautaire-A26-S25.csv
2026,25,,2026-06-15,2026-06-21,Standard,Autres femelles,O,4,EUR/kg carcasse,6.65,,COT-VRO-GBEA_communautaire-A26-S25.csv
2026,26,,2026-06-22,2026-06-28,Standard,Males non castres de moins de 2 ans,U,2,EUR/kg carcasse,7.06,,COT-VRO-GBEA_communautaire-A26-S26.csv
2026,26,,2026-06-22,2026-06-28,Standard,Males non castres de moins de 2 ans,U,3,EUR/kg carcasse,6.81,,COT-VRO-GBEA_communautaire-A26-S26.csv
2026,26,,2026-06-22,2026-06-28,Standard,Males non castres de moins de 2 ans,R,2,EUR/kg carcasse,6.78,,COT-VRO-GBEA_communautaire-A26-S26.csv
2026,26,,2026-06-22,2026-06-28,Standard,Males non castres de moins de 2 ans,R,3,EUR/kg carcasse,6.66,,COT-VRO-GBEA_communautaire-A26-S26.csv
2026,26,,2026-06-22,2026-06-28,Standard,Males non castres de moins de 2 ans,O,2,EUR/kg carcasse,6.32,,COT-VRO-GBEA_communautaire-A26-S26.csv
2026,26,,2026-06-22,2026-06-28,Standard,Males non castres de moins de 2 ans,O,3,EUR/kg carcasse,6.24,,COT-VRO-GBEA_communautaire-A26-S26.csv
2026,26,,2026-06-22,2026-06-28,Standard,Males non castres de moins de 2 ans,P,3,EUR/kg carcasse,6.18,,COT-VRO-GBEA_communautaire-A26-S26.csv
2026,26,,2026-06-22,2026-06-28,Standard,Autres males non castres,U,2,EUR/kg carcasse,6.6,,COT-VRO-GBEA_communautaire-A26-S26.csv
2026,26,,2026-06-22,2026-06-28,Standard,Autres males non castres,R,2,EUR/kg carcasse,6.5,,COT-VRO-GBEA_communautaire-A26-S26.csv
2026,26,,2026-06-22,2026-06-28,Standard,Males castres,R,3,EUR/kg carcasse,7.02,,COT-VRO-GBEA_communautaire-A26-S26.csv
2026,26,,2026-06-22,2026-06-28,Standard,Males castres,O,3,EUR/kg carcasse,6.4,,COT-VRO-GBEA_communautaire-A26-S26.csv
2026,26,,2026-06-22,2026-06-28,Standard,Males castres,P,3,EUR/kg carcasse,6.01,,COT-VRO-GBEA_communautaire-A26-S26.csv
2026,26,,2026-06-22,2026-06-28,Standard,Femelles ayant deja vele,U,3,EUR/kg carcasse,7.83,,COT-VRO-GBEA_communautaire-A26-S26.csv
2026,26,,2026-06-22,2026-06-28,Standard,Femelles ayant deja vele,R,2,EUR/kg carcasse,7.21,,COT-VRO-GBEA_communautaire-A26-S26.csv
2026,26,,2026-06-22,2026-06-28,Standard,Femelles ayant deja vele,R,3,EUR/kg carcasse,7.25,,COT-VRO-GBEA_communautaire-A26-S26.csv
2026,26,,2026-06-22,2026-06-28,Standard,Femelles ayant deja vele,R,4,EUR/kg carcasse,7.19,,COT-VRO-GBEA_communautaire-A26-S26.csv
2026,26,,2026-06-22,2026-06-28,Standard,Femelles ayant deja vele,O,2,EUR/kg carcasse,6.72,,COT-VRO-GBEA_communautaire-A26-S26.csv
2026,26,,2026-06-22,2026-06-28,Standard,Femelles ayant deja vele,O,3,EUR/kg carcasse,6.3,,COT-VRO-GBEA_communautaire-A26-S26.csv
2026,26,,2026-06-22,2026-06-28,Standard,Femelles ayant deja vele,O,4,EUR/kg carcasse,6.14,,COT-VRO-GBEA_communautaire-A26-S26.csv
2026,26,,2026-06-22,2026-06-28,Standard,Femelles ayant deja vele,P,2,EUR/kg carcasse,5.73,,COT-VRO-GBEA_communautaire-A26-S26.csv
2026,26,,2026-06-22,2026-06-28,Standard,Femelles ayant deja vele,P,3,EUR/kg carcasse,5.91,,COT-VRO-GBEA_communautaire-A26-S26.csv
2026,26,,2026-06-22,2026-06-28,Standard,Autres femelles,U,3,EUR/kg carcasse,7.88,,COT-VRO-GBEA_communautaire-A26-S26.csv
2026,26,,2026-06-22,2026-06-28,Standard,Autres femelles,R,2,EUR/kg carcasse,7.35,,COT-VRO-GBEA_communautaire-A26-S26.csv
2026,26,,2026-06-22,2026-06-28,Standard,Autres femelles,R,3,EUR/kg carcasse,7.3,,COT-VRO-GBEA_communautaire-A26-S26.csv
2026,26,,2026-06-22,2026-06-28,Standard,Autres femelles,R,4,EUR/kg carcasse,7.11,,COT-VRO-GBEA_communautaire-A26-S26.csv
2026,26,,2026-06-22,2026-06-28,Standard,Autres femelles,O,3,EUR/kg carcasse,6.62,,COT-VRO-GBEA_communautaire-A26-S26.csv
2026,27,,2026-06-29,2026-07-05,Standard,Males non castres de moins de 2 ans,U,2,EUR/kg carcasse,7.01,,COT-VRO-GBEA_communautaire-A26-S27.csv
2026,27,,2026-06-29,2026-07-05,Standard,Males non castres de moins de 2 ans,U,3,EUR/kg carcasse,6.77,,COT-VRO-GBEA_communautaire-A26-S27.csv
2026,27,,2026-06-29,2026-07-05,Standard,Males non castres de moins de 2 ans,R,2,EUR/kg carcasse,6.75,,COT-VRO-GBEA_communautaire-A26-S27.csv
2026,27,,2026-06-29,2026-07-05,Standard,Males non castres de moins de 2 ans,R,3,EUR/kg carcasse,6.61,,COT-VRO-GBEA_communautaire-A26-S27.csv
2026,27,,2026-06-29,2026-07-05,Standard,Males non castres de moins de 2 ans,O,2,EUR/kg carcasse,6.28,,COT-VRO-GBEA_communautaire-A26-S27.csv
2026,27,,2026-06-29,2026-07-05,Standard,Males non castres de moins de 2 ans,O,3,EUR/kg carcasse,6.22,,COT-VRO-GBEA_communautaire-A26-S27.csv
2026,27,,2026-06-29,2026-07-05,Standard,Males non castres de moins de 2 ans,P,3,EUR/kg carcasse,6.16,,COT-VRO-GBEA_communautaire-A26-S27.csv
2026,27,,2026-06-29,2026-07-05,Standard,Autres males non castres,U,2,EUR/kg carcasse,6.54,,COT-VRO-GBEA_communautaire-A26-S27.csv
2026,27,,2026-06-29,2026-07-05,Standard,Autres males non castres,R,2,EUR/kg carcasse,6.46,,COT-VRO-GBEA_communautaire-A26-S27.csv
2026,27,,2026-06-29,2026-07-05,Standard,Males castres,R,3,EUR/kg carcasse,7.01,,COT-VRO-GBEA_communautaire-A26-S27.csv
2026,27,,2026-06-29,2026-07-05,Standard,Males castres,O,3,EUR/kg carcasse,6.4,,COT-VRO-GBEA_communautaire-A26-S27.csv
2026,27,,2026-06-29,2026-07-05,Standard,Males castres,P,3,EUR/kg carcasse,6,,COT-VRO-GBEA_communautaire-A26-S27.csv
2026,27,,2026-06-29,2026-07-05,Standard,Femelles ayant deja vele,U,3,EUR/kg carcasse,7.86,,COT-VRO-GBEA_communautaire-A26-S27.csv
2026,27,,2026-06-29,2026-07-05,Standard,Femelles ayant deja vele,R,2,EUR/kg carcasse,7.18,,COT-VRO-GBEA_communautaire-A26-S27.csv
2026,27,,2026-06-29,2026-07-05,Standard,Femelles ayant deja vele,R,3,EUR/kg carcasse,7.26,,COT-VRO-GBEA_communautaire-A26-S27.csv
2026,27,,2026-06-29,2026-07-05,Standard,Femelles ayant deja vele,R,4,EUR/kg carcasse,7.19,,COT-VRO-GBEA_communautaire-A26-S27.csv
2026,27,,2026-06-29,2026-07-05,Standard,Femelles ayant deja vele,O,2,EUR/kg carcasse,6.73,,COT-VRO-GBEA_communautaire-A26-S27.csv
2026,27,,2026-06-29,2026-07-05,Standard,Femelles ayant deja vele,O,3,EUR/kg carcasse,6.32,,COT-VRO-GBEA_communautaire-A26-S27.csv
2026,27,,2026-06-29,2026-07-05,Standard,Femelles ayant deja vele,P,2,EUR/kg carcasse,5.74,,COT-VRO-GBEA_communautaire-A26-S27.csv
2026,27,,2026-06-29,2026-07-05,Standard,Femelles ayant deja vele,P,3,EUR/kg carcasse,5.92,,COT-VRO-GBEA_communautaire-A26-S27.csv
2026,27,,2026-06-29,2026-07-05,Standard,Autres femelles,U,3,EUR/kg carcasse,7.88,,COT-VRO-GBEA_communautaire-A26-S27.csv
2026,27,,2026-06-29,2026-07-05,Standard,Autres femelles,R,2,EUR/kg carcasse,7.25,,COT-VRO-GBEA_communautaire-A26-S27.csv
2026,27,,2026-06-29,2026-07-05,Standard,Autres femelles,R,3,EUR/kg carcasse,7.31,,COT-VRO-GBEA_communautaire-A26-S27.csv
2026,27,,2026-06-29,2026-07-05,Standard,Autres femelles,R,4,EUR/kg carcasse,7.09,,COT-VRO-GBEA_communautaire-A26-S27.csv
2026,27,,2026-06-29,2026-07-05,Standard,Autres femelles,O,3,EUR/kg carcasse,6.62,,COT-VRO-GBEA_communautaire-A26-S27.csv
2026,,7,2026-07-01,2026-07-31,Bio,Males castres,R,3,EUR/kg carcasse,7.48,,COT-VRO-GBBI_prix_UE-A26-M07.csv
2026,,7,2026-07-01,2026-07-31,Bio,Males castres,O,3,EUR/kg carcasse,6.82,,COT-VRO-GBBI_prix_UE-A26-M07.csv
2026,,7,2026-07-01,2026-07-31,Bio,Femelles ayant deja vele,R,2,EUR/kg carcasse,7.3,,COT-VRO-GBBI_prix_UE-A26-M07.csv
2026,,7,2026-07-01,2026-07-31,Bio,Femelles ayant deja vele,R,3,EUR/kg carcasse,7.55,,COT-VRO-GBBI_prix_UE-A26-M07.csv
2026,,7,2026-07-01,2026-07-31,Bio,Femelles ayant deja vele,O,3,EUR/kg carcasse,6.68,,COT-VRO-GBBI_prix_UE-A26-M07.csv
2026,,7,2026-07-01,2026-07-31,Bio,Femelles ayant deja vele,P,3,EUR/kg carcasse,6.3,,COT-VRO-GBBI_prix_UE-A26-M07.csv
2026,,7,2026-07-01,2026-07-31,Bio,Autres femelles,R,3,EUR/kg carcasse,7.61,,COT-VRO-GBBI_prix_UE-A26-M07.csv
2026,,7,2026-07-01,2026-07-31,Bio,Autres femelles,O,3,EUR/kg carcasse,6.81,,COT-VRO-GBBI_prix_UE-A26-M07.csv
2026,28,,2026-07-06,2026-07-12,Standard,Males non castres de moins de 2 ans,U,2,EUR/kg carcasse,6.93,,COT-VRO-GBEA_communautaire-A26-S28.csv
2026,28,,2026-07-06,2026-07-12,Standard,Males non castres de moins de 2 ans,U,3,EUR/kg carcasse,6.71,,COT-VRO-GBEA_communautaire-A26-S28.csv
2026,28,,2026-07-06,2026-07-12,Standard,Males non castres de moins de 2 ans,R,2,EUR/kg carcasse,6.66,,COT-VRO-GBEA_communautaire-A26-S28.csv
2026,28,,2026-07-06,2026-07-12,Standard,Males non castres de moins de 2 ans,R,3,EUR/kg carcasse,6.58,,COT-VRO-GBEA_communautaire-A26-S28.csv
2026,28,,2026-07-06,2026-07-12,Standard,Males non castres de moins de 2 ans,O,2,EUR/kg carcasse,6.27,,COT-VRO-GBEA_communautaire-A26-S28.csv
2026,28,,2026-07-06,2026-07-12,Standard,Males non castres de moins de 2 ans,O,3,EUR/kg carcasse,6.18,,COT-VRO-GBEA_communautaire-A26-S28.csv
2026,28,,2026-07-06,2026-07-12,Standard,Males non castres de moins de 2 ans,P,3,EUR/kg carcasse,6.12,,COT-VRO-GBEA_communautaire-A26-S28.csv
2026,28,,2026-07-06,2026-07-12,Standard,Autres males non castres,U,2,EUR/kg carcasse,6.48,,COT-VRO-GBEA_communautaire-A26-S28.csv
2026,28,,2026-07-06,2026-07-12,Standard,Autres males non castres,R,2,EUR/kg carcasse,6.4,,COT-VRO-GBEA_communautaire-A26-S28.csv
2026,28,,2026-07-06,2026-07-12,Standard,Males castres,R,3,EUR/kg carcasse,6.89,,COT-VRO-GBEA_communautaire-A26-S28.csv
2026,28,,2026-07-06,2026-07-12,Standard,Males castres,O,3,EUR/kg carcasse,6.39,,COT-VRO-GBEA_communautaire-A26-S28.csv
2026,28,,2026-07-06,2026-07-12,Standard,Males castres,P,3,EUR/kg carcasse,5.96,,COT-VRO-GBEA_communautaire-A26-S28.csv
2026,28,,2026-07-06,2026-07-12,Standard,Femelles ayant deja vele,U,3,EUR/kg carcasse,7.83,,COT-VRO-GBEA_communautaire-A26-S28.csv
2026,28,,2026-07-06,2026-07-12,Standard,Femelles ayant deja vele,R,2,EUR/kg carcasse,7.18,,COT-VRO-GBEA_communautaire-A26-S28.csv
2026,28,,2026-07-06,2026-07-12,Standard,Femelles ayant deja vele,R,3,EUR/kg carcasse,7.22,,COT-VRO-GBEA_communautaire-A26-S28.csv
2026,28,,2026-07-06,2026-07-12,Standard,Femelles ayant deja vele,R,4,EUR/kg carcasse,7.13,,COT-VRO-GBEA_communautaire-A26-S28.csv
2026,28,,2026-07-06,2026-07-12,Standard,Femelles ayant deja vele,O,2,EUR/kg carcasse,6.7,,COT-VRO-GBEA_communautaire-A26-S28.csv
2026,28,,2026-07-06,2026-07-12,Standard,Femelles ayant deja vele,O,3,EUR/kg carcasse,6.25,,COT-VRO-GBEA_communautaire-A26-S28.csv
2026,28,,2026-07-06,2026-07-12,Standard,Femelles ayant deja vele,O,4,EUR/kg carcasse,6.05,,COT-VRO-GBEA_communautaire-A26-S28.csv
2026,28,,2026-07-06,2026-07-12,Standard,Femelles ayant deja vele,P,2,EUR/kg carcasse,5.68,,COT-VRO-GBEA_communautaire-A26-S28.csv
2026,28,,2026-07-06,2026-07-12,Standard,Femelles ayant deja vele,P,3,EUR/kg carcasse,5.86,,COT-VRO-GBEA_communautaire-A26-S28.csv
2026,28,,2026-07-06,2026-07-12,Standard,Autres femelles,U,3,EUR/kg carcasse,7.9,,COT-VRO-GBEA_communautaire-A26-S28.csv
2026,28,,2026-07-06,2026-07-12,Standard,Autres femelles,R,2,EUR/kg carcasse,7.35,,COT-VRO-GBEA_communautaire-A26-S28.csv
2026,28,,2026-07-06,2026-07-12,Standard,Autres femelles,R,3,EUR/kg carcasse,7.29,,COT-VRO-GBEA_communautaire-A26-S28.csv
2026,28,,2026-07-06,2026-07-12,Standard,Autres femelles,R,4,EUR/kg carcasse,7.09,,COT-VRO-GBEA_communautaire-A26-S28.csv
2026,28,,2026-07-06,2026-07-12,Standard,Autres femelles,O,3,EUR/kg carcasse,6.61,,COT-VRO-GBEA_communautaire-A26-S28.csv
2026,29,,2026-07-13,2026-07-19,Standard,Males non castres de moins de 2 ans,U,2,EUR/kg carcasse,6.89,,COT-VRO-GBEA_communautaire-A26-S29.csv
2026,29,,2026-07-13,2026-07-19,Standard,Males non castres de moins de 2 ans,U,3,EUR/kg carcasse,6.65,,COT-VRO-GBEA_communautaire-A26-S29.csv
2026,29,,2026-07-13,2026-07-19,Standard,Males non castres de moins de 2 ans,R,2,EUR/kg carcasse,6.62,,COT-VRO-GBEA_communautaire-A26-S29.csv
2026,29,,2026-07-13,2026-07-19,Standard,Males non castres de moins de 2 ans,R,3,EUR/kg carcasse,6.5,,COT-VRO-GBEA_communautaire-A26-S29.csv
2026,29,,2026-07-13,2026-07-19,Standard,Males non castres de moins de 2 ans,O,2,EUR/kg carcasse,6.18,,COT-VRO-GBEA_communautaire-A26-S29.csv
2026,29,,2026-07-13,2026-07-19,Standard,Males non castres de moins de 2 ans,O,3,EUR/kg carcasse,6.11,,COT-VRO-GBEA_communautaire-A26-S29.csv
2026,29,,2026-07-13,2026-07-19,Standard,Males non castres de moins de 2 ans,P,3,EUR/kg carcasse,6.05,,COT-VRO-GBEA_communautaire-A26-S29.csv
2026,29,,2026-07-13,2026-07-19,Standard,Autres males non castres,U,2,EUR/kg carcasse,6.41,,COT-VRO-GBEA_communautaire-A26-S29.csv
2026,29,,2026-07-13,2026-07-19,Standard,Autres males non castres,R,2,EUR/kg carcasse,6.31,,COT-VRO-GBEA_communautaire-A26-S29.csv
2026,29,,2026-07-13,2026-07-19,Standard,Males castres,R,3,EUR/kg carcasse,6.86,,COT-VRO-GBEA_communautaire-A26-S29.csv
2026,29,,2026-07-13,2026-07-19,Standard,Males castres,O,3,EUR/kg carcasse,6.31,,COT-VRO-GBEA_communautaire-A26-S29.csv
2026,29,,2026-07-13,2026-07-19,Standard,Males castres,P,3,EUR/kg carcasse,5.88,,COT-VRO-GBEA_communautaire-A26-S29.csv
2026,29,,2026-07-13,2026-07-19,Standard,Femelles ayant deja vele,U,3,EUR/kg carcasse,7.8,,COT-VRO-GBEA_communautaire-A26-S29.csv
2026,29,,2026-07-13,2026-07-19,Standard,Femelles ayant deja vele,R,2,EUR/kg carcasse,7.09,,COT-VRO-GBEA_communautaire-A26-S29.csv
2026,29,,2026-07-13,2026-07-19,Standard,Femelles ayant deja vele,R,3,EUR/kg carcasse,7.19,,COT-VRO-GBEA_communautaire-A26-S29.csv
2026,29,,2026-07-13,2026-07-19,Standard,Femelles ayant deja vele,R,4,EUR/kg carcasse,7.11,,COT-VRO-GBEA_communautaire-A26-S29.csv
2026,29,,2026-07-13,2026-07-19,Standard,Femelles ayant deja vele,O,2,EUR/kg carcasse,6.62,,COT-VRO-GBEA_communautaire-A26-S29.csv
2026,29,,2026-07-13,2026-07-19,Standard,Femelles ayant deja vele,O,3,EUR/kg carcasse,6.19,,COT-VRO-GBEA_communautaire-A26-S29.csv
2026,29,,2026-07-13,2026-07-19,Standard,Femelles ayant deja vele,O,4,EUR/kg carcasse,6.24,,COT-VRO-GBEA_communautaire-A26-S29.csv
2026,29,,2026-07-13,2026-07-19,Standard,Femelles ayant deja vele,P,2,EUR/kg carcasse,5.59,,COT-VRO-GBEA_communautaire-A26-S29.csv
2026,29,,2026-07-13,2026-07-19,Standard,Femelles ayant deja vele,P,3,EUR/kg carcasse,5.78,,COT-VRO-GBEA_communautaire-A26-S29.csv
2026,29,,2026-07-13,2026-07-19,Standard,Autres femelles,U,3,EUR/kg carcasse,7.87,,COT-VRO-GBEA_communautaire-A26-S29.csv
2026,29,,2026-07-13,2026-07-19,Standard,Autres femelles,R,2,EUR/kg carcasse,7.25,,COT-VRO-GBEA_communautaire-A26-S29.csv
2026,29,,2026-07-13,2026-07-19,Standard,Autres femelles,R,3,EUR/kg carcasse,7.23,,COT-VRO-GBEA_communautaire-A26-S29.csv
2026,29,,2026-07-13,2026-07-19,Standard,Autres femelles,R,4,EUR/kg carcasse,7.13,,COT-VRO-GBEA_communautaire-A26-S29.csv
2026,29,,2026-07-13,2026-07-19,Standard,Autres femelles,O,3,EUR/kg carcasse,6.54,,COT-VRO-GBEA_communautaire-A26-S29.csv
2026,30,,2026-07-20,2026-07-26,Standard,Males non castres de moins de 2 ans,U,2,EUR/kg carcasse,6.86,,COT-VRO-GBEA_communautaire-A26-S30.csv
2026,30,,2026-07-20,2026-07-26,Standard,Males non castres de moins de 2 ans,U,3,EUR/kg carcasse,6.55,,COT-VRO-GBEA_communautaire-A26-S30.csv
2026,30,,2026-07-20,2026-07-26,Standard,Males non castres de moins de 2 ans,R,2,EUR/kg carcasse,6.48,,COT-VRO-GBEA_communautaire-A26-S30.csv
2026,30,,2026-07-20,2026-07-26,Standard,Males non castres de moins de 2 ans,R,3,EUR/kg carcasse,6.39,,COT-VRO-GBEA_communautaire-A26-S30.csv
2026,30,,2026-07-20,2026-07-26,Standard,Males non castres de moins de 2 ans,O,2,EUR/kg carcasse,6.05,,COT-VRO-GBEA_communautaire-A26-S30.csv
2026,30,,2026-07-20,2026-07-26,Standard,Males non castres de moins de 2 ans,O,3,EUR/kg carcasse,6.02,,COT-VRO-GBEA_communautaire-A26-S30.csv
2026,30,,2026-07-20,2026-07-26,Standard,Males non castres de moins de 2 ans,P,3,EUR/kg carcasse,5.96,,COT-VRO-GBEA_communautaire-A26-S30.csv
2026,30,,2026-07-20,2026-07-26,Standard,Autres males non castres,U,2,EUR/kg carcasse,6.26,,COT-VRO-GBEA_communautaire-A26-S30.csv
2026,30,,2026-07-20,2026-07-26,Standard,Autres males non castres,R,2,EUR/kg carcasse,6.19,,COT-VRO-GBEA_communautaire-A26-S30.csv
2026,30,,2026-07-20,2026-07-26,Standard,Males castres,R,3,EUR/kg carcasse,6.89,,COT-VRO-GBEA_communautaire-A26-S30.csv
2026,30,,2026-07-20,2026-07-26,Standard,Males castres,O,3,EUR/kg carcasse,6.26,,COT-VRO-GBEA_communautaire-A26-S30.csv
2026,30,,2026-07-20,2026-07-26,Standard,Males castres,P,3,EUR/kg carcasse,5.77,,COT-VRO-GBEA_communautaire-A26-S30.csv
2026,30,,2026-07-20,2026-07-26,Standard,Femelles ayant deja vele,U,3,EUR/kg carcasse,7.74,,COT-VRO-GBEA_communautaire-A26-S30.csv
2026,30,,2026-07-20,2026-07-26,Standard,Femelles ayant deja vele,R,2,EUR/kg carcasse,7.04,,COT-VRO-GBEA_communautaire-A26-S30.csv
2026,30,,2026-07-20,2026-07-26,Standard,Femelles ayant deja vele,R,3,EUR/kg carcasse,7.1,,COT-VRO-GBEA_communautaire-A26-S30.csv
2026,30,,2026-07-20,2026-07-26,Standard,Femelles ayant deja vele,R,4,EUR/kg carcasse,7,,COT-VRO-GBEA_communautaire-A26-S30.csv
2026,30,,2026-07-20,2026-07-26,Standard,Femelles ayant deja vele,O,2,EUR/kg carcasse,6.55,,COT-VRO-GBEA_communautaire-A26-S30.csv
2026,30,,2026-07-20,2026-07-26,Standard,Femelles ayant deja vele,O,3,EUR/kg carcasse,6.09,,COT-VRO-GBEA_communautaire-A26-S30.csv
2026,30,,2026-07-20,2026-07-26,Standard,Femelles ayant deja vele,O,4,EUR/kg carcasse,5.89,,COT-VRO-GBEA_communautaire-A26-S30.csv
2026,30,,2026-07-20,2026-07-26,Standard,Femelles ayant deja vele,P,2,EUR/kg carcasse,5.5,,COT-VRO-GBEA_communautaire-A26-S30.csv
2026,30,,2026-07-20,2026-07-26,Standard,Femelles ayant deja vele,P,3,EUR/kg carcasse,5.69,,COT-VRO-GBEA_communautaire-A26-S30.csv
2026,30,,2026-07-20,2026-07-26,Standard,Autres femelles,U,3,EUR/kg carcasse,7.79,,COT-VRO-GBEA_communautaire-A26-S30.csv
2026,30,,2026-07-20,2026-07-26,Standard,Autres femelles,R,2,EUR/kg carcasse,7.13,,COT-VRO-GBEA_communautaire-A26-S30.csv
2026,30,,2026-07-20,2026-07-26,Standard,Autres femelles,R,3,EUR/kg carcasse,7.19,,COT-VRO-GBEA_communautaire-A26-S30.csv
2026,30,,2026-07-20,2026-07-26,Standard,Autres femelles,R,4,EUR/kg carcasse,7.02,,COT-VRO-GBEA_communautaire-A26-S30.csv
2026,30,,2026-07-20,2026-07-26,Standard,Autres femelles,O,3,EUR/kg carcasse,6.47,,COT-VRO-GBEA_communautaire-A26-S30.csv
2026,31,,2026-07-27,2026-08-02,Standard,Males non castres de moins de 2 ans,U,2,EUR/kg carcasse,6.77,,COT-VRO-GBEA_communautaire-A26-S31.csv
2026,31,,2026-07-27,2026-08-02,Standard,Males non castres de moins de 2 ans,U,3,EUR/kg carcasse,6.51,,COT-VRO-GBEA_communautaire-A26-S31.csv
2026,31,,2026-07-27,2026-08-02,Standard,Males non castres de moins de 2 ans,R,2,EUR/kg carcasse,6.41,,COT-VRO-GBEA_communautaire-A26-S31.csv
2026,31,,2026-07-27,2026-08-02,Standard,Males non castres de moins de 2 ans,R,3,EUR/kg carcasse,6.31,,COT-VRO-GBEA_communautaire-A26-S31.csv
2026,31,,2026-07-27,2026-08-02,Standard,Males non castres de moins de 2 ans,O,2,EUR/kg carcasse,5.94,,COT-VRO-GBEA_communautaire-A26-S31.csv
2026,31,,2026-07-27,2026-08-02,Standard,Males non castres de moins de 2 ans,O,3,EUR/kg carcasse,5.94,,COT-VRO-GBEA_communautaire-A26-S31.csv
2026,31,,2026-07-27,2026-08-02,Standard,Males non castres de moins de 2 ans,P,3,EUR/kg carcasse,5.88,,COT-VRO-GBEA_communautaire-A26-S31.csv
2026,31,,2026-07-27,2026-08-02,Standard,Autres males non castres,U,2,EUR/kg carcasse,6.17,,COT-VRO-GBEA_communautaire-A26-S31.csv
2026,31,,2026-07-27,2026-08-02,Standard,Autres males non castres,R,2,EUR/kg carcasse,6.04,,COT-VRO-GBEA_communautaire-A26-S31.csv
2026,31,,2026-07-27,2026-08-02,Standard,Males castres,R,3,EUR/kg carcasse,6.77,,COT-VRO-GBEA_communautaire-A26-S31.csv
2026,31,,2026-07-27,2026-08-02,Standard,Males castres,O,3,EUR/kg carcasse,6.2,,COT-VRO-GBEA_communautaire-A26-S31.csv
2026,31,,2026-07-27,2026-08-02,Standard,Males castres,P,3,EUR/kg carcasse,5.73,,COT-VRO-GBEA_communautaire-A26-S31.csv
2026,31,,2026-07-27,2026-08-02,Standard,Femelles ayant deja vele,U,3,EUR/kg carcasse,7.73,,COT-VRO-GBEA_communautaire-A26-S31.csv
2026,31,,2026-07-27,2026-08-02,Standard,Femelles ayant deja vele,R,2,EUR/kg carcasse,6.94,,COT-VRO-GBEA_communautaire-A26-S31.csv
2026,31,,2026-07-27,2026-08-02,Standard,Femelles ayant deja vele,R,3,EUR/kg carcasse,7.06,,COT-VRO-GBEA_communautaire-A26-S31.csv
2026,31,,2026-07-27,2026-08-02,Standard,Femelles ayant deja vele,R,4,EUR/kg carcasse,6.9,,COT-VRO-GBEA_communautaire-A26-S31.csv
2026,31,,2026-07-27,2026-08-02,Standard,Femelles ayant deja vele,O,2,EUR/kg carcasse,6.38,,COT-VRO-GBEA_communautaire-A26-S31.csv
2026,31,,2026-07-27,2026-08-02,Standard,Femelles ayant deja vele,O,3,EUR/kg carcasse,5.99,,COT-VRO-GBEA_communautaire-A26-S31.csv
2026,31,,2026-07-27,2026-08-02,Standard,Femelles ayant deja vele,O,4,EUR/kg carcasse,5.78,,COT-VRO-GBEA_communautaire-A26-S31.csv
2026,31,,2026-07-27,2026-08-02,Standard,Femelles ayant deja vele,P,2,EUR/kg carcasse,5.39,,COT-VRO-GBEA_communautaire-A26-S31.csv
2026,31,,2026-07-27,2026-08-02,Standard,Femelles ayant deja vele,P,3,EUR/kg carcasse,5.58,,COT-VRO-GBEA_communautaire-A26-S31.csv
2026,31,,2026-07-27,2026-08-02,Standard,Autres femelles,U,3,EUR/kg carcasse,7.73,,COT-VRO-GBEA_communautaire-A26-S31.csv
2026,31,,2026-07-27,2026-08-02,Standard,Autres femelles,R,2,EUR/kg carcasse,7.04,,COT-VRO-GBEA_communautaire-A26-S31.csv
2026,31,,2026-07-27,2026-08-02,Standard,Autres femelles,R,3,EUR/kg carcasse,7.16,,COT-VRO-GBEA_communautaire-A26-S31.csv
2026,31,,2026-07-27,2026-08-02,Standard,Autres femelles,R,4,EUR/kg carcasse,6.93,,COT-VRO-GBEA_communautaire-A26-S31.csv
2026,31,,2026-07-27,2026-08-02,Standard,Autres femelles,O,3,EUR/kg carcasse,6.37,,COT-VRO-GBEA_communautaire-A26-S31.csv
2026,,8,2026-08-01,2026-08-31,Bio,Males castres,R,3,EUR/kg carcasse,7.5,,COT-VRO-GBBI_prix_UE-A26-M08.csv
2026,,8,2026-08-01,2026-08-31,Bio,Males castres,O,3,EUR/kg carcasse,6.63,,COT-VRO-GBBI_prix_UE-A26-M08.csv
2026,,8,2026-08-01,2026-08-31,Bio,Femelles ayant deja vele,R,3,EUR/kg carcasse,7.41,,COT-VRO-GBBI_prix_UE-A26-M08.csv
2026,,8,2026-08-01,2026-08-31,Bio,Femelles ayant deja vele,O,3,EUR/kg carcasse,6.44,,COT-VRO-GBBI_prix_UE-A26-M08.csv
2026,,8,2026-08-01,2026-08-31,Bio,Femelles ayant deja vele,P,3,EUR/kg carcasse,5.99,,COT-VRO-GBBI_prix_UE-A26-M08.csv
2026,,8,2026-08-01,2026-08-31,Bio,Autres femelles,R,3,EUR/kg carcasse,7.42,,COT-VRO-GBBI_prix_UE-A26-M08.csv
2026,32,,2026-08-03,2026-08-09,Standard,Males non castres de moins de 2 ans,E,2,EUR/kg carcasse,7.14,,COT-VRO-GBEA_communautaire-A26-S32.csv
2026,32,,2026-08-03,2026-08-09,Standard,Males non castres de moins de 2 ans,U,2,EUR/kg carcasse,6.67,,COT-VRO-GBEA_communautaire-A26-S32.csv
2026,32,,2026-08-03,2026-08-09,Standard,Males non castres de moins de 2 ans,U,3,EUR/kg carcasse,6.43,,COT-VRO-GBEA_communautaire-A26-S32.csv
2026,32,,2026-08-03,2026-08-09,Standard,Males non castres de moins de 2 ans,R,2,EUR/kg carcasse,6.31,,COT-VRO-GBEA_communautaire-A26-S32.csv
2026,32,,2026-08-03,2026-08-09,Standard,Males non castres de moins de 2 ans,R,3,EUR/kg carcasse,6.23,,COT-VRO-GBEA_communautaire-A26-S32.csv
2026,32,,2026-08-03,2026-08-09,Standard,Males non castres de moins de 2 ans,O,2,EUR/kg carcasse,5.89,,COT-VRO-GBEA_communautaire-A26-S32.csv
2026,32,,2026-08-03,2026-08-09,Standard,Males non castres de moins de 2 ans,O,3,EUR/kg carcasse,5.86,,COT-VRO-GBEA_communautaire-A26-S32.csv
2026,32,,2026-08-03,2026-08-09,Standard,Males non castres de moins de 2 ans,P,3,EUR/kg carcasse,5.79,,COT-VRO-GBEA_communautaire-A26-S32.csv
2026,32,,2026-08-03,2026-08-09,Standard,Autres males non castres,U,2,EUR/kg carcasse,6.05,,COT-VRO-GBEA_communautaire-A26-S32.csv
2026,32,,2026-08-03,2026-08-09,Standard,Autres males non castres,R,2,EUR/kg carcasse,5.96,,COT-VRO-GBEA_communautaire-A26-S32.csv
2026,32,,2026-08-03,2026-08-09,Standard,Males castres,R,3,EUR/kg carcasse,6.71,,COT-VRO-GBEA_communautaire-A26-S32.csv
2026,32,,2026-08-03,2026-08-09,Standard,Males castres,O,3,EUR/kg carcasse,6.11,,COT-VRO-GBEA_communautaire-A26-S32.csv
2026,32,,2026-08-03,2026-08-09,Standard,Males castres,P,3,EUR/kg carcasse,5.58,,COT-VRO-GBEA_communautaire-A26-S32.csv
2026,32,,2026-08-03,2026-08-09,Standard,Femelles ayant deja vele,U,3,EUR/kg carcasse,7.76,,COT-VRO-GBEA_communautaire-A26-S32.csv
2026,32,,2026-08-03,2026-08-09,Standard,Femelles ayant deja vele,R,2,EUR/kg carcasse,6.95,,COT-VRO-GBEA_communautaire-A26-S32.csv
2026,32,,2026-08-03,2026-08-09,Standard,Femelles ayant deja vele,R,3,EUR/kg carcasse,7.07,,COT-VRO-GBEA_communautaire-A26-S32.csv
2026,32,,2026-08-03,2026-08-09,Standard,Femelles ayant deja vele,R,4,EUR/kg carcasse,6.96,,COT-VRO-GBEA_communautaire-A26-S32.csv
2026,32,,2026-08-03,2026-08-09,Standard,Femelles ayant deja vele,O,2,EUR/kg carcasse,6.32,,COT-VRO-GBEA_communautaire-A26-S32.csv
2026,32,,2026-08-03,2026-08-09,Standard,Femelles ayant deja vele,O,3,EUR/kg carcasse,5.92,,COT-VRO-GBEA_communautaire-A26-S32.csv
2026,32,,2026-08-03,2026-08-09,Standard,Femelles ayant deja vele,O,4,EUR/kg carcasse,5.69,,COT-VRO-GBEA_communautaire-A26-S32.csv
2026,32,,2026-08-03,2026-08-09,Standard,Femelles ayant deja vele,P,2,EUR/kg carcasse,5.31,,COT-VRO-GBEA_communautaire-A26-S32.csv
2026,32,,2026-08-03,2026-08-09,Standard,Femelles ayant deja vele,P,3,EUR/kg carcasse,5.5,,COT-VRO-GBEA_communautaire-A26-S32.csv
2026,32,,2026-08-03,2026-08-09,Standard,Autres femelles,U,3,EUR/kg carcasse,7.8,,COT-VRO-GBEA_communautaire-A26-S32.csv
2026,32,,2026-08-03,2026-08-09,Standard,Autres femelles,R,2,EUR/kg carcasse,7.13,,COT-VRO-GBEA_communautaire-A26-S32.csv
2026,32,,2026-08-03,2026-08-09,Standard,Autres femelles,R,3,EUR/kg carcasse,7.15,,COT-VRO-GBEA_communautaire-A26-S32.csv
2026,32,,2026-08-03,2026-08-09,Standard,Autres femelles,R,4,EUR/kg carcasse,6.93,,COT-VRO-GBEA_communautaire-A26-S32.csv
2026,32,,2026-08-03,2026-08-09,Standard,Autres femelles,O,3,EUR/kg carcasse,6.36,,COT-VRO-GBEA_communautaire-A26-S32.csv
2026,33,,2026-08-10,2026-08-16,Standard,Males non castres de moins de 2 ans,U,2,EUR/kg carcasse,6.64,,COT-VRO-GBEA_communautaire-A26-S33.csv
2026,33,,2026-08-10,2026-08-16,Standard,Males non castres de moins de 2 ans,U,3,EUR/kg carcasse,6.39,,COT-VRO-GBEA_communautaire-A26-S33.csv
2026,33,,2026-08-10,2026-08-16,Standard,Males non castres de moins de 2 ans,R,2,EUR/kg carcasse,6.31,,COT-VRO-GBEA_communautaire-A26-S33.csv
2026,33,,2026-08-10,2026-08-16,Standard,Males non castres de moins de 2 ans,R,3,EUR/kg carcasse,6.21,,COT-VRO-GBEA_communautaire-A26-S33.csv
2026,33,,2026-08-10,2026-08-16,Standard,Males non castres de moins de 2 ans,O,2,EUR/kg carcasse,5.86,,COT-VRO-GBEA_communautaire-A26-S33.csv
2026,33,,2026-08-10,2026-08-16,Standard,Males non castres de moins de 2 ans,O,3,EUR/kg carcasse,5.79,,COT-VRO-GBEA_communautaire-A26-S33.csv
2026,33,,2026-08-10,2026-08-16,Standard,Males non castres de moins de 2 ans,P,3,EUR/kg carcasse,5.71,,COT-VRO-GBEA_communautaire-A26-S33.csv
2026,33,,2026-08-10,2026-08-16,Standard,Autres males non castres,U,2,EUR/kg carcasse,6.05,,COT-VRO-GBEA_communautaire-A26-S33.csv
2026,33,,2026-08-10,2026-08-16,Standard,Autres males non castres,R,2,EUR/kg carcasse,5.89,,COT-VRO-GBEA_communautaire-A26-S33.csv
2026,33,,2026-08-10,2026-08-16,Standard,Males castres,R,3,EUR/kg carcasse,6.8,,COT-VRO-GBEA_communautaire-A26-S33.csv
2026,33,,2026-08-10,2026-08-16,Standard,Males castres,O,3,EUR/kg carcasse,6.11,,COT-VRO-GBEA_communautaire-A26-S33.csv
2026,33,,2026-08-10,2026-08-16,Standard,Males castres,P,3,EUR/kg carcasse,5.56,,COT-VRO-GBEA_communautaire-A26-S33.csv
2026,33,,2026-08-10,2026-08-16,Standard,Femelles ayant deja vele,U,3,EUR/kg carcasse,7.79,,COT-VRO-GBEA_communautaire-A26-S33.csv
2026,33,,2026-08-10,2026-08-16,Standard,Femelles ayant deja vele,R,2,EUR/kg carcasse,6.96,,COT-VRO-GBEA_communautaire-A26-S33.csv
2026,33,,2026-08-10,2026-08-16,Standard,Femelles ayant deja vele,R,3,EUR/kg carcasse,7.08,,COT-VRO-GBEA_communautaire-A26-S33.csv
2026,33,,2026-08-10,2026-08-16,Standard,Femelles ayant deja vele,R,4,EUR/kg carcasse,6.98,,COT-VRO-GBEA_communautaire-A26-S33.csv
2026,33,,2026-08-10,2026-08-16,Standard,Femelles ayant deja vele,O,2,EUR/kg carcasse,6.3,,COT-VRO-GBEA_communautaire-A26-S33.csv
2026,33,,2026-08-10,2026-08-16,Standard,Femelles ayant deja vele,O,3,EUR/kg carcasse,5.92,,COT-VRO-GBEA_communautaire-A26-S33.csv
2026,33,,2026-08-10,2026-08-16,Standard,Femelles ayant deja vele,P,2,EUR/kg carcasse,5.24,,COT-VRO-GBEA_communautaire-A26-S33.csv
2026,33,,2026-08-10,2026-08-16,Standard,Femelles ayant deja vele,P,3,EUR/kg carcasse,5.43,,COT-VRO-GBEA_communautaire-A26-S33.csv
2026,33,,2026-08-10,2026-08-16,Standard,Autres femelles,U,3,EUR/kg carcasse,7.78,,COT-VRO-GBEA_communautaire-A26-S33.csv
2026,33,,2026-08-10,2026-08-16,Standard,Autres femelles,R,2,EUR/kg carcasse,7.07,,COT-VRO-GBEA_communautaire-A26-S33.csv
2026,33,,2026-08-10,2026-08-16,Standard,Autres femelles,R,3,EUR/kg carcasse,7.12,,COT-VRO-GBEA_communautaire-A26-S33.csv
2026,33,,2026-08-10,2026-08-16,Standard,Autres femelles,R,4,EUR/kg carcasse,7,,COT-VRO-GBEA_communautaire-A26-S33.csv
2026,33,,2026-08-10,2026-08-16,Standard,Autres femelles,O,3,EUR/kg carcasse,6.37,,COT-VRO-GBEA_communautaire-A26-S33.csv
2026,34,,2026-08-17,2026-08-23,Standard,Males non castres de moins de 2 ans,U,2,EUR/kg carcasse,6.62,,COT-VRO-GBEA_communautaire-A26-S34.csv
2026,34,,2026-08-17,2026-08-23,Standard,Males non castres de moins de 2 ans,U,3,EUR/kg carcasse,6.38,,COT-VRO-GBEA_communautaire-A26-S34.csv
2026,34,,2026-08-17,2026-08-23,Standard,Males non castres de moins de 2 ans,R,2,EUR/kg carcasse,6.33,,COT-VRO-GBEA_communautaire-A26-S34.csv
2026,34,,2026-08-17,2026-08-23,Standard,Males non castres de moins de 2 ans,R,3,EUR/kg carcasse,6.19,,COT-VRO-GBEA_communautaire-A26-S34.csv
2026,34,,2026-08-17,2026-08-23,Standard,Males non castres de moins de 2 ans,O,2,EUR/kg carcasse,5.79,,COT-VRO-GBEA_communautaire-A26-S34.csv
2026,34,,2026-08-17,2026-08-23,Standard,Males non castres de moins de 2 ans,O,3,EUR/kg carcasse,5.71,,COT-VRO-GBEA_communautaire-A26-S34.csv
2026,34,,2026-08-17,2026-08-23,Standard,Males non castres de moins de 2 ans,P,3,EUR/kg carcasse,5.61,,COT-VRO-GBEA_communautaire-A26-S34.csv
2026,34,,2026-08-17,2026-08-23,Standard,Autres males non castres,U,2,EUR/kg carcasse,5.92,,COT-VRO-GBEA_communautaire-A26-S34.csv
2026,34,,2026-08-17,2026-08-23,Standard,Autres males non castres,R,2,EUR/kg carcasse,5.83,,COT-VRO-GBEA_communautaire-A26-S34.csv
2026,34,,2026-08-17,2026-08-23,Standard,Males castres,R,3,EUR/kg carcasse,6.82,,COT-VRO-GBEA_communautaire-A26-S34.csv
2026,34,,2026-08-17,2026-08-23,Standard,Males castres,O,3,EUR/kg carcasse,6.03,,COT-VRO-GBEA_communautaire-A26-S34.csv
2026,34,,2026-08-17,2026-08-23,Standard,Males castres,P,3,EUR/kg carcasse,5.5,,COT-VRO-GBEA_communautaire-A26-S34.csv
2026,34,,2026-08-17,2026-08-23,Standard,Femelles ayant deja vele,U,3,EUR/kg carcasse,7.82,,COT-VRO-GBEA_communautaire-A26-S34.csv
2026,34,,2026-08-17,2026-08-23,Standard,Femelles ayant deja vele,R,2,EUR/kg carcasse,7.03,,COT-VRO-GBEA_communautaire-A26-S34.csv
2026,34,,2026-08-17,2026-08-23,Standard,Femelles ayant deja vele,R,3,EUR/kg carcasse,7.09,,COT-VRO-GBEA_communautaire-A26-S34.csv
2026,34,,2026-08-17,2026-08-23,Standard,Femelles ayant deja vele,R,4,EUR/kg carcasse,6.99,,COT-VRO-GBEA_communautaire-A26-S34.csv
2026,34,,2026-08-17,2026-08-23,Standard,Femelles ayant deja vele,O,2,EUR/kg carcasse,6.42,,COT-VRO-GBEA_communautaire-A26-S34.csv
2026,34,,2026-08-17,2026-08-23,Standard,Femelles ayant deja vele,O,3,EUR/kg carcasse,5.92,,COT-VRO-GBEA_communautaire-A26-S34.csv
2026,34,,2026-08-17,2026-08-23,Standard,Femelles ayant deja vele,O,4,EUR/kg carcasse,5.93,,COT-VRO-GBEA_communautaire-A26-S34.csv
2026,34,,2026-08-17,2026-08-23,Standard,Femelles ayant deja vele,P,2,EUR/kg carcasse,5.2,,COT-VRO-GBEA_communautaire-A26-S34.csv
2026,34,,2026-08-17,2026-08-23,Standard,Femelles ayant deja vele,P,3,EUR/kg carcasse,5.39,,COT-VRO-GBEA_communautaire-A26-S34.csv
2026,34,,2026-08-17,2026-08-23,Standard,Autres femelles,U,3,EUR/kg carcasse,7.81,,COT-VRO-GBEA_communautaire-A26-S34.csv
2026,34,,2026-08-17,2026-08-23,Standard,Autres femelles,R,2,EUR/kg carcasse,7.02,,COT-VRO-GBEA_communautaire-A26-S34.csv
2026,34,,2026-08-17,2026-08-23,Standard,Autres femelles,R,3,EUR/kg carcasse,7.18,,COT-VRO-GBEA_communautaire-A26-S34.csv
2026,34,,2026-08-17,2026-08-23,Standard,Autres femelles,R,4,EUR/kg carcasse,6.97,,COT-VRO-GBEA_communautaire-A26-S34.csv
2026,34,,2026-08-17,2026-08-23,Standard,Autres femelles,O,3,EUR/kg carcasse,6.32,,COT-VRO-GBEA_communautaire-A26-S34.csv
2026,35,,2026-08-24,2026-08-30,Standard,Males non castres de moins de 2 ans,U,2,EUR/kg carcasse,6.64,,COT-VRO-GBEA_communautaire-A26-S35.csv
2026,35,,2026-08-24,2026-08-30,Standard,Males non castres de moins de 2 ans,U,3,EUR/kg carcasse,6.39,,COT-VRO-GBEA_communautaire-A26-S35.csv
2026,35,,2026-08-24,2026-08-30,Standard,Males non castres de moins de 2 ans,R,2,EUR/kg carcasse,6.29,,COT-VRO-GBEA_communautaire-A26-S35.csv
2026,35,,2026-08-24,2026-08-30,Standard,Males non castres de moins de 2 ans,R,3,EUR/kg carcasse,6.22,,COT-VRO-GBEA_communautaire-A26-S35.csv
2026,35,,2026-08-24,2026-08-30,Standard,Males non castres de moins de 2 ans,O,2,EUR/kg carcasse,5.7,,COT-VRO-GBEA_communautaire-A26-S35.csv
2026,35,,2026-08-24,2026-08-30,Standard,Males non castres de moins de 2 ans,O,3,EUR/kg carcasse,5.65,,COT-VRO-GBEA_communautaire-A26-S35.csv
2026,35,,2026-08-24,2026-08-30,Standard,Males non castres de moins de 2 ans,P,3,EUR/kg carcasse,5.52,,COT-VRO-GBEA_communautaire-A26-S35.csv
2026,35,,2026-08-24,2026-08-30,Standard,Autres males non castres,U,2,EUR/kg carcasse,5.97,,COT-VRO-GBEA_communautaire-A26-S35.csv
2026,35,,2026-08-24,2026-08-30,Standard,Autres males non castres,R,2,EUR/kg carcasse,5.85,,COT-VRO-GBEA_communautaire-A26-S35.csv
2026,35,,2026-08-24,2026-08-30,Standard,Males castres,R,3,EUR/kg carcasse,6.84,,COT-VRO-GBEA_communautaire-A26-S35.csv
2026,35,,2026-08-24,2026-08-30,Standard,Males castres,O,3,EUR/kg carcasse,6.12,,COT-VRO-GBEA_communautaire-A26-S35.csv
2026,35,,2026-08-24,2026-08-30,Standard,Males castres,P,3,EUR/kg carcasse,5.5,,COT-VRO-GBEA_communautaire-A26-S35.csv
2026,35,,2026-08-24,2026-08-30,Standard,Femelles ayant deja vele,U,3,EUR/kg carcasse,7.83,,COT-VRO-GBEA_communautaire-A26-S35.csv
2026,35,,2026-08-24,2026-08-30,Standard,Femelles ayant deja vele,R,2,EUR/kg carcasse,7.01,,COT-VRO-GBEA_communautaire-A26-S35.csv
2026,35,,2026-08-24,2026-08-30,Standard,Femelles ayant deja vele,R,3,EUR/kg carcasse,7.14,,COT-VRO-GBEA_communautaire-A26-S35.csv
2026,35,,2026-08-24,2026-08-30,Standard,Femelles ayant deja vele,R,4,EUR/kg carcasse,7.04,,COT-VRO-GBEA_communautaire-A26-S35.csv
2026,35,,2026-08-24,2026-08-30,Standard,Femelles ayant deja vele,O,2,EUR/kg carcasse,6.38,,COT-VRO-GBEA_communautaire-A26-S35.csv
2026,35,,2026-08-24,2026-08-30,Standard,Femelles ayant deja vele,O,3,EUR/kg carcasse,5.92,,COT-VRO-GBEA_communautaire-A26-S35.csv
2026,35,,2026-08-24,2026-08-30,Standard,Femelles ayant deja vele,O,4,EUR/kg carcasse,5.67,,COT-VRO-GBEA_communautaire-A26-S35.csv
2026,35,,2026-08-24,2026-08-30,Standard,Femelles ayant deja vele,P,2,EUR/kg carcasse,5.18,,COT-VRO-GBEA_communautaire-A26-S35.csv
2026,35,,2026-08-24,2026-08-30,Standard,Femelles ayant deja vele,P,3,EUR/kg carcasse,5.37,,COT-VRO-GBEA_communautaire-A26-S35.csv
2026,35,,2026-08-24,2026-08-30,Standard,Autres femelles,U,3,EUR/kg carcasse,7.84,,COT-VRO-GBEA_communautaire-A26-S35.csv
2026,35,,2026-08-24,2026-08-30,Standard,Autres femelles,R,2,EUR/kg carcasse,7.07,,COT-VRO-GBEA_communautaire-A26-S35.csv
2026,35,,2026-08-24,2026-08-30,Standard,Autres femelles,R,3,EUR/kg carcasse,7.19,,COT-VRO-GBEA_communautaire-A26-S35.csv
2026,35,,2026-08-24,2026-08-30,Standard,Autres femelles,R,4,EUR/kg carcasse,6.94,,COT-VRO-GBEA_communautaire-A26-S35.csv
2026,35,,2026-08-24,2026-08-30,Standard,Autres femelles,O,3,EUR/kg carcasse,6.34,,COT-VRO-GBEA_communautaire-A26-S35.csv
2026,36,,2026-08-31,2026-09-06,Standard,Males non castres de moins de 2 ans,E,2,EUR/kg carcasse,7.32,,COT-VRO-GBEA_communautaire-A26-S36.csv
2026,36,,2026-08-31,2026-09-06,Standard,Males non castres de moins de 2 ans,U,2,EUR/kg carcasse,6.67,,COT-VRO-GBEA_communautaire-A26-S36.csv
2026,36,,2026-08-31,2026-09-06,Standard,Males non castres de moins de 2 ans,U,3,EUR/kg carcasse,6.4,,COT-VRO-GBEA_communautaire-A26-S36.csv
2026,36,,2026-08-31,2026-09-06,Standard,Males non castres de moins de 2 ans,R,2,EUR/kg carcasse,6.33,,COT-VRO-GBEA_communautaire-A26-S36.csv
2026,36,,2026-08-31,2026-09-06,Standard,Males non castres de moins de 2 ans,R,3,EUR/kg carcasse,6.2,,COT-VRO-GBEA_communautaire-A26-S36.csv
2026,36,,2026-08-31,2026-09-06,Standard,Males non castres de moins de 2 ans,O,2,EUR/kg carcasse,5.76,,COT-VRO-GBEA_communautaire-A26-S36.csv
2026,36,,2026-08-31,2026-09-06,Standard,Males non castres de moins de 2 ans,O,3,EUR/kg carcasse,5.62,,COT-VRO-GBEA_communautaire-A26-S36.csv
2026,36,,2026-08-31,2026-09-06,Standard,Males non castres de moins de 2 ans,P,3,EUR/kg carcasse,5.51,,COT-VRO-GBEA_communautaire-A26-S36.csv
2026,36,,2026-08-31,2026-09-06,Standard,Autres males non castres,U,2,EUR/kg carcasse,5.94,,COT-VRO-GBEA_communautaire-A26-S36.csv
2026,36,,2026-08-31,2026-09-06,Standard,Autres males non castres,R,2,EUR/kg carcasse,5.83,,COT-VRO-GBEA_communautaire-A26-S36.csv
2026,36,,2026-08-31,2026-09-06,Standard,Males castres,R,3,EUR/kg carcasse,6.93,,COT-VRO-GBEA_communautaire-A26-S36.csv
2026,36,,2026-08-31,2026-09-06,Standard,Males castres,O,3,EUR/kg carcasse,6.06,,COT-VRO-GBEA_communautaire-A26-S36.csv
2026,36,,2026-08-31,2026-09-06,Standard,Males castres,P,3,EUR/kg carcasse,5.48,,COT-VRO-GBEA_communautaire-A26-S36.csv
2026,36,,2026-08-31,2026-09-06,Standard,Femelles ayant deja vele,U,3,EUR/kg carcasse,7.81,,COT-VRO-GBEA_communautaire-A26-S36.csv
2026,36,,2026-08-31,2026-09-06,Standard,Femelles ayant deja vele,R,2,EUR/kg carcasse,7.06,,COT-VRO-GBEA_communautaire-A26-S36.csv
2026,36,,2026-08-31,2026-09-06,Standard,Femelles ayant deja vele,R,3,EUR/kg carcasse,7.16,,COT-VRO-GBEA_communautaire-A26-S36.csv
2026,36,,2026-08-31,2026-09-06,Standard,Femelles ayant deja vele,R,4,EUR/kg carcasse,7.05,,COT-VRO-GBEA_communautaire-A26-S36.csv
2026,36,,2026-08-31,2026-09-06,Standard,Femelles ayant deja vele,O,2,EUR/kg carcasse,6.35,,COT-VRO-GBEA_communautaire-A26-S36.csv
2026,36,,2026-08-31,2026-09-06,Standard,Femelles ayant deja vele,O,3,EUR/kg carcasse,5.87,,COT-VRO-GBEA_communautaire-A26-S36.csv
2026,36,,2026-08-31,2026-09-06,Standard,Femelles ayant deja vele,O,4,EUR/kg carcasse,5.65,,COT-VRO-GBEA_communautaire-A26-S36.csv
2026,36,,2026-08-31,2026-09-06,Standard,Femelles ayant deja vele,P,2,EUR/kg carcasse,5.17,,COT-VRO-GBEA_communautaire-A26-S36.csv
2026,36,,2026-08-31,2026-09-06,Standard,Femelles ayant deja vele,P,3,EUR/kg carcasse,5.36,,COT-VRO-GBEA_communautaire-A26-S36.csv
2026,36,,2026-08-31,2026-09-06,Standard,Autres femelles,U,3,EUR/kg carcasse,7.83,,COT-VRO-GBEA_communautaire-A26-S36.csv
2026,36,,2026-08-31,2026-09-06,Standard,Autres femelles,R,2,EUR/kg carcasse,7.14,,COT-VRO-GBEA_communautaire-A26-S36.csv
2026,36,,2026-08-31,2026-09-06,Standard,Autres femelles,R,3,EUR/kg carcasse,7.17,,COT-VRO-GBEA_communautaire-A26-S36.csv
2026,36,,2026-08-31,2026-09-06,Standard,Autres femelles,R,4,EUR/kg carcasse,6.93,,COT-VRO-GBEA_communautaire-A26-S36.csv
2026,36,,2026-08-31,2026-09-06,Standard,Autres femelles,O,3,EUR/kg carcasse,6.36,,COT-VRO-GBEA_communautaire-A26-S36.csv
2026,37,,2026-09-07,2026-09-13,Standard,Males non castres de moins de 2 ans,E,2,EUR/kg carcasse,7.27,,COT-VRO-GBEA_communautaire-A26-S37.csv
2026,37,,2026-09-07,2026-09-13,Standard,Males non castres de moins de 2 ans,U,2,EUR/kg carcasse,6.67,,COT-VRO-GBEA_communautaire-A26-S37.csv
2026,37,,2026-09-07,2026-09-13,Standard,Males non castres de moins de 2 ans,U,3,EUR/kg carcasse,6.41,,COT-VRO-GBEA_communautaire-A26-S37.csv
2026,37,,2026-09-07,2026-09-13,Standard,Males non castres de moins de 2 ans,R,2,EUR/kg carcasse,6.34,,COT-VRO-GBEA_communautaire-A26-S37.csv
2026,37,,2026-09-07,2026-09-13,Standard,Males non castres de moins de 2 ans,R,3,EUR/kg carcasse,6.23,,COT-VRO-GBEA_communautaire-A26-S37.csv
2026,37,,2026-09-07,2026-09-13,Standard,Males non castres de moins de 2 ans,O,2,EUR/kg carcasse,5.7,,COT-VRO-GBEA_communautaire-A26-S37.csv
2026,37,,2026-09-07,2026-09-13,Standard,Males non castres de moins de 2 ans,O,3,EUR/kg carcasse,5.61,,COT-VRO-GBEA_communautaire-A26-S37.csv
2026,37,,2026-09-07,2026-09-13,Standard,Males non castres de moins de 2 ans,P,3,EUR/kg carcasse,5.48,,COT-VRO-GBEA_communautaire-A26-S37.csv
2026,37,,2026-09-07,2026-09-13,Standard,Autres males non castres,U,2,EUR/kg carcasse,5.97,,COT-VRO-GBEA_communautaire-A26-S37.csv
2026,37,,2026-09-07,2026-09-13,Standard,Autres males non castres,U,3,EUR/kg carcasse,5.87,,COT-VRO-GBEA_communautaire-A26-S37.csv
2026,37,,2026-09-07,2026-09-13,Standard,Autres males non castres,R,2,EUR/kg carcasse,5.85,,COT-VRO-GBEA_communautaire-A26-S37.csv
2026,37,,2026-09-07,2026-09-13,Standard,Males castres,R,3,EUR/kg carcasse,6.88,,COT-VRO-GBEA_communautaire-A26-S37.csv
2026,37,,2026-09-07,2026-09-13,Standard,Males castres,O,3,EUR/kg carcasse,6.07,,COT-VRO-GBEA_communautaire-A26-S37.csv
2026,37,,2026-09-07,2026-09-13,Standard,Males castres,P,3,EUR/kg carcasse,5.46,,COT-VRO-GBEA_communautaire-A26-S37.csv
2026,37,,2026-09-07,2026-09-13,Standard,Femelles ayant deja vele,U,3,EUR/kg carcasse,7.85,,COT-VRO-GBEA_communautaire-A26-S37.csv
2026,37,,2026-09-07,2026-09-13,Standard,Femelles ayant deja vele,R,2,EUR/kg carcasse,7.08,,COT-VRO-GBEA_communautaire-A26-S37.csv
2026,37,,2026-09-07,2026-09-13,Standard,Femelles ayant deja vele,R,3,EUR/kg carcasse,7.15,,COT-VRO-GBEA_communautaire-A26-S37.csv
2026,37,,2026-09-07,2026-09-13,Standard,Femelles ayant deja vele,R,4,EUR/kg carcasse,7.12,,COT-VRO-GBEA_communautaire-A26-S37.csv
2026,37,,2026-09-07,2026-09-13,Standard,Femelles ayant deja vele,O,2,EUR/kg carcasse,6.44,,COT-VRO-GBEA_communautaire-A26-S37.csv
2026,37,,2026-09-07,2026-09-13,Standard,Femelles ayant deja vele,O,3,EUR/kg carcasse,5.84,,COT-VRO-GBEA_communautaire-A26-S37.csv
2026,37,,2026-09-07,2026-09-13,Standard,Femelles ayant deja vele,O,4,EUR/kg carcasse,5.59,,COT-VRO-GBEA_communautaire-A26-S37.csv
2026,37,,2026-09-07,2026-09-13,Standard,Femelles ayant deja vele,P,2,EUR/kg carcasse,5.18,,COT-VRO-GBEA_communautaire-A26-S37.csv
2026,37,,2026-09-07,2026-09-13,Standard,Femelles ayant deja vele,P,3,EUR/kg carcasse,5.37,,COT-VRO-GBEA_communautaire-A26-S37.csv
2026,37,,2026-09-07,2026-09-13,Standard,Autres femelles,U,3,EUR/kg carcasse,7.86,,COT-VRO-GBEA_communautaire-A26-S37.csv
2026,37,,2026-09-07,2026-09-13,Standard,Autres femelles,R,2,EUR/kg carcasse,7.1,,COT-VRO-GBEA_communautaire-A26-S37.csv
2026,37,,2026-09-07,2026-09-13,Standard,Autres femelles,R,3,EUR/kg carcasse,7.18,,COT-VRO-GBEA_communautaire-A26-S37.csv
2026,37,,2026-09-07,2026-09-13,Standard,Autres femelles,R,4,EUR/kg carcasse,6.97,,COT-VRO-GBEA_communautaire-A26-S37.csv
2026,37,,2026-09-07,2026-09-13,Standard,Autres femelles,O,3,EUR/kg carcasse,6.34,,COT-VRO-GBEA_communautaire-A26-S37.csv
2026,38,,2026-09-14,2026-09-20,Standard,Males non castres de moins de 2 ans,E,2,EUR/kg carcasse,7.22,,COT-VRO-GBEA_communautaire-A26-S38.csv
2026,38,,2026-09-14,2026-09-20,Standard,Males non castres de moins de 2 ans,U,2,EUR/kg carcasse,6.7,,COT-VRO-GBEA_communautaire-A26-S38.csv
2026,38,,2026-09-14,2026-09-20,Standard,Males non castres de moins de 2 ans,U,3,EUR/kg carcasse,6.43,,COT-VRO-GBEA_communautaire-A26-S38.csv
2026,38,,2026-09-14,2026-09-20,Standard,Males non castres de moins de 2 ans,R,2,EUR/kg carcasse,6.34,,COT-VRO-GBEA_communautaire-A26-S38.csv
2026,38,,2026-09-14,2026-09-20,Standard,Males non castres de moins de 2 ans,R,3,EUR/kg carcasse,6.24,,COT-VRO-GBEA_communautaire-A26-S38.csv
2026,38,,2026-09-14,2026-09-20,Standard,Males non castres de moins de 2 ans,O,2,EUR/kg carcasse,5.7,,COT-VRO-GBEA_communautaire-A26-S38.csv
2026,38,,2026-09-14,2026-09-20,Standard,Males non castres de moins de 2 ans,O,3,EUR/kg carcasse,5.59,,COT-VRO-GBEA_communautaire-A26-S38.csv
2026,38,,2026-09-14,2026-09-20,Standard,Males non castres de moins de 2 ans,P,3,EUR/kg carcasse,5.48,,COT-VRO-GBEA_communautaire-A26-S38.csv
2026,38,,2026-09-14,2026-09-20,Standard,Autres males non castres,U,2,EUR/kg carcasse,5.96,,COT-VRO-GBEA_communautaire-A26-S38.csv
2026,38,,2026-09-14,2026-09-20,Standard,Autres males non castres,U,3,EUR/kg carcasse,5.85,,COT-VRO-GBEA_communautaire-A26-S38.csv
2026,38,,2026-09-14,2026-09-20,Standard,Autres males non castres,R,2,EUR/kg carcasse,5.82,,COT-VRO-GBEA_communautaire-A26-S38.csv
2026,38,,2026-09-14,2026-09-20,Standard,Males castres,R,3,EUR/kg carcasse,6.87,,COT-VRO-GBEA_communautaire-A26-S38.csv
2026,38,,2026-09-14,2026-09-20,Standard,Males castres,O,3,EUR/kg carcasse,6.11,,COT-VRO-GBEA_communautaire-A26-S38.csv
2026,38,,2026-09-14,2026-09-20,Standard,Males castres,P,3,EUR/kg carcasse,5.47,,COT-VRO-GBEA_communautaire-A26-S38.csv
2026,38,,2026-09-14,2026-09-20,Standard,Femelles ayant deja vele,U,3,EUR/kg carcasse,7.86,,COT-VRO-GBEA_communautaire-A26-S38.csv
2026,38,,2026-09-14,2026-09-20,Standard,Femelles ayant deja vele,R,2,EUR/kg carcasse,7.04,,COT-VRO-GBEA_communautaire-A26-S38.csv
2026,38,,2026-09-14,2026-09-20,Standard,Femelles ayant deja vele,R,3,EUR/kg carcasse,7.19,,COT-VRO-GBEA_communautaire-A26-S38.csv
2026,38,,2026-09-14,2026-09-20,Standard,Femelles ayant deja vele,R,4,EUR/kg carcasse,7.02,,COT-VRO-GBEA_communautaire-A26-S38.csv
2026,38,,2026-09-14,2026-09-20,Standard,Femelles ayant deja vele,O,2,EUR/kg carcasse,6.37,,COT-VRO-GBEA_communautaire-A26-S38.csv
2026,38,,2026-09-14,2026-09-20,Standard,Femelles ayant deja vele,O,3,EUR/kg carcasse,5.85,,COT-VRO-GBEA_communautaire-A26-S38.csv
2026,38,,2026-09-14,2026-09-20,Standard,Femelles ayant deja vele,O,4,EUR/kg carcasse,5.6,,COT-VRO-GBEA_communautaire-A26-S38.csv
2026,38,,2026-09-14,2026-09-20,Standard,Femelles ayant deja vele,P,2,EUR/kg carcasse,5.17,,COT-VRO-GBEA_communautaire-A26-S38.csv
2026,38,,2026-09-14,2026-09-20,Standard,Femelles ayant deja vele,P,3,EUR/kg carcasse,5.36,,COT-VRO-GBEA_communautaire-A26-S38.csv
2026,38,,2026-09-14,2026-09-20,Standard,Autres femelles,U,3,EUR/kg carcasse,7.87,,COT-VRO-GBEA_communautaire-A26-S38.csv
2026,38,,2026-09-14,2026-09-20,Standard,Autres femelles,R,2,EUR/kg carcasse,7.08,,COT-VRO-GBEA_communautaire-A26-S38.csv
2026,38,,2026-09-14,2026-09-20,Standard,Autres femelles,R,3,EUR/kg carcasse,7.2,,COT-VRO-GBEA_communautaire-A26-S38.csv
2026,38,,2026-09-14,2026-09-20,Standard,Autres femelles,R,4,EUR/kg carcasse,6.93,,COT-VRO-GBEA_communautaire-A26-S38.csv
2026,38,,2026-09-14,2026-09-20,Standard,Autres femelles,O,3,EUR/kg carcasse,6.39,,COT-VRO-GBEA_communautaire-A26-S38.csv
