indicateur,libelle,espece,annee,semaine,mois,date_debut,date_fin,prix,variation,unite
veau_boucherie,Veau de boucherie — prix moyen pondéré entrée abattoir,Veau,2023,1,,2023-01-02,2023-01-08,7.16,0.04,€/kg carcasse
veau_boucherie,Veau de boucherie — prix moyen pondéré entrée abattoir,Veau,2023,2,,2023-01-09,2023-01-15,7.15,-0.01,€/kg carcasse
veau_boucherie,Veau de boucherie — prix moyen pondéré entrée abattoir,Veau,2023,3,,2023-01-16,2023-01-22,7.16,0.01,€/kg carcasse
veau_boucherie,Veau de boucherie — prix moyen pondéré entrée abattoir,Veau,2023,4,,2023-01-23,2023-01-29,7.14,-0.02,€/kg carcasse
veau_boucherie,Veau de boucherie — prix moyen pondéré entrée abattoir,Veau,2023,5,,2023-01-30,2023-02-05,7.1,-0.04,€/kg carcasse
veau_boucherie,Veau de boucherie — prix moyen pondéré entrée abattoir,Veau,2023,6,,2023-02-06,2023-02-12,7.21,0.11,€/kg carcasse
veau_boucherie,Veau de boucherie — prix moyen pondéré entrée abattoir,Veau,2023,7,,2023-02-13,2023-02-19,7.22,0.01,€/kg carcasse
veau_boucherie,Veau de boucherie — prix moyen pondéré entrée abattoir,Veau,2023,8,,2023-02-20,2023-02-26,7.19,-0.03,€/kg carcasse
veau_boucherie,Veau de boucherie — prix moyen pondéré entrée abattoir,Veau,2023,9,,2023-02-27,2023-03-05,7.17,-0.02,€/kg carcasse
veau_boucherie,Veau de boucherie — prix moyen pondéré entrée abattoir,Veau,2023,10,,2023-03-06,2023-03-12,7.2,0.03,€/kg carcasse
veau_boucherie,Veau de boucherie — prix moyen pondéré entrée abattoir,Veau,2023,11,,2023-03-13,2023-03-19,7.23,0.03,€/kg carcasse
veau_boucherie,Veau de boucherie — prix moyen pondéré entrée abattoir,Veau,2023,12,,2023-03-20,2023-03-26,7.21,-0.02,€/kg carcasse
veau_boucherie,Veau de boucherie — prix moyen pondéré entrée abattoir,Veau,2023,13,,2023-03-27,2023-04-02,7.23,0.02,€/kg carcasse
veau_boucherie,Veau de boucherie — prix moyen pondéré entrée abattoir,Veau,2023,14,,2023-04-03,2023-04-09,7.2,-0.03,€/kg carcasse
veau_boucherie,Veau de boucherie — prix moyen pondéré entrée abattoir,Veau,2023,15,,2023-04-10,2023-04-16,7.18,-0.02,€/kg carcasse
veau_boucherie,Veau de boucherie — prix moyen pondéré entrée abattoir,Veau,2023,16,,2023-04-17,2023-04-23,7.11,-0.07,€/kg carcasse
veau_boucherie,Veau de boucherie — prix moyen pondéré entrée abattoir,Veau,2023,17,,2023-04-24,2023-04-30,7.08,-0.03,€/kg carcasse
veau_boucherie,Veau de boucherie — prix moyen pondéré entrée abattoir,Veau,2023,18,,2023-05-01,2023-05-07,7.01,-0.07,€/kg carcasse
veau_boucherie,Veau de boucherie — prix moyen pondéré entrée abattoir,Veau,2023,19,,2023-05-08,2023-05-14,7.03,0.02,€/kg carcasse
veau_boucherie,Veau de boucherie — prix moyen pondéré entrée abattoir,Veau,2023,20,,2023-05-15,2023-05-21,6.99,-0.04,€/kg carcasse
veau_boucherie,Veau de boucherie — prix moyen pondéré entrée abattoir,Veau,2023,21,,2023-05-22,2023-05-28,6.94,-0.05,€/kg carcasse
veau_boucherie,Veau de boucherie — prix moyen pondéré entrée abattoir,Veau,2023,22,,2023-05-29,2023-06-04,6.83,-0.11,€/kg carcasse
veau_boucherie,Veau de boucherie — prix moyen pondéré entrée abattoir,Veau,2023,23,,2023-06-05,2023-06-11,6.69,-0.14,€/kg carcasse
veau_boucherie,Veau de boucherie — prix moyen pondéré entrée abattoir,Veau,2023,24,,2023-06-12,2023-06-18,6.7,0.01,€/kg carcasse
veau_boucherie,Veau de boucherie — prix moyen pondéré entrée abattoir,Veau,2023,25,,2023-06-19,2023-06-25,6.55,-0.15,€/kg carcasse
veau_boucherie,Veau de boucherie — prix moyen pondéré entrée abattoir,Veau,2023,26,,2023-06-26,2023-07-02,6.54,-0.01,€/kg carcasse
veau_boucherie,Veau de boucherie — prix moyen pondéré entrée abattoir,Veau,2023,27,,2023-07-03,2023-07-09,6.46,-0.08,€/kg carcasse
veau_boucherie,Veau de boucherie — prix moyen pondéré entrée abattoir,Veau,2023,28,,2023-07-10,2023-07-16,6.41,-0.05,€/kg carcasse
veau_boucherie,Veau de boucherie — prix moyen pondéré entrée abattoir,Veau,2023,29,,2023-07-17,2023-07-23,6.42,0.01,€/kg carcasse
veau_boucherie,Veau de boucherie — prix moyen pondéré entrée abattoir,Veau,2023,30,,2023-07-24,2023-07-30,6.37,-0.05,€/kg carcasse
veau_boucherie,Veau de boucherie — prix moyen pondéré entrée abattoir,Veau,2023,31,,2023-07-31,2023-08-06,6.37,0,€/kg carcasse
veau_boucherie,Veau de boucherie — prix moyen pondéré entrée abattoir,Veau,2023,32,,2023-08-07,2023-08-13,6.36,-0.01,€/kg carcasse
veau_boucherie,Veau de boucherie — prix moyen pondéré entrée abattoir,Veau,2023,33,,2023-08-14,2023-08-20,6.32,-0.04,€/kg carcasse
veau_boucherie,Veau de boucherie — prix moyen pondéré entrée abattoir,Veau,2023,34,,2023-08-21,2023-08-27,6.4,0.08,€/kg carcasse
veau_boucherie,Veau de boucherie — prix moyen pondéré entrée abattoir,Veau,2023,35,,2023-08-28,2023-09-03,6.36,-0.04,€/kg carcasse
veau_boucherie,Veau de boucherie — prix moyen pondéré entrée abattoir,Veau,2023,36,,2023-09-04,2023-09-10,6.39,0.03,€/kg carcasse
veau_boucherie,Veau de boucherie — prix moyen pondéré entrée abattoir,Veau,2023,37,,2023-09-11,2023-09-17,6.4,0.01,€/kg carcasse
veau_boucherie,Veau de boucherie — prix moyen pondéré entrée abattoir,Veau,2023,38,,2023-09-18,2023-09-24,6.46,0.06,€/kg carcasse
veau_boucherie,Veau de boucherie — prix moyen pondéré entrée abattoir,Veau,2023,39,,2023-09-25,2023-10-01,6.54,0.08,€/kg carcasse
veau_boucherie,Veau de boucherie — prix moyen pondéré entrée abattoir,Veau,2023,40,,2023-10-02,2023-10-08,6.55,0.01,€/kg carcasse
veau_boucherie,Veau de boucherie — prix moyen pondéré entrée abattoir,Veau,2023,41,,2023-10-09,2023-10-15,6.5,-0.05,€/kg carcasse
veau_boucherie,Veau de boucherie — prix moyen pondéré entrée abattoir,Veau,2023,42,,2023-10-16,2023-10-22,6.55,0.05,€/kg carcasse
veau_boucherie,Veau de boucherie — prix moyen pondéré entrée abattoir,Veau,2023,43,,2023-10-23,2023-10-29,6.6,0.05,€/kg carcasse
veau_boucherie,Veau de boucherie — prix moyen pondéré entrée abattoir,Veau,2023,44,,2023-10-30,2023-11-05,6.72,0.12,€/kg carcasse
veau_boucherie,Veau de boucherie — prix moyen pondéré entrée abattoir,Veau,2023,45,,2023-11-06,2023-11-12,6.72,0,€/kg carcasse
veau_boucherie,Veau de boucherie — prix moyen pondéré entrée abattoir,Veau,2023,46,,2023-11-13,2023-11-19,6.74,0.02,€/kg carcasse
veau_boucherie,Veau de boucherie — prix moyen pondéré entrée abattoir,Veau,2023,47,,2023-11-20,2023-11-26,6.89,0.15,€/kg carcasse
veau_boucherie,Veau de boucherie — prix moyen pondéré entrée abattoir,Veau,2023,48,,2023-11-27,2023-12-03,6.91,0.02,€/kg carcasse
veau_boucherie,Veau de boucherie — prix moyen pondéré entrée abattoir,Veau,2023,49,,2023-12-04,2023-12-10,7.04,0.13,€/kg carcasse
veau_boucherie,Veau de boucherie — prix moyen pondéré entrée abattoir,Veau,2023,50,,2023-12-11,2023-12-17,7.02,-0.02,€/kg carcasse
veau_boucherie,Veau de boucherie — prix moyen pondéré entrée abattoir,Veau,2023,51,,2023-12-18,2023-12-24,7.03,0.01,€/kg carcasse
veau_boucherie,Veau de boucherie — prix moyen pondéré entrée abattoir,Veau,2023,52,,2023-12-25,2023-12-31,7.06,0.03,€/kg carcasse
veau_boucherie,Veau de boucherie — prix moyen pondéré entrée abattoir,Veau,2024,1,,2024-01-01,2024-01-07,7,-0.06,€/kg carcasse
veau_boucherie,Veau de boucherie — prix moyen pondéré entrée abattoir,Veau,2024,2,,2024-01-08,2024-01-14,7.1,0.1,€/kg carcasse
veau_boucherie,Veau de boucherie — prix moyen pondéré entrée abattoir,Veau,2024,3,,2024-01-15,2024-01-21,7.09,-0.01,€/kg carcasse
veau_boucherie,Veau de boucherie — prix moyen pondéré entrée abattoir,Veau,2024,4,,2024-01-22,2024-01-28,7,-0.09,€/kg carcasse
veau_boucherie,Veau de boucherie — prix moyen pondéré entrée abattoir,Veau,2024,5,,2024-01-29,2024-02-04,7.04,0.04,€/kg carcasse
veau_boucherie,Veau de boucherie — prix moyen pondéré entrée abattoir,Veau,2024,6,,2024-02-05,2024-02-11,7.06,0.02,€/kg carcasse
veau_boucherie,Veau de boucherie — prix moyen pondéré entrée abattoir,Veau,2024,7,,2024-02-12,2024-02-18,6.99,-0.07,€/kg carcasse
veau_boucherie,Veau de boucherie — prix moyen pondéré entrée abattoir,Veau,2024,8,,2024-02-19,2024-02-25,7.02,0.03,€/kg carcasse
veau_boucherie,Veau de boucherie — prix moyen pondéré entrée abattoir,Veau,2024,9,,2024-02-26,2024-03-03,7.08,0.06,€/kg carcasse
veau_boucherie,Veau de boucherie — prix moyen pondéré entrée abattoir,Veau,2024,10,,2024-03-04,2024-03-10,7,-0.08,€/kg carcasse
veau_boucherie,Veau de boucherie — prix moyen pondéré entrée abattoir,Veau,2024,11,,2024-03-11,2024-03-17,7.09,0.09,€/kg carcasse
veau_boucherie,Veau de boucherie — prix moyen pondéré entrée abattoir,Veau,2024,12,,2024-03-18,2024-03-24,7.04,-0.05,€/kg carcasse
veau_boucherie,Veau de boucherie — prix moyen pondéré entrée abattoir,Veau,2024,13,,2024-03-25,2024-03-31,7,-0.04,€/kg carcasse
veau_boucherie,Veau de boucherie — prix moyen pondéré entrée abattoir,Veau,2024,14,,2024-04-01,2024-04-07,6.97,-0.03,€/kg carcasse
veau_boucherie,Veau de boucherie — prix moyen pondéré entrée abattoir,Veau,2024,15,,2024-04-08,2024-04-14,6.98,0.01,€/kg carcasse
veau_boucherie,Veau de boucherie — prix moyen pondéré entrée abattoir,Veau,2024,16,,2024-04-15,2024-04-21,6.99,0.01,€/kg carcasse
veau_boucherie,Veau de boucherie — prix moyen pondéré entrée abattoir,Veau,2024,17,,2024-04-22,2024-04-28,6.94,-0.05,€/kg carcasse
veau_boucherie,Veau de boucherie — prix moyen pondéré entrée abattoir,Veau,2024,18,,2024-04-29,2024-05-05,6.95,0.01,€/kg carcasse
veau_boucherie,Veau de boucherie — prix moyen pondéré entrée abattoir,Veau,2024,19,,2024-05-06,2024-05-12,6.98,0.03,€/kg carcasse
veau_boucherie,Veau de boucherie — prix moyen pondéré entrée abattoir,Veau,2024,20,,2024-05-13,2024-05-19,6.94,-0.04,€/kg carcasse
veau_boucherie,Veau de boucherie — prix moyen pondéré entrée abattoir,Veau,2024,21,,2024-05-20,2024-05-26,6.91,-0.03,€/kg carcasse
veau_boucherie,Veau de boucherie — prix moyen pondéré entrée abattoir,Veau,2024,22,,2024-05-27,2024-06-02,6.88,-0.03,€/kg carcasse
veau_boucherie,Veau de boucherie — prix moyen pondéré entrée abattoir,Veau,2024,23,,2024-06-03,2024-06-09,6.7,-0.18,€/kg carcasse
veau_boucherie,Veau de boucherie — prix moyen pondéré entrée abattoir,Veau,2024,24,,2024-06-10,2024-06-16,6.8,0.1,€/kg carcasse
veau_boucherie,Veau de boucherie — prix moyen pondéré entrée abattoir,Veau,2024,25,,2024-06-17,2024-06-23,6.77,-0.03,€/kg carcasse
veau_boucherie,Veau de boucherie — prix moyen pondéré entrée abattoir,Veau,2024,26,,2024-06-24,2024-06-30,6.66,-0.11,€/kg carcasse
veau_boucherie,Veau de boucherie — prix moyen pondéré entrée abattoir,Veau,2024,27,,2024-07-01,2024-07-07,6.69,0.03,€/kg carcasse
veau_boucherie,Veau de boucherie — prix moyen pondéré entrée abattoir,Veau,2024,28,,2024-07-08,2024-07-14,6.69,0,€/kg carcasse
veau_boucherie,Veau de boucherie — prix moyen pondéré entrée abattoir,Veau,2024,29,,2024-07-15,2024-07-21,6.7,0.01,€/kg carcasse
veau_boucherie,Veau de boucherie — prix moyen pondéré entrée abattoir,Veau,2024,30,,2024-07-22,2024-07-28,6.73,0.03,€/kg carcasse
veau_boucherie,Veau de boucherie — prix moyen pondéré entrée abattoir,Veau,2024,31,,2024-07-29,2024-08-04,6.65,-0.08,€/kg carcasse
veau_boucherie,Veau de boucherie — prix moyen pondéré entrée abattoir,Veau,2024,32,,2024-08-05,2024-08-11,6.68,0.03,€/kg carcasse
veau_boucherie,Veau de boucherie — prix moyen pondéré entrée abattoir,Veau,2024,33,,2024-08-12,2024-08-18,6.76,0.08,€/kg carcasse
veau_boucherie,Veau de boucherie — prix moyen pondéré entrée abattoir,Veau,2024,34,,2024-08-19,2024-08-25,6.68,-0.08,€/kg carcasse
veau_boucherie,Veau de boucherie — prix moyen pondéré entrée abattoir,Veau,2024,35,,2024-08-26,2024-09-01,6.74,0.06,€/kg carcasse
veau_boucherie,Veau de boucherie — prix moyen pondéré entrée abattoir,Veau,2024,36,,2024-09-02,2024-09-08,6.75,0.01,€/kg carcasse
veau_boucherie,Veau de boucherie — prix moyen pondéré entrée abattoir,Veau,2024,37,,2024-09-09,2024-09-15,6.88,0.13,€/kg carcasse
veau_boucherie,Veau de boucherie — prix moyen pondéré entrée abattoir,Veau,2024,38,,2024-09-16,2024-09-22,6.89,0.01,€/kg carcasse
veau_boucherie,Veau de boucherie — prix moyen pondéré entrée abattoir,Veau,2024,39,,2024-09-23,2024-09-29,6.91,0.02,€/kg carcasse
veau_boucherie,Veau de boucherie — prix moyen pondéré entrée abattoir,Veau,2024,40,,2024-09-30,2024-10-06,6.93,0.02,€/kg carcasse
veau_boucherie,Veau de boucherie — prix moyen pondéré entrée abattoir,Veau,2024,41,,2024-10-07,2024-10-13,7.09,0.16,€/kg carcasse
veau_boucherie,Veau de boucherie — prix moyen pondéré entrée abattoir,Veau,2024,42,,2024-10-14,2024-10-20,7.13,0.04,€/kg carcasse
veau_boucherie,Veau de boucherie — prix moyen pondéré entrée abattoir,Veau,2024,43,,2024-10-21,2024-10-27,7.25,0.12,€/kg carcasse
veau_boucherie,Veau de boucherie — prix moyen pondéré entrée abattoir,Veau,2024,44,,2024-10-28,2024-11-03,7.24,-0.01,€/kg carcasse
veau_boucherie,Veau de boucherie — prix moyen pondéré entrée abattoir,Veau,2024,45,,2024-11-04,2024-11-10,7.28,0.04,€/kg carcasse
veau_boucherie,Veau de boucherie — prix moyen pondéré entrée abattoir,Veau,2024,46,,2024-11-11,2024-11-17,7.31,0.03,€/kg carcasse
veau_boucherie,Veau de boucherie — prix moyen pondéré entrée abattoir,Veau,2024,47,,2024-11-18,2024-11-24,7.37,0.06,€/kg carcasse
veau_boucherie,Veau de boucherie — prix moyen pondéré entrée abattoir,Veau,2024,48,,2024-11-25,2024-12-01,7.34,-0.03,€/kg carcasse
veau_boucherie,Veau de boucherie — prix moyen pondéré entrée abattoir,Veau,2024,49,,2024-12-02,2024-12-08,7.3,-0.04,€/kg carcasse
veau_boucherie,Veau de boucherie — prix moyen pondéré entrée abattoir,Veau,2024,50,,2024-12-09,2024-12-15,7.38,0.08,€/kg carcasse
veau_boucherie,Veau de boucherie — prix moyen pondéré entrée abattoir,Veau,2024,51,,2024-12-16,2024-12-22,7.38,0,€/kg carcasse
veau_boucherie,Veau de boucherie — prix moyen pondéré entrée abattoir,Veau,2024,52,,2024-12-23,2024-12-29,7.34,-0.04,€/kg carcasse
veau_boucherie,Veau de boucherie — prix moyen pondéré entrée abattoir,Veau,2025,1,,2024-12-30,2025-01-05,7.42,0.08,€/kg carcasse
veau_boucherie,Veau de boucherie — prix moyen pondéré entrée abattoir,Veau,2025,2,,2025-01-06,2025-01-12,7.35,-0.07,€/kg carcasse
veau_boucherie,Veau de boucherie — prix moyen pondéré entrée abattoir,Veau,2025,3,,2025-01-13,2025-01-19,7.44,0.09,€/kg carcasse
veau_boucherie,Veau de boucherie — prix moyen pondéré entrée abattoir,Veau,2025,4,,2025-01-20,2025-01-26,7.45,0.01,€/kg carcasse
veau_boucherie,Veau de boucherie — prix moyen pondéré entrée abattoir,Veau,2025,5,,2025-01-27,2025-02-02,7.44,-0.01,€/kg carcasse
veau_boucherie,Veau de boucherie — prix moyen pondéré entrée abattoir,Veau,2025,6,,2025-02-03,2025-02-09,7.47,0.03,€/kg carcasse
veau_boucherie,Veau de boucherie — prix moyen pondéré entrée abattoir,Veau,2025,7,,2025-02-10,2025-02-16,7.44,-0.03,€/kg carcasse
veau_boucherie,Veau de boucherie — prix moyen pondéré entrée abattoir,Veau,2025,8,,2025-02-17,2025-02-23,7.47,0.03,€/kg carcasse
veau_boucherie,Veau de boucherie — prix moyen pondéré entrée abattoir,Veau,2025,9,,2025-02-24,2025-03-02,7.57,0.1,€/kg carcasse
veau_boucherie,Veau de boucherie — prix moyen pondéré entrée abattoir,Veau,2025,10,,2025-03-03,2025-03-09,7.43,-0.14,€/kg carcasse
veau_boucherie,Veau de boucherie — prix moyen pondéré entrée abattoir,Veau,2025,11,,2025-03-10,2025-03-16,7.52,0.09,€/kg carcasse
veau_boucherie,Veau de boucherie — prix moyen pondéré entrée abattoir,Veau,2025,12,,2025-03-17,2025-03-23,7.56,0.04,€/kg carcasse
veau_boucherie,Veau de boucherie — prix moyen pondéré entrée abattoir,Veau,2025,13,,2025-03-24,2025-03-30,7.6,0.04,€/kg carcasse
veau_boucherie,Veau de boucherie — prix moyen pondéré entrée abattoir,Veau,2025,14,,2025-03-31,2025-04-06,7.58,-0.02,€/kg carcasse
veau_boucherie,Veau de boucherie — prix moyen pondéré entrée abattoir,Veau,2025,15,,2025-04-07,2025-04-13,7.66,0.08,€/kg carcasse
veau_boucherie,Veau de boucherie — prix moyen pondéré entrée abattoir,Veau,2025,16,,2025-04-14,2025-04-20,7.74,0.08,€/kg carcasse
veau_boucherie,Veau de boucherie — prix moyen pondéré entrée abattoir,Veau,2025,17,,2025-04-21,2025-04-27,7.72,-0.02,€/kg carcasse
veau_boucherie,Veau de boucherie — prix moyen pondéré entrée abattoir,Veau,2025,18,,2025-04-28,2025-05-04,7.67,-0.05,€/kg carcasse
veau_boucherie,Veau de boucherie — prix moyen pondéré entrée abattoir,Veau,2025,19,,2025-05-05,2025-05-11,7.63,-0.04,€/kg carcasse
veau_boucherie,Veau de boucherie — prix moyen pondéré entrée abattoir,Veau,2025,20,,2025-05-12,2025-05-18,7.6,-0.03,€/kg carcasse
veau_boucherie,Veau de boucherie — prix moyen pondéré entrée abattoir,Veau,2025,21,,2025-05-19,2025-05-25,7.51,-0.09,€/kg carcasse
veau_boucherie,Veau de boucherie — prix moyen pondéré entrée abattoir,Veau,2025,22,,2025-05-26,2025-06-01,7.52,0.01,€/kg carcasse
veau_boucherie,Veau de boucherie — prix moyen pondéré entrée abattoir,Veau,2025,23,,2025-06-02,2025-06-08,7.47,-0.05,€/kg carcasse
veau_boucherie,Veau de boucherie — prix moyen pondéré entrée abattoir,Veau,2025,24,,2025-06-09,2025-06-15,7.4,-0.07,€/kg carcasse
veau_boucherie,Veau de boucherie — prix moyen pondéré entrée abattoir,Veau,2025,25,,2025-06-16,2025-06-22,7.41,0.01,€/kg carcasse
veau_boucherie,Veau de boucherie — prix moyen pondéré entrée abattoir,Veau,2025,26,,2025-06-23,2025-06-29,7.39,-0.02,€/kg carcasse
veau_boucherie,Veau de boucherie — prix moyen pondéré entrée abattoir,Veau,2025,27,,2025-06-30,2025-07-06,7.42,0.03,€/kg carcasse
veau_boucherie,Veau de boucherie — prix moyen pondéré entrée abattoir,Veau,2025,28,,2025-07-07,2025-07-13,7.48,0.06,€/kg carcasse
veau_boucherie,Veau de boucherie — prix moyen pondéré entrée abattoir,Veau,2025,29,,2025-07-14,2025-07-20,7.42,-0.06,€/kg carcasse
veau_boucherie,Veau de boucherie — prix moyen pondéré entrée abattoir,Veau,2025,30,,2025-07-21,2025-07-27,7.43,0.01,€/kg carcasse
veau_boucherie,Veau de boucherie — prix moyen pondéré entrée abattoir,Veau,2025,31,,2025-07-28,2025-08-03,7.44,0.01,€/kg carcasse
veau_boucherie,Veau de boucherie — prix moyen pondéré entrée abattoir,Veau,2025,33,,2025-08-11,2025-08-17,7.46,-0.09,€/kg carcasse
veau_boucherie,Veau de boucherie — prix moyen pondéré entrée abattoir,Veau,2025,34,,2025-08-18,2025-08-24,7.5,0.04,€/kg carcasse
veau_boucherie,Veau de boucherie — prix moyen pondéré entrée abattoir,Veau,2025,35,,2025-08-25,2025-08-31,7.5,0,€/kg carcasse
veau_boucherie,Veau de boucherie — prix moyen pondéré entrée abattoir,Veau,2025,36,,2025-09-01,2025-09-07,7.72,0.22,€/kg carcasse
veau_boucherie,Veau de boucherie — prix moyen pondéré entrée abattoir,Veau,2025,37,,2025-09-08,2025-09-14,7.89,0.17,€/kg carcasse
veau_boucherie,Veau de boucherie — prix moyen pondéré entrée abattoir,Veau,2025,38,,2025-09-15,2025-09-21,7.97,0.08,€/kg carcasse
veau_boucherie,Veau de boucherie — prix moyen pondéré entrée abattoir,Veau,2025,39,,2025-09-22,2025-09-28,8.06,0.09,€/kg carcasse
veau_boucherie,Veau de boucherie — prix moyen pondéré entrée abattoir,Veau,2025,40,,2025-09-29,2025-10-05,8.14,0.08,€/kg carcasse
veau_boucherie,Veau de boucherie — prix moyen pondéré entrée abattoir,Veau,2025,41,,2025-10-06,2025-10-12,8.28,0.14,€/kg carcasse
veau_boucherie,Veau de boucherie — prix moyen pondéré entrée abattoir,Veau,2025,42,,2025-10-13,2025-10-19,8.36,0.08,€/kg carcasse
veau_boucherie,Veau de boucherie — prix moyen pondéré entrée abattoir,Veau,2025,43,,2025-10-20,2025-10-26,8.37,0.01,€/kg carcasse
veau_boucherie,Veau de boucherie — prix moyen pondéré entrée abattoir,Veau,2025,44,,2025-10-27,2025-11-02,8.43,0.06,€/kg carcasse
veau_boucherie,Veau de boucherie — prix moyen pondéré entrée abattoir,Veau,2025,45,,2025-11-03,2025-11-09,8.38,-0.05,€/kg carcasse
veau_boucherie,Veau de boucherie — prix moyen pondéré entrée abattoir,Veau,2025,47,,2025-11-17,2025-11-23,8.56,-0.07,€/kg carcasse
veau_boucherie,Veau de boucherie — prix moyen pondéré entrée abattoir,Veau,2025,48,,2025-11-24,2025-11-30,8.65,0.09,€/kg carcasse
veau_boucherie,Veau de boucherie — prix moyen pondéré entrée abattoir,Veau,2025,49,,2025-12-01,2025-12-07,8.63,-0.02,€/kg carcasse
veau_boucherie,Veau de boucherie — prix moyen pondéré entrée abattoir,Veau,2025,50,,2025-12-08,2025-12-14,8.7,0.07,€/kg carcasse
veau_boucherie,Veau de boucherie — prix moyen pondéré entrée abattoir,Veau,2025,51,,2025-12-15,2025-12-21,8.8,0.1,€/kg carcasse
veau_boucherie,Veau de boucherie — prix moyen pondéré entrée abattoir,Veau,2025,52,,2025-12-22,2025-12-28,8.87,0.07,€/kg carcasse
veau_boucherie,Veau de boucherie — prix moyen pondéré entrée abattoir,Veau,2026,1,,2025-12-29,2026-01-04,8.76,-0.11,€/kg carcasse
veau_boucherie,Veau de boucherie — prix moyen pondéré entrée abattoir,Veau,2026,2,,2026-01-05,2026-01-11,8.89,0.13,€/kg carcasse
veau_boucherie,Veau de boucherie — prix moyen pondéré entrée abattoir,Veau,2026,3,,2026-01-12,2026-01-18,8.91,0.02,€/kg carcasse
veau_boucherie,Veau de boucherie — prix moyen pondéré entrée abattoir,Veau,2026,4,,2026-01-19,2026-01-25,8.87,-0.04,€/kg carcasse
veau_boucherie,Veau de boucherie — prix moyen pondéré entrée abattoir,Veau,2026,5,,2026-01-26,2026-02-01,8.95,0.08,€/kg carcasse
veau_boucherie,Veau de boucherie — prix moyen pondéré entrée abattoir,Veau,2026,6,,2026-02-02,2026-02-08,8.96,0.01,€/kg carcasse
veau_boucherie,Veau de boucherie — prix moyen pondéré entrée abattoir,Veau,2026,7,,2026-02-09,2026-02-15,8.99,0.03,€/kg carcasse
veau_boucherie,Veau de boucherie — prix moyen pondéré entrée abattoir,Veau,2026,8,,2026-02-16,2026-02-22,9.08,0.09,€/kg carcasse
veau_boucherie,Veau de boucherie — prix moyen pondéré entrée abattoir,Veau,2026,9,,2026-02-23,2026-03-01,9.03,-0.05,€/kg carcasse
veau_boucherie,Veau de boucherie — prix moyen pondéré entrée abattoir,Veau,2026,10,,2026-03-02,2026-03-08,9.07,0.04,€/kg carcasse
veau_boucherie,Veau de boucherie — prix moyen pondéré entrée abattoir,Veau,2026,11,,2026-03-09,2026-03-15,9.09,0.02,€/kg carcasse
veau_boucherie,Veau de boucherie — prix moyen pondéré entrée abattoir,Veau,2026,12,,2026-03-16,2026-03-22,9.13,0.04,€/kg carcasse
veau_boucherie,Veau de boucherie — prix moyen pondéré entrée abattoir,Veau,2026,13,,2026-03-23,2026-03-29,9.02,-0.11,€/kg carcasse
veau_boucherie,Veau de boucherie — prix moyen pondéré entrée abattoir,Veau,2026,14,,2026-03-30,2026-04-05,9.07,0.05,€/kg carcasse
veau_boucherie,Veau de boucherie — prix moyen pondéré entrée abattoir,Veau,2026,15,,2026-04-06,2026-04-12,8.94,-0.13,€/kg carcasse
veau_boucherie,Veau de boucherie — prix moyen pondéré entrée abattoir,Veau,2026,16,,2026-04-13,2026-04-19,8.91,-0.03,€/kg carcasse
veau_boucherie,Veau de boucherie — prix moyen pondéré entrée abattoir,Veau,2026,17,,2026-04-20,2026-04-26,8.76,-0.15,€/kg carcasse
veau_boucherie,Veau de boucherie — prix moyen pondéré entrée abattoir,Veau,2026,18,,2026-04-27,2026-05-03,8.72,-0.04,€/kg carcasse
veau_boucherie,Veau de boucherie — prix moyen pondéré entrée abattoir,Veau,2026,19,,2026-05-04,2026-05-10,8.53,-0.19,€/kg carcasse
veau_boucherie,Veau de boucherie — prix moyen pondéré entrée abattoir,Veau,2026,20,,2026-05-11,2026-05-17,8.38,-0.15,€/kg carcasse
veau_boucherie,Veau de boucherie — prix moyen pondéré entrée abattoir,Veau,2026,21,,2026-05-18,2026-05-24,8.38,0,€/kg carcasse
veau_boucherie,Veau de boucherie — prix moyen pondéré entrée abattoir,Veau,2026,22,,2026-05-25,2026-05-31,8.2,-0.18,€/kg carcasse
veau_boucherie,Veau de boucherie — prix moyen pondéré entrée abattoir,Veau,2026,23,,2026-06-01,2026-06-07,8.04,-0.16,€/kg carcasse
veau_boucherie,Veau de boucherie — prix moyen pondéré entrée abattoir,Veau,2026,24,,2026-06-08,2026-06-14,7.97,-0.07,€/kg carcasse
veau_boucherie,Veau de boucherie — prix moyen pondéré entrée abattoir,Veau,2026,25,,2026-06-15,2026-06-21,7.76,-0.21,€/kg carcasse
veau_boucherie,Veau de boucherie — prix moyen pondéré entrée abattoir,Veau,2026,26,,2026-06-22,2026-06-28,7.8,0.04,€/kg carcasse
veau_boucherie,Veau de boucherie — prix moyen pondéré entrée abattoir,Veau,2026,27,,2026-06-29,2026-07-05,7.6,-0.2,€/kg carcasse
veau_boucherie,Veau de boucherie — prix moyen pondéré entrée abattoir,Veau,2026,28,,2026-07-06,2026-07-12,7.48,-0.12,€/kg carcasse
veau_boucherie,Veau de boucherie — prix moyen pondéré entrée abattoir,Veau,2026,29,,2026-07-13,2026-07-19,7.54,0.06,€/kg carcasse
veau_boucherie,Veau de boucherie — prix moyen pondéré entrée abattoir,Veau,2026,30,,2026-07-20,2026-07-26,7.5,-0.04,€/kg carcasse
veau_boucherie,Veau de boucherie — prix moyen pondéré entrée abattoir,Veau,2026,31,,2026-07-27,2026-08-02,7.43,-0.07,€/kg carcasse
veau_boucherie,Veau de boucherie — prix moyen pondéré entrée abattoir,Veau,2026,32,,2026-08-03,2026-08-09,7.46,0.03,€/kg carcasse
veau_boucherie,Veau de boucherie — prix moyen pondéré entrée abattoir,Veau,2026,33,,2026-08-10,2026-08-16,7.44,-0.02,€/kg carcasse
veau_boucherie,Veau de boucherie — prix moyen pondéré entrée abattoir,Veau,2026,34,,2026-08-17,2026-08-23,7.48,0.04,€/kg carcasse
veau_boucherie,Veau de boucherie — prix moyen pondéré entrée abattoir,Veau,2026,35,,2026-08-24,2026-08-30,7.4,-0.08,€/kg carcasse
veau_boucherie,Veau de boucherie — prix moyen pondéré entrée abattoir,Veau,2026,36,,2026-08-31,2026-09-06,7.5,0.1,€/kg carcasse
veau_boucherie,Veau de boucherie — prix moyen pondéré entrée abattoir,Veau,2026,37,,2026-09-07,2026-09-13,7.61,0.11,€/kg carcasse
veau_boucherie,Veau de boucherie — prix moyen pondéré entrée abattoir,Veau,2026,38,,2026-09-14,2026-09-20,7.68,0.07,€/kg carcasse
veau_14j,Veau de 14 jours à 4 semaines — prix moyen pondéré mâles,Veau,2023,1,,2023-01-02,2023-01-08,111,,€/tête
veau_14j,Veau de 14 jours à 4 semaines — prix moyen pondéré mâles,Veau,2023,2,,2023-01-09,2023-01-15,119,8,€/tête
veau_14j,Veau de 14 jours à 4 semaines — prix moyen pondéré mâles,Veau,2023,3,,2023-01-16,2023-01-22,120,1,€/tête
veau_14j,Veau de 14 jours à 4 semaines — prix moyen pondéré mâles,Veau,2023,4,,2023-01-23,2023-01-29,128,8,€/tête
veau_14j,Veau de 14 jours à 4 semaines — prix moyen pondéré mâles,Veau,2023,5,,2023-01-30,2023-02-05,135,7,€/tête
veau_14j,Veau de 14 jours à 4 semaines — prix moyen pondéré mâles,Veau,2023,6,,2023-02-06,2023-02-12,138,3,€/tête
veau_14j,Veau de 14 jours à 4 semaines — prix moyen pondéré mâles,Veau,2023,7,,2023-02-13,2023-02-19,140,2,€/tête
veau_14j,Veau de 14 jours à 4 semaines — prix moyen pondéré mâles,Veau,2023,8,,2023-02-20,2023-02-26,142,2,€/tête
veau_14j,Veau de 14 jours à 4 semaines — prix moyen pondéré mâles,Veau,2023,9,,2023-02-27,2023-03-05,142,0,€/tête
veau_14j,Veau de 14 jours à 4 semaines — prix moyen pondéré mâles,Veau,2023,10,,2023-03-06,2023-03-12,144,2,€/tête
veau_14j,Veau de 14 jours à 4 semaines — prix moyen pondéré mâles,Veau,2023,11,,2023-03-13,2023-03-19,146,2,€/tête
veau_14j,Veau de 14 jours à 4 semaines — prix moyen pondéré mâles,Veau,2023,12,,2023-03-20,2023-03-26,147,1,€/tête
veau_14j,Veau de 14 jours à 4 semaines — prix moyen pondéré mâles,Veau,2023,13,,2023-03-27,2023-04-02,147,0,€/tête
veau_14j,Veau de 14 jours à 4 semaines — prix moyen pondéré mâles,Veau,2023,14,,2023-04-03,2023-04-09,153,6,€/tête
veau_14j,Veau de 14 jours à 4 semaines — prix moyen pondéré mâles,Veau,2023,15,,2023-04-10,2023-04-16,155,2,€/tête
veau_14j,Veau de 14 jours à 4 semaines — prix moyen pondéré mâles,Veau,2023,16,,2023-04-17,2023-04-23,162,7,€/tête
veau_14j,Veau de 14 jours à 4 semaines — prix moyen pondéré mâles,Veau,2023,17,,2023-04-24,2023-04-30,166,4,€/tête
veau_14j,Veau de 14 jours à 4 semaines — prix moyen pondéré mâles,Veau,2023,18,,2023-05-01,2023-05-07,166,0,€/tête
veau_14j,Veau de 14 jours à 4 semaines — prix moyen pondéré mâles,Veau,2023,19,,2023-05-08,2023-05-14,166,0,€/tête
veau_14j,Veau de 14 jours à 4 semaines — prix moyen pondéré mâles,Veau,2023,20,,2023-05-15,2023-05-21,165,-1,€/tête
veau_14j,Veau de 14 jours à 4 semaines — prix moyen pondéré mâles,Veau,2023,21,,2023-05-22,2023-05-28,169,4,€/tête
veau_14j,Veau de 14 jours à 4 semaines — prix moyen pondéré mâles,Veau,2023,22,,2023-05-29,2023-06-04,172,3,€/tête
veau_14j,Veau de 14 jours à 4 semaines — prix moyen pondéré mâles,Veau,2023,23,,2023-06-05,2023-06-11,177,5,€/tête
veau_14j,Veau de 14 jours à 4 semaines — prix moyen pondéré mâles,Veau,2023,24,,2023-06-12,2023-06-18,179,2,€/tête
veau_14j,Veau de 14 jours à 4 semaines — prix moyen pondéré mâles,Veau,2023,25,,2023-06-19,2023-06-25,183,4,€/tête
veau_14j,Veau de 14 jours à 4 semaines — prix moyen pondéré mâles,Veau,2023,26,,2023-06-26,2023-07-02,182,-1,€/tête
veau_14j,Veau de 14 jours à 4 semaines — prix moyen pondéré mâles,Veau,2023,27,,2023-07-03,2023-07-09,182,0,€/tête
veau_14j,Veau de 14 jours à 4 semaines — prix moyen pondéré mâles,Veau,2023,28,,2023-07-10,2023-07-16,180,-2,€/tête
veau_14j,Veau de 14 jours à 4 semaines — prix moyen pondéré mâles,Veau,2023,29,,2023-07-17,2023-07-23,169,-11,€/tête
veau_14j,Veau de 14 jours à 4 semaines — prix moyen pondéré mâles,Veau,2023,30,,2023-07-24,2023-07-30,159,-10,€/tête
veau_14j,Veau de 14 jours à 4 semaines — prix moyen pondéré mâles,Veau,2023,32,,2023-08-07,2023-08-13,146,-2,€/tête
veau_14j,Veau de 14 jours à 4 semaines — prix moyen pondéré mâles,Veau,2023,34,,2023-08-21,2023-08-27,140,,€/tête
veau_14j,Veau de 14 jours à 4 semaines — prix moyen pondéré mâles,Veau,2023,35,,2023-08-28,2023-09-03,136,-4,€/tête
veau_14j,Veau de 14 jours à 4 semaines — prix moyen pondéré mâles,Veau,2023,36,,2023-09-04,2023-09-10,136,0,€/tête
veau_14j,Veau de 14 jours à 4 semaines — prix moyen pondéré mâles,Veau,2023,37,,2023-09-11,2023-09-17,139,3,€/tête
veau_14j,Veau de 14 jours à 4 semaines — prix moyen pondéré mâles,Veau,2023,38,,2023-09-18,2023-09-24,139,0,€/tête
veau_14j,Veau de 14 jours à 4 semaines — prix moyen pondéré mâles,Veau,2023,39,,2023-09-25,2023-10-01,134,-5,€/tête
veau_14j,Veau de 14 jours à 4 semaines — prix moyen pondéré mâles,Veau,2023,40,,2023-10-02,2023-10-08,125,-9,€/tête
veau_14j,Veau de 14 jours à 4 semaines — prix moyen pondéré mâles,Veau,2023,41,,2023-10-09,2023-10-15,121,-4,€/tête
veau_14j,Veau de 14 jours à 4 semaines — prix moyen pondéré mâles,Veau,2023,42,,2023-10-16,2023-10-22,120,-1,€/tête
veau_14j,Veau de 14 jours à 4 semaines — prix moyen pondéré mâles,Veau,2023,43,,2023-10-23,2023-10-29,121,1,€/tête
veau_14j,Veau de 14 jours à 4 semaines — prix moyen pondéré mâles,Veau,2023,44,,2023-10-30,2023-11-05,123,2,€/tête
veau_14j,Veau de 14 jours à 4 semaines — prix moyen pondéré mâles,Veau,2023,45,,2023-11-06,2023-11-12,122,-1,€/tête
veau_14j,Veau de 14 jours à 4 semaines — prix moyen pondéré mâles,Veau,2023,46,,2023-11-13,2023-11-19,123,1,€/tête
veau_14j,Veau de 14 jours à 4 semaines — prix moyen pondéré mâles,Veau,2023,47,,2023-11-20,2023-11-26,124,1,€/tête
veau_14j,Veau de 14 jours à 4 semaines — prix moyen pondéré mâles,Veau,2023,48,,2023-11-27,2023-12-03,121,-3,€/tête
veau_14j,Veau de 14 jours à 4 semaines — prix moyen pondéré mâles,Veau,2023,49,,2023-12-04,2023-12-10,122,1,€/tête
veau_14j,Veau de 14 jours à 4 semaines — prix moyen pondéré mâles,Veau,2023,50,,2023-12-11,2023-12-17,123,1,€/tête
veau_14j,Veau de 14 jours à 4 semaines — prix moyen pondéré mâles,Veau,2023,51,,2023-12-18,2023-12-24,123,0,€/tête
veau_14j,Veau de 14 jours à 4 semaines — prix moyen pondéré mâles,Veau,2023,52,,2023-12-25,2023-12-31,123,0,€/tête
veau_14j,Veau de 14 jours à 4 semaines — prix moyen pondéré mâles,Veau,2024,1,,2024-01-01,2024-01-07,126,3,€/tête
veau_14j,Veau de 14 jours à 4 semaines — prix moyen pondéré mâles,Veau,2024,2,,2024-01-08,2024-01-14,125,-1,€/tête
veau_14j,Veau de 14 jours à 4 semaines — prix moyen pondéré mâles,Veau,2024,3,,2024-01-15,2024-01-21,127,2,€/tête
veau_14j,Veau de 14 jours à 4 semaines — prix moyen pondéré mâles,Veau,2024,4,,2024-01-22,2024-01-28,127,0,€/tête
veau_14j,Veau de 14 jours à 4 semaines — prix moyen pondéré mâles,Veau,2024,5,,2024-01-29,2024-02-04,129,2,€/tête
veau_14j,Veau de 14 jours à 4 semaines — prix moyen pondéré mâles,Veau,2024,6,,2024-02-05,2024-02-11,134,5,€/tête
veau_14j,Veau de 14 jours à 4 semaines — prix moyen pondéré mâles,Veau,2024,7,,2024-02-12,2024-02-18,139,5,€/tête
veau_14j,Veau de 14 jours à 4 semaines — prix moyen pondéré mâles,Veau,2024,8,,2024-02-19,2024-02-25,140,1,€/tête
veau_14j,Veau de 14 jours à 4 semaines — prix moyen pondéré mâles,Veau,2024,9,,2024-02-26,2024-03-03,143,3,€/tête
veau_14j,Veau de 14 jours à 4 semaines — prix moyen pondéré mâles,Veau,2024,10,,2024-03-04,2024-03-10,148,5,€/tête
veau_14j,Veau de 14 jours à 4 semaines — prix moyen pondéré mâles,Veau,2024,11,,2024-03-11,2024-03-17,152,4,€/tête
veau_14j,Veau de 14 jours à 4 semaines — prix moyen pondéré mâles,Veau,2024,12,,2024-03-18,2024-03-24,160,8,€/tête
veau_14j,Veau de 14 jours à 4 semaines — prix moyen pondéré mâles,Veau,2024,13,,2024-03-25,2024-03-31,162,2,€/tête
veau_14j,Veau de 14 jours à 4 semaines — prix moyen pondéré mâles,Veau,2024,14,,2024-04-01,2024-04-07,163,1,€/tête
veau_14j,Veau de 14 jours à 4 semaines — prix moyen pondéré mâles,Veau,2024,15,,2024-04-08,2024-04-14,170,7,€/tête
veau_14j,Veau de 14 jours à 4 semaines — prix moyen pondéré mâles,Veau,2024,16,,2024-04-15,2024-04-21,178,8,€/tête
veau_14j,Veau de 14 jours à 4 semaines — prix moyen pondéré mâles,Veau,2024,17,,2024-04-22,2024-04-28,181,3,€/tête
veau_14j,Veau de 14 jours à 4 semaines — prix moyen pondéré mâles,Veau,2024,18,,2024-04-29,2024-05-05,184,3,€/tête
veau_14j,Veau de 14 jours à 4 semaines — prix moyen pondéré mâles,Veau,2024,19,,2024-05-06,2024-05-12,184,0,€/tête
veau_14j,Veau de 14 jours à 4 semaines — prix moyen pondéré mâles,Veau,2024,20,,2024-05-13,2024-05-19,186,2,€/tête
veau_14j,Veau de 14 jours à 4 semaines — prix moyen pondéré mâles,Veau,2024,21,,2024-05-20,2024-05-26,188,2,€/tête
veau_14j,Veau de 14 jours à 4 semaines — prix moyen pondéré mâles,Veau,2024,22,,2024-05-27,2024-06-02,189,1,€/tête
veau_14j,Veau de 14 jours à 4 semaines — prix moyen pondéré mâles,Veau,2024,23,,2024-06-03,2024-06-09,189,0,€/tête
veau_14j,Veau de 14 jours à 4 semaines — prix moyen pondéré mâles,Veau,2024,24,,2024-06-10,2024-06-16,193,4,€/tête
veau_14j,Veau de 14 jours à 4 semaines — prix moyen pondéré mâles,Veau,2024,25,,2024-06-17,2024-06-23,194,1,€/tête
veau_14j,Veau de 14 jours à 4 semaines — prix moyen pondéré mâles,Veau,2024,26,,2024-06-24,2024-06-30,194,0,€/tête
veau_14j,Veau de 14 jours à 4 semaines — prix moyen pondéré mâles,Veau,2024,27,,2024-07-01,2024-07-07,194,0,€/tête
veau_14j,Veau de 14 jours à 4 semaines — prix moyen pondéré mâles,Veau,2024,28,,2024-07-08,2024-07-14,200,6,€/tête
veau_14j,Veau de 14 jours à 4 semaines — prix moyen pondéré mâles,Veau,2024,29,,2024-07-15,2024-07-21,203,3,€/tête
veau_14j,Veau de 14 jours à 4 semaines — prix moyen pondéré mâles,Veau,2024,30,,2024-07-22,2024-07-28,203,0,€/tête
veau_14j,Veau de 14 jours à 4 semaines — prix moyen pondéré mâles,Veau,2024,31,,2024-07-29,2024-08-04,204,1,€/tête
veau_14j,Veau de 14 jours à 4 semaines — prix moyen pondéré mâles,Veau,2024,32,,2024-08-05,2024-08-11,201,-3,€/tête
veau_14j,Veau de 14 jours à 4 semaines — prix moyen pondéré mâles,Veau,2024,33,,2024-08-12,2024-08-18,194,-7,€/tête
veau_14j,Veau de 14 jours à 4 semaines — prix moyen pondéré mâles,Veau,2024,34,,2024-08-19,2024-08-25,182,-12,€/tête
veau_14j,Veau de 14 jours à 4 semaines — prix moyen pondéré mâles,Veau,2024,35,,2024-08-26,2024-09-01,174,-8,€/tête
veau_14j,Veau de 14 jours à 4 semaines — prix moyen pondéré mâles,Veau,2024,36,,2024-09-02,2024-09-08,156,-18,€/tête
veau_14j,Veau de 14 jours à 4 semaines — prix moyen pondéré mâles,Veau,2024,37,,2024-09-09,2024-09-15,150,-6,€/tête
veau_14j,Veau de 14 jours à 4 semaines — prix moyen pondéré mâles,Veau,2024,38,,2024-09-16,2024-09-22,148,-2,€/tête
veau_14j,Veau de 14 jours à 4 semaines — prix moyen pondéré mâles,Veau,2024,41,,2024-10-07,2024-10-13,142,,€/tête
veau_14j,Veau de 14 jours à 4 semaines — prix moyen pondéré mâles,Veau,2024,42,,2024-10-14,2024-10-20,142,0,€/tête
veau_14j,Veau de 14 jours à 4 semaines — prix moyen pondéré mâles,Veau,2024,43,,2024-10-21,2024-10-27,143,1,€/tête
veau_14j,Veau de 14 jours à 4 semaines — prix moyen pondéré mâles,Veau,2024,44,,2024-10-28,2024-11-03,145,2,€/tête
veau_14j,Veau de 14 jours à 4 semaines — prix moyen pondéré mâles,Veau,2024,45,,2024-11-04,2024-11-10,159,14,€/tête
veau_14j,Veau de 14 jours à 4 semaines — prix moyen pondéré mâles,Veau,2024,46,,2024-11-11,2024-11-17,161,2,€/tête
veau_14j,Veau de 14 jours à 4 semaines — prix moyen pondéré mâles,Veau,2024,47,,2024-11-18,2024-11-24,166,5,€/tête
veau_14j,Veau de 14 jours à 4 semaines — prix moyen pondéré mâles,Veau,2024,48,,2024-11-25,2024-12-01,181,15,€/tête
veau_14j,Veau de 14 jours à 4 semaines — prix moyen pondéré mâles,Veau,2024,49,,2024-12-02,2024-12-08,182,1,€/tête
veau_14j,Veau de 14 jours à 4 semaines — prix moyen pondéré mâles,Veau,2024,50,,2024-12-09,2024-12-15,182,0,€/tête
veau_14j,Veau de 14 jours à 4 semaines — prix moyen pondéré mâles,Veau,2024,51,,2024-12-16,2024-12-22,183,1,€/tête
veau_14j,Veau de 14 jours à 4 semaines — prix moyen pondéré mâles,Veau,2024,52,,2024-12-23,2024-12-29,183,0,€/tête
veau_14j,Veau de 14 jours à 4 semaines — prix moyen pondéré mâles,Veau,2025,2,,2025-01-06,2025-01-12,188,,€/tête
veau_14j,Veau de 14 jours à 4 semaines — prix moyen pondéré mâles,Veau,2025,3,,2025-01-13,2025-01-19,193,5,€/tête
veau_14j,Veau de 14 jours à 4 semaines — prix moyen pondéré mâles,Veau,2025,4,,2025-01-20,2025-01-26,204,11,€/tête
veau_14j,Veau de 14 jours à 4 semaines — prix moyen pondéré mâles,Veau,2025,5,,2025-01-27,2025-02-02,219,15,€/tête
veau_14j,Veau de 14 jours à 4 semaines — prix moyen pondéré mâles,Veau,2025,6,,2025-02-03,2025-02-09,224,5,€/tête
veau_14j,Veau de 14 jours à 4 semaines — prix moyen pondéré mâles,Veau,2025,7,,2025-02-10,2025-02-16,219,-5,€/tête
veau_14j,Veau de 14 jours à 4 semaines — prix moyen pondéré mâles,Veau,2025,8,,2025-02-17,2025-02-23,226,7,€/tête
veau_14j,Veau de 14 jours à 4 semaines — prix moyen pondéré mâles,Veau,2025,9,,2025-02-24,2025-03-02,230,4,€/tête
veau_14j,Veau de 14 jours à 4 semaines — prix moyen pondéré mâles,Veau,2025,10,,2025-03-03,2025-03-09,236,6,€/tête
veau_14j,Veau de 14 jours à 4 semaines — prix moyen pondéré mâles,Veau,2025,11,,2025-03-10,2025-03-16,246,10,€/tête
veau_14j,Veau de 14 jours à 4 semaines — prix moyen pondéré mâles,Veau,2025,12,,2025-03-17,2025-03-23,270,24,€/tête
veau_14j,Veau de 14 jours à 4 semaines — prix moyen pondéré mâles,Veau,2025,13,,2025-03-24,2025-03-30,273,3,€/tête
veau_14j,Veau de 14 jours à 4 semaines — prix moyen pondéré mâles,Veau,2025,14,,2025-03-31,2025-04-06,278,5,€/tête
veau_14j,Veau de 14 jours à 4 semaines — prix moyen pondéré mâles,Veau,2025,15,,2025-04-07,2025-04-13,283,5,€/tête
veau_14j,Veau de 14 jours à 4 semaines — prix moyen pondéré mâles,Veau,2025,16,,2025-04-14,2025-04-20,291,8,€/tête
veau_14j,Veau de 14 jours à 4 semaines — prix moyen pondéré mâles,Veau,2025,17,,2025-04-21,2025-04-27,294,3,€/tête
veau_14j,Veau de 14 jours à 4 semaines — prix moyen pondéré mâles,Veau,2025,18,,2025-04-28,2025-05-04,303,9,€/tête
veau_14j,Veau de 14 jours à 4 semaines — prix moyen pondéré mâles,Veau,2025,19,,2025-05-05,2025-05-11,304,1,€/tête
veau_14j,Veau de 14 jours à 4 semaines — prix moyen pondéré mâles,Veau,2025,20,,2025-05-12,2025-05-18,322,18,€/tête
veau_14j,Veau de 14 jours à 4 semaines — prix moyen pondéré mâles,Veau,2025,21,,2025-05-19,2025-05-25,325,3,€/tête
veau_14j,Veau de 14 jours à 4 semaines — prix moyen pondéré mâles,Veau,2025,22,,2025-05-26,2025-06-01,338,13,€/tête
veau_14j,Veau de 14 jours à 4 semaines — prix moyen pondéré mâles,Veau,2025,23,,2025-06-02,2025-06-08,347,9,€/tête
veau_14j,Veau de 14 jours à 4 semaines — prix moyen pondéré mâles,Veau,2025,24,,2025-06-09,2025-06-15,361,14,€/tête
veau_14j,Veau de 14 jours à 4 semaines — prix moyen pondéré mâles,Veau,2025,25,,2025-06-16,2025-06-22,365,4,€/tête
veau_14j,Veau de 14 jours à 4 semaines — prix moyen pondéré mâles,Veau,2025,26,,2025-06-23,2025-06-29,383,18,€/tête
veau_14j,Veau de 14 jours à 4 semaines — prix moyen pondéré mâles,Veau,2025,27,,2025-06-30,2025-07-06,390,7,€/tête
veau_14j,Veau de 14 jours à 4 semaines — prix moyen pondéré mâles,Veau,2025,28,,2025-07-07,2025-07-13,389,-1,€/tête
veau_14j,Veau de 14 jours à 4 semaines — prix moyen pondéré mâles,Veau,2025,29,,2025-07-14,2025-07-20,393,4,€/tête
veau_14j,Veau de 14 jours à 4 semaines — prix moyen pondéré mâles,Veau,2025,30,,2025-07-21,2025-07-27,387,-6,€/tête
veau_14j,Veau de 14 jours à 4 semaines — prix moyen pondéré mâles,Veau,2025,31,,2025-07-28,2025-08-03,374,-13,€/tête
veau_14j,Veau de 14 jours à 4 semaines — prix moyen pondéré mâles,Veau,2025,32,,2025-08-04,2025-08-10,359,-15,€/tête
veau_14j,Veau de 14 jours à 4 semaines — prix moyen pondéré mâles,Veau,2025,33,,2025-08-11,2025-08-17,360,1,€/tête
veau_14j,Veau de 14 jours à 4 semaines — prix moyen pondéré mâles,Veau,2025,34,,2025-08-18,2025-08-24,358,-2,€/tête
veau_14j,Veau de 14 jours à 4 semaines — prix moyen pondéré mâles,Veau,2025,35,,2025-08-25,2025-08-31,371,13,€/tête
veau_14j,Veau de 14 jours à 4 semaines — prix moyen pondéré mâles,Veau,2025,36,,2025-09-01,2025-09-07,370,-1,€/tête
veau_14j,Veau de 14 jours à 4 semaines — prix moyen pondéré mâles,Veau,2025,37,,2025-09-08,2025-09-14,375,5,€/tête
veau_14j,Veau de 14 jours à 4 semaines — prix moyen pondéré mâles,Veau,2025,38,,2025-09-15,2025-09-21,386,11,€/tête
veau_14j,Veau de 14 jours à 4 semaines — prix moyen pondéré mâles,Veau,2025,39,,2025-09-22,2025-09-28,400,14,€/tête
veau_14j,Veau de 14 jours à 4 semaines — prix moyen pondéré mâles,Veau,2025,40,,2025-09-29,2025-10-05,402,2,€/tête
veau_14j,Veau de 14 jours à 4 semaines — prix moyen pondéré mâles,Veau,2025,41,,2025-10-06,2025-10-12,391,-11,€/tête
veau_14j,Veau de 14 jours à 4 semaines — prix moyen pondéré mâles,Veau,2025,42,,2025-10-13,2025-10-19,356,-35,€/tête
veau_14j,Veau de 14 jours à 4 semaines — prix moyen pondéré mâles,Veau,2025,43,,2025-10-20,2025-10-26,328,-28,€/tête
veau_14j,Veau de 14 jours à 4 semaines — prix moyen pondéré mâles,Veau,2025,44,,2025-10-27,2025-11-02,263,-65,€/tête
veau_14j,Veau de 14 jours à 4 semaines — prix moyen pondéré mâles,Veau,2025,45,,2025-11-03,2025-11-09,264,1,€/tête
veau_14j,Veau de 14 jours à 4 semaines — prix moyen pondéré mâles,Veau,2025,46,,2025-11-10,2025-11-16,268,4,€/tête
veau_14j,Veau de 14 jours à 4 semaines — prix moyen pondéré mâles,Veau,2025,47,,2025-11-17,2025-11-23,279,11,€/tête
veau_14j,Veau de 14 jours à 4 semaines — prix moyen pondéré mâles,Veau,2025,48,,2025-11-24,2025-11-30,277,-2,€/tête
veau_14j,Veau de 14 jours à 4 semaines — prix moyen pondéré mâles,Veau,2025,49,,2025-12-01,2025-12-07,277,0,€/tête
veau_14j,Veau de 14 jours à 4 semaines — prix moyen pondéré mâles,Veau,2025,50,,2025-12-08,2025-12-14,270,-7,€/tête
veau_14j,Veau de 14 jours à 4 semaines — prix moyen pondéré mâles,Veau,2025,51,,2025-12-15,2025-12-21,259,-11,€/tête
veau_14j,Veau de 14 jours à 4 semaines — prix moyen pondéré mâles,Veau,2025,52,,2025-12-22,2025-12-28,258,-1,€/tête
veau_14j,Veau de 14 jours à 4 semaines — prix moyen pondéré mâles,Veau,2026,1,,2025-12-29,2026-01-04,256,-2,€/tête
veau_14j,Veau de 14 jours à 4 semaines — prix moyen pondéré mâles,Veau,2026,2,,2026-01-05,2026-01-11,258,2,€/tête
veau_14j,Veau de 14 jours à 4 semaines — prix moyen pondéré mâles,Veau,2026,3,,2026-01-12,2026-01-18,263,5,€/tête
veau_14j,Veau de 14 jours à 4 semaines — prix moyen pondéré mâles,Veau,2026,4,,2026-01-19,2026-01-25,270,7,€/tête
veau_14j,Veau de 14 jours à 4 semaines — prix moyen pondéré mâles,Veau,2026,5,,2026-01-26,2026-02-01,294,24,€/tête
veau_14j,Veau de 14 jours à 4 semaines — prix moyen pondéré mâles,Veau,2026,6,,2026-02-02,2026-02-08,315,21,€/tête
veau_14j,Veau de 14 jours à 4 semaines — prix moyen pondéré mâles,Veau,2026,7,,2026-02-09,2026-02-15,341,26,€/tête
veau_14j,Veau de 14 jours à 4 semaines — prix moyen pondéré mâles,Veau,2026,8,,2026-02-16,2026-02-22,348,7,€/tête
veau_14j,Veau de 14 jours à 4 semaines — prix moyen pondéré mâles,Veau,2026,9,,2026-02-23,2026-03-01,352,4,€/tête
veau_14j,Veau de 14 jours à 4 semaines — prix moyen pondéré mâles,Veau,2026,10,,2026-03-02,2026-03-08,370,18,€/tête
veau_14j,Veau de 14 jours à 4 semaines — prix moyen pondéré mâles,Veau,2026,11,,2026-03-09,2026-03-15,380,10,€/tête
veau_14j,Veau de 14 jours à 4 semaines — prix moyen pondéré mâles,Veau,2026,12,,2026-03-16,2026-03-22,382,2,€/tête
veau_14j,Veau de 14 jours à 4 semaines — prix moyen pondéré mâles,Veau,2026,13,,2026-03-23,2026-03-29,385,3,€/tête
veau_14j,Veau de 14 jours à 4 semaines — prix moyen pondéré mâles,Veau,2026,14,,2026-03-30,2026-04-05,384,-1,€/tête
veau_14j,Veau de 14 jours à 4 semaines — prix moyen pondéré mâles,Veau,2026,15,,2026-04-06,2026-04-12,383,-1,€/tête
veau_14j,Veau de 14 jours à 4 semaines — prix moyen pondéré mâles,Veau,2026,16,,2026-04-13,2026-04-19,389,6,€/tête
veau_14j,Veau de 14 jours à 4 semaines — prix moyen pondéré mâles,Veau,2026,17,,2026-04-20,2026-04-26,391,2,€/tête
veau_14j,Veau de 14 jours à 4 semaines — prix moyen pondéré mâles,Veau,2026,18,,2026-04-27,2026-05-03,403,12,€/tête
veau_14j,Veau de 14 jours à 4 semaines — prix moyen pondéré mâles,Veau,2026,19,,2026-05-04,2026-05-10,435,32,€/tête
veau_14j,Veau de 14 jours à 4 semaines — prix moyen pondéré mâles,Veau,2026,20,,2026-05-11,2026-05-17,431,-4,€/tête
veau_14j,Veau de 14 jours à 4 semaines — prix moyen pondéré mâles,Veau,2026,21,,2026-05-18,2026-05-24,427,-4,€/tête
veau_14j,Veau de 14 jours à 4 semaines — prix moyen pondéré mâles,Veau,2026,22,,2026-05-25,2026-05-31,421,-6,€/tête
veau_14j,Veau de 14 jours à 4 semaines — prix moyen pondéré mâles,Veau,2026,23,,2026-06-01,2026-06-07,374,-47,€/tête
veau_14j,Veau de 14 jours à 4 semaines — prix moyen pondéré mâles,Veau,2026,24,,2026-06-08,2026-06-14,357,-17,€/tête
veau_14j,Veau de 14 jours à 4 semaines — prix moyen pondéré mâles,Veau,2026,25,,2026-06-15,2026-06-21,350,-7,€/tête
veau_14j,Veau de 14 jours à 4 semaines — prix moyen pondéré mâles,Veau,2026,26,,2026-06-22,2026-06-28,342,-8,€/tête
veau_14j,Veau de 14 jours à 4 semaines — prix moyen pondéré mâles,Veau,2026,27,,2026-06-29,2026-07-05,306,-36,€/tête
veau_14j,Veau de 14 jours à 4 semaines — prix moyen pondéré mâles,Veau,2026,28,,2026-07-06,2026-07-12,273,-33,€/tête
veau_14j,Veau de 14 jours à 4 semaines — prix moyen pondéré mâles,Veau,2026,29,,2026-07-13,2026-07-19,263,-10,€/tête
veau_14j,Veau de 14 jours à 4 semaines — prix moyen pondéré mâles,Veau,2026,30,,2026-07-20,2026-07-26,224,-39,€/tête
veau_14j,Veau de 14 jours à 4 semaines — prix moyen pondéré mâles,Veau,2026,31,,2026-07-27,2026-08-02,203,-21,€/tête
veau_14j,Veau de 14 jours à 4 semaines — prix moyen pondéré mâles,Veau,2026,32,,2026-08-03,2026-08-09,190,-13,€/tête
veau_14j,Veau de 14 jours à 4 semaines — prix moyen pondéré mâles,Veau,2026,33,,2026-08-10,2026-08-16,191,1,€/tête
veau_14j,Veau de 14 jours à 4 semaines — prix moyen pondéré mâles,Veau,2026,34,,2026-08-17,2026-08-23,198,7,€/tête
veau_14j,Veau de 14 jours à 4 semaines — prix moyen pondéré mâles,Veau,2026,35,,2026-08-24,2026-08-30,193,-5,€/tête
veau_14j,Veau de 14 jours à 4 semaines — prix moyen pondéré mâles,Veau,2026,36,,2026-08-31,2026-09-06,194,1,€/tête
veau_14j,Veau de 14 jours à 4 semaines — prix moyen pondéré mâles,Veau,2026,37,,2026-09-07,2026-09-13,199,5,€/tête
veau_14j,Veau de 14 jours à 4 semaines — prix moyen pondéré mâles,Veau,2026,38,,2026-09-14,2026-09-20,198,-1,€/tête
veau_14j,Veau de 14 jours à 4 semaines — prix moyen pondéré mâles,Veau,2026,39,,2026-09-21,2026-09-27,198,0,€/tête
gros_bovins,Gros bovins entrée abattoir — prix moyen pondéré,Bœuf,2023,1,,2023-01-02,2023-01-08,5.17,0.01,€/kg net
gros_bovins,Gros bovins entrée abattoir — prix moyen pondéré,Bœuf,2023,2,,2023-01-09,2023-01-15,5.17,0,€/kg net
gros_bovins,Gros bovins entrée abattoir — prix moyen pondéré,Bœuf,2023,3,,2023-01-16,2023-01-22,5.17,0,€/kg net
gros_bovins,Gros bovins entrée abattoir — prix moyen pondéré,Bœuf,2023,4,,2023-01-23,2023-01-29,5.17,0,€/kg net
gros_bovins,Gros bovins entrée abattoir — prix moyen pondéré,Bœuf,2023,5,,2023-01-30,2023-02-05,5.16,-0.01,€/kg net
gros_bovins,Gros bovins entrée abattoir — prix moyen pondéré,Bœuf,2023,6,,2023-02-06,2023-02-12,5.16,0,€/kg net
gros_bovins,Gros bovins entrée abattoir — prix moyen pondéré,Bœuf,2023,7,,2023-02-13,2023-02-19,5.18,0.02,€/kg net
gros_bovins,Gros bovins entrée abattoir — prix moyen pondéré,Bœuf,2023,8,,2023-02-20,2023-02-26,5.2,0.02,€/kg net
gros_bovins,Gros bovins entrée abattoir — prix moyen pondéré,Bœuf,2023,9,,2023-02-27,2023-03-05,5.23,0.03,€/kg net
gros_bovins,Gros bovins entrée abattoir — prix moyen pondéré,Bœuf,2023,10,,2023-03-06,2023-03-12,5.26,0.03,€/kg net
gros_bovins,Gros bovins entrée abattoir — prix moyen pondéré,Bœuf,2023,11,,2023-03-13,2023-03-19,5.29,0.03,€/kg net
gros_bovins,Gros bovins entrée abattoir — prix moyen pondéré,Bœuf,2023,12,,2023-03-20,2023-03-26,5.31,0.02,€/kg net
gros_bovins,Gros bovins entrée abattoir — prix moyen pondéré,Bœuf,2023,13,,2023-03-27,2023-04-02,5.33,0.02,€/kg net
gros_bovins,Gros bovins entrée abattoir — prix moyen pondéré,Bœuf,2023,14,,2023-04-03,2023-04-09,5.28,-0.05,€/kg net
gros_bovins,Gros bovins entrée abattoir — prix moyen pondéré,Bœuf,2023,15,,2023-04-10,2023-04-16,5.26,-0.02,€/kg net
gros_bovins,Gros bovins entrée abattoir — prix moyen pondéré,Bœuf,2023,16,,2023-04-17,2023-04-23,5.23,-0.03,€/kg net
gros_bovins,Gros bovins entrée abattoir — prix moyen pondéré,Bœuf,2023,17,,2023-04-24,2023-04-30,5.22,-0.01,€/kg net
gros_bovins,Gros bovins entrée abattoir — prix moyen pondéré,Bœuf,2023,18,,2023-05-01,2023-05-07,5.19,-0.03,€/kg net
gros_bovins,Gros bovins entrée abattoir — prix moyen pondéré,Bœuf,2023,19,,2023-05-08,2023-05-14,5.18,-0.01,€/kg net
gros_bovins,Gros bovins entrée abattoir — prix moyen pondéré,Bœuf,2023,20,,2023-05-15,2023-05-21,5.18,0,€/kg net
gros_bovins,Gros bovins entrée abattoir — prix moyen pondéré,Bœuf,2023,21,,2023-05-22,2023-05-28,5.18,0,€/kg net
gros_bovins,Gros bovins entrée abattoir — prix moyen pondéré,Bœuf,2023,22,,2023-05-29,2023-06-04,5.19,0.01,€/kg net
gros_bovins,Gros bovins entrée abattoir — prix moyen pondéré,Bœuf,2023,24,,2023-06-12,2023-06-18,5.22,0.01,€/kg net
gros_bovins,Gros bovins entrée abattoir — prix moyen pondéré,Bœuf,2023,25,,2023-06-19,2023-06-25,5.21,-0.01,€/kg net
gros_bovins,Gros bovins entrée abattoir — prix moyen pondéré,Bœuf,2023,26,,2023-06-26,2023-07-02,5.18,-0.03,€/kg net
gros_bovins,Gros bovins entrée abattoir — prix moyen pondéré,Bœuf,2023,27,,2023-07-03,2023-07-09,5.15,-0.03,€/kg net
gros_bovins,Gros bovins entrée abattoir — prix moyen pondéré,Bœuf,2023,28,,2023-07-10,2023-07-16,5.13,-0.02,€/kg net
gros_bovins,Gros bovins entrée abattoir — prix moyen pondéré,Bœuf,2023,29,,2023-07-17,2023-07-23,5.11,-0.02,€/kg net
gros_bovins,Gros bovins entrée abattoir — prix moyen pondéré,Bœuf,2023,30,,2023-07-24,2023-07-30,5.09,-0.02,€/kg net
gros_bovins,Gros bovins entrée abattoir — prix moyen pondéré,Bœuf,2023,31,,2023-07-31,2023-08-06,5.08,-0.01,€/kg net
gros_bovins,Gros bovins entrée abattoir — prix moyen pondéré,Bœuf,2023,32,,2023-08-07,2023-08-13,5.09,0.01,€/kg net
gros_bovins,Gros bovins entrée abattoir — prix moyen pondéré,Bœuf,2023,33,,2023-08-14,2023-08-20,5.11,0.02,€/kg net
gros_bovins,Gros bovins entrée abattoir — prix moyen pondéré,Bœuf,2023,34,,2023-08-21,2023-08-27,5.15,0.04,€/kg net
gros_bovins,Gros bovins entrée abattoir — prix moyen pondéré,Bœuf,2023,35,,2023-08-28,2023-09-03,5.18,0.03,€/kg net
gros_bovins,Gros bovins entrée abattoir — prix moyen pondéré,Bœuf,2023,36,,2023-09-04,2023-09-10,5.21,0.03,€/kg net
gros_bovins,Gros bovins entrée abattoir — prix moyen pondéré,Bœuf,2023,37,,2023-09-11,2023-09-17,5.22,0.01,€/kg net
gros_bovins,Gros bovins entrée abattoir — prix moyen pondéré,Bœuf,2023,38,,2023-09-18,2023-09-24,5.21,-0.01,€/kg net
gros_bovins,Gros bovins entrée abattoir — prix moyen pondéré,Bœuf,2023,39,,2023-09-25,2023-10-01,5.2,-0.01,€/kg net
gros_bovins,Gros bovins entrée abattoir — prix moyen pondéré,Bœuf,2023,40,,2023-10-02,2023-10-08,5.18,-0.02,€/kg net
gros_bovins,Gros bovins entrée abattoir — prix moyen pondéré,Bœuf,2023,41,,2023-10-09,2023-10-15,5.17,-0.01,€/kg net
gros_bovins,Gros bovins entrée abattoir — prix moyen pondéré,Bœuf,2023,42,,2023-10-16,2023-10-22,5.15,-0.02,€/kg net
gros_bovins,Gros bovins entrée abattoir — prix moyen pondéré,Bœuf,2023,43,,2023-10-23,2023-10-29,5.12,-0.03,€/kg net
gros_bovins,Gros bovins entrée abattoir — prix moyen pondéré,Bœuf,2023,44,,2023-10-30,2023-11-05,5.08,-0.04,€/kg net
gros_bovins,Gros bovins entrée abattoir — prix moyen pondéré,Bœuf,2023,45,,2023-11-06,2023-11-12,5.04,-0.04,€/kg net
gros_bovins,Gros bovins entrée abattoir — prix moyen pondéré,Bœuf,2023,46,,2023-11-13,2023-11-19,4.99,-0.05,€/kg net
gros_bovins,Gros bovins entrée abattoir — prix moyen pondéré,Bœuf,2023,47,,2023-11-20,2023-11-26,4.95,-0.04,€/kg net
gros_bovins,Gros bovins entrée abattoir — prix moyen pondéré,Bœuf,2023,48,,2023-11-27,2023-12-03,4.91,-0.04,€/kg net
gros_bovins,Gros bovins entrée abattoir — prix moyen pondéré,Bœuf,2023,49,,2023-12-04,2023-12-10,4.91,0,€/kg net
gros_bovins,Gros bovins entrée abattoir — prix moyen pondéré,Bœuf,2023,50,,2023-12-11,2023-12-17,4.9,-0.01,€/kg net
gros_bovins,Gros bovins entrée abattoir — prix moyen pondéré,Bœuf,2023,51,,2023-12-18,2023-12-24,4.89,-0.01,€/kg net
gros_bovins,Gros bovins entrée abattoir — prix moyen pondéré,Bœuf,2023,52,,2023-12-25,2023-12-31,4.9,0.01,€/kg net
gros_bovins,Gros bovins entrée abattoir — prix moyen pondéré,Bœuf,2024,1,,2024-01-01,2024-01-07,4.91,0.01,€/kg net
gros_bovins,Gros bovins entrée abattoir — prix moyen pondéré,Bœuf,2024,2,,2024-01-08,2024-01-14,4.94,0.03,€/kg net
gros_bovins,Gros bovins entrée abattoir — prix moyen pondéré,Bœuf,2024,3,,2024-01-15,2024-01-21,4.97,0.03,€/kg net
gros_bovins,Gros bovins entrée abattoir — prix moyen pondéré,Bœuf,2024,4,,2024-01-22,2024-01-28,4.98,0.01,€/kg net
gros_bovins,Gros bovins entrée abattoir — prix moyen pondéré,Bœuf,2024,5,,2024-01-29,2024-02-04,5.01,0.03,€/kg net
gros_bovins,Gros bovins entrée abattoir — prix moyen pondéré,Bœuf,2024,6,,2024-02-05,2024-02-11,5.03,0.02,€/kg net
gros_bovins,Gros bovins entrée abattoir — prix moyen pondéré,Bœuf,2024,7,,2024-02-12,2024-02-18,5.05,0.02,€/kg net
gros_bovins,Gros bovins entrée abattoir — prix moyen pondéré,Bœuf,2024,8,,2024-02-19,2024-02-25,5.04,-0.01,€/kg net
gros_bovins,Gros bovins entrée abattoir — prix moyen pondéré,Bœuf,2024,9,,2024-02-26,2024-03-03,5.05,0.01,€/kg net
gros_bovins,Gros bovins entrée abattoir — prix moyen pondéré,Bœuf,2024,10,,2024-03-04,2024-03-10,5.06,0.01,€/kg net
gros_bovins,Gros bovins entrée abattoir — prix moyen pondéré,Bœuf,2024,11,,2024-03-11,2024-03-17,5.07,0.01,€/kg net
gros_bovins,Gros bovins entrée abattoir — prix moyen pondéré,Bœuf,2024,12,,2024-03-18,2024-03-24,5.09,0.02,€/kg net
gros_bovins,Gros bovins entrée abattoir — prix moyen pondéré,Bœuf,2024,13,,2024-03-25,2024-03-31,5.05,-0.04,€/kg net
gros_bovins,Gros bovins entrée abattoir — prix moyen pondéré,Bœuf,2024,14,,2024-04-01,2024-04-07,5.05,0,€/kg net
gros_bovins,Gros bovins entrée abattoir — prix moyen pondéré,Bœuf,2024,15,,2024-04-08,2024-04-14,5.04,-0.01,€/kg net
gros_bovins,Gros bovins entrée abattoir — prix moyen pondéré,Bœuf,2024,16,,2024-04-15,2024-04-21,5.03,-0.01,€/kg net
gros_bovins,Gros bovins entrée abattoir — prix moyen pondéré,Bœuf,2024,17,,2024-04-22,2024-04-28,5.04,0.01,€/kg net
gros_bovins,Gros bovins entrée abattoir — prix moyen pondéré,Bœuf,2024,18,,2024-04-29,2024-05-05,5.16,,€/kg net
gros_bovins,Gros bovins entrée abattoir — prix moyen pondéré,Bœuf,2024,19,,2024-05-06,2024-05-12,5.18,0.02,€/kg net
gros_bovins,Gros bovins entrée abattoir — prix moyen pondéré,Bœuf,2024,20,,2024-05-13,2024-05-19,5.19,0.01,€/kg net
gros_bovins,Gros bovins entrée abattoir — prix moyen pondéré,Bœuf,2024,21,,2024-05-20,2024-05-26,5.19,0,€/kg net
gros_bovins,Gros bovins entrée abattoir — prix moyen pondéré,Bœuf,2024,22,,2024-05-27,2024-06-02,5.19,0,€/kg net
gros_bovins,Gros bovins entrée abattoir — prix moyen pondéré,Bœuf,2024,23,,2024-06-03,2024-06-09,5.2,0.01,€/kg net
gros_bovins,Gros bovins entrée abattoir — prix moyen pondéré,Bœuf,2024,24,,2024-06-10,2024-06-16,5.21,0.01,€/kg net
gros_bovins,Gros bovins entrée abattoir — prix moyen pondéré,Bœuf,2024,25,,2024-06-17,2024-06-23,5.22,0.01,€/kg net
gros_bovins,Gros bovins entrée abattoir — prix moyen pondéré,Bœuf,2024,26,,2024-06-24,2024-06-30,5.22,0,€/kg net
gros_bovins,Gros bovins entrée abattoir — prix moyen pondéré,Bœuf,2024,27,,2024-07-01,2024-07-07,5.22,0,€/kg net
gros_bovins,Gros bovins entrée abattoir — prix moyen pondéré,Bœuf,2024,28,,2024-07-08,2024-07-14,5.22,0,€/kg net
gros_bovins,Gros bovins entrée abattoir — prix moyen pondéré,Bœuf,2024,29,,2024-07-15,2024-07-21,5.21,-0.01,€/kg net
gros_bovins,Gros bovins entrée abattoir — prix moyen pondéré,Bœuf,2024,30,,2024-07-22,2024-07-28,5.23,0.02,€/kg net
gros_bovins,Gros bovins entrée abattoir — prix moyen pondéré,Bœuf,2024,31,,2024-07-29,2024-08-04,5.23,0,€/kg net
gros_bovins,Gros bovins entrée abattoir — prix moyen pondéré,Bœuf,2024,32,,2024-08-05,2024-08-11,5.26,0.03,€/kg net
gros_bovins,Gros bovins entrée abattoir — prix moyen pondéré,Bœuf,2024,33,,2024-08-12,2024-08-18,5.29,0.03,€/kg net
gros_bovins,Gros bovins entrée abattoir — prix moyen pondéré,Bœuf,2024,34,,2024-08-19,2024-08-25,5.31,0.02,€/kg net
gros_bovins,Gros bovins entrée abattoir — prix moyen pondéré,Bœuf,2024,35,,2024-08-26,2024-09-01,5.33,0.02,€/kg net
gros_bovins,Gros bovins entrée abattoir — prix moyen pondéré,Bœuf,2024,36,,2024-09-02,2024-09-08,5.32,-0.01,€/kg net
gros_bovins,Gros bovins entrée abattoir — prix moyen pondéré,Bœuf,2024,37,,2024-09-09,2024-09-15,5.3,-0.02,€/kg net
gros_bovins,Gros bovins entrée abattoir — prix moyen pondéré,Bœuf,2024,38,,2024-09-16,2024-09-22,5.28,-0.02,€/kg net
gros_bovins,Gros bovins entrée abattoir — prix moyen pondéré,Bœuf,2024,39,,2024-09-23,2024-09-29,5.26,-0.02,€/kg net
gros_bovins,Gros bovins entrée abattoir — prix moyen pondéré,Bœuf,2024,40,,2024-09-30,2024-10-06,5.25,-0.01,€/kg net
gros_bovins,Gros bovins entrée abattoir — prix moyen pondéré,Bœuf,2024,41,,2024-10-07,2024-10-13,5.24,-0.01,€/kg net
gros_bovins,Gros bovins entrée abattoir — prix moyen pondéré,Bœuf,2024,42,,2024-10-14,2024-10-20,5.23,-0.01,€/kg net
gros_bovins,Gros bovins entrée abattoir — prix moyen pondéré,Bœuf,2024,43,,2024-10-21,2024-10-27,5.22,-0.01,€/kg net
gros_bovins,Gros bovins entrée abattoir — prix moyen pondéré,Bœuf,2024,44,,2024-10-28,2024-11-03,5.22,0,€/kg net
gros_bovins,Gros bovins entrée abattoir — prix moyen pondéré,Bœuf,2024,45,,2024-11-04,2024-11-10,5.23,0.01,€/kg net
gros_bovins,Gros bovins entrée abattoir — prix moyen pondéré,Bœuf,2024,46,,2024-11-11,2024-11-17,5.25,0.02,€/kg net
gros_bovins,Gros bovins entrée abattoir — prix moyen pondéré,Bœuf,2024,47,,2024-11-18,2024-11-24,5.26,0.01,€/kg net
gros_bovins,Gros bovins entrée abattoir — prix moyen pondéré,Bœuf,2024,48,,2024-11-25,2024-12-01,5.29,0.03,€/kg net
gros_bovins,Gros bovins entrée abattoir — prix moyen pondéré,Bœuf,2024,49,,2024-12-02,2024-12-08,5.31,0.02,€/kg net
gros_bovins,Gros bovins entrée abattoir — prix moyen pondéré,Bœuf,2024,50,,2024-12-09,2024-12-15,5.36,0.05,€/kg net
gros_bovins,Gros bovins entrée abattoir — prix moyen pondéré,Bœuf,2024,51,,2024-12-16,2024-12-22,5.3,-0.06,€/kg net
gros_bovins,Gros bovins entrée abattoir — prix moyen pondéré,Bœuf,2024,52,,2024-12-23,2024-12-29,5.3,0,€/kg net
gros_bovins,Gros bovins entrée abattoir — prix moyen pondéré,Bœuf,2025,1,,2024-12-30,2025-01-05,5.32,0.02,€/kg net
gros_bovins,Gros bovins entrée abattoir — prix moyen pondéré,Bœuf,2025,2,,2025-01-06,2025-01-12,5.34,0.02,€/kg net
gros_bovins,Gros bovins entrée abattoir — prix moyen pondéré,Bœuf,2025,3,,2025-01-13,2025-01-19,5.36,0.02,€/kg net
gros_bovins,Gros bovins entrée abattoir — prix moyen pondéré,Bœuf,2025,4,,2025-01-20,2025-01-26,5.4,0.04,€/kg net
gros_bovins,Gros bovins entrée abattoir — prix moyen pondéré,Bœuf,2025,5,,2025-01-27,2025-02-02,5.44,0.04,€/kg net
gros_bovins,Gros bovins entrée abattoir — prix moyen pondéré,Bœuf,2025,6,,2025-02-03,2025-02-09,5.49,0.05,€/kg net
gros_bovins,Gros bovins entrée abattoir — prix moyen pondéré,Bœuf,2025,7,,2025-02-10,2025-02-16,5.53,0.04,€/kg net
gros_bovins,Gros bovins entrée abattoir — prix moyen pondéré,Bœuf,2025,8,,2025-02-17,2025-02-23,5.6,0.07,€/kg net
gros_bovins,Gros bovins entrée abattoir — prix moyen pondéré,Bœuf,2025,9,,2025-02-24,2025-03-02,5.65,0.05,€/kg net
gros_bovins,Gros bovins entrée abattoir — prix moyen pondéré,Bœuf,2025,10,,2025-03-03,2025-03-09,5.69,0.04,€/kg net
gros_bovins,Gros bovins entrée abattoir — prix moyen pondéré,Bœuf,2025,11,,2025-03-10,2025-03-16,5.73,0.04,€/kg net
gros_bovins,Gros bovins entrée abattoir — prix moyen pondéré,Bœuf,2025,12,,2025-03-17,2025-03-23,5.78,0.05,€/kg net
gros_bovins,Gros bovins entrée abattoir — prix moyen pondéré,Bœuf,2025,13,,2025-03-24,2025-03-30,5.83,0.05,€/kg net
gros_bovins,Gros bovins entrée abattoir — prix moyen pondéré,Bœuf,2025,14,,2025-03-31,2025-04-06,5.9,0.07,€/kg net
gros_bovins,Gros bovins entrée abattoir — prix moyen pondéré,Bœuf,2025,15,,2025-04-07,2025-04-13,5.98,0.08,€/kg net
gros_bovins,Gros bovins entrée abattoir — prix moyen pondéré,Bœuf,2025,16,,2025-04-14,2025-04-20,6,0.02,€/kg net
gros_bovins,Gros bovins entrée abattoir — prix moyen pondéré,Bœuf,2025,17,,2025-04-21,2025-04-27,6.06,0.06,€/kg net
gros_bovins,Gros bovins entrée abattoir — prix moyen pondéré,Bœuf,2025,18,,2025-04-28,2025-05-04,6.11,0.05,€/kg net
gros_bovins,Gros bovins entrée abattoir — prix moyen pondéré,Bœuf,2025,19,,2025-05-05,2025-05-11,6.18,0.07,€/kg net
gros_bovins,Gros bovins entrée abattoir — prix moyen pondéré,Bœuf,2025,20,,2025-05-12,2025-05-18,6.24,0.06,€/kg net
gros_bovins,Gros bovins entrée abattoir — prix moyen pondéré,Bœuf,2025,21,,2025-05-19,2025-05-25,6.29,0.05,€/kg net
gros_bovins,Gros bovins entrée abattoir — prix moyen pondéré,Bœuf,2025,22,,2025-05-26,2025-06-01,6.32,0.03,€/kg net
gros_bovins,Gros bovins entrée abattoir — prix moyen pondéré,Bœuf,2025,23,,2025-06-02,2025-06-08,6.36,0.04,€/kg net
gros_bovins,Gros bovins entrée abattoir — prix moyen pondéré,Bœuf,2025,24,,2025-06-09,2025-06-15,6.4,0.04,€/kg net
gros_bovins,Gros bovins entrée abattoir — prix moyen pondéré,Bœuf,2025,25,,2025-06-16,2025-06-22,6.43,0.03,€/kg net
gros_bovins,Gros bovins entrée abattoir — prix moyen pondéré,Bœuf,2025,26,,2025-06-23,2025-06-29,6.46,0.03,€/kg net
gros_bovins,Gros bovins entrée abattoir — prix moyen pondéré,Bœuf,2025,27,,2025-06-30,2025-07-06,6.47,0.01,€/kg net
gros_bovins,Gros bovins entrée abattoir — prix moyen pondéré,Bœuf,2025,28,,2025-07-07,2025-07-13,6.48,0.01,€/kg net
gros_bovins,Gros bovins entrée abattoir — prix moyen pondéré,Bœuf,2025,29,,2025-07-14,2025-07-20,6.48,0,€/kg net
gros_bovins,Gros bovins entrée abattoir — prix moyen pondéré,Bœuf,2025,30,,2025-07-21,2025-07-27,6.47,-0.01,€/kg net
gros_bovins,Gros bovins entrée abattoir — prix moyen pondéré,Bœuf,2025,31,,2025-07-28,2025-08-03,6.5,0.03,€/kg net
gros_bovins,Gros bovins entrée abattoir — prix moyen pondéré,Bœuf,2025,32,,2025-08-04,2025-08-10,6.55,0.05,€/kg net
gros_bovins,Gros bovins entrée abattoir — prix moyen pondéré,Bœuf,2025,33,,2025-08-11,2025-08-17,6.62,0.07,€/kg net
gros_bovins,Gros bovins entrée abattoir — prix moyen pondéré,Bœuf,2025,34,,2025-08-18,2025-08-24,6.69,0.07,€/kg net
gros_bovins,Gros bovins entrée abattoir — prix moyen pondéré,Bœuf,2025,35,,2025-08-25,2025-08-31,6.77,0.08,€/kg net
gros_bovins,Gros bovins entrée abattoir — prix moyen pondéré,Bœuf,2025,36,,2025-09-01,2025-09-07,6.82,0.05,€/kg net
gros_bovins,Gros bovins entrée abattoir — prix moyen pondéré,Bœuf,2025,37,,2025-09-08,2025-09-14,6.88,0.06,€/kg net
gros_bovins,Gros bovins entrée abattoir — prix moyen pondéré,Bœuf,2025,38,,2025-09-15,2025-09-21,6.94,0.06,€/kg net
gros_bovins,Gros bovins entrée abattoir — prix moyen pondéré,Bœuf,2025,39,,2025-09-22,2025-09-28,7,0.06,€/kg net
gros_bovins,Gros bovins entrée abattoir — prix moyen pondéré,Bœuf,2025,40,,2025-09-29,2025-10-05,7.06,0.06,€/kg net
gros_bovins,Gros bovins entrée abattoir — prix moyen pondéré,Bœuf,2025,41,,2025-10-06,2025-10-12,7.12,0.06,€/kg net
gros_bovins,Gros bovins entrée abattoir — prix moyen pondéré,Bœuf,2025,42,,2025-10-13,2025-10-19,7.16,0.04,€/kg net
gros_bovins,Gros bovins entrée abattoir — prix moyen pondéré,Bœuf,2025,43,,2025-10-20,2025-10-26,7.19,0.03,€/kg net
gros_bovins,Gros bovins entrée abattoir — prix moyen pondéré,Bœuf,2025,44,,2025-10-27,2025-11-02,7.17,-0.02,€/kg net
gros_bovins,Gros bovins entrée abattoir — prix moyen pondéré,Bœuf,2025,45,,2025-11-03,2025-11-09,7.15,-0.02,€/kg net
gros_bovins,Gros bovins entrée abattoir — prix moyen pondéré,Bœuf,2025,46,,2025-11-10,2025-11-16,7.14,-0.01,€/kg net
gros_bovins,Gros bovins entrée abattoir — prix moyen pondéré,Bœuf,2025,47,,2025-11-17,2025-11-23,7.14,0,€/kg net
gros_bovins,Gros bovins entrée abattoir — prix moyen pondéré,Bœuf,2025,48,,2025-11-24,2025-11-30,7.12,-0.02,€/kg net
gros_bovins,Gros bovins entrée abattoir — prix moyen pondéré,Bœuf,2025,49,,2025-12-01,2025-12-07,7.14,0.02,€/kg net
gros_bovins,Gros bovins entrée abattoir — prix moyen pondéré,Bœuf,2025,50,,2025-12-08,2025-12-14,7.16,0.02,€/kg net
gros_bovins,Gros bovins entrée abattoir — prix moyen pondéré,Bœuf,2025,51,,2025-12-15,2025-12-21,7.11,-0.05,€/kg net
gros_bovins,Gros bovins entrée abattoir — prix moyen pondéré,Bœuf,2025,52,,2025-12-22,2025-12-28,7.11,0,€/kg net
gros_bovins,Gros bovins entrée abattoir — prix moyen pondéré,Bœuf,2026,1,,2025-12-29,2026-01-04,7.12,0.01,€/kg net
gros_bovins,Gros bovins entrée abattoir — prix moyen pondéré,Bœuf,2026,2,,2026-01-05,2026-01-11,7.15,0.03,€/kg net
gros_bovins,Gros bovins entrée abattoir — prix moyen pondéré,Bœuf,2026,3,,2026-01-12,2026-01-18,7.19,0.04,€/kg net
gros_bovins,Gros bovins entrée abattoir — prix moyen pondéré,Bœuf,2026,4,,2026-01-19,2026-01-25,7.21,0.02,€/kg net
gros_bovins,Gros bovins entrée abattoir — prix moyen pondéré,Bœuf,2026,5,,2026-01-26,2026-02-01,7.25,0.04,€/kg net
gros_bovins,Gros bovins entrée abattoir — prix moyen pondéré,Bœuf,2026,6,,2026-02-02,2026-02-08,7.29,0.04,€/kg net
gros_bovins,Gros bovins entrée abattoir — prix moyen pondéré,Bœuf,2026,7,,2026-02-09,2026-02-15,7.31,0.02,€/kg net
gros_bovins,Gros bovins entrée abattoir — prix moyen pondéré,Bœuf,2026,8,,2026-02-16,2026-02-22,7.33,0.02,€/kg net
gros_bovins,Gros bovins entrée abattoir — prix moyen pondéré,Bœuf,2026,9,,2026-02-23,2026-03-01,7.36,0.03,€/kg net
gros_bovins,Gros bovins entrée abattoir — prix moyen pondéré,Bœuf,2026,10,,2026-03-02,2026-03-08,7.36,0,€/kg net
gros_bovins,Gros bovins entrée abattoir — prix moyen pondéré,Bœuf,2026,11,,2026-03-09,2026-03-15,7.38,0.02,€/kg net
gros_bovins,Gros bovins entrée abattoir — prix moyen pondéré,Bœuf,2026,12,,2026-03-16,2026-03-22,7.39,0.01,€/kg net
gros_bovins,Gros bovins entrée abattoir — prix moyen pondéré,Bœuf,2026,13,,2026-03-23,2026-03-29,7.41,0.02,€/kg net
gros_bovins,Gros bovins entrée abattoir — prix moyen pondéré,Bœuf,2026,14,,2026-03-30,2026-04-05,7.37,-0.04,€/kg net
gros_bovins,Gros bovins entrée abattoir — prix moyen pondéré,Bœuf,2026,15,,2026-04-06,2026-04-12,7.34,-0.03,€/kg net
gros_bovins,Gros bovins entrée abattoir — prix moyen pondéré,Bœuf,2026,16,,2026-04-13,2026-04-19,7.28,-0.06,€/kg net
gros_bovins,Gros bovins entrée abattoir — prix moyen pondéré,Bœuf,2026,17,,2026-04-20,2026-04-26,7.18,-0.1,€/kg net
gros_bovins,Gros bovins entrée abattoir — prix moyen pondéré,Bœuf,2026,18,,2026-04-27,2026-05-03,7.09,-0.09,€/kg net
gros_bovins,Gros bovins entrée abattoir — prix moyen pondéré,Bœuf,2026,19,,2026-05-04,2026-05-10,7,-0.09,€/kg net
gros_bovins,Gros bovins entrée abattoir — prix moyen pondéré,Bœuf,2026,20,,2026-05-11,2026-05-17,6.95,-0.05,€/kg net
gros_bovins,Gros bovins entrée abattoir — prix moyen pondéré,Bœuf,2026,21,,2026-05-18,2026-05-24,6.89,-0.06,€/kg net
gros_bovins,Gros bovins entrée abattoir — prix moyen pondéré,Bœuf,2026,22,,2026-05-25,2026-05-31,6.9,0.01,€/kg net
gros_bovins,Gros bovins entrée abattoir — prix moyen pondéré,Bœuf,2026,23,,2026-06-01,2026-06-07,6.88,-0.02,€/kg net
gros_bovins,Gros bovins entrée abattoir — prix moyen pondéré,Bœuf,2026,24,,2026-06-08,2026-06-14,6.88,0,€/kg net
gros_bovins,Gros bovins entrée abattoir — prix moyen pondéré,Bœuf,2026,25,,2026-06-15,2026-06-21,6.88,0,€/kg net
gros_bovins,Gros bovins entrée abattoir — prix moyen pondéré,Bœuf,2026,26,,2026-06-22,2026-06-28,6.88,0,€/kg net
gros_bovins,Gros bovins entrée abattoir — prix moyen pondéré,Bœuf,2026,27,,2026-06-29,2026-07-05,6.88,0,€/kg net
gros_bovins,Gros bovins entrée abattoir — prix moyen pondéré,Bœuf,2026,28,,2026-07-06,2026-07-12,6.84,-0.04,€/kg net
gros_bovins,Gros bovins entrée abattoir — prix moyen pondéré,Bœuf,2026,29,,2026-07-13,2026-07-19,6.78,-0.06,€/kg net
gros_bovins,Gros bovins entrée abattoir — prix moyen pondéré,Bœuf,2026,30,,2026-07-20,2026-07-26,6.69,-0.09,€/kg net
gros_bovins,Gros bovins entrée abattoir — prix moyen pondéré,Bœuf,2026,31,,2026-07-27,2026-08-02,6.63,-0.06,€/kg net
gros_bovins,Gros bovins entrée abattoir — prix moyen pondéré,Bœuf,2026,32,,2026-08-03,2026-08-09,6.6,-0.03,€/kg net
gros_bovins,Gros bovins entrée abattoir — prix moyen pondéré,Bœuf,2026,33,,2026-08-10,2026-08-16,6.58,-0.02,€/kg net
gros_bovins,Gros bovins entrée abattoir — prix moyen pondéré,Bœuf,2026,34,,2026-08-17,2026-08-23,6.58,0,€/kg net
gros_bovins,Gros bovins entrée abattoir — prix moyen pondéré,Bœuf,2026,35,,2026-08-24,2026-08-30,6.6,0.02,€/kg net
gros_bovins,Gros bovins entrée abattoir — prix moyen pondéré,Bœuf,2026,36,,2026-08-31,2026-09-06,6.59,-0.01,€/kg net
gros_bovins,Gros bovins entrée abattoir — prix moyen pondéré,Bœuf,2026,37,,2026-09-07,2026-09-13,6.6,0.01,€/kg net
gros_bovins,Gros bovins entrée abattoir — prix moyen pondéré,Bœuf,2026,38,,2026-09-14,2026-09-20,6.61,0.01,€/kg net
gros_bovins_siqo,"Gros bovins SIQO (Label rouge, AOP…) — prix moyen pondéré",Bœuf,2023,,5,2023-05-01,2023-05-31,5.89,-0.01,€/kg net
gros_bovins_siqo,"Gros bovins SIQO (Label rouge, AOP…) — prix moyen pondéré",Bœuf,2023,,6,2023-06-01,2023-06-30,5.88,-0.01,€/kg net
gros_bovins_siqo,"Gros bovins SIQO (Label rouge, AOP…) — prix moyen pondéré",Bœuf,2023,,7,2023-07-01,2023-07-31,5.89,0.01,€/kg net
gros_bovins_siqo,"Gros bovins SIQO (Label rouge, AOP…) — prix moyen pondéré",Bœuf,2023,,8,2023-08-01,2023-08-31,5.92,0.03,€/kg net
gros_bovins_siqo,"Gros bovins SIQO (Label rouge, AOP…) — prix moyen pondéré",Bœuf,2023,,10,2023-10-01,2023-10-31,6,0.03,€/kg net
gros_bovins_siqo,"Gros bovins SIQO (Label rouge, AOP…) — prix moyen pondéré",Bœuf,2023,,11,2023-11-01,2023-11-30,5.99,-0.01,€/kg net
gros_bovins_siqo,"Gros bovins SIQO (Label rouge, AOP…) — prix moyen pondéré",Bœuf,2023,,12,2023-12-01,2023-12-31,6.04,0.05,€/kg net
gros_bovins_siqo,"Gros bovins SIQO (Label rouge, AOP…) — prix moyen pondéré",Bœuf,2024,,1,2024-01-01,2024-01-31,5.98,-0.06,€/kg net
gros_bovins_siqo,"Gros bovins SIQO (Label rouge, AOP…) — prix moyen pondéré",Bœuf,2024,,2,2024-02-01,2024-02-29,5.99,0.01,€/kg net
gros_bovins_siqo,"Gros bovins SIQO (Label rouge, AOP…) — prix moyen pondéré",Bœuf,2024,,3,2024-03-01,2024-03-31,6.04,0.05,€/kg net
gros_bovins_siqo,"Gros bovins SIQO (Label rouge, AOP…) — prix moyen pondéré",Bœuf,2024,,4,2024-04-01,2024-04-30,6.03,-0.01,€/kg net
gros_bovins_siqo,"Gros bovins SIQO (Label rouge, AOP…) — prix moyen pondéré",Bœuf,2024,,5,2024-05-01,2024-05-31,6.05,0.02,€/kg net
gros_bovins_siqo,"Gros bovins SIQO (Label rouge, AOP…) — prix moyen pondéré",Bœuf,2024,,6,2024-06-01,2024-06-30,6.03,-0.02,€/kg net
gros_bovins_siqo,"Gros bovins SIQO (Label rouge, AOP…) — prix moyen pondéré",Bœuf,2024,,7,2024-07-01,2024-07-31,6.05,0.02,€/kg net
gros_bovins_siqo,"Gros bovins SIQO (Label rouge, AOP…) — prix moyen pondéré",Bœuf,2024,,8,2024-08-01,2024-08-31,6.06,0.01,€/kg net
gros_bovins_siqo,"Gros bovins SIQO (Label rouge, AOP…) — prix moyen pondéré",Bœuf,2024,,9,2024-09-01,2024-09-30,6.05,-0.01,€/kg net
gros_bovins_siqo,"Gros bovins SIQO (Label rouge, AOP…) — prix moyen pondéré",Bœuf,2024,,10,2024-10-01,2024-10-31,6.06,0.01,€/kg net
gros_bovins_siqo,"Gros bovins SIQO (Label rouge, AOP…) — prix moyen pondéré",Bœuf,2024,,11,2024-11-01,2024-11-30,6.09,0.03,€/kg net
gros_bovins_siqo,"Gros bovins SIQO (Label rouge, AOP…) — prix moyen pondéré",Bœuf,2024,,12,2024-12-01,2024-12-31,6.2,0.11,€/kg net
gros_bovins_siqo,"Gros bovins SIQO (Label rouge, AOP…) — prix moyen pondéré",Bœuf,2025,,1,2025-01-01,2025-01-31,6.11,-0.09,€/kg net
gros_bovins_siqo,"Gros bovins SIQO (Label rouge, AOP…) — prix moyen pondéré",Bœuf,2025,,2,2025-02-01,2025-02-28,6.17,0.06,€/kg net
gros_bovins_siqo,"Gros bovins SIQO (Label rouge, AOP…) — prix moyen pondéré",Bœuf,2025,,3,2025-03-01,2025-03-31,6.31,0.14,€/kg net
gros_bovins_siqo,"Gros bovins SIQO (Label rouge, AOP…) — prix moyen pondéré",Bœuf,2025,,4,2025-04-01,2025-04-30,6.47,0.16,€/kg net
gros_bovins_siqo,"Gros bovins SIQO (Label rouge, AOP…) — prix moyen pondéré",Bœuf,2025,,5,2025-05-01,2025-05-31,6.59,0.12,€/kg net
gros_bovins_siqo,"Gros bovins SIQO (Label rouge, AOP…) — prix moyen pondéré",Bœuf,2025,,6,2025-06-01,2025-06-30,6.79,0.2,€/kg net
gros_bovins_siqo,"Gros bovins SIQO (Label rouge, AOP…) — prix moyen pondéré",Bœuf,2025,,7,2025-07-01,2025-07-31,6.99,0.2,€/kg net
gros_bovins_siqo,"Gros bovins SIQO (Label rouge, AOP…) — prix moyen pondéré",Bœuf,2025,,8,2025-08-01,2025-08-31,7.13,0.14,€/kg net
gros_bovins_siqo,"Gros bovins SIQO (Label rouge, AOP…) — prix moyen pondéré",Bœuf,2025,,9,2025-09-01,2025-09-30,7.47,0.34,€/kg net
gros_bovins_siqo,"Gros bovins SIQO (Label rouge, AOP…) — prix moyen pondéré",Bœuf,2025,,10,2025-10-01,2025-10-31,7.7,0.23,€/kg net
gros_bovins_siqo,"Gros bovins SIQO (Label rouge, AOP…) — prix moyen pondéré",Bœuf,2025,,11,2025-11-01,2025-11-30,7.87,0.17,€/kg net
gros_bovins_siqo,"Gros bovins SIQO (Label rouge, AOP…) — prix moyen pondéré",Bœuf,2025,,12,2025-12-01,2025-12-31,7.95,0.08,€/kg net
gros_bovins_siqo,"Gros bovins SIQO (Label rouge, AOP…) — prix moyen pondéré",Bœuf,2026,,1,2026-01-01,2026-01-31,7.96,0.01,€/kg net
gros_bovins_siqo,"Gros bovins SIQO (Label rouge, AOP…) — prix moyen pondéré",Bœuf,2026,,2,2026-02-01,2026-02-28,8.06,0.1,€/kg net
gros_bovins_siqo,"Gros bovins SIQO (Label rouge, AOP…) — prix moyen pondéré",Bœuf,2026,,3,2026-03-01,2026-03-31,8.19,0.13,€/kg net
gros_bovins_siqo,"Gros bovins SIQO (Label rouge, AOP…) — prix moyen pondéré",Bœuf,2026,,4,2026-04-01,2026-04-30,8.13,-0.06,€/kg net
gros_bovins_siqo,"Gros bovins SIQO (Label rouge, AOP…) — prix moyen pondéré",Bœuf,2026,,5,2026-05-01,2026-05-31,7.96,-0.17,€/kg net
gros_bovins_siqo,"Gros bovins SIQO (Label rouge, AOP…) — prix moyen pondéré",Bœuf,2026,,6,2026-06-01,2026-06-30,7.88,-0.08,€/kg net
gros_bovins_siqo,"Gros bovins SIQO (Label rouge, AOP…) — prix moyen pondéré",Bœuf,2026,,7,2026-07-01,2026-07-31,7.88,0,€/kg net
gros_bovins_siqo,"Gros bovins SIQO (Label rouge, AOP…) — prix moyen pondéré",Bœuf,2026,,8,2026-08-01,2026-08-31,7.83,-0.05,€/kg net
gros_bovins_bio,Gros bovins bio — prix moyen pondéré,Bœuf,2023,,5,2023-05-01,2023-05-31,5.57,-0.05,€/kg net
gros_bovins_bio,Gros bovins bio — prix moyen pondéré,Bœuf,2023,,6,2023-06-01,2023-06-30,5.52,-0.05,€/kg net
gros_bovins_bio,Gros bovins bio — prix moyen pondéré,Bœuf,2023,,7,2023-07-01,2023-07-31,5.46,-0.06,€/kg net
gros_bovins_bio,Gros bovins bio — prix moyen pondéré,Bœuf,2023,,8,2023-08-01,2023-08-31,5.5,0.04,€/kg net
gros_bovins_bio,Gros bovins bio — prix moyen pondéré,Bœuf,2023,,10,2023-10-01,2023-10-31,5.43,-0.07,€/kg net
gros_bovins_bio,Gros bovins bio — prix moyen pondéré,Bœuf,2023,,11,2023-11-01,2023-11-30,5.36,-0.07,€/kg net
gros_bovins_bio,Gros bovins bio — prix moyen pondéré,Bœuf,2023,,12,2023-12-01,2023-12-31,5.27,-0.09,€/kg net
gros_bovins_bio,Gros bovins bio — prix moyen pondéré,Bœuf,2024,,1,2024-01-01,2024-01-31,5.31,0.04,€/kg net
gros_bovins_bio,Gros bovins bio — prix moyen pondéré,Bœuf,2024,,2,2024-02-01,2024-02-29,5.34,0.03,€/kg net
gros_bovins_bio,Gros bovins bio — prix moyen pondéré,Bœuf,2024,,3,2024-03-01,2024-03-31,5.48,0.14,€/kg net
gros_bovins_bio,Gros bovins bio — prix moyen pondéré,Bœuf,2024,,4,2024-04-01,2024-04-30,5.49,0.01,€/kg net
gros_bovins_bio,Gros bovins bio — prix moyen pondéré,Bœuf,2024,,5,2024-05-01,2024-05-31,5.56,0.07,€/kg net
gros_bovins_bio,Gros bovins bio — prix moyen pondéré,Bœuf,2024,,6,2024-06-01,2024-06-30,5.41,-0.15,€/kg net
gros_bovins_bio,Gros bovins bio — prix moyen pondéré,Bœuf,2024,,7,2024-07-01,2024-07-31,5.47,0.06,€/kg net
gros_bovins_bio,Gros bovins bio — prix moyen pondéré,Bœuf,2024,,8,2024-08-01,2024-08-31,5.53,0.06,€/kg net
gros_bovins_bio,Gros bovins bio — prix moyen pondéré,Bœuf,2024,,9,2024-09-01,2024-09-30,5.48,-0.05,€/kg net
gros_bovins_bio,Gros bovins bio — prix moyen pondéré,Bœuf,2024,,10,2024-10-01,2024-10-31,5.43,-0.05,€/kg net
gros_bovins_bio,Gros bovins bio — prix moyen pondéré,Bœuf,2024,,11,2024-11-01,2024-11-30,5.41,-0.02,€/kg net
gros_bovins_bio,Gros bovins bio — prix moyen pondéré,Bœuf,2024,,12,2024-12-01,2024-12-31,5.48,0.07,€/kg net
gros_bovins_bio,Gros bovins bio — prix moyen pondéré,Bœuf,2025,,1,2025-01-01,2025-01-31,5.5,0.02,€/kg net
gros_bovins_bio,Gros bovins bio — prix moyen pondéré,Bœuf,2025,,2,2025-02-01,2025-02-28,5.67,0.17,€/kg net
gros_bovins_bio,Gros bovins bio — prix moyen pondéré,Bœuf,2025,,3,2025-03-01,2025-03-31,5.87,0.2,€/kg net
gros_bovins_bio,Gros bovins bio — prix moyen pondéré,Bœuf,2025,,4,2025-04-01,2025-04-30,6.14,0.27,€/kg net
gros_bovins_bio,Gros bovins bio — prix moyen pondéré,Bœuf,2025,,5,2025-05-01,2025-05-31,6.43,0.29,€/kg net
gros_bovins_bio,Gros bovins bio — prix moyen pondéré,Bœuf,2025,,6,2025-06-01,2025-06-30,6.54,0.11,€/kg net
gros_bovins_bio,Gros bovins bio — prix moyen pondéré,Bœuf,2025,,7,2025-07-01,2025-07-31,6.64,0.1,€/kg net
gros_bovins_bio,Gros bovins bio — prix moyen pondéré,Bœuf,2025,,8,2025-08-01,2025-08-31,6.8,0.16,€/kg net
gros_bovins_bio,Gros bovins bio — prix moyen pondéré,Bœuf,2025,,9,2025-09-01,2025-09-30,7.07,0.27,€/kg net
gros_bovins_bio,Gros bovins bio — prix moyen pondéré,Bœuf,2025,,10,2025-10-01,2025-10-31,7.29,0.22,€/kg net
gros_bovins_bio,Gros bovins bio — prix moyen pondéré,Bœuf,2025,,11,2025-11-01,2025-11-30,7.31,0.02,€/kg net
gros_bovins_bio,Gros bovins bio — prix moyen pondéré,Bœuf,2025,,12,2025-12-01,2025-12-31,7.29,-0.02,€/kg net
gros_bovins_bio,Gros bovins bio — prix moyen pondéré,Bœuf,2026,,1,2026-01-01,2026-01-31,7.38,0.09,€/kg net
gros_bovins_bio,Gros bovins bio — prix moyen pondéré,Bœuf,2026,,2,2026-02-01,2026-02-28,7.62,0.24,€/kg net
gros_bovins_bio,Gros bovins bio — prix moyen pondéré,Bœuf,2026,,3,2026-03-01,2026-03-31,7.78,0.16,€/kg net
gros_bovins_bio,Gros bovins bio — prix moyen pondéré,Bœuf,2026,,4,2026-04-01,2026-04-30,7.71,-0.07,€/kg net
gros_bovins_bio,Gros bovins bio — prix moyen pondéré,Bœuf,2026,,5,2026-05-01,2026-05-31,7.37,-0.34,€/kg net
gros_bovins_bio,Gros bovins bio — prix moyen pondéré,Bœuf,2026,,6,2026-06-01,2026-06-30,7.32,-0.05,€/kg net
gros_bovins_bio,Gros bovins bio — prix moyen pondéré,Bœuf,2026,,7,2026-07-01,2026-07-31,7.15,-0.17,€/kg net
gros_bovins_bio,Gros bovins bio — prix moyen pondéré,Bœuf,2026,,8,2026-08-01,2026-08-31,6.97,-0.18,€/kg net
agneau,Agneau — prix moyen pondéré entrée abattoir,Agneau,2023,1,,2023-01-02,2023-01-08,8.43,-0.13,€/kg carcasse
agneau,Agneau — prix moyen pondéré entrée abattoir,Agneau,2023,2,,2023-01-09,2023-01-15,8.28,-0.15,€/kg carcasse
agneau,Agneau — prix moyen pondéré entrée abattoir,Agneau,2023,3,,2023-01-16,2023-01-22,8.22,-0.06,€/kg carcasse
agneau,Agneau — prix moyen pondéré entrée abattoir,Agneau,2023,4,,2023-01-23,2023-01-29,8.12,-0.1,€/kg carcasse
agneau,Agneau — prix moyen pondéré entrée abattoir,Agneau,2023,5,,2023-01-30,2023-02-05,8.03,-0.09,€/kg carcasse
agneau,Agneau — prix moyen pondéré entrée abattoir,Agneau,2023,6,,2023-02-06,2023-02-12,7.97,-0.06,€/kg carcasse
agneau,Agneau — prix moyen pondéré entrée abattoir,Agneau,2023,7,,2023-02-13,2023-02-19,7.86,-0.11,€/kg carcasse
agneau,Agneau — prix moyen pondéré entrée abattoir,Agneau,2023,8,,2023-02-20,2023-02-26,7.83,-0.03,€/kg carcasse
agneau,Agneau — prix moyen pondéré entrée abattoir,Agneau,2023,9,,2023-02-27,2023-03-05,7.84,0.01,€/kg carcasse
agneau,Agneau — prix moyen pondéré entrée abattoir,Agneau,2023,10,,2023-03-06,2023-03-12,7.93,0.09,€/kg carcasse
agneau,Agneau — prix moyen pondéré entrée abattoir,Agneau,2023,11,,2023-03-13,2023-03-19,8.06,0.13,€/kg carcasse
agneau,Agneau — prix moyen pondéré entrée abattoir,Agneau,2023,12,,2023-03-20,2023-03-26,8.19,0.13,€/kg carcasse
agneau,Agneau — prix moyen pondéré entrée abattoir,Agneau,2023,13,,2023-03-27,2023-04-02,8.42,0.23,€/kg carcasse
agneau,Agneau — prix moyen pondéré entrée abattoir,Agneau,2023,14,,2023-04-03,2023-04-09,8.55,0.13,€/kg carcasse
agneau,Agneau — prix moyen pondéré entrée abattoir,Agneau,2023,15,,2023-04-10,2023-04-16,8.44,-0.11,€/kg carcasse
agneau,Agneau — prix moyen pondéré entrée abattoir,Agneau,2023,16,,2023-04-17,2023-04-23,8.44,0,€/kg carcasse
agneau,Agneau — prix moyen pondéré entrée abattoir,Agneau,2023,17,,2023-04-24,2023-04-30,8.47,0.03,€/kg carcasse
agneau,Agneau — prix moyen pondéré entrée abattoir,Agneau,2023,18,,2023-05-01,2023-05-07,8.36,-0.11,€/kg carcasse
agneau,Agneau — prix moyen pondéré entrée abattoir,Agneau,2023,19,,2023-05-08,2023-05-14,8.29,-0.07,€/kg carcasse
agneau,Agneau — prix moyen pondéré entrée abattoir,Agneau,2023,20,,2023-05-15,2023-05-21,8.29,0,€/kg carcasse
agneau,Agneau — prix moyen pondéré entrée abattoir,Agneau,2023,21,,2023-05-22,2023-05-28,8.24,-0.05,€/kg carcasse
agneau,Agneau — prix moyen pondéré entrée abattoir,Agneau,2023,22,,2023-05-29,2023-06-04,8.19,-0.05,€/kg carcasse
agneau,Agneau — prix moyen pondéré entrée abattoir,Agneau,2023,23,,2023-06-05,2023-06-11,8.18,-0.01,€/kg carcasse
agneau,Agneau — prix moyen pondéré entrée abattoir,Agneau,2023,24,,2023-06-12,2023-06-18,8.19,0.01,€/kg carcasse
agneau,Agneau — prix moyen pondéré entrée abattoir,Agneau,2023,25,,2023-06-19,2023-06-25,8.15,-0.04,€/kg carcasse
agneau,Agneau — prix moyen pondéré entrée abattoir,Agneau,2023,26,,2023-06-26,2023-07-02,8.27,0.12,€/kg carcasse
agneau,Agneau — prix moyen pondéré entrée abattoir,Agneau,2023,27,,2023-07-03,2023-07-09,8.21,-0.06,€/kg carcasse
agneau,Agneau — prix moyen pondéré entrée abattoir,Agneau,2023,28,,2023-07-10,2023-07-16,8.17,-0.04,€/kg carcasse
agneau,Agneau — prix moyen pondéré entrée abattoir,Agneau,2023,29,,2023-07-17,2023-07-23,8.18,0.01,€/kg carcasse
agneau,Agneau — prix moyen pondéré entrée abattoir,Agneau,2023,30,,2023-07-24,2023-07-30,8.12,-0.06,€/kg carcasse
agneau,Agneau — prix moyen pondéré entrée abattoir,Agneau,2023,31,,2023-07-31,2023-08-06,8.06,-0.06,€/kg carcasse
agneau,Agneau — prix moyen pondéré entrée abattoir,Agneau,2023,32,,2023-08-07,2023-08-13,8,-0.06,€/kg carcasse
agneau,Agneau — prix moyen pondéré entrée abattoir,Agneau,2023,33,,2023-08-14,2023-08-20,8.02,0.02,€/kg carcasse
agneau,Agneau — prix moyen pondéré entrée abattoir,Agneau,2023,34,,2023-08-21,2023-08-27,8,-0.02,€/kg carcasse
agneau,Agneau — prix moyen pondéré entrée abattoir,Agneau,2023,35,,2023-08-28,2023-09-03,7.96,-0.04,€/kg carcasse
agneau,Agneau — prix moyen pondéré entrée abattoir,Agneau,2023,36,,2023-09-04,2023-09-10,8,0.04,€/kg carcasse
agneau,Agneau — prix moyen pondéré entrée abattoir,Agneau,2023,37,,2023-09-11,2023-09-17,7.98,-0.02,€/kg carcasse
agneau,Agneau — prix moyen pondéré entrée abattoir,Agneau,2023,38,,2023-09-18,2023-09-24,8.04,0.06,€/kg carcasse
agneau,Agneau — prix moyen pondéré entrée abattoir,Agneau,2023,39,,2023-09-25,2023-10-01,8.04,0,€/kg carcasse
agneau,Agneau — prix moyen pondéré entrée abattoir,Agneau,2023,40,,2023-10-02,2023-10-08,8.09,0.05,€/kg carcasse
agneau,Agneau — prix moyen pondéré entrée abattoir,Agneau,2023,41,,2023-10-09,2023-10-15,8.2,0.11,€/kg carcasse
agneau,Agneau — prix moyen pondéré entrée abattoir,Agneau,2023,42,,2023-10-16,2023-10-22,8.34,0.14,€/kg carcasse
agneau,Agneau — prix moyen pondéré entrée abattoir,Agneau,2023,43,,2023-10-23,2023-10-29,8.35,0.01,€/kg carcasse
agneau,Agneau — prix moyen pondéré entrée abattoir,Agneau,2023,44,,2023-10-30,2023-11-05,8.44,0.09,€/kg carcasse
agneau,Agneau — prix moyen pondéré entrée abattoir,Agneau,2023,45,,2023-11-06,2023-11-12,8.53,0.09,€/kg carcasse
agneau,Agneau — prix moyen pondéré entrée abattoir,Agneau,2023,46,,2023-11-13,2023-11-19,8.57,0.04,€/kg carcasse
agneau,Agneau — prix moyen pondéré entrée abattoir,Agneau,2023,47,,2023-11-20,2023-11-26,8.59,0.02,€/kg carcasse
agneau,Agneau — prix moyen pondéré entrée abattoir,Agneau,2023,48,,2023-11-27,2023-12-03,8.72,0.13,€/kg carcasse
agneau,Agneau — prix moyen pondéré entrée abattoir,Agneau,2023,49,,2023-12-04,2023-12-10,8.73,0.01,€/kg carcasse
agneau,Agneau — prix moyen pondéré entrée abattoir,Agneau,2023,50,,2023-12-11,2023-12-17,8.86,0.13,€/kg carcasse
agneau,Agneau — prix moyen pondéré entrée abattoir,Agneau,2023,51,,2023-12-18,2023-12-24,8.91,0.05,€/kg carcasse
agneau,Agneau — prix moyen pondéré entrée abattoir,Agneau,2023,52,,2023-12-25,2023-12-31,8.93,0.02,€/kg carcasse
agneau,Agneau — prix moyen pondéré entrée abattoir,Agneau,2024,1,,2024-01-01,2024-01-07,8.84,-0.09,€/kg carcasse
agneau,Agneau — prix moyen pondéré entrée abattoir,Agneau,2024,2,,2024-01-08,2024-01-14,8.86,0.02,€/kg carcasse
agneau,Agneau — prix moyen pondéré entrée abattoir,Agneau,2024,3,,2024-01-15,2024-01-21,8.81,-0.05,€/kg carcasse
agneau,Agneau — prix moyen pondéré entrée abattoir,Agneau,2024,4,,2024-01-22,2024-01-28,8.72,-0.09,€/kg carcasse
agneau,Agneau — prix moyen pondéré entrée abattoir,Agneau,2024,5,,2024-01-29,2024-02-04,8.59,-0.13,€/kg carcasse
agneau,Agneau — prix moyen pondéré entrée abattoir,Agneau,2024,6,,2024-02-05,2024-02-11,8.5,-0.09,€/kg carcasse
agneau,Agneau — prix moyen pondéré entrée abattoir,Agneau,2024,7,,2024-02-12,2024-02-18,8.48,-0.02,€/kg carcasse
agneau,Agneau — prix moyen pondéré entrée abattoir,Agneau,2024,8,,2024-02-19,2024-02-25,8.53,0.05,€/kg carcasse
agneau,Agneau — prix moyen pondéré entrée abattoir,Agneau,2024,9,,2024-02-26,2024-03-03,8.67,0.14,€/kg carcasse
agneau,Agneau — prix moyen pondéré entrée abattoir,Agneau,2024,10,,2024-03-04,2024-03-10,8.83,0.16,€/kg carcasse
agneau,Agneau — prix moyen pondéré entrée abattoir,Agneau,2024,11,,2024-03-11,2024-03-17,9.07,0.24,€/kg carcasse
agneau,Agneau — prix moyen pondéré entrée abattoir,Agneau,2024,12,,2024-03-18,2024-03-24,9.44,0.37,€/kg carcasse
agneau,Agneau — prix moyen pondéré entrée abattoir,Agneau,2024,13,,2024-03-25,2024-03-31,9.54,0.1,€/kg carcasse
agneau,Agneau — prix moyen pondéré entrée abattoir,Agneau,2024,14,,2024-04-01,2024-04-07,9.5,-0.04,€/kg carcasse
agneau,Agneau — prix moyen pondéré entrée abattoir,Agneau,2024,15,,2024-04-08,2024-04-14,9.56,0.06,€/kg carcasse
agneau,Agneau — prix moyen pondéré entrée abattoir,Agneau,2024,16,,2024-04-15,2024-04-21,9.59,0.03,€/kg carcasse
agneau,Agneau — prix moyen pondéré entrée abattoir,Agneau,2024,17,,2024-04-22,2024-04-28,9.62,0.03,€/kg carcasse
agneau,Agneau — prix moyen pondéré entrée abattoir,Agneau,2024,18,,2024-04-29,2024-05-05,9.69,0.07,€/kg carcasse
agneau,Agneau — prix moyen pondéré entrée abattoir,Agneau,2024,19,,2024-05-06,2024-05-12,9.62,-0.07,€/kg carcasse
agneau,Agneau — prix moyen pondéré entrée abattoir,Agneau,2024,20,,2024-05-13,2024-05-19,9.63,0.01,€/kg carcasse
agneau,Agneau — prix moyen pondéré entrée abattoir,Agneau,2024,21,,2024-05-20,2024-05-26,9.54,-0.09,€/kg carcasse
agneau,Agneau — prix moyen pondéré entrée abattoir,Agneau,2024,22,,2024-05-27,2024-06-02,9.5,-0.04,€/kg carcasse
agneau,Agneau — prix moyen pondéré entrée abattoir,Agneau,2024,23,,2024-06-03,2024-06-09,9.48,-0.02,€/kg carcasse
agneau,Agneau — prix moyen pondéré entrée abattoir,Agneau,2024,24,,2024-06-10,2024-06-16,9.51,0.03,€/kg carcasse
agneau,Agneau — prix moyen pondéré entrée abattoir,Agneau,2024,25,,2024-06-17,2024-06-23,9.38,-0.13,€/kg carcasse
agneau,Agneau — prix moyen pondéré entrée abattoir,Agneau,2024,26,,2024-06-24,2024-06-30,9.34,-0.04,€/kg carcasse
agneau,Agneau — prix moyen pondéré entrée abattoir,Agneau,2024,27,,2024-07-01,2024-07-07,9.26,-0.08,€/kg carcasse
agneau,Agneau — prix moyen pondéré entrée abattoir,Agneau,2024,28,,2024-07-08,2024-07-14,9.28,0.02,€/kg carcasse
agneau,Agneau — prix moyen pondéré entrée abattoir,Agneau,2024,29,,2024-07-15,2024-07-21,9.2,-0.08,€/kg carcasse
agneau,Agneau — prix moyen pondéré entrée abattoir,Agneau,2024,30,,2024-07-22,2024-07-28,9.2,0,€/kg carcasse
agneau,Agneau — prix moyen pondéré entrée abattoir,Agneau,2024,31,,2024-07-29,2024-08-04,9.13,-0.07,€/kg carcasse
agneau,Agneau — prix moyen pondéré entrée abattoir,Agneau,2024,32,,2024-08-05,2024-08-11,9.12,-0.01,€/kg carcasse
agneau,Agneau — prix moyen pondéré entrée abattoir,Agneau,2024,33,,2024-08-12,2024-08-18,9.14,0.02,€/kg carcasse
agneau,Agneau — prix moyen pondéré entrée abattoir,Agneau,2024,34,,2024-08-19,2024-08-25,9.14,0,€/kg carcasse
agneau,Agneau — prix moyen pondéré entrée abattoir,Agneau,2024,35,,2024-08-26,2024-09-01,9.16,0.02,€/kg carcasse
agneau,Agneau — prix moyen pondéré entrée abattoir,Agneau,2024,36,,2024-09-02,2024-09-08,9.26,0.1,€/kg carcasse
agneau,Agneau — prix moyen pondéré entrée abattoir,Agneau,2024,37,,2024-09-09,2024-09-15,9.36,0.1,€/kg carcasse
agneau,Agneau — prix moyen pondéré entrée abattoir,Agneau,2024,38,,2024-09-16,2024-09-22,9.47,0.11,€/kg carcasse
agneau,Agneau — prix moyen pondéré entrée abattoir,Agneau,2024,39,,2024-09-23,2024-09-29,9.58,0.11,€/kg carcasse
agneau,Agneau — prix moyen pondéré entrée abattoir,Agneau,2024,40,,2024-09-30,2024-10-06,9.56,-0.02,€/kg carcasse
agneau,Agneau — prix moyen pondéré entrée abattoir,Agneau,2024,41,,2024-10-07,2024-10-13,9.63,0.07,€/kg carcasse
agneau,Agneau — prix moyen pondéré entrée abattoir,Agneau,2024,42,,2024-10-14,2024-10-20,9.67,0.04,€/kg carcasse
agneau,Agneau — prix moyen pondéré entrée abattoir,Agneau,2024,43,,2024-10-21,2024-10-27,9.67,0,€/kg carcasse
agneau,Agneau — prix moyen pondéré entrée abattoir,Agneau,2024,44,,2024-10-28,2024-11-03,9.79,0.12,€/kg carcasse
agneau,Agneau — prix moyen pondéré entrée abattoir,Agneau,2024,45,,2024-11-04,2024-11-10,9.93,0.14,€/kg carcasse
agneau,Agneau — prix moyen pondéré entrée abattoir,Agneau,2024,46,,2024-11-11,2024-11-17,10.16,0.23,€/kg carcasse
agneau,Agneau — prix moyen pondéré entrée abattoir,Agneau,2024,47,,2024-11-18,2024-11-24,10.23,0.07,€/kg carcasse
agneau,Agneau — prix moyen pondéré entrée abattoir,Agneau,2024,48,,2024-11-25,2024-12-01,10.33,0.1,€/kg carcasse
agneau,Agneau — prix moyen pondéré entrée abattoir,Agneau,2024,49,,2024-12-02,2024-12-08,10.46,0.13,€/kg carcasse
agneau,Agneau — prix moyen pondéré entrée abattoir,Agneau,2024,50,,2024-12-09,2024-12-15,10.49,0.03,€/kg carcasse
agneau,Agneau — prix moyen pondéré entrée abattoir,Agneau,2024,51,,2024-12-16,2024-12-22,10.53,0.04,€/kg carcasse
agneau,Agneau — prix moyen pondéré entrée abattoir,Agneau,2024,52,,2024-12-23,2024-12-29,10.53,0,€/kg carcasse
agneau,Agneau — prix moyen pondéré entrée abattoir,Agneau,2025,1,,2024-12-30,2025-01-05,10.64,0.11,€/kg carcasse
agneau,Agneau — prix moyen pondéré entrée abattoir,Agneau,2025,2,,2025-01-06,2025-01-12,10.47,-0.17,€/kg carcasse
agneau,Agneau — prix moyen pondéré entrée abattoir,Agneau,2025,3,,2025-01-13,2025-01-19,10.43,-0.04,€/kg carcasse
agneau,Agneau — prix moyen pondéré entrée abattoir,Agneau,2025,4,,2025-01-20,2025-01-26,10.31,-0.12,€/kg carcasse
agneau,Agneau — prix moyen pondéré entrée abattoir,Agneau,2025,5,,2025-01-27,2025-02-02,10.11,-0.2,€/kg carcasse
agneau,Agneau — prix moyen pondéré entrée abattoir,Agneau,2025,6,,2025-02-03,2025-02-09,9.87,-0.24,€/kg carcasse
agneau,Agneau — prix moyen pondéré entrée abattoir,Agneau,2025,7,,2025-02-10,2025-02-16,9.83,-0.04,€/kg carcasse
agneau,Agneau — prix moyen pondéré entrée abattoir,Agneau,2025,8,,2025-02-17,2025-02-23,9.78,-0.05,€/kg carcasse
agneau,Agneau — prix moyen pondéré entrée abattoir,Agneau,2025,9,,2025-02-24,2025-03-02,9.85,0.07,€/kg carcasse
agneau,Agneau — prix moyen pondéré entrée abattoir,Agneau,2025,10,,2025-03-03,2025-03-09,9.86,0.01,€/kg carcasse
agneau,Agneau — prix moyen pondéré entrée abattoir,Agneau,2025,11,,2025-03-10,2025-03-16,10.08,0.22,€/kg carcasse
agneau,Agneau — prix moyen pondéré entrée abattoir,Agneau,2025,12,,2025-03-17,2025-03-23,10.25,0.17,€/kg carcasse
agneau,Agneau — prix moyen pondéré entrée abattoir,Agneau,2025,13,,2025-03-24,2025-03-30,10.32,0.07,€/kg carcasse
agneau,Agneau — prix moyen pondéré entrée abattoir,Agneau,2025,14,,2025-03-31,2025-04-06,10.56,0.24,€/kg carcasse
agneau,Agneau — prix moyen pondéré entrée abattoir,Agneau,2025,15,,2025-04-07,2025-04-13,10.92,0.36,€/kg carcasse
agneau,Agneau — prix moyen pondéré entrée abattoir,Agneau,2025,16,,2025-04-14,2025-04-20,11.04,0.12,€/kg carcasse
agneau,Agneau — prix moyen pondéré entrée abattoir,Agneau,2025,17,,2025-04-21,2025-04-27,10.93,-0.11,€/kg carcasse
agneau,Agneau — prix moyen pondéré entrée abattoir,Agneau,2025,18,,2025-04-28,2025-05-04,10.79,-0.14,€/kg carcasse
agneau,Agneau — prix moyen pondéré entrée abattoir,Agneau,2025,19,,2025-05-05,2025-05-11,10.6,-0.19,€/kg carcasse
agneau,Agneau — prix moyen pondéré entrée abattoir,Agneau,2025,20,,2025-05-12,2025-05-18,10.51,-0.09,€/kg carcasse
agneau,Agneau — prix moyen pondéré entrée abattoir,Agneau,2025,21,,2025-05-19,2025-05-25,10.35,-0.16,€/kg carcasse
agneau,Agneau — prix moyen pondéré entrée abattoir,Agneau,2025,22,,2025-05-26,2025-06-01,10.34,-0.01,€/kg carcasse
agneau,Agneau — prix moyen pondéré entrée abattoir,Agneau,2025,23,,2025-06-02,2025-06-08,10.26,-0.08,€/kg carcasse
agneau,Agneau — prix moyen pondéré entrée abattoir,Agneau,2025,24,,2025-06-09,2025-06-15,10.25,-0.01,€/kg carcasse
agneau,Agneau — prix moyen pondéré entrée abattoir,Agneau,2025,25,,2025-06-16,2025-06-22,10.12,-0.13,€/kg carcasse
agneau,Agneau — prix moyen pondéré entrée abattoir,Agneau,2025,26,,2025-06-23,2025-06-29,9.98,-0.14,€/kg carcasse
agneau,Agneau — prix moyen pondéré entrée abattoir,Agneau,2025,27,,2025-06-30,2025-07-06,9.69,-0.29,€/kg carcasse
agneau,Agneau — prix moyen pondéré entrée abattoir,Agneau,2025,28,,2025-07-07,2025-07-13,9.53,-0.16,€/kg carcasse
agneau,Agneau — prix moyen pondéré entrée abattoir,Agneau,2025,29,,2025-07-14,2025-07-20,9.39,-0.14,€/kg carcasse
agneau,Agneau — prix moyen pondéré entrée abattoir,Agneau,2025,30,,2025-07-21,2025-07-27,9.25,-0.14,€/kg carcasse
agneau,Agneau — prix moyen pondéré entrée abattoir,Agneau,2025,31,,2025-07-28,2025-08-03,9.08,-0.17,€/kg carcasse
agneau,Agneau — prix moyen pondéré entrée abattoir,Agneau,2025,32,,2025-08-04,2025-08-10,8.92,-0.16,€/kg carcasse
agneau,Agneau — prix moyen pondéré entrée abattoir,Agneau,2025,33,,2025-08-11,2025-08-17,8.88,-0.04,€/kg carcasse
agneau,Agneau — prix moyen pondéré entrée abattoir,Agneau,2025,34,,2025-08-18,2025-08-24,8.68,-0.2,€/kg carcasse
agneau,Agneau — prix moyen pondéré entrée abattoir,Agneau,2025,35,,2025-08-25,2025-08-31,8.77,0.09,€/kg carcasse
agneau,Agneau — prix moyen pondéré entrée abattoir,Agneau,2025,36,,2025-09-01,2025-09-07,8.7,-0.07,€/kg carcasse
agneau,Agneau — prix moyen pondéré entrée abattoir,Agneau,2025,37,,2025-09-08,2025-09-14,8.69,-0.01,€/kg carcasse
agneau,Agneau — prix moyen pondéré entrée abattoir,Agneau,2025,38,,2025-09-15,2025-09-21,8.7,0.01,€/kg carcasse
agneau,Agneau — prix moyen pondéré entrée abattoir,Agneau,2025,39,,2025-09-22,2025-09-28,8.68,-0.02,€/kg carcasse
agneau,Agneau — prix moyen pondéré entrée abattoir,Agneau,2025,40,,2025-09-29,2025-10-05,8.62,-0.06,€/kg carcasse
agneau,Agneau — prix moyen pondéré entrée abattoir,Agneau,2025,41,,2025-10-06,2025-10-12,8.71,0.09,€/kg carcasse
agneau,Agneau — prix moyen pondéré entrée abattoir,Agneau,2025,42,,2025-10-13,2025-10-19,8.74,0.03,€/kg carcasse
agneau,Agneau — prix moyen pondéré entrée abattoir,Agneau,2025,43,,2025-10-20,2025-10-26,8.81,0.07,€/kg carcasse
agneau,Agneau — prix moyen pondéré entrée abattoir,Agneau,2025,44,,2025-10-27,2025-11-02,8.81,0,€/kg carcasse
agneau,Agneau — prix moyen pondéré entrée abattoir,Agneau,2025,45,,2025-11-03,2025-11-09,8.87,0.06,€/kg carcasse
agneau,Agneau — prix moyen pondéré entrée abattoir,Agneau,2025,46,,2025-11-10,2025-11-16,9.02,0.15,€/kg carcasse
agneau,Agneau — prix moyen pondéré entrée abattoir,Agneau,2025,47,,2025-11-17,2025-11-23,9.27,0.25,€/kg carcasse
agneau,Agneau — prix moyen pondéré entrée abattoir,Agneau,2025,48,,2025-11-24,2025-11-30,9.52,0.25,€/kg carcasse
agneau,Agneau — prix moyen pondéré entrée abattoir,Agneau,2025,49,,2025-12-01,2025-12-07,9.66,0.14,€/kg carcasse
agneau,Agneau — prix moyen pondéré entrée abattoir,Agneau,2025,50,,2025-12-08,2025-12-14,9.82,0.16,€/kg carcasse
agneau,Agneau — prix moyen pondéré entrée abattoir,Agneau,2025,51,,2025-12-15,2025-12-21,9.84,0.02,€/kg carcasse
agneau,Agneau — prix moyen pondéré entrée abattoir,Agneau,2025,52,,2025-12-22,2025-12-28,9.85,0.01,€/kg carcasse
agneau,Agneau — prix moyen pondéré entrée abattoir,Agneau,2026,1,,2025-12-29,2026-01-04,9.96,0.11,€/kg carcasse
agneau,Agneau — prix moyen pondéré entrée abattoir,Agneau,2026,2,,2026-01-05,2026-01-11,9.95,-0.01,€/kg carcasse
agneau,Agneau — prix moyen pondéré entrée abattoir,Agneau,2026,3,,2026-01-12,2026-01-18,9.95,0,€/kg carcasse
agneau,Agneau — prix moyen pondéré entrée abattoir,Agneau,2026,4,,2026-01-19,2026-01-25,10.02,0.07,€/kg carcasse
agneau,Agneau — prix moyen pondéré entrée abattoir,Agneau,2026,5,,2026-01-26,2026-02-01,9.91,-0.11,€/kg carcasse
agneau,Agneau — prix moyen pondéré entrée abattoir,Agneau,2026,6,,2026-02-02,2026-02-08,9.73,-0.18,€/kg carcasse
agneau,Agneau — prix moyen pondéré entrée abattoir,Agneau,2026,7,,2026-02-09,2026-02-15,9.7,-0.03,€/kg carcasse
agneau,Agneau — prix moyen pondéré entrée abattoir,Agneau,2026,8,,2026-02-16,2026-02-22,9.7,0,€/kg carcasse
agneau,Agneau — prix moyen pondéré entrée abattoir,Agneau,2026,9,,2026-02-23,2026-03-01,9.73,0.03,€/kg carcasse
agneau,Agneau — prix moyen pondéré entrée abattoir,Agneau,2026,10,,2026-03-02,2026-03-08,9.94,0.21,€/kg carcasse
agneau,Agneau — prix moyen pondéré entrée abattoir,Agneau,2026,11,,2026-03-09,2026-03-15,10.05,0.11,€/kg carcasse
agneau,Agneau — prix moyen pondéré entrée abattoir,Agneau,2026,12,,2026-03-16,2026-03-22,10.37,0.32,€/kg carcasse
agneau,Agneau — prix moyen pondéré entrée abattoir,Agneau,2026,13,,2026-03-23,2026-03-29,10.74,0.37,€/kg carcasse
agneau,Agneau — prix moyen pondéré entrée abattoir,Agneau,2026,14,,2026-03-30,2026-04-05,10.83,0.09,€/kg carcasse
agneau,Agneau — prix moyen pondéré entrée abattoir,Agneau,2026,15,,2026-04-06,2026-04-12,10.71,-0.12,€/kg carcasse
agneau,Agneau — prix moyen pondéré entrée abattoir,Agneau,2026,16,,2026-04-13,2026-04-19,10.67,-0.04,€/kg carcasse
agneau,Agneau — prix moyen pondéré entrée abattoir,Agneau,2026,17,,2026-04-20,2026-04-26,10.53,-0.14,€/kg carcasse
agneau,Agneau — prix moyen pondéré entrée abattoir,Agneau,2026,18,,2026-04-27,2026-05-03,10.49,-0.04,€/kg carcasse
agneau,Agneau — prix moyen pondéré entrée abattoir,Agneau,2026,19,,2026-05-04,2026-05-10,10.5,0.01,€/kg carcasse
agneau,Agneau — prix moyen pondéré entrée abattoir,Agneau,2026,20,,2026-05-11,2026-05-17,10.55,0.05,€/kg carcasse
agneau,Agneau — prix moyen pondéré entrée abattoir,Agneau,2026,21,,2026-05-18,2026-05-24,10.55,0,€/kg carcasse
agneau,Agneau — prix moyen pondéré entrée abattoir,Agneau,2026,22,,2026-05-25,2026-05-31,10.52,-0.03,€/kg carcasse
agneau,Agneau — prix moyen pondéré entrée abattoir,Agneau,2026,23,,2026-06-01,2026-06-07,10.46,-0.06,€/kg carcasse
agneau,Agneau — prix moyen pondéré entrée abattoir,Agneau,2026,24,,2026-06-08,2026-06-14,10.42,-0.04,€/kg carcasse
agneau,Agneau — prix moyen pondéré entrée abattoir,Agneau,2026,25,,2026-06-15,2026-06-21,10.3,-0.12,€/kg carcasse
agneau,Agneau — prix moyen pondéré entrée abattoir,Agneau,2026,26,,2026-06-22,2026-06-28,10.08,-0.22,€/kg carcasse
agneau,Agneau — prix moyen pondéré entrée abattoir,Agneau,2026,27,,2026-06-29,2026-07-05,9.56,-0.52,€/kg carcasse
agneau,Agneau — prix moyen pondéré entrée abattoir,Agneau,2026,28,,2026-07-06,2026-07-12,9.39,-0.17,€/kg carcasse
agneau,Agneau — prix moyen pondéré entrée abattoir,Agneau,2026,29,,2026-07-13,2026-07-19,9.32,-0.07,€/kg carcasse
agneau,Agneau — prix moyen pondéré entrée abattoir,Agneau,2026,30,,2026-07-20,2026-07-26,9.27,-0.05,€/kg carcasse
agneau,Agneau — prix moyen pondéré entrée abattoir,Agneau,2026,31,,2026-07-27,2026-08-02,9.12,-0.15,€/kg carcasse
agneau,Agneau — prix moyen pondéré entrée abattoir,Agneau,2026,32,,2026-08-03,2026-08-09,9.11,-0.01,€/kg carcasse
agneau,Agneau — prix moyen pondéré entrée abattoir,Agneau,2026,33,,2026-08-10,2026-08-16,9.06,-0.05,€/kg carcasse
agneau,Agneau — prix moyen pondéré entrée abattoir,Agneau,2026,34,,2026-08-17,2026-08-23,9.02,-0.04,€/kg carcasse
agneau,Agneau — prix moyen pondéré entrée abattoir,Agneau,2026,35,,2026-08-24,2026-08-30,9.06,0.04,€/kg carcasse
agneau,Agneau — prix moyen pondéré entrée abattoir,Agneau,2026,36,,2026-08-31,2026-09-06,9.01,-0.05,€/kg carcasse
agneau,Agneau — prix moyen pondéré entrée abattoir,Agneau,2026,37,,2026-09-07,2026-09-13,9.01,0,€/kg carcasse
agneau,Agneau — prix moyen pondéré entrée abattoir,Agneau,2026,38,,2026-09-14,2026-09-20,9.11,0.1,€/kg carcasse
porc,Porc charcutier — référence nationale classe E,Porc,2023,1,,2022-12-30,2023-01-05,1.95,0.01,€/kg carcasse
porc,Porc charcutier — référence nationale classe E,Porc,2023,2,,2023-01-06,2023-01-12,1.98,0.03,€/kg carcasse
porc,Porc charcutier — référence nationale classe E,Porc,2023,3,,2023-01-13,2023-01-19,2.01,0.03,€/kg carcasse
porc,Porc charcutier — référence nationale classe E,Porc,2023,4,,2023-01-20,2023-01-26,2.06,0.05,€/kg carcasse
porc,Porc charcutier — référence nationale classe E,Porc,2023,5,,2023-01-27,2023-02-02,2.11,0.05,€/kg carcasse
porc,Porc charcutier — référence nationale classe E,Porc,2023,6,,2023-02-03,2023-02-09,2.17,0.06,€/kg carcasse
porc,Porc charcutier — référence nationale classe E,Porc,2023,7,,2023-02-10,2023-02-16,2.22,0.05,€/kg carcasse
porc,Porc charcutier — référence nationale classe E,Porc,2023,8,,2023-02-17,2023-02-23,2.27,0.05,€/kg carcasse
porc,Porc charcutier — référence nationale classe E,Porc,2023,9,,2023-02-24,2023-03-02,2.31,0.04,€/kg carcasse
porc,Porc charcutier — référence nationale classe E,Porc,2023,10,,2023-03-03,2023-03-09,2.38,0.07,€/kg carcasse
porc,Porc charcutier — référence nationale classe E,Porc,2023,11,,2023-03-10,2023-03-16,2.43,0.05,€/kg carcasse
porc,Porc charcutier — référence nationale classe E,Porc,2023,12,,2023-03-17,2023-03-23,2.46,0.03,€/kg carcasse
porc,Porc charcutier — référence nationale classe E,Porc,2023,13,,2023-03-24,2023-03-30,2.46,0,€/kg carcasse
porc,Porc charcutier — référence nationale classe E,Porc,2023,14,,2023-03-31,2023-04-06,2.47,0.01,€/kg carcasse
porc,Porc charcutier — référence nationale classe E,Porc,2023,15,,2023-04-07,2023-04-13,2.46,-0.01,€/kg carcasse
porc,Porc charcutier — référence nationale classe E,Porc,2023,16,,2023-04-14,2023-04-20,2.45,-0.01,€/kg carcasse
porc,Porc charcutier — référence nationale classe E,Porc,2023,17,,2023-04-21,2023-04-27,2.41,-0.04,€/kg carcasse
porc,Porc charcutier — référence nationale classe E,Porc,2023,18,,2023-04-28,2023-05-04,2.36,-0.05,€/kg carcasse
porc,Porc charcutier — référence nationale classe E,Porc,2023,19,,2023-05-05,2023-05-11,2.31,-0.05,€/kg carcasse
porc,Porc charcutier — référence nationale classe E,Porc,2023,20,,2023-05-12,2023-05-18,2.29,-0.02,€/kg carcasse
porc,Porc charcutier — référence nationale classe E,Porc,2023,21,,2023-05-19,2023-05-25,2.27,-0.02,€/kg carcasse
porc,Porc charcutier — référence nationale classe E,Porc,2023,22,,2023-05-26,2023-06-01,2.27,0,€/kg carcasse
porc,Porc charcutier — référence nationale classe E,Porc,2023,23,,2023-06-02,2023-06-08,2.28,0.01,€/kg carcasse
porc,Porc charcutier — référence nationale classe E,Porc,2023,24,,2023-06-09,2023-06-15,2.31,0.03,€/kg carcasse
porc,Porc charcutier — référence nationale classe E,Porc,2023,25,,2023-06-16,2023-06-22,2.35,0.04,€/kg carcasse
porc,Porc charcutier — référence nationale classe E,Porc,2023,26,,2023-06-23,2023-06-29,2.38,0.03,€/kg carcasse
porc,Porc charcutier — référence nationale classe E,Porc,2023,27,,2023-06-30,2023-07-06,2.42,0.04,€/kg carcasse
porc,Porc charcutier — référence nationale classe E,Porc,2023,28,,2023-07-07,2023-07-13,2.43,0.01,€/kg carcasse
porc,Porc charcutier — référence nationale classe E,Porc,2023,29,,2023-07-14,2023-07-20,2.44,0.01,€/kg carcasse
porc,Porc charcutier — référence nationale classe E,Porc,2023,30,,2023-07-21,2023-07-27,2.44,0,€/kg carcasse
porc,Porc charcutier — référence nationale classe E,Porc,2023,31,,2023-07-28,2023-08-03,2.43,-0.01,€/kg carcasse
porc,Porc charcutier — référence nationale classe E,Porc,2023,32,,2023-08-04,2023-08-10,2.39,-0.04,€/kg carcasse
porc,Porc charcutier — référence nationale classe E,Porc,2023,33,,2023-08-11,2023-08-17,2.33,-0.06,€/kg carcasse
porc,Porc charcutier — référence nationale classe E,Porc,2023,34,,2023-08-18,2023-08-24,2.28,-0.05,€/kg carcasse
porc,Porc charcutier — référence nationale classe E,Porc,2023,35,,2023-08-25,2023-08-31,2.22,-0.06,€/kg carcasse
porc,Porc charcutier — référence nationale classe E,Porc,2023,36,,2023-09-01,2023-09-07,2.17,-0.05,€/kg carcasse
porc,Porc charcutier — référence nationale classe E,Porc,2023,37,,2023-09-08,2023-09-14,2.15,-0.02,€/kg carcasse
porc,Porc charcutier — référence nationale classe E,Porc,2023,38,,2023-09-15,2023-09-21,2.16,0.01,€/kg carcasse
porc,Porc charcutier — référence nationale classe E,Porc,2023,39,,2023-09-22,2023-09-28,2.12,-0.04,€/kg carcasse
porc,Porc charcutier — référence nationale classe E,Porc,2023,40,,2023-09-29,2023-10-05,2.1,-0.02,€/kg carcasse
porc,Porc charcutier — référence nationale classe E,Porc,2023,41,,2023-10-06,2023-10-12,2.08,-0.02,€/kg carcasse
porc,Porc charcutier — référence nationale classe E,Porc,2023,42,,2023-10-13,2023-10-19,2.04,-0.04,€/kg carcasse
porc,Porc charcutier — référence nationale classe E,Porc,2023,43,,2023-10-20,2023-10-26,1.99,-0.05,€/kg carcasse
porc,Porc charcutier — référence nationale classe E,Porc,2023,44,,2023-10-27,2023-11-02,1.95,-0.04,€/kg carcasse
porc,Porc charcutier — référence nationale classe E,Porc,2023,45,,2023-11-03,2023-11-09,1.92,-0.03,€/kg carcasse
porc,Porc charcutier — référence nationale classe E,Porc,2023,46,,2023-11-10,2023-11-16,1.9,-0.02,€/kg carcasse
porc,Porc charcutier — référence nationale classe E,Porc,2023,47,,2023-11-17,2023-11-23,1.89,-0.01,€/kg carcasse
porc,Porc charcutier — référence nationale classe E,Porc,2023,48,,2023-11-24,2023-11-30,1.89,0,€/kg carcasse
porc,Porc charcutier — référence nationale classe E,Porc,2023,49,,2023-12-01,2023-12-07,1.9,0.01,€/kg carcasse
porc,Porc charcutier — référence nationale classe E,Porc,2023,50,,2023-12-08,2023-12-14,1.9,0,€/kg carcasse
porc,Porc charcutier — référence nationale classe E,Porc,2023,51,,2023-12-15,2023-12-21,1.9,0,€/kg carcasse
porc,Porc charcutier — référence nationale classe E,Porc,2023,52,,2023-12-22,2023-12-28,1.9,0,€/kg carcasse
porc,Porc charcutier — référence nationale classe E,Porc,2024,1,,2023-12-29,2024-01-04,1.91,0.01,€/kg carcasse
porc,Porc charcutier — référence nationale classe E,Porc,2024,2,,2024-01-05,2024-01-11,1.91,0,€/kg carcasse
porc,Porc charcutier — référence nationale classe E,Porc,2024,3,,2024-01-12,2024-01-18,1.91,0,€/kg carcasse
porc,Porc charcutier — référence nationale classe E,Porc,2024,4,,2024-01-19,2024-01-25,1.91,0,€/kg carcasse
porc,Porc charcutier — référence nationale classe E,Porc,2024,5,,2024-01-26,2024-02-01,1.93,0.02,€/kg carcasse
porc,Porc charcutier — référence nationale classe E,Porc,2024,6,,2024-02-02,2024-02-08,1.93,0,€/kg carcasse
porc,Porc charcutier — référence nationale classe E,Porc,2024,7,,2024-02-09,2024-02-15,1.95,0.02,€/kg carcasse
porc,Porc charcutier — référence nationale classe E,Porc,2024,8,,2024-02-16,2024-02-22,1.99,0.04,€/kg carcasse
porc,Porc charcutier — référence nationale classe E,Porc,2024,9,,2024-02-23,2024-02-29,2.05,0.06,€/kg carcasse
porc,Porc charcutier — référence nationale classe E,Porc,2024,10,,2024-03-01,2024-03-07,2.09,0.04,€/kg carcasse
porc,Porc charcutier — référence nationale classe E,Porc,2024,11,,2024-03-08,2024-03-14,2.13,0.04,€/kg carcasse
porc,Porc charcutier — référence nationale classe E,Porc,2024,12,,2024-03-15,2024-03-21,2.16,0.03,€/kg carcasse
porc,Porc charcutier — référence nationale classe E,Porc,2024,13,,2024-03-22,2024-03-28,2.18,0.02,€/kg carcasse
porc,Porc charcutier — référence nationale classe E,Porc,2024,14,,2024-03-29,2024-04-04,2.19,0.01,€/kg carcasse
porc,Porc charcutier — référence nationale classe E,Porc,2024,15,,2024-04-05,2024-04-11,2.18,-0.01,€/kg carcasse
porc,Porc charcutier — référence nationale classe E,Porc,2024,16,,2024-04-12,2024-04-18,2.18,0,€/kg carcasse
porc,Porc charcutier — référence nationale classe E,Porc,2024,17,,2024-04-19,2024-04-25,2.18,0,€/kg carcasse
porc,Porc charcutier — référence nationale classe E,Porc,2024,18,,2024-04-26,2024-05-02,2.18,0,€/kg carcasse
porc,Porc charcutier — référence nationale classe E,Porc,2024,19,,2024-05-03,2024-05-09,2.17,-0.01,€/kg carcasse
porc,Porc charcutier — référence nationale classe E,Porc,2024,20,,2024-05-10,2024-05-16,2.16,-0.01,€/kg carcasse
porc,Porc charcutier — référence nationale classe E,Porc,2024,21,,2024-05-17,2024-05-23,2.15,-0.01,€/kg carcasse
porc,Porc charcutier — référence nationale classe E,Porc,2024,22,,2024-05-24,2024-05-30,2.15,0,€/kg carcasse
porc,Porc charcutier — référence nationale classe E,Porc,2024,23,,2024-05-31,2024-06-06,2.15,0,€/kg carcasse
porc,Porc charcutier — référence nationale classe E,Porc,2024,24,,2024-06-07,2024-06-13,2.15,0,€/kg carcasse
porc,Porc charcutier — référence nationale classe E,Porc,2024,26,,2024-06-21,2024-06-27,2.19,0.03,€/kg carcasse
porc,Porc charcutier — référence nationale classe E,Porc,2024,27,,2024-06-28,2024-07-04,2.2,0.01,€/kg carcasse
porc,Porc charcutier — référence nationale classe E,Porc,2024,28,,2024-07-05,2024-07-11,2.23,0.03,€/kg carcasse
porc,Porc charcutier — référence nationale classe E,Porc,2024,29,,2024-07-12,2024-07-18,2.24,0.01,€/kg carcasse
porc,Porc charcutier — référence nationale classe E,Porc,2024,30,,2024-07-19,2024-07-25,2.24,0,€/kg carcasse
porc,Porc charcutier — référence nationale classe E,Porc,2024,31,,2024-07-26,2024-08-01,2.24,0,€/kg carcasse
porc,Porc charcutier — référence nationale classe E,Porc,2024,32,,2024-08-02,2024-08-08,2.21,-0.03,€/kg carcasse
porc,Porc charcutier — référence nationale classe E,Porc,2024,33,,2024-08-09,2024-08-15,2.16,-0.05,€/kg carcasse
porc,Porc charcutier — référence nationale classe E,Porc,2024,34,,2024-08-16,2024-08-22,2.11,-0.05,€/kg carcasse
porc,Porc charcutier — référence nationale classe E,Porc,2024,35,,2024-08-23,2024-08-29,2.06,-0.05,€/kg carcasse
porc,Porc charcutier — référence nationale classe E,Porc,2024,36,,2024-08-30,2024-09-05,2.04,-0.02,€/kg carcasse
porc,Porc charcutier — référence nationale classe E,Porc,2024,37,,2024-09-06,2024-09-12,2.03,-0.01,€/kg carcasse
porc,Porc charcutier — référence nationale classe E,Porc,2024,38,,2024-09-13,2024-09-19,2.02,-0.01,€/kg carcasse
porc,Porc charcutier — référence nationale classe E,Porc,2024,39,,2024-09-20,2024-09-26,1.97,-0.05,€/kg carcasse
porc,Porc charcutier — référence nationale classe E,Porc,2024,40,,2024-09-27,2024-10-03,1.94,-0.03,€/kg carcasse
porc,Porc charcutier — référence nationale classe E,Porc,2024,41,,2024-10-04,2024-10-10,1.92,-0.02,€/kg carcasse
porc,Porc charcutier — référence nationale classe E,Porc,2024,42,,2024-10-11,2024-10-17,1.91,-0.01,€/kg carcasse
porc,Porc charcutier — référence nationale classe E,Porc,2024,43,,2024-10-18,2024-10-24,1.87,-0.04,€/kg carcasse
porc,Porc charcutier — référence nationale classe E,Porc,2024,44,,2024-10-25,2024-10-31,1.86,-0.01,€/kg carcasse
porc,Porc charcutier — référence nationale classe E,Porc,2024,45,,2024-11-01,2024-11-07,1.85,-0.01,€/kg carcasse
porc,Porc charcutier — référence nationale classe E,Porc,2024,46,,2024-11-08,2024-11-14,1.85,0,€/kg carcasse
porc,Porc charcutier — référence nationale classe E,Porc,2024,47,,2024-11-15,2024-11-21,1.85,0,€/kg carcasse
porc,Porc charcutier — référence nationale classe E,Porc,2024,48,,2024-11-22,2024-11-28,1.85,0,€/kg carcasse
porc,Porc charcutier — référence nationale classe E,Porc,2024,49,,2024-11-29,2024-12-05,1.85,0,€/kg carcasse
porc,Porc charcutier — référence nationale classe E,Porc,2024,50,,2024-12-06,2024-12-12,1.85,0,€/kg carcasse
porc,Porc charcutier — référence nationale classe E,Porc,2024,51,,2024-12-13,2024-12-19,1.85,0,€/kg carcasse
porc,Porc charcutier — référence nationale classe E,Porc,2024,52,,2024-12-20,2024-12-26,1.85,0,€/kg carcasse
porc,Porc charcutier — référence nationale classe E,Porc,2025,1,,2024-12-27,2025-01-02,1.85,0,€/kg carcasse
porc,Porc charcutier — référence nationale classe E,Porc,2025,2,,2025-01-03,2025-01-09,1.84,-0.01,€/kg carcasse
porc,Porc charcutier — référence nationale classe E,Porc,2025,3,,2025-01-10,2025-01-16,1.84,0,€/kg carcasse
porc,Porc charcutier — référence nationale classe E,Porc,2025,4,,2025-01-17,2025-01-23,1.85,0.01,€/kg carcasse
porc,Porc charcutier — référence nationale classe E,Porc,2025,5,,2025-01-24,2025-01-30,1.85,0,€/kg carcasse
porc,Porc charcutier — référence nationale classe E,Porc,2025,6,,2025-01-31,2025-02-06,1.85,0,€/kg carcasse
porc,Porc charcutier — référence nationale classe E,Porc,2025,7,,2025-02-07,2025-02-13,1.85,0,€/kg carcasse
porc,Porc charcutier — référence nationale classe E,Porc,2025,8,,2025-02-14,2025-02-20,1.85,0,€/kg carcasse
porc,Porc charcutier — référence nationale classe E,Porc,2025,9,,2025-02-21,2025-02-27,1.84,-0.01,€/kg carcasse
porc,Porc charcutier — référence nationale classe E,Porc,2025,10,,2025-02-28,2025-03-06,1.85,0.01,€/kg carcasse
porc,Porc charcutier — référence nationale classe E,Porc,2025,11,,2025-03-07,2025-03-13,1.85,0,€/kg carcasse
porc,Porc charcutier — référence nationale classe E,Porc,2025,12,,2025-03-14,2025-03-20,1.85,0,€/kg carcasse
porc,Porc charcutier — référence nationale classe E,Porc,2025,13,,2025-03-21,2025-03-27,1.85,0,€/kg carcasse
porc,Porc charcutier — référence nationale classe E,Porc,2025,14,,2025-03-28,2025-04-03,1.87,0.02,€/kg carcasse
porc,Porc charcutier — référence nationale classe E,Porc,2025,15,,2025-04-04,2025-04-10,1.9,0.03,€/kg carcasse
porc,Porc charcutier — référence nationale classe E,Porc,2025,16,,2025-04-11,2025-04-17,1.94,0.04,€/kg carcasse
porc,Porc charcutier — référence nationale classe E,Porc,2025,17,,2025-04-18,2025-04-24,1.96,0.02,€/kg carcasse
porc,Porc charcutier — référence nationale classe E,Porc,2025,18,,2025-04-25,2025-05-01,1.95,-0.01,€/kg carcasse
porc,Porc charcutier — référence nationale classe E,Porc,2025,19,,2025-05-02,2025-05-08,1.95,0,€/kg carcasse
porc,Porc charcutier — référence nationale classe E,Porc,2025,20,,2025-05-09,2025-05-15,1.95,0,€/kg carcasse
porc,Porc charcutier — référence nationale classe E,Porc,2025,21,,2025-05-16,2025-05-22,1.95,0,€/kg carcasse
porc,Porc charcutier — référence nationale classe E,Porc,2025,22,,2025-05-23,2025-05-29,1.95,0,€/kg carcasse
porc,Porc charcutier — référence nationale classe E,Porc,2025,23,,2025-05-30,2025-06-05,1.95,0,€/kg carcasse
porc,Porc charcutier — référence nationale classe E,Porc,2025,24,,2025-06-06,2025-06-12,1.96,0.01,€/kg carcasse
porc,Porc charcutier — référence nationale classe E,Porc,2025,25,,2025-06-13,2025-06-19,1.97,0.01,€/kg carcasse
porc,Porc charcutier — référence nationale classe E,Porc,2025,26,,2025-06-20,2025-06-26,2,0.03,€/kg carcasse
porc,Porc charcutier — référence nationale classe E,Porc,2025,27,,2025-06-27,2025-07-03,2.03,0.03,€/kg carcasse
porc,Porc charcutier — référence nationale classe E,Porc,2025,28,,2025-07-04,2025-07-10,2.05,0.02,€/kg carcasse
porc,Porc charcutier — référence nationale classe E,Porc,2025,29,,2025-07-11,2025-07-17,2.06,0.01,€/kg carcasse
porc,Porc charcutier — référence nationale classe E,Porc,2025,30,,2025-07-18,2025-07-24,2.05,-0.01,€/kg carcasse
porc,Porc charcutier — référence nationale classe E,Porc,2025,31,,2025-07-25,2025-07-31,2.06,0.01,€/kg carcasse
porc,Porc charcutier — référence nationale classe E,Porc,2025,32,,2025-08-01,2025-08-07,2.04,-0.02,€/kg carcasse
porc,Porc charcutier — référence nationale classe E,Porc,2025,33,,2025-08-08,2025-08-14,2,-0.04,€/kg carcasse
porc,Porc charcutier — référence nationale classe E,Porc,2025,34,,2025-08-15,2025-08-21,1.98,-0.02,€/kg carcasse
porc,Porc charcutier — référence nationale classe E,Porc,2025,35,,2025-08-22,2025-08-28,1.95,-0.03,€/kg carcasse
porc,Porc charcutier — référence nationale classe E,Porc,2025,36,,2025-08-29,2025-09-04,1.93,-0.02,€/kg carcasse
porc,Porc charcutier — référence nationale classe E,Porc,2025,37,,2025-09-05,2025-09-11,1.9,-0.03,€/kg carcasse
porc,Porc charcutier — référence nationale classe E,Porc,2025,38,,2025-09-12,2025-09-18,1.84,-0.06,€/kg carcasse
porc,Porc charcutier — référence nationale classe E,Porc,2025,39,,2025-09-19,2025-09-25,1.79,-0.05,€/kg carcasse
porc,Porc charcutier — référence nationale classe E,Porc,2025,40,,2025-09-26,2025-10-02,1.77,-0.02,€/kg carcasse
porc,Porc charcutier — référence nationale classe E,Porc,2025,41,,2025-10-03,2025-10-09,1.76,-0.01,€/kg carcasse
porc,Porc charcutier — référence nationale classe E,Porc,2025,42,,2025-10-10,2025-10-16,1.72,-0.04,€/kg carcasse
porc,Porc charcutier — référence nationale classe E,Porc,2025,43,,2025-10-17,2025-10-23,1.7,-0.02,€/kg carcasse
porc,Porc charcutier — référence nationale classe E,Porc,2025,44,,2025-10-24,2025-10-30,1.71,0.01,€/kg carcasse
porc,Porc charcutier — référence nationale classe E,Porc,2025,45,,2025-10-31,2025-11-06,1.69,-0.02,€/kg carcasse
porc,Porc charcutier — référence nationale classe E,Porc,2025,46,,2025-11-07,2025-11-13,1.69,0,€/kg carcasse
porc,Porc charcutier — référence nationale classe E,Porc,2025,47,,2025-11-14,2025-11-20,1.68,-0.01,€/kg carcasse
porc,Porc charcutier — référence nationale classe E,Porc,2025,48,,2025-11-21,2025-11-27,1.67,-0.01,€/kg carcasse
porc,Porc charcutier — référence nationale classe E,Porc,2025,49,,2025-11-28,2025-12-04,1.66,-0.01,€/kg carcasse
porc,Porc charcutier — référence nationale classe E,Porc,2025,50,,2025-12-05,2025-12-11,1.66,0,€/kg carcasse
porc,Porc charcutier — référence nationale classe E,Porc,2025,51,,2025-12-12,2025-12-18,1.65,-0.01,€/kg carcasse
porc,Porc charcutier — référence nationale classe E,Porc,2025,52,,2025-12-19,2025-12-25,1.64,-0.01,€/kg carcasse
porc,Porc charcutier — référence nationale classe E,Porc,2026,1,,2025-12-26,2026-01-01,1.62,-0.02,€/kg carcasse
porc,Porc charcutier — référence nationale classe E,Porc,2026,2,,2026-01-02,2026-01-08,1.6,-0.02,€/kg carcasse
porc,Porc charcutier — référence nationale classe E,Porc,2026,3,,2026-01-09,2026-01-15,1.59,-0.01,€/kg carcasse
porc,Porc charcutier — référence nationale classe E,Porc,2026,4,,2026-01-16,2026-01-22,1.58,-0.01,€/kg carcasse
porc,Porc charcutier — référence nationale classe E,Porc,2026,5,,2026-01-23,2026-01-29,1.58,0,€/kg carcasse
porc,Porc charcutier — référence nationale classe E,Porc,2026,6,,2026-01-30,2026-02-05,1.58,0,€/kg carcasse
porc,Porc charcutier — référence nationale classe E,Porc,2026,7,,2026-02-06,2026-02-12,1.57,-0.01,€/kg carcasse
porc,Porc charcutier — référence nationale classe E,Porc,2026,8,,2026-02-13,2026-02-19,1.57,0,€/kg carcasse
porc,Porc charcutier — référence nationale classe E,Porc,2026,9,,2026-02-20,2026-02-26,1.57,0,€/kg carcasse
porc,Porc charcutier — référence nationale classe E,Porc,2026,10,,2026-02-27,2026-03-05,1.58,0.01,€/kg carcasse
porc,Porc charcutier — référence nationale classe E,Porc,2026,11,,2026-03-06,2026-03-12,1.57,-0.01,€/kg carcasse
porc,Porc charcutier — référence nationale classe E,Porc,2026,12,,2026-03-13,2026-03-19,1.59,0.02,€/kg carcasse
porc,Porc charcutier — référence nationale classe E,Porc,2026,13,,2026-03-20,2026-03-26,1.59,0,€/kg carcasse
porc,Porc charcutier — référence nationale classe E,Porc,2026,14,,2026-03-27,2026-04-02,1.59,0,€/kg carcasse
porc,Porc charcutier — référence nationale classe E,Porc,2026,15,,2026-04-03,2026-04-09,1.59,0,€/kg carcasse
porc,Porc charcutier — référence nationale classe E,Porc,2026,16,,2026-04-10,2026-04-16,1.6,0.01,€/kg carcasse
porc,Porc charcutier — référence nationale classe E,Porc,2026,17,,2026-04-17,2026-04-23,1.6,0,€/kg carcasse
porc,Porc charcutier — référence nationale classe E,Porc,2026,18,,2026-04-24,2026-04-30,1.6,0,€/kg carcasse
porc,Porc charcutier — référence nationale classe E,Porc,2026,19,,2026-05-01,2026-05-07,1.61,0.01,€/kg carcasse
porc,Porc charcutier — référence nationale classe E,Porc,2026,20,,2026-05-08,2026-05-14,1.6,-0.01,€/kg carcasse
porc,Porc charcutier — référence nationale classe E,Porc,2026,21,,2026-05-15,2026-05-21,1.6,0,€/kg carcasse
porc,Porc charcutier — référence nationale classe E,Porc,2026,22,,2026-05-22,2026-05-28,1.61,0.01,€/kg carcasse
porc,Porc charcutier — référence nationale classe E,Porc,2026,23,,2026-05-29,2026-06-04,1.6,-0.01,€/kg carcasse
porc,Porc charcutier — référence nationale classe E,Porc,2026,25,,2026-06-12,2026-06-18,1.61,0.01,€/kg carcasse
porc,Porc charcutier — référence nationale classe E,Porc,2026,26,,2026-06-19,2026-06-25,1.64,0.03,€/kg carcasse
porc,Porc charcutier — référence nationale classe E,Porc,2026,27,,2026-06-26,2026-07-02,1.65,0.01,€/kg carcasse
porc,Porc charcutier — référence nationale classe E,Porc,2026,28,,2026-07-03,2026-07-09,1.68,0.03,€/kg carcasse
porc,Porc charcutier — référence nationale classe E,Porc,2026,29,,2026-07-10,2026-07-16,1.68,0,€/kg carcasse
porc,Porc charcutier — référence nationale classe E,Porc,2026,30,,2026-07-17,2026-07-23,1.69,0.01,€/kg carcasse
porc,Porc charcutier — référence nationale classe E,Porc,2026,31,,2026-07-24,2026-07-30,1.7,0.01,€/kg carcasse
porc,Porc charcutier — référence nationale classe E,Porc,2026,32,,2026-07-31,2026-08-06,1.75,0.05,€/kg carcasse
porc,Porc charcutier — référence nationale classe E,Porc,2026,33,,2026-08-07,2026-08-13,1.79,0.04,€/kg carcasse
porc,Porc charcutier — référence nationale classe E,Porc,2026,34,,2026-08-14,2026-08-20,1.86,0.07,€/kg carcasse
porc,Porc charcutier — référence nationale classe E,Porc,2026,35,,2026-08-21,2026-08-27,1.92,0.06,€/kg carcasse
porc,Porc charcutier — référence nationale classe E,Porc,2026,36,,2026-08-28,2026-09-03,1.97,0.05,€/kg carcasse
porc,Porc charcutier — référence nationale classe E,Porc,2026,37,,2026-09-04,2026-09-10,2.03,0.06,€/kg carcasse
porc,Porc charcutier — référence nationale classe E,Porc,2026,38,,2026-09-11,2026-09-17,2.06,0.03,€/kg carcasse
chevreau,Chevreau vif 8 à 11 kg — prix moyen,Chevreau,2023,1,,2023-01-02,2023-01-08,3.76,,€/kg vif
chevreau,Chevreau vif 8 à 11 kg — prix moyen,Chevreau,2023,2,,2023-01-09,2023-01-15,3.8,0.04,€/kg vif
chevreau,Chevreau vif 8 à 11 kg — prix moyen,Chevreau,2023,3,,2023-01-16,2023-01-22,3.8,0,€/kg vif
chevreau,Chevreau vif 8 à 11 kg — prix moyen,Chevreau,2023,4,,2023-01-23,2023-01-29,3.8,0,€/kg vif
chevreau,Chevreau vif 8 à 11 kg — prix moyen,Chevreau,2023,5,,2023-01-30,2023-02-05,3.8,0,€/kg vif
chevreau,Chevreau vif 8 à 11 kg — prix moyen,Chevreau,2023,6,,2023-02-06,2023-02-12,3.68,-0.12,€/kg vif
chevreau,Chevreau vif 8 à 11 kg — prix moyen,Chevreau,2023,7,,2023-02-13,2023-02-19,3.68,0,€/kg vif
chevreau,Chevreau vif 8 à 11 kg — prix moyen,Chevreau,2023,8,,2023-02-20,2023-02-26,3.68,0,€/kg vif
chevreau,Chevreau vif 8 à 11 kg — prix moyen,Chevreau,2023,9,,2023-02-27,2023-03-05,3.68,0,€/kg vif
chevreau,Chevreau vif 8 à 11 kg — prix moyen,Chevreau,2023,10,,2023-03-06,2023-03-12,3.68,0,€/kg vif
chevreau,Chevreau vif 8 à 11 kg — prix moyen,Chevreau,2023,11,,2023-03-13,2023-03-19,3.68,0,€/kg vif
chevreau,Chevreau vif 8 à 11 kg — prix moyen,Chevreau,2023,12,,2023-03-20,2023-03-26,3.68,0,€/kg vif
chevreau,Chevreau vif 8 à 11 kg — prix moyen,Chevreau,2023,13,,2023-03-27,2023-04-02,3.9,0.22,€/kg vif
chevreau,Chevreau vif 8 à 11 kg — prix moyen,Chevreau,2023,14,,2023-04-03,2023-04-09,3.9,0,€/kg vif
chevreau,Chevreau vif 8 à 11 kg — prix moyen,Chevreau,2023,15,,2023-04-10,2023-04-16,3.48,-0.42,€/kg vif
chevreau,Chevreau vif 8 à 11 kg — prix moyen,Chevreau,2023,16,,2023-04-17,2023-04-23,3.48,0,€/kg vif
chevreau,Chevreau vif 8 à 11 kg — prix moyen,Chevreau,2023,17,,2023-04-24,2023-04-30,3.48,0,€/kg vif
chevreau,Chevreau vif 8 à 11 kg — prix moyen,Chevreau,2023,18,,2023-05-01,2023-05-07,3.48,0,€/kg vif
chevreau,Chevreau vif 8 à 11 kg — prix moyen,Chevreau,2023,19,,2023-05-08,2023-05-14,3.48,0,€/kg vif
chevreau,Chevreau vif 8 à 11 kg — prix moyen,Chevreau,2023,20,,2023-05-15,2023-05-21,3.48,0,€/kg vif
chevreau,Chevreau vif 8 à 11 kg — prix moyen,Chevreau,2023,21,,2023-05-22,2023-05-28,3.48,0,€/kg vif
chevreau,Chevreau vif 8 à 11 kg — prix moyen,Chevreau,2023,22,,2023-05-29,2023-06-04,3.48,0,€/kg vif
chevreau,Chevreau vif 8 à 11 kg — prix moyen,Chevreau,2023,23,,2023-06-05,2023-06-11,3.48,0,€/kg vif
chevreau,Chevreau vif 8 à 11 kg — prix moyen,Chevreau,2023,38,,2023-09-18,2023-09-24,3.5,,€/kg vif
chevreau,Chevreau vif 8 à 11 kg — prix moyen,Chevreau,2023,39,,2023-09-25,2023-10-01,3.5,0,€/kg vif
chevreau,Chevreau vif 8 à 11 kg — prix moyen,Chevreau,2023,40,,2023-10-02,2023-10-08,3.5,0,€/kg vif
chevreau,Chevreau vif 8 à 11 kg — prix moyen,Chevreau,2023,41,,2023-10-09,2023-10-15,3.52,0.02,€/kg vif
chevreau,Chevreau vif 8 à 11 kg — prix moyen,Chevreau,2023,42,,2023-10-16,2023-10-22,3.5,-0.02,€/kg vif
chevreau,Chevreau vif 8 à 11 kg — prix moyen,Chevreau,2023,43,,2023-10-23,2023-10-29,3.5,0,€/kg vif
chevreau,Chevreau vif 8 à 11 kg — prix moyen,Chevreau,2023,44,,2023-10-30,2023-11-05,3.5,0,€/kg vif
chevreau,Chevreau vif 8 à 11 kg — prix moyen,Chevreau,2023,45,,2023-11-06,2023-11-12,3.5,0,€/kg vif
chevreau,Chevreau vif 8 à 11 kg — prix moyen,Chevreau,2023,46,,2023-11-13,2023-11-19,3.5,0,€/kg vif
chevreau,Chevreau vif 8 à 11 kg — prix moyen,Chevreau,2023,47,,2023-11-20,2023-11-26,3.5,0,€/kg vif
chevreau,Chevreau vif 8 à 11 kg — prix moyen,Chevreau,2023,48,,2023-11-27,2023-12-03,4.28,0.78,€/kg vif
chevreau,Chevreau vif 8 à 11 kg — prix moyen,Chevreau,2023,49,,2023-12-04,2023-12-10,4.63,0.35,€/kg vif
chevreau,Chevreau vif 8 à 11 kg — prix moyen,Chevreau,2023,50,,2023-12-11,2023-12-17,4.63,0,€/kg vif
chevreau,Chevreau vif 8 à 11 kg — prix moyen,Chevreau,2023,51,,2023-12-18,2023-12-24,4.63,0,€/kg vif
chevreau,Chevreau vif 8 à 11 kg — prix moyen,Chevreau,2023,52,,2023-12-25,2023-12-31,4.32,-0.31,€/kg vif
chevreau,Chevreau vif 8 à 11 kg — prix moyen,Chevreau,2024,1,,2024-01-01,2024-01-07,3.6,-0.72,€/kg vif
chevreau,Chevreau vif 8 à 11 kg — prix moyen,Chevreau,2024,2,,2024-01-08,2024-01-14,3.64,0.04,€/kg vif
chevreau,Chevreau vif 8 à 11 kg — prix moyen,Chevreau,2024,3,,2024-01-15,2024-01-21,3.6,-0.04,€/kg vif
chevreau,Chevreau vif 8 à 11 kg — prix moyen,Chevreau,2024,4,,2024-01-22,2024-01-28,3.6,0,€/kg vif
chevreau,Chevreau vif 8 à 11 kg — prix moyen,Chevreau,2024,5,,2024-01-29,2024-02-04,3.6,0,€/kg vif
chevreau,Chevreau vif 8 à 11 kg — prix moyen,Chevreau,2024,6,,2024-02-05,2024-02-11,3.48,-0.12,€/kg vif
chevreau,Chevreau vif 8 à 11 kg — prix moyen,Chevreau,2024,7,,2024-02-12,2024-02-18,3.48,0,€/kg vif
chevreau,Chevreau vif 8 à 11 kg — prix moyen,Chevreau,2024,8,,2024-02-19,2024-02-25,3.48,0,€/kg vif
chevreau,Chevreau vif 8 à 11 kg — prix moyen,Chevreau,2024,9,,2024-02-26,2024-03-03,3.48,0,€/kg vif
chevreau,Chevreau vif 8 à 11 kg — prix moyen,Chevreau,2024,10,,2024-03-04,2024-03-10,3.48,0,€/kg vif
chevreau,Chevreau vif 8 à 11 kg — prix moyen,Chevreau,2024,11,,2024-03-11,2024-03-17,3.52,0.04,€/kg vif
chevreau,Chevreau vif 8 à 11 kg — prix moyen,Chevreau,2024,12,,2024-03-18,2024-03-24,3.71,0.19,€/kg vif
chevreau,Chevreau vif 8 à 11 kg — prix moyen,Chevreau,2024,13,,2024-03-25,2024-03-31,3.71,0,€/kg vif
chevreau,Chevreau vif 8 à 11 kg — prix moyen,Chevreau,2024,14,,2024-04-01,2024-04-07,3.36,-0.35,€/kg vif
chevreau,Chevreau vif 8 à 11 kg — prix moyen,Chevreau,2024,15,,2024-04-08,2024-04-14,3.36,0,€/kg vif
chevreau,Chevreau vif 8 à 11 kg — prix moyen,Chevreau,2024,16,,2024-04-15,2024-04-21,3.36,0,€/kg vif
chevreau,Chevreau vif 8 à 11 kg — prix moyen,Chevreau,2024,17,,2024-04-22,2024-04-28,3.36,0,€/kg vif
chevreau,Chevreau vif 8 à 11 kg — prix moyen,Chevreau,2024,18,,2024-04-29,2024-05-05,3.36,0,€/kg vif
chevreau,Chevreau vif 8 à 11 kg — prix moyen,Chevreau,2024,19,,2024-05-06,2024-05-12,3.36,0,€/kg vif
chevreau,Chevreau vif 8 à 11 kg — prix moyen,Chevreau,2024,20,,2024-05-13,2024-05-19,3.36,0,€/kg vif
chevreau,Chevreau vif 8 à 11 kg — prix moyen,Chevreau,2024,21,,2024-05-20,2024-05-26,3.36,0,€/kg vif
chevreau,Chevreau vif 8 à 11 kg — prix moyen,Chevreau,2024,22,,2024-05-27,2024-06-02,3.36,0,€/kg vif
chevreau,Chevreau vif 8 à 11 kg — prix moyen,Chevreau,2024,38,,2024-09-16,2024-09-22,3.56,,€/kg vif
chevreau,Chevreau vif 8 à 11 kg — prix moyen,Chevreau,2024,39,,2024-09-23,2024-09-29,3.56,0,€/kg vif
chevreau,Chevreau vif 8 à 11 kg — prix moyen,Chevreau,2024,40,,2024-09-30,2024-10-06,3.56,0,€/kg vif
chevreau,Chevreau vif 8 à 11 kg — prix moyen,Chevreau,2024,41,,2024-10-07,2024-10-13,3.56,0,€/kg vif
chevreau,Chevreau vif 8 à 11 kg — prix moyen,Chevreau,2024,42,,2024-10-14,2024-10-20,3.56,0,€/kg vif
chevreau,Chevreau vif 8 à 11 kg — prix moyen,Chevreau,2024,43,,2024-10-21,2024-10-27,3.56,0,€/kg vif
chevreau,Chevreau vif 8 à 11 kg — prix moyen,Chevreau,2024,44,,2024-10-28,2024-11-03,3.56,0,€/kg vif
chevreau,Chevreau vif 8 à 11 kg — prix moyen,Chevreau,2024,45,,2024-11-04,2024-11-10,3.56,0,€/kg vif
chevreau,Chevreau vif 8 à 11 kg — prix moyen,Chevreau,2024,46,,2024-11-11,2024-11-17,3.56,0,€/kg vif
chevreau,Chevreau vif 8 à 11 kg — prix moyen,Chevreau,2024,47,,2024-11-18,2024-11-24,3.56,0,€/kg vif
chevreau,Chevreau vif 8 à 11 kg — prix moyen,Chevreau,2024,48,,2024-11-25,2024-12-01,3.67,0.11,€/kg vif
chevreau,Chevreau vif 8 à 11 kg — prix moyen,Chevreau,2024,49,,2024-12-02,2024-12-08,4.09,0.42,€/kg vif
chevreau,Chevreau vif 8 à 11 kg — prix moyen,Chevreau,2024,50,,2024-12-09,2024-12-15,4.55,0.46,€/kg vif
chevreau,Chevreau vif 8 à 11 kg — prix moyen,Chevreau,2024,51,,2024-12-16,2024-12-22,4.55,0,€/kg vif
chevreau,Chevreau vif 8 à 11 kg — prix moyen,Chevreau,2024,52,,2024-12-23,2024-12-29,4.55,0,€/kg vif
chevreau,Chevreau vif 8 à 11 kg — prix moyen,Chevreau,2025,1,,2024-12-30,2025-01-05,3.71,-0.84,€/kg vif
chevreau,Chevreau vif 8 à 11 kg — prix moyen,Chevreau,2025,2,,2025-01-06,2025-01-12,3.71,0,€/kg vif
chevreau,Chevreau vif 8 à 11 kg — prix moyen,Chevreau,2025,3,,2025-01-13,2025-01-19,3.71,0,€/kg vif
chevreau,Chevreau vif 8 à 11 kg — prix moyen,Chevreau,2025,4,,2025-01-20,2025-01-26,3.71,0,€/kg vif
chevreau,Chevreau vif 8 à 11 kg — prix moyen,Chevreau,2025,5,,2025-01-27,2025-02-02,3.71,0,€/kg vif
chevreau,Chevreau vif 8 à 11 kg — prix moyen,Chevreau,2025,6,,2025-02-03,2025-02-09,3.6,-0.11,€/kg vif
chevreau,Chevreau vif 8 à 11 kg — prix moyen,Chevreau,2025,7,,2025-02-10,2025-02-16,3.6,0,€/kg vif
chevreau,Chevreau vif 8 à 11 kg — prix moyen,Chevreau,2025,8,,2025-02-17,2025-02-23,3.6,0,€/kg vif
chevreau,Chevreau vif 8 à 11 kg — prix moyen,Chevreau,2025,9,,2025-02-24,2025-03-02,3.6,0,€/kg vif
chevreau,Chevreau vif 8 à 11 kg — prix moyen,Chevreau,2025,10,,2025-03-03,2025-03-09,3.6,0,€/kg vif
chevreau,Chevreau vif 8 à 11 kg — prix moyen,Chevreau,2025,11,,2025-03-10,2025-03-16,3.6,0,€/kg vif
chevreau,Chevreau vif 8 à 11 kg — prix moyen,Chevreau,2025,12,,2025-03-17,2025-03-23,3.6,0,€/kg vif
chevreau,Chevreau vif 8 à 11 kg — prix moyen,Chevreau,2025,13,,2025-03-24,2025-03-30,3.6,0,€/kg vif
chevreau,Chevreau vif 8 à 11 kg — prix moyen,Chevreau,2025,14,,2025-03-31,2025-04-06,3.75,0.15,€/kg vif
chevreau,Chevreau vif 8 à 11 kg — prix moyen,Chevreau,2025,15,,2025-04-07,2025-04-13,3.8,0.05,€/kg vif
chevreau,Chevreau vif 8 à 11 kg — prix moyen,Chevreau,2025,16,,2025-04-14,2025-04-20,3.8,0,€/kg vif
chevreau,Chevreau vif 8 à 11 kg — prix moyen,Chevreau,2025,17,,2025-04-21,2025-04-27,3.45,-0.35,€/kg vif
chevreau,Chevreau vif 8 à 11 kg — prix moyen,Chevreau,2025,18,,2025-04-28,2025-05-04,3.45,0,€/kg vif
chevreau,Chevreau vif 8 à 11 kg — prix moyen,Chevreau,2025,19,,2025-05-05,2025-05-11,3.45,0,€/kg vif
chevreau,Chevreau vif 8 à 11 kg — prix moyen,Chevreau,2025,20,,2025-05-12,2025-05-18,3.45,0,€/kg vif
chevreau,Chevreau vif 8 à 11 kg — prix moyen,Chevreau,2025,21,,2025-05-19,2025-05-25,3.45,0,€/kg vif
chevreau,Chevreau vif 8 à 11 kg — prix moyen,Chevreau,2025,22,,2025-05-26,2025-06-01,3.45,0,€/kg vif
chevreau,Chevreau vif 8 à 11 kg — prix moyen,Chevreau,2025,37,,2025-09-08,2025-09-14,3.74,,€/kg vif
chevreau,Chevreau vif 8 à 11 kg — prix moyen,Chevreau,2025,38,,2025-09-15,2025-09-21,3.74,0,€/kg vif
chevreau,Chevreau vif 8 à 11 kg — prix moyen,Chevreau,2025,39,,2025-09-22,2025-09-28,3.75,0.01,€/kg vif
chevreau,Chevreau vif 8 à 11 kg — prix moyen,Chevreau,2025,40,,2025-09-29,2025-10-05,3.75,0,€/kg vif
chevreau,Chevreau vif 8 à 11 kg — prix moyen,Chevreau,2025,41,,2025-10-06,2025-10-12,3.75,0,€/kg vif
chevreau,Chevreau vif 8 à 11 kg — prix moyen,Chevreau,2025,42,,2025-10-13,2025-10-19,3.75,0,€/kg vif
chevreau,Chevreau vif 8 à 11 kg — prix moyen,Chevreau,2025,43,,2025-10-20,2025-10-26,3.75,0,€/kg vif
chevreau,Chevreau vif 8 à 11 kg — prix moyen,Chevreau,2025,44,,2025-10-27,2025-11-02,3.75,0,€/kg vif
chevreau,Chevreau vif 8 à 11 kg — prix moyen,Chevreau,2025,45,,2025-11-03,2025-11-09,3.75,0,€/kg vif
chevreau,Chevreau vif 8 à 11 kg — prix moyen,Chevreau,2025,46,,2025-11-10,2025-11-16,3.75,0,€/kg vif
chevreau,Chevreau vif 8 à 11 kg — prix moyen,Chevreau,2025,47,,2025-11-17,2025-11-23,3.75,0,€/kg vif
chevreau,Chevreau vif 8 à 11 kg — prix moyen,Chevreau,2025,48,,2025-11-24,2025-11-30,3.75,0,€/kg vif
chevreau,Chevreau vif 8 à 11 kg — prix moyen,Chevreau,2025,50,,2025-12-08,2025-12-14,4.74,0.47,€/kg vif
chevreau,Chevreau vif 8 à 11 kg — prix moyen,Chevreau,2025,51,,2025-12-15,2025-12-21,4.82,0.08,€/kg vif
chevreau,Chevreau vif 8 à 11 kg — prix moyen,Chevreau,2025,52,,2025-12-22,2025-12-28,4.82,0,€/kg vif
chevreau,Chevreau vif 8 à 11 kg — prix moyen,Chevreau,2026,1,,2025-12-29,2026-01-04,3.95,-0.87,€/kg vif
chevreau,Chevreau vif 8 à 11 kg — prix moyen,Chevreau,2026,2,,2026-01-05,2026-01-11,3.8,-0.15,€/kg vif
chevreau,Chevreau vif 8 à 11 kg — prix moyen,Chevreau,2026,3,,2026-01-12,2026-01-18,3.8,0,€/kg vif
chevreau,Chevreau vif 8 à 11 kg — prix moyen,Chevreau,2026,4,,2026-01-19,2026-01-25,3.8,0,€/kg vif
chevreau,Chevreau vif 8 à 11 kg — prix moyen,Chevreau,2026,5,,2026-01-26,2026-02-01,3.8,0,€/kg vif
chevreau,Chevreau vif 8 à 11 kg — prix moyen,Chevreau,2026,6,,2026-02-02,2026-02-08,3.72,-0.08,€/kg vif
chevreau,Chevreau vif 8 à 11 kg — prix moyen,Chevreau,2026,7,,2026-02-09,2026-02-15,3.71,-0.01,€/kg vif
chevreau,Chevreau vif 8 à 11 kg — prix moyen,Chevreau,2026,8,,2026-02-16,2026-02-22,3.71,0,€/kg vif
chevreau,Chevreau vif 8 à 11 kg — prix moyen,Chevreau,2026,9,,2026-02-23,2026-03-01,3.71,0,€/kg vif
chevreau,Chevreau vif 8 à 11 kg — prix moyen,Chevreau,2026,10,,2026-03-02,2026-03-08,3.7,-0.01,€/kg vif
chevreau,Chevreau vif 8 à 11 kg — prix moyen,Chevreau,2026,11,,2026-03-09,2026-03-15,3.7,0,€/kg vif
chevreau,Chevreau vif 8 à 11 kg — prix moyen,Chevreau,2026,12,,2026-03-16,2026-03-22,3.88,0.18,€/kg vif
chevreau,Chevreau vif 8 à 11 kg — prix moyen,Chevreau,2026,13,,2026-03-23,2026-03-29,3.94,0.06,€/kg vif
chevreau,Chevreau vif 8 à 11 kg — prix moyen,Chevreau,2026,14,,2026-03-30,2026-04-05,3.94,0,€/kg vif
chevreau,Chevreau vif 8 à 11 kg — prix moyen,Chevreau,2026,15,,2026-04-06,2026-04-12,3.65,-0.29,€/kg vif
chevreau,Chevreau vif 8 à 11 kg — prix moyen,Chevreau,2026,16,,2026-04-13,2026-04-19,3.63,-0.02,€/kg vif
