annee,semaine,mois,date_debut,date_fin,region,siege,classe,unite,prix,variation,source
2023,1,,2022-12-30,2023-01-05,BRETAGNE,Rennes,E,EUR/kg carcasse,1.92,0,COT-VBL-porc-A23-S01.csv
2023,1,,2022-12-30,2023-01-05,BRETAGNE,Rennes,S,EUR/kg carcasse,2.01,0.01,COT-VBL-porc-A23-S01.csv
2023,1,,2022-12-30,2023-01-05,"HAUTE ET BASSE NORMANDIE, PAYS DE LOIRE, POITOU-CHARENTES, CENTRE",Nantes,E,EUR/kg carcasse,1.95,0,COT-VBL-porc-A23-S01.csv
2023,1,,2022-12-30,2023-01-05,"HAUTE ET BASSE NORMANDIE, PAYS DE LOIRE, POITOU-CHARENTES, CENTRE",Nantes,S,EUR/kg carcasse,2.04,-0.01,COT-VBL-porc-A23-S01.csv
2023,1,,2022-12-30,2023-01-05,"NORD-PAS DE CALAIS,PICARDIE, ILE DE FRANCE, LORRAINE,ALSACE, CHAMPAGNE-ARDENNES",Lille,E,EUR/kg carcasse,1.97,0.03,COT-VBL-porc-A23-S01.csv
2023,1,,2022-12-30,2023-01-05,"NORD-PAS DE CALAIS,PICARDIE, ILE DE FRANCE, LORRAINE,ALSACE, CHAMPAGNE-ARDENNES",Lille,S,EUR/kg carcasse,2.04,0.01,COT-VBL-porc-A23-S01.csv
2023,1,,2022-12-30,2023-01-05,"BOURGOGNE,FRANCHE-COMTE, RHONE-ALPES, PROVENCE-ALPES COTE D'AZUR,CORSE",Lyon,E,EUR/kg carcasse,2.12,0,COT-VBL-porc-A23-S01.csv
2023,1,,2022-12-30,2023-01-05,"BOURGOGNE,FRANCHE-COMTE, RHONE-ALPES, PROVENCE-ALPES COTE D'AZUR,CORSE",Lyon,S,EUR/kg carcasse,2.04,0,COT-VBL-porc-A23-S01.csv
2023,1,,2022-12-30,2023-01-05,"MIDI-PYRENEES, AQUITAINE LANGUEDOC-ROUSSILLON, AUVERGNE,LIMOUSIN",Toulouse,E,EUR/kg carcasse,1.94,0.05,COT-VBL-porc-A23-S01.csv
2023,1,,2022-12-30,2023-01-05,"MIDI-PYRENEES, AQUITAINE LANGUEDOC-ROUSSILLON, AUVERGNE,LIMOUSIN",Toulouse,S,EUR/kg carcasse,2.03,0.05,COT-VBL-porc-A23-S01.csv
2023,1,,2022-12-30,2023-01-05,RÉFÉRENCE NATIONALE,,E,EUR/kg carcasse,1.95,0.01,COT-VBL-porc-A23-S01.csv
2023,1,,2022-12-30,2023-01-05,RÉFÉRENCE NATIONALE,,S,EUR/kg carcasse,2.02,0.01,COT-VBL-porc-A23-S01.csv
2023,2,,2023-01-06,2023-01-12,BRETAGNE,Rennes,E,EUR/kg carcasse,1.96,0.04,COT-VBL-porc-A23-S02.csv
2023,2,,2023-01-06,2023-01-12,BRETAGNE,Rennes,S,EUR/kg carcasse,2.04,0.03,COT-VBL-porc-A23-S02.csv
2023,2,,2023-01-06,2023-01-12,"HAUTE ET BASSE NORMANDIE, PAYS DE LOIRE, POITOU-CHARENTES, CENTRE",Nantes,E,EUR/kg carcasse,1.99,0.04,COT-VBL-porc-A23-S02.csv
2023,2,,2023-01-06,2023-01-12,"HAUTE ET BASSE NORMANDIE, PAYS DE LOIRE, POITOU-CHARENTES, CENTRE",Nantes,S,EUR/kg carcasse,2.09,0.05,COT-VBL-porc-A23-S02.csv
2023,2,,2023-01-06,2023-01-12,"NORD-PAS DE CALAIS,PICARDIE, ILE DE FRANCE, LORRAINE,ALSACE, CHAMPAGNE-ARDENNES",Lille,E,EUR/kg carcasse,2.01,0.04,COT-VBL-porc-A23-S02.csv
2023,2,,2023-01-06,2023-01-12,"NORD-PAS DE CALAIS,PICARDIE, ILE DE FRANCE, LORRAINE,ALSACE, CHAMPAGNE-ARDENNES",Lille,S,EUR/kg carcasse,2.09,0.05,COT-VBL-porc-A23-S02.csv
2023,2,,2023-01-06,2023-01-12,"BOURGOGNE,FRANCHE-COMTE, RHONE-ALPES, PROVENCE-ALPES COTE D'AZUR,CORSE",Lyon,E,EUR/kg carcasse,2.15,0.03,COT-VBL-porc-A23-S02.csv
2023,2,,2023-01-06,2023-01-12,"BOURGOGNE,FRANCHE-COMTE, RHONE-ALPES, PROVENCE-ALPES COTE D'AZUR,CORSE",Lyon,S,EUR/kg carcasse,2.09,0.05,COT-VBL-porc-A23-S02.csv
2023,2,,2023-01-06,2023-01-12,"MIDI-PYRENEES, AQUITAINE LANGUEDOC-ROUSSILLON, AUVERGNE,LIMOUSIN",Toulouse,E,EUR/kg carcasse,1.96,0.02,COT-VBL-porc-A23-S02.csv
2023,2,,2023-01-06,2023-01-12,"MIDI-PYRENEES, AQUITAINE LANGUEDOC-ROUSSILLON, AUVERGNE,LIMOUSIN",Toulouse,S,EUR/kg carcasse,2.06,0.03,COT-VBL-porc-A23-S02.csv
2023,2,,2023-01-06,2023-01-12,RÉFÉRENCE NATIONALE,,E,EUR/kg carcasse,1.98,0.03,COT-VBL-porc-A23-S02.csv
2023,2,,2023-01-06,2023-01-12,RÉFÉRENCE NATIONALE,,S,EUR/kg carcasse,2.06,0.04,COT-VBL-porc-A23-S02.csv
2023,3,,2023-01-13,2023-01-19,BRETAGNE,Rennes,E,EUR/kg carcasse,1.99,0.03,COT-VBL-porc-A23-S03.csv
2023,3,,2023-01-13,2023-01-19,BRETAGNE,Rennes,S,EUR/kg carcasse,2.07,0.03,COT-VBL-porc-A23-S03.csv
2023,3,,2023-01-13,2023-01-19,"HAUTE ET BASSE NORMANDIE, PAYS DE LOIRE, POITOU-CHARENTES, CENTRE",Nantes,E,EUR/kg carcasse,2.02,0.03,COT-VBL-porc-A23-S03.csv
2023,3,,2023-01-13,2023-01-19,"HAUTE ET BASSE NORMANDIE, PAYS DE LOIRE, POITOU-CHARENTES, CENTRE",Nantes,S,EUR/kg carcasse,2.12,0.03,COT-VBL-porc-A23-S03.csv
2023,3,,2023-01-13,2023-01-19,"NORD-PAS DE CALAIS,PICARDIE, ILE DE FRANCE, LORRAINE,ALSACE, CHAMPAGNE-ARDENNES",Lille,E,EUR/kg carcasse,2.04,0.03,COT-VBL-porc-A23-S03.csv
2023,3,,2023-01-13,2023-01-19,"NORD-PAS DE CALAIS,PICARDIE, ILE DE FRANCE, LORRAINE,ALSACE, CHAMPAGNE-ARDENNES",Lille,S,EUR/kg carcasse,2.12,0.03,COT-VBL-porc-A23-S03.csv
2023,3,,2023-01-13,2023-01-19,"BOURGOGNE,FRANCHE-COMTE, RHONE-ALPES, PROVENCE-ALPES COTE D'AZUR,CORSE",Lyon,E,EUR/kg carcasse,2.14,-0.01,COT-VBL-porc-A23-S03.csv
2023,3,,2023-01-13,2023-01-19,"BOURGOGNE,FRANCHE-COMTE, RHONE-ALPES, PROVENCE-ALPES COTE D'AZUR,CORSE",Lyon,S,EUR/kg carcasse,2.13,0.04,COT-VBL-porc-A23-S03.csv
2023,3,,2023-01-13,2023-01-19,"MIDI-PYRENEES, AQUITAINE LANGUEDOC-ROUSSILLON, AUVERGNE,LIMOUSIN",Toulouse,E,EUR/kg carcasse,2.02,0.06,COT-VBL-porc-A23-S03.csv
2023,3,,2023-01-13,2023-01-19,"MIDI-PYRENEES, AQUITAINE LANGUEDOC-ROUSSILLON, AUVERGNE,LIMOUSIN",Toulouse,S,EUR/kg carcasse,2.11,0.05,COT-VBL-porc-A23-S03.csv
2023,3,,2023-01-13,2023-01-19,RÉFÉRENCE NATIONALE,,E,EUR/kg carcasse,2.01,0.03,COT-VBL-porc-A23-S03.csv
2023,3,,2023-01-13,2023-01-19,RÉFÉRENCE NATIONALE,,S,EUR/kg carcasse,2.09,0.03,COT-VBL-porc-A23-S03.csv
2023,4,,2023-01-20,2023-01-26,BRETAGNE,Rennes,E,EUR/kg carcasse,2.03,0.04,COT-VBL-porc-A23-S04.csv
2023,4,,2023-01-20,2023-01-26,BRETAGNE,Rennes,S,EUR/kg carcasse,2.12,0.05,COT-VBL-porc-A23-S04.csv
2023,4,,2023-01-20,2023-01-26,"HAUTE ET BASSE NORMANDIE, PAYS DE LOIRE, POITOU-CHARENTES, CENTRE",Nantes,E,EUR/kg carcasse,2.07,0.05,COT-VBL-porc-A23-S04.csv
2023,4,,2023-01-20,2023-01-26,"HAUTE ET BASSE NORMANDIE, PAYS DE LOIRE, POITOU-CHARENTES, CENTRE",Nantes,S,EUR/kg carcasse,2.17,0.05,COT-VBL-porc-A23-S04.csv
2023,4,,2023-01-20,2023-01-26,"NORD-PAS DE CALAIS,PICARDIE, ILE DE FRANCE, LORRAINE,ALSACE, CHAMPAGNE-ARDENNES",Lille,E,EUR/kg carcasse,2.1,0.06,COT-VBL-porc-A23-S04.csv
2023,4,,2023-01-20,2023-01-26,"NORD-PAS DE CALAIS,PICARDIE, ILE DE FRANCE, LORRAINE,ALSACE, CHAMPAGNE-ARDENNES",Lille,S,EUR/kg carcasse,2.17,0.05,COT-VBL-porc-A23-S04.csv
2023,4,,2023-01-20,2023-01-26,"BOURGOGNE,FRANCHE-COMTE, RHONE-ALPES, PROVENCE-ALPES COTE D'AZUR,CORSE",Lyon,E,EUR/kg carcasse,2.21,0.07,COT-VBL-porc-A23-S04.csv
2023,4,,2023-01-20,2023-01-26,"BOURGOGNE,FRANCHE-COMTE, RHONE-ALPES, PROVENCE-ALPES COTE D'AZUR,CORSE",Lyon,S,EUR/kg carcasse,2.17,0.04,COT-VBL-porc-A23-S04.csv
2023,4,,2023-01-20,2023-01-26,"MIDI-PYRENEES, AQUITAINE LANGUEDOC-ROUSSILLON, AUVERGNE,LIMOUSIN",Toulouse,E,EUR/kg carcasse,2.08,0.06,COT-VBL-porc-A23-S04.csv
2023,4,,2023-01-20,2023-01-26,"MIDI-PYRENEES, AQUITAINE LANGUEDOC-ROUSSILLON, AUVERGNE,LIMOUSIN",Toulouse,S,EUR/kg carcasse,2.17,0.06,COT-VBL-porc-A23-S04.csv
2023,4,,2023-01-20,2023-01-26,RÉFÉRENCE NATIONALE,,E,EUR/kg carcasse,2.06,0.05,COT-VBL-porc-A23-S04.csv
2023,4,,2023-01-20,2023-01-26,RÉFÉRENCE NATIONALE,,S,EUR/kg carcasse,2.14,0.05,COT-VBL-porc-A23-S04.csv
2023,5,,2023-01-27,2023-02-02,BRETAGNE,Rennes,E,EUR/kg carcasse,2.08,0.05,COT-VBL-porc-A23-S05.csv
2023,5,,2023-01-27,2023-02-02,BRETAGNE,Rennes,S,EUR/kg carcasse,2.17,0.05,COT-VBL-porc-A23-S05.csv
2023,5,,2023-01-27,2023-02-02,"HAUTE ET BASSE NORMANDIE, PAYS DE LOIRE, POITOU-CHARENTES, CENTRE",Nantes,E,EUR/kg carcasse,2.13,0.06,COT-VBL-porc-A23-S05.csv
2023,5,,2023-01-27,2023-02-02,"HAUTE ET BASSE NORMANDIE, PAYS DE LOIRE, POITOU-CHARENTES, CENTRE",Nantes,S,EUR/kg carcasse,2.22,0.05,COT-VBL-porc-A23-S05.csv
2023,5,,2023-01-27,2023-02-02,"NORD-PAS DE CALAIS,PICARDIE, ILE DE FRANCE, LORRAINE,ALSACE, CHAMPAGNE-ARDENNES",Lille,E,EUR/kg carcasse,2.16,0.06,COT-VBL-porc-A23-S05.csv
2023,5,,2023-01-27,2023-02-02,"NORD-PAS DE CALAIS,PICARDIE, ILE DE FRANCE, LORRAINE,ALSACE, CHAMPAGNE-ARDENNES",Lille,S,EUR/kg carcasse,2.24,0.07,COT-VBL-porc-A23-S05.csv
2023,5,,2023-01-27,2023-02-02,"BOURGOGNE,FRANCHE-COMTE, RHONE-ALPES, PROVENCE-ALPES COTE D'AZUR,CORSE",Lyon,E,EUR/kg carcasse,2.32,0.11,COT-VBL-porc-A23-S05.csv
2023,5,,2023-01-27,2023-02-02,"BOURGOGNE,FRANCHE-COMTE, RHONE-ALPES, PROVENCE-ALPES COTE D'AZUR,CORSE",Lyon,S,EUR/kg carcasse,2.22,0.05,COT-VBL-porc-A23-S05.csv
2023,5,,2023-01-27,2023-02-02,"MIDI-PYRENEES, AQUITAINE LANGUEDOC-ROUSSILLON, AUVERGNE,LIMOUSIN",Toulouse,E,EUR/kg carcasse,2.13,0.05,COT-VBL-porc-A23-S05.csv
2023,5,,2023-01-27,2023-02-02,"MIDI-PYRENEES, AQUITAINE LANGUEDOC-ROUSSILLON, AUVERGNE,LIMOUSIN",Toulouse,S,EUR/kg carcasse,2.22,0.05,COT-VBL-porc-A23-S05.csv
2023,5,,2023-01-27,2023-02-02,RÉFÉRENCE NATIONALE,,E,EUR/kg carcasse,2.11,0.05,COT-VBL-porc-A23-S05.csv
2023,5,,2023-01-27,2023-02-02,RÉFÉRENCE NATIONALE,,S,EUR/kg carcasse,2.19,0.05,COT-VBL-porc-A23-S05.csv
2023,6,,2023-02-03,2023-02-09,BRETAGNE,Rennes,E,EUR/kg carcasse,2.14,0.06,COT-VBL-porc-A23-S06.csv
2023,6,,2023-02-03,2023-02-09,BRETAGNE,Rennes,S,EUR/kg carcasse,2.22,0.05,COT-VBL-porc-A23-S06.csv
2023,6,,2023-02-03,2023-02-09,"HAUTE ET BASSE NORMANDIE, PAYS DE LOIRE, POITOU-CHARENTES, CENTRE",Nantes,E,EUR/kg carcasse,2.17,0.04,COT-VBL-porc-A23-S06.csv
2023,6,,2023-02-03,2023-02-09,"HAUTE ET BASSE NORMANDIE, PAYS DE LOIRE, POITOU-CHARENTES, CENTRE",Nantes,S,EUR/kg carcasse,2.27,0.05,COT-VBL-porc-A23-S06.csv
2023,6,,2023-02-03,2023-02-09,"NORD-PAS DE CALAIS,PICARDIE, ILE DE FRANCE, LORRAINE,ALSACE, CHAMPAGNE-ARDENNES",Lille,E,EUR/kg carcasse,2.2,0.04,COT-VBL-porc-A23-S06.csv
2023,6,,2023-02-03,2023-02-09,"NORD-PAS DE CALAIS,PICARDIE, ILE DE FRANCE, LORRAINE,ALSACE, CHAMPAGNE-ARDENNES",Lille,S,EUR/kg carcasse,2.27,0.03,COT-VBL-porc-A23-S06.csv
2023,6,,2023-02-03,2023-02-09,"BOURGOGNE,FRANCHE-COMTE, RHONE-ALPES, PROVENCE-ALPES COTE D'AZUR,CORSE",Lyon,E,EUR/kg carcasse,2.34,0.02,COT-VBL-porc-A23-S06.csv
2023,6,,2023-02-03,2023-02-09,"BOURGOGNE,FRANCHE-COMTE, RHONE-ALPES, PROVENCE-ALPES COTE D'AZUR,CORSE",Lyon,S,EUR/kg carcasse,2.28,0.06,COT-VBL-porc-A23-S06.csv
2023,6,,2023-02-03,2023-02-09,"MIDI-PYRENEES, AQUITAINE LANGUEDOC-ROUSSILLON, AUVERGNE,LIMOUSIN",Toulouse,E,EUR/kg carcasse,2.19,0.06,COT-VBL-porc-A23-S06.csv
2023,6,,2023-02-03,2023-02-09,"MIDI-PYRENEES, AQUITAINE LANGUEDOC-ROUSSILLON, AUVERGNE,LIMOUSIN",Toulouse,S,EUR/kg carcasse,2.28,0.06,COT-VBL-porc-A23-S06.csv
2023,6,,2023-02-03,2023-02-09,RÉFÉRENCE NATIONALE,,E,EUR/kg carcasse,2.17,0.06,COT-VBL-porc-A23-S06.csv
2023,6,,2023-02-03,2023-02-09,RÉFÉRENCE NATIONALE,,S,EUR/kg carcasse,2.24,0.05,COT-VBL-porc-A23-S06.csv
2023,7,,2023-02-10,2023-02-16,BRETAGNE,Rennes,E,EUR/kg carcasse,2.18,0.04,COT-VBL-porc-A23-S07.csv
2023,7,,2023-02-10,2023-02-16,BRETAGNE,Rennes,S,EUR/kg carcasse,2.27,0.05,COT-VBL-porc-A23-S07.csv
2023,7,,2023-02-10,2023-02-16,"HAUTE ET BASSE NORMANDIE, PAYS DE LOIRE, POITOU-CHARENTES, CENTRE",Nantes,E,EUR/kg carcasse,2.23,0.06,COT-VBL-porc-A23-S07.csv
2023,7,,2023-02-10,2023-02-16,"HAUTE ET BASSE NORMANDIE, PAYS DE LOIRE, POITOU-CHARENTES, CENTRE",Nantes,S,EUR/kg carcasse,2.33,0.06,COT-VBL-porc-A23-S07.csv
2023,7,,2023-02-10,2023-02-16,"NORD-PAS DE CALAIS,PICARDIE, ILE DE FRANCE, LORRAINE,ALSACE, CHAMPAGNE-ARDENNES",Lille,E,EUR/kg carcasse,2.26,0.06,COT-VBL-porc-A23-S07.csv
2023,7,,2023-02-10,2023-02-16,"NORD-PAS DE CALAIS,PICARDIE, ILE DE FRANCE, LORRAINE,ALSACE, CHAMPAGNE-ARDENNES",Lille,S,EUR/kg carcasse,2.35,0.08,COT-VBL-porc-A23-S07.csv
2023,7,,2023-02-10,2023-02-16,"BOURGOGNE,FRANCHE-COMTE, RHONE-ALPES, PROVENCE-ALPES COTE D'AZUR,CORSE",Lyon,E,EUR/kg carcasse,2.47,0.13,COT-VBL-porc-A23-S07.csv
2023,7,,2023-02-10,2023-02-16,"BOURGOGNE,FRANCHE-COMTE, RHONE-ALPES, PROVENCE-ALPES COTE D'AZUR,CORSE",Lyon,S,EUR/kg carcasse,2.34,0.06,COT-VBL-porc-A23-S07.csv
2023,7,,2023-02-10,2023-02-16,"MIDI-PYRENEES, AQUITAINE LANGUEDOC-ROUSSILLON, AUVERGNE,LIMOUSIN",Toulouse,E,EUR/kg carcasse,2.24,0.05,COT-VBL-porc-A23-S07.csv
2023,7,,2023-02-10,2023-02-16,"MIDI-PYRENEES, AQUITAINE LANGUEDOC-ROUSSILLON, AUVERGNE,LIMOUSIN",Toulouse,S,EUR/kg carcasse,2.33,0.05,COT-VBL-porc-A23-S07.csv
2023,7,,2023-02-10,2023-02-16,RÉFÉRENCE NATIONALE,,E,EUR/kg carcasse,2.22,0.05,COT-VBL-porc-A23-S07.csv
2023,7,,2023-02-10,2023-02-16,RÉFÉRENCE NATIONALE,,S,EUR/kg carcasse,2.3,0.06,COT-VBL-porc-A23-S07.csv
2023,8,,2023-02-17,2023-02-23,BRETAGNE,Rennes,E,EUR/kg carcasse,2.23,0.05,COT-VBL-porc-A23-S08.csv
2023,8,,2023-02-17,2023-02-23,BRETAGNE,Rennes,S,EUR/kg carcasse,2.31,0.04,COT-VBL-porc-A23-S08.csv
2023,8,,2023-02-17,2023-02-23,"HAUTE ET BASSE NORMANDIE, PAYS DE LOIRE, POITOU-CHARENTES, CENTRE",Nantes,E,EUR/kg carcasse,2.27,0.04,COT-VBL-porc-A23-S08.csv
2023,8,,2023-02-17,2023-02-23,"HAUTE ET BASSE NORMANDIE, PAYS DE LOIRE, POITOU-CHARENTES, CENTRE",Nantes,S,EUR/kg carcasse,2.37,0.04,COT-VBL-porc-A23-S08.csv
2023,8,,2023-02-17,2023-02-23,"NORD-PAS DE CALAIS,PICARDIE, ILE DE FRANCE, LORRAINE,ALSACE, CHAMPAGNE-ARDENNES",Lille,E,EUR/kg carcasse,2.31,0.05,COT-VBL-porc-A23-S08.csv
2023,8,,2023-02-17,2023-02-23,"NORD-PAS DE CALAIS,PICARDIE, ILE DE FRANCE, LORRAINE,ALSACE, CHAMPAGNE-ARDENNES",Lille,S,EUR/kg carcasse,2.4,0.05,COT-VBL-porc-A23-S08.csv
2023,8,,2023-02-17,2023-02-23,"BOURGOGNE,FRANCHE-COMTE, RHONE-ALPES, PROVENCE-ALPES COTE D'AZUR,CORSE",Lyon,E,EUR/kg carcasse,2.49,0.02,COT-VBL-porc-A23-S08.csv
2023,8,,2023-02-17,2023-02-23,"BOURGOGNE,FRANCHE-COMTE, RHONE-ALPES, PROVENCE-ALPES COTE D'AZUR,CORSE",Lyon,S,EUR/kg carcasse,2.39,0.05,COT-VBL-porc-A23-S08.csv
2023,8,,2023-02-17,2023-02-23,"MIDI-PYRENEES, AQUITAINE LANGUEDOC-ROUSSILLON, AUVERGNE,LIMOUSIN",Toulouse,E,EUR/kg carcasse,2.31,0.07,COT-VBL-porc-A23-S08.csv
2023,8,,2023-02-17,2023-02-23,"MIDI-PYRENEES, AQUITAINE LANGUEDOC-ROUSSILLON, AUVERGNE,LIMOUSIN",Toulouse,S,EUR/kg carcasse,2.4,0.07,COT-VBL-porc-A23-S08.csv
2023,8,,2023-02-17,2023-02-23,RÉFÉRENCE NATIONALE,,E,EUR/kg carcasse,2.27,0.05,COT-VBL-porc-A23-S08.csv
2023,8,,2023-02-17,2023-02-23,RÉFÉRENCE NATIONALE,,S,EUR/kg carcasse,2.34,0.04,COT-VBL-porc-A23-S08.csv
2023,9,,2023-02-24,2023-03-02,BRETAGNE,Rennes,E,EUR/kg carcasse,2.27,0.04,COT-VBL-porc-A23-S09.csv
2023,9,,2023-02-24,2023-03-02,BRETAGNE,Rennes,S,EUR/kg carcasse,2.36,0.05,COT-VBL-porc-A23-S09.csv
2023,9,,2023-02-24,2023-03-02,"HAUTE ET BASSE NORMANDIE, PAYS DE LOIRE, POITOU-CHARENTES, CENTRE",Nantes,E,EUR/kg carcasse,2.33,0.06,COT-VBL-porc-A23-S09.csv
2023,9,,2023-02-24,2023-03-02,"HAUTE ET BASSE NORMANDIE, PAYS DE LOIRE, POITOU-CHARENTES, CENTRE",Nantes,S,EUR/kg carcasse,2.42,0.05,COT-VBL-porc-A23-S09.csv
2023,9,,2023-02-24,2023-03-02,"NORD-PAS DE CALAIS,PICARDIE, ILE DE FRANCE, LORRAINE,ALSACE, CHAMPAGNE-ARDENNES",Lille,E,EUR/kg carcasse,2.38,0.07,COT-VBL-porc-A23-S09.csv
2023,9,,2023-02-24,2023-03-02,"NORD-PAS DE CALAIS,PICARDIE, ILE DE FRANCE, LORRAINE,ALSACE, CHAMPAGNE-ARDENNES",Lille,S,EUR/kg carcasse,2.47,0.07,COT-VBL-porc-A23-S09.csv
2023,9,,2023-02-24,2023-03-02,"BOURGOGNE,FRANCHE-COMTE, RHONE-ALPES, PROVENCE-ALPES COTE D'AZUR,CORSE",Lyon,E,EUR/kg carcasse,2.54,0.05,COT-VBL-porc-A23-S09.csv
2023,9,,2023-02-24,2023-03-02,"BOURGOGNE,FRANCHE-COMTE, RHONE-ALPES, PROVENCE-ALPES COTE D'AZUR,CORSE",Lyon,S,EUR/kg carcasse,2.43,0.04,COT-VBL-porc-A23-S09.csv
2023,9,,2023-02-24,2023-03-02,"MIDI-PYRENEES, AQUITAINE LANGUEDOC-ROUSSILLON, AUVERGNE,LIMOUSIN",Toulouse,E,EUR/kg carcasse,2.36,0.05,COT-VBL-porc-A23-S09.csv
2023,9,,2023-02-24,2023-03-02,"MIDI-PYRENEES, AQUITAINE LANGUEDOC-ROUSSILLON, AUVERGNE,LIMOUSIN",Toulouse,S,EUR/kg carcasse,2.46,0.06,COT-VBL-porc-A23-S09.csv
2023,9,,2023-02-24,2023-03-02,RÉFÉRENCE NATIONALE,,E,EUR/kg carcasse,2.31,0.04,COT-VBL-porc-A23-S09.csv
2023,9,,2023-02-24,2023-03-02,RÉFÉRENCE NATIONALE,,S,EUR/kg carcasse,2.39,0.05,COT-VBL-porc-A23-S09.csv
2023,10,,2023-03-03,2023-03-09,BRETAGNE,Rennes,E,EUR/kg carcasse,2.33,0.06,COT-VBL-porc-A23-S10.csv
2023,10,,2023-03-03,2023-03-09,BRETAGNE,Rennes,S,EUR/kg carcasse,2.41,0.05,COT-VBL-porc-A23-S10.csv
2023,10,,2023-03-03,2023-03-09,"HAUTE ET BASSE NORMANDIE, PAYS DE LOIRE, POITOU-CHARENTES, CENTRE",Nantes,E,EUR/kg carcasse,2.39,0.06,COT-VBL-porc-A23-S10.csv
2023,10,,2023-03-03,2023-03-09,"HAUTE ET BASSE NORMANDIE, PAYS DE LOIRE, POITOU-CHARENTES, CENTRE",Nantes,S,EUR/kg carcasse,2.48,0.06,COT-VBL-porc-A23-S10.csv
2023,10,,2023-03-03,2023-03-09,"NORD-PAS DE CALAIS,PICARDIE, ILE DE FRANCE, LORRAINE,ALSACE, CHAMPAGNE-ARDENNES",Lille,E,EUR/kg carcasse,2.45,0.07,COT-VBL-porc-A23-S10.csv
2023,10,,2023-03-03,2023-03-09,"NORD-PAS DE CALAIS,PICARDIE, ILE DE FRANCE, LORRAINE,ALSACE, CHAMPAGNE-ARDENNES",Lille,S,EUR/kg carcasse,2.53,0.06,COT-VBL-porc-A23-S10.csv
2023,10,,2023-03-03,2023-03-09,"BOURGOGNE,FRANCHE-COMTE, RHONE-ALPES, PROVENCE-ALPES COTE D'AZUR,CORSE",Lyon,E,EUR/kg carcasse,2.59,0.05,COT-VBL-porc-A23-S10.csv
2023,10,,2023-03-03,2023-03-09,"BOURGOGNE,FRANCHE-COMTE, RHONE-ALPES, PROVENCE-ALPES COTE D'AZUR,CORSE",Lyon,S,EUR/kg carcasse,2.49,0.06,COT-VBL-porc-A23-S10.csv
2023,10,,2023-03-03,2023-03-09,"MIDI-PYRENEES, AQUITAINE LANGUEDOC-ROUSSILLON, AUVERGNE,LIMOUSIN",Toulouse,E,EUR/kg carcasse,2.43,0.07,COT-VBL-porc-A23-S10.csv
2023,10,,2023-03-03,2023-03-09,"MIDI-PYRENEES, AQUITAINE LANGUEDOC-ROUSSILLON, AUVERGNE,LIMOUSIN",Toulouse,S,EUR/kg carcasse,2.52,0.06,COT-VBL-porc-A23-S10.csv
2023,10,,2023-03-03,2023-03-09,RÉFÉRENCE NATIONALE,,E,EUR/kg carcasse,2.38,0.07,COT-VBL-porc-A23-S10.csv
2023,10,,2023-03-03,2023-03-09,RÉFÉRENCE NATIONALE,,S,EUR/kg carcasse,2.44,0.05,COT-VBL-porc-A23-S10.csv
2023,11,,2023-03-10,2023-03-16,BRETAGNE,Rennes,E,EUR/kg carcasse,2.39,0.06,COT-VBL-porc-A23-S11.csv
2023,11,,2023-03-10,2023-03-16,BRETAGNE,Rennes,S,EUR/kg carcasse,2.47,0.06,COT-VBL-porc-A23-S11.csv
2023,11,,2023-03-10,2023-03-16,"HAUTE ET BASSE NORMANDIE, PAYS DE LOIRE, POITOU-CHARENTES, CENTRE",Nantes,E,EUR/kg carcasse,2.44,0.05,COT-VBL-porc-A23-S11.csv
2023,11,,2023-03-10,2023-03-16,"HAUTE ET BASSE NORMANDIE, PAYS DE LOIRE, POITOU-CHARENTES, CENTRE",Nantes,S,EUR/kg carcasse,2.54,0.06,COT-VBL-porc-A23-S11.csv
2023,11,,2023-03-10,2023-03-16,"NORD-PAS DE CALAIS,PICARDIE, ILE DE FRANCE, LORRAINE,ALSACE, CHAMPAGNE-ARDENNES",Lille,E,EUR/kg carcasse,2.5,0.05,COT-VBL-porc-A23-S11.csv
2023,11,,2023-03-10,2023-03-16,"NORD-PAS DE CALAIS,PICARDIE, ILE DE FRANCE, LORRAINE,ALSACE, CHAMPAGNE-ARDENNES",Lille,S,EUR/kg carcasse,2.59,0.06,COT-VBL-porc-A23-S11.csv
2023,11,,2023-03-10,2023-03-16,"BOURGOGNE,FRANCHE-COMTE, RHONE-ALPES, PROVENCE-ALPES COTE D'AZUR,CORSE",Lyon,E,EUR/kg carcasse,2.63,0.04,COT-VBL-porc-A23-S11.csv
2023,11,,2023-03-10,2023-03-16,"BOURGOGNE,FRANCHE-COMTE, RHONE-ALPES, PROVENCE-ALPES COTE D'AZUR,CORSE",Lyon,S,EUR/kg carcasse,2.56,0.07,COT-VBL-porc-A23-S11.csv
2023,11,,2023-03-10,2023-03-16,"MIDI-PYRENEES, AQUITAINE LANGUEDOC-ROUSSILLON, AUVERGNE,LIMOUSIN",Toulouse,E,EUR/kg carcasse,2.44,0.01,COT-VBL-porc-A23-S11.csv
2023,11,,2023-03-10,2023-03-16,"MIDI-PYRENEES, AQUITAINE LANGUEDOC-ROUSSILLON, AUVERGNE,LIMOUSIN",Toulouse,S,EUR/kg carcasse,2.54,0.02,COT-VBL-porc-A23-S11.csv
2023,11,,2023-03-10,2023-03-16,RÉFÉRENCE NATIONALE,,E,EUR/kg carcasse,2.43,0.05,COT-VBL-porc-A23-S11.csv
2023,11,,2023-03-10,2023-03-16,RÉFÉRENCE NATIONALE,,S,EUR/kg carcasse,2.5,0.06,COT-VBL-porc-A23-S11.csv
2023,12,,2023-03-17,2023-03-23,BRETAGNE,Rennes,E,EUR/kg carcasse,2.42,0.03,COT-VBL-porc-A23-S12.csv
2023,12,,2023-03-17,2023-03-23,BRETAGNE,Rennes,S,EUR/kg carcasse,2.5,0.03,COT-VBL-porc-A23-S12.csv
2023,12,,2023-03-17,2023-03-23,"HAUTE ET BASSE NORMANDIE, PAYS DE LOIRE, POITOU-CHARENTES, CENTRE",Nantes,E,EUR/kg carcasse,2.47,0.03,COT-VBL-porc-A23-S12.csv
2023,12,,2023-03-17,2023-03-23,"HAUTE ET BASSE NORMANDIE, PAYS DE LOIRE, POITOU-CHARENTES, CENTRE",Nantes,S,EUR/kg carcasse,2.56,0.02,COT-VBL-porc-A23-S12.csv
2023,12,,2023-03-17,2023-03-23,"NORD-PAS DE CALAIS,PICARDIE, ILE DE FRANCE, LORRAINE,ALSACE, CHAMPAGNE-ARDENNES",Lille,E,EUR/kg carcasse,2.5,0,COT-VBL-porc-A23-S12.csv
2023,12,,2023-03-17,2023-03-23,"NORD-PAS DE CALAIS,PICARDIE, ILE DE FRANCE, LORRAINE,ALSACE, CHAMPAGNE-ARDENNES",Lille,S,EUR/kg carcasse,2.58,-0.01,COT-VBL-porc-A23-S12.csv
2023,12,,2023-03-17,2023-03-23,"BOURGOGNE,FRANCHE-COMTE, RHONE-ALPES, PROVENCE-ALPES COTE D'AZUR,CORSE",Lyon,E,EUR/kg carcasse,2.68,0.05,COT-VBL-porc-A23-S12.csv
2023,12,,2023-03-17,2023-03-23,"BOURGOGNE,FRANCHE-COMTE, RHONE-ALPES, PROVENCE-ALPES COTE D'AZUR,CORSE",Lyon,S,EUR/kg carcasse,2.6,0.04,COT-VBL-porc-A23-S12.csv
2023,12,,2023-03-17,2023-03-23,"MIDI-PYRENEES, AQUITAINE LANGUEDOC-ROUSSILLON, AUVERGNE,LIMOUSIN",Toulouse,E,EUR/kg carcasse,2.45,0.01,COT-VBL-porc-A23-S12.csv
2023,12,,2023-03-17,2023-03-23,"MIDI-PYRENEES, AQUITAINE LANGUEDOC-ROUSSILLON, AUVERGNE,LIMOUSIN",Toulouse,S,EUR/kg carcasse,2.54,0,COT-VBL-porc-A23-S12.csv
2023,12,,2023-03-17,2023-03-23,RÉFÉRENCE NATIONALE,,E,EUR/kg carcasse,2.46,0.03,COT-VBL-porc-A23-S12.csv
2023,12,,2023-03-17,2023-03-23,RÉFÉRENCE NATIONALE,,S,EUR/kg carcasse,2.53,0.03,COT-VBL-porc-A23-S12.csv
2023,13,,2023-03-24,2023-03-30,BRETAGNE,Rennes,E,EUR/kg carcasse,2.43,0.01,COT-VBL-porc-A23-S13.csv
2023,13,,2023-03-24,2023-03-30,BRETAGNE,Rennes,S,EUR/kg carcasse,2.51,0.01,COT-VBL-porc-A23-S13.csv
2023,13,,2023-03-24,2023-03-30,"HAUTE ET BASSE NORMANDIE, PAYS DE LOIRE, POITOU-CHARENTES, CENTRE",Nantes,E,EUR/kg carcasse,2.48,0.01,COT-VBL-porc-A23-S13.csv
2023,13,,2023-03-24,2023-03-30,"HAUTE ET BASSE NORMANDIE, PAYS DE LOIRE, POITOU-CHARENTES, CENTRE",Nantes,S,EUR/kg carcasse,2.57,0.01,COT-VBL-porc-A23-S13.csv
2023,13,,2023-03-24,2023-03-30,"NORD-PAS DE CALAIS,PICARDIE, ILE DE FRANCE, LORRAINE,ALSACE, CHAMPAGNE-ARDENNES",Lille,E,EUR/kg carcasse,2.52,0.02,COT-VBL-porc-A23-S13.csv
2023,13,,2023-03-24,2023-03-30,"NORD-PAS DE CALAIS,PICARDIE, ILE DE FRANCE, LORRAINE,ALSACE, CHAMPAGNE-ARDENNES",Lille,S,EUR/kg carcasse,2.6,0.02,COT-VBL-porc-A23-S13.csv
2023,13,,2023-03-24,2023-03-30,"BOURGOGNE,FRANCHE-COMTE, RHONE-ALPES, PROVENCE-ALPES COTE D'AZUR,CORSE",Lyon,E,EUR/kg carcasse,2.65,-0.03,COT-VBL-porc-A23-S13.csv
2023,13,,2023-03-24,2023-03-30,"BOURGOGNE,FRANCHE-COMTE, RHONE-ALPES, PROVENCE-ALPES COTE D'AZUR,CORSE",Lyon,S,EUR/kg carcasse,2.6,0,COT-VBL-porc-A23-S13.csv
2023,13,,2023-03-24,2023-03-30,"MIDI-PYRENEES, AQUITAINE LANGUEDOC-ROUSSILLON, AUVERGNE,LIMOUSIN",Toulouse,E,EUR/kg carcasse,2.45,0,COT-VBL-porc-A23-S13.csv
2023,13,,2023-03-24,2023-03-30,"MIDI-PYRENEES, AQUITAINE LANGUEDOC-ROUSSILLON, AUVERGNE,LIMOUSIN",Toulouse,S,EUR/kg carcasse,2.54,0,COT-VBL-porc-A23-S13.csv
2023,13,,2023-03-24,2023-03-30,RÉFÉRENCE NATIONALE,,E,EUR/kg carcasse,2.46,0,COT-VBL-porc-A23-S13.csv
2023,13,,2023-03-24,2023-03-30,RÉFÉRENCE NATIONALE,,S,EUR/kg carcasse,2.54,0.01,COT-VBL-porc-A23-S13.csv
2023,14,,2023-03-31,2023-04-06,BRETAGNE,Rennes,E,EUR/kg carcasse,2.43,0,COT-VBL-porc-A23-S14.csv
2023,14,,2023-03-31,2023-04-06,BRETAGNE,Rennes,S,EUR/kg carcasse,2.51,0,COT-VBL-porc-A23-S14.csv
2023,14,,2023-03-31,2023-04-06,"HAUTE ET BASSE NORMANDIE, PAYS DE LOIRE, POITOU-CHARENTES, CENTRE",Nantes,E,EUR/kg carcasse,2.48,0,COT-VBL-porc-A23-S14.csv
2023,14,,2023-03-31,2023-04-06,"HAUTE ET BASSE NORMANDIE, PAYS DE LOIRE, POITOU-CHARENTES, CENTRE",Nantes,S,EUR/kg carcasse,2.57,0,COT-VBL-porc-A23-S14.csv
2023,14,,2023-03-31,2023-04-06,"NORD-PAS DE CALAIS,PICARDIE, ILE DE FRANCE, LORRAINE,ALSACE, CHAMPAGNE-ARDENNES",Lille,E,EUR/kg carcasse,2.51,-0.01,COT-VBL-porc-A23-S14.csv
2023,14,,2023-03-31,2023-04-06,"NORD-PAS DE CALAIS,PICARDIE, ILE DE FRANCE, LORRAINE,ALSACE, CHAMPAGNE-ARDENNES",Lille,S,EUR/kg carcasse,2.6,0,COT-VBL-porc-A23-S14.csv
2023,14,,2023-03-31,2023-04-06,"BOURGOGNE,FRANCHE-COMTE, RHONE-ALPES, PROVENCE-ALPES COTE D'AZUR,CORSE",Lyon,E,EUR/kg carcasse,2.7,0.05,COT-VBL-porc-A23-S14.csv
2023,14,,2023-03-31,2023-04-06,"BOURGOGNE,FRANCHE-COMTE, RHONE-ALPES, PROVENCE-ALPES COTE D'AZUR,CORSE",Lyon,S,EUR/kg carcasse,2.6,0,COT-VBL-porc-A23-S14.csv
2023,14,,2023-03-31,2023-04-06,"MIDI-PYRENEES, AQUITAINE LANGUEDOC-ROUSSILLON, AUVERGNE,LIMOUSIN",Toulouse,E,EUR/kg carcasse,2.45,0,COT-VBL-porc-A23-S14.csv
2023,14,,2023-03-31,2023-04-06,"MIDI-PYRENEES, AQUITAINE LANGUEDOC-ROUSSILLON, AUVERGNE,LIMOUSIN",Toulouse,S,EUR/kg carcasse,2.54,0,COT-VBL-porc-A23-S14.csv
2023,14,,2023-03-31,2023-04-06,RÉFÉRENCE NATIONALE,,E,EUR/kg carcasse,2.47,0.01,COT-VBL-porc-A23-S14.csv
2023,14,,2023-03-31,2023-04-06,RÉFÉRENCE NATIONALE,,S,EUR/kg carcasse,2.54,0,COT-VBL-porc-A23-S14.csv
2023,15,,2023-04-07,2023-04-13,BRETAGNE,Rennes,E,EUR/kg carcasse,2.42,-0.01,COT-VBL-porc-A23-S15.csv
2023,15,,2023-04-07,2023-04-13,BRETAGNE,Rennes,S,EUR/kg carcasse,2.51,0,COT-VBL-porc-A23-S15.csv
2023,15,,2023-04-07,2023-04-13,"HAUTE ET BASSE NORMANDIE, PAYS DE LOIRE, POITOU-CHARENTES, CENTRE",Nantes,E,EUR/kg carcasse,2.47,-0.01,COT-VBL-porc-A23-S15.csv
2023,15,,2023-04-07,2023-04-13,"HAUTE ET BASSE NORMANDIE, PAYS DE LOIRE, POITOU-CHARENTES, CENTRE",Nantes,S,EUR/kg carcasse,2.57,0,COT-VBL-porc-A23-S15.csv
2023,15,,2023-04-07,2023-04-13,"NORD-PAS DE CALAIS,PICARDIE, ILE DE FRANCE, LORRAINE,ALSACE, CHAMPAGNE-ARDENNES",Lille,E,EUR/kg carcasse,2.51,0,COT-VBL-porc-A23-S15.csv
2023,15,,2023-04-07,2023-04-13,"NORD-PAS DE CALAIS,PICARDIE, ILE DE FRANCE, LORRAINE,ALSACE, CHAMPAGNE-ARDENNES",Lille,S,EUR/kg carcasse,2.6,0,COT-VBL-porc-A23-S15.csv
2023,15,,2023-04-07,2023-04-13,"BOURGOGNE,FRANCHE-COMTE, RHONE-ALPES, PROVENCE-ALPES COTE D'AZUR,CORSE",Lyon,E,EUR/kg carcasse,2.67,-0.03,COT-VBL-porc-A23-S15.csv
2023,15,,2023-04-07,2023-04-13,"BOURGOGNE,FRANCHE-COMTE, RHONE-ALPES, PROVENCE-ALPES COTE D'AZUR,CORSE",Lyon,S,EUR/kg carcasse,2.6,0,COT-VBL-porc-A23-S15.csv
2023,15,,2023-04-07,2023-04-13,"MIDI-PYRENEES, AQUITAINE LANGUEDOC-ROUSSILLON, AUVERGNE,LIMOUSIN",Toulouse,E,EUR/kg carcasse,2.44,-0.01,COT-VBL-porc-A23-S15.csv
2023,15,,2023-04-07,2023-04-13,"MIDI-PYRENEES, AQUITAINE LANGUEDOC-ROUSSILLON, AUVERGNE,LIMOUSIN",Toulouse,S,EUR/kg carcasse,2.53,-0.01,COT-VBL-porc-A23-S15.csv
2023,15,,2023-04-07,2023-04-13,RÉFÉRENCE NATIONALE,,E,EUR/kg carcasse,2.46,-0.01,COT-VBL-porc-A23-S15.csv
2023,15,,2023-04-07,2023-04-13,RÉFÉRENCE NATIONALE,,S,EUR/kg carcasse,2.53,-0.01,COT-VBL-porc-A23-S15.csv
2023,16,,2023-04-14,2023-04-20,BRETAGNE,Rennes,E,EUR/kg carcasse,2.42,0,COT-VBL-porc-A23-S16.csv
2023,16,,2023-04-14,2023-04-20,BRETAGNE,Rennes,S,EUR/kg carcasse,2.51,0,COT-VBL-porc-A23-S16.csv
2023,16,,2023-04-14,2023-04-20,"HAUTE ET BASSE NORMANDIE, PAYS DE LOIRE, POITOU-CHARENTES, CENTRE",Nantes,E,EUR/kg carcasse,2.47,0,COT-VBL-porc-A23-S16.csv
2023,16,,2023-04-14,2023-04-20,"HAUTE ET BASSE NORMANDIE, PAYS DE LOIRE, POITOU-CHARENTES, CENTRE",Nantes,S,EUR/kg carcasse,2.56,-0.01,COT-VBL-porc-A23-S16.csv
2023,16,,2023-04-14,2023-04-20,"NORD-PAS DE CALAIS,PICARDIE, ILE DE FRANCE, LORRAINE,ALSACE, CHAMPAGNE-ARDENNES",Lille,E,EUR/kg carcasse,2.5,-0.01,COT-VBL-porc-A23-S16.csv
2023,16,,2023-04-14,2023-04-20,"NORD-PAS DE CALAIS,PICARDIE, ILE DE FRANCE, LORRAINE,ALSACE, CHAMPAGNE-ARDENNES",Lille,S,EUR/kg carcasse,2.59,-0.01,COT-VBL-porc-A23-S16.csv
2023,16,,2023-04-14,2023-04-20,"BOURGOGNE,FRANCHE-COMTE, RHONE-ALPES, PROVENCE-ALPES COTE D'AZUR,CORSE",Lyon,E,EUR/kg carcasse,2.62,-0.05,COT-VBL-porc-A23-S16.csv
2023,16,,2023-04-14,2023-04-20,"BOURGOGNE,FRANCHE-COMTE, RHONE-ALPES, PROVENCE-ALPES COTE D'AZUR,CORSE",Lyon,S,EUR/kg carcasse,2.6,0,COT-VBL-porc-A23-S16.csv
2023,16,,2023-04-14,2023-04-20,RÉFÉRENCE NATIONALE,,E,EUR/kg carcasse,2.45,-0.01,COT-VBL-porc-A23-S16.csv
2023,16,,2023-04-14,2023-04-20,RÉFÉRENCE NATIONALE,,S,EUR/kg carcasse,2.53,0,COT-VBL-porc-A23-S16.csv
2023,17,,2023-04-21,2023-04-27,BRETAGNE,Rennes,E,EUR/kg carcasse,2.39,-0.03,COT-VBL-porc-A23-S17.csv
2023,17,,2023-04-21,2023-04-27,BRETAGNE,Rennes,S,EUR/kg carcasse,2.48,-0.03,COT-VBL-porc-A23-S17.csv
2023,17,,2023-04-21,2023-04-27,"HAUTE ET BASSE NORMANDIE, PAYS DE LOIRE, POITOU-CHARENTES, CENTRE",Nantes,E,EUR/kg carcasse,2.42,-0.05,COT-VBL-porc-A23-S17.csv
2023,17,,2023-04-21,2023-04-27,"HAUTE ET BASSE NORMANDIE, PAYS DE LOIRE, POITOU-CHARENTES, CENTRE",Nantes,S,EUR/kg carcasse,2.52,-0.04,COT-VBL-porc-A23-S17.csv
2023,17,,2023-04-21,2023-04-27,"NORD-PAS DE CALAIS,PICARDIE, ILE DE FRANCE, LORRAINE,ALSACE, CHAMPAGNE-ARDENNES",Lille,E,EUR/kg carcasse,2.43,-0.07,COT-VBL-porc-A23-S17.csv
2023,17,,2023-04-21,2023-04-27,"NORD-PAS DE CALAIS,PICARDIE, ILE DE FRANCE, LORRAINE,ALSACE, CHAMPAGNE-ARDENNES",Lille,S,EUR/kg carcasse,2.52,-0.07,COT-VBL-porc-A23-S17.csv
2023,17,,2023-04-21,2023-04-27,"BOURGOGNE,FRANCHE-COMTE, RHONE-ALPES, PROVENCE-ALPES COTE D'AZUR,CORSE",Lyon,E,EUR/kg carcasse,2.59,-0.03,COT-VBL-porc-A23-S17.csv
2023,17,,2023-04-21,2023-04-27,"BOURGOGNE,FRANCHE-COMTE, RHONE-ALPES, PROVENCE-ALPES COTE D'AZUR,CORSE",Lyon,S,EUR/kg carcasse,2.55,-0.05,COT-VBL-porc-A23-S17.csv
2023,17,,2023-04-21,2023-04-27,"MIDI-PYRENEES, AQUITAINE LANGUEDOC-ROUSSILLON, AUVERGNE,LIMOUSIN",Toulouse,E,EUR/kg carcasse,2.32,,COT-VBL-porc-A23-S17.csv
2023,17,,2023-04-21,2023-04-27,"MIDI-PYRENEES, AQUITAINE LANGUEDOC-ROUSSILLON, AUVERGNE,LIMOUSIN",Toulouse,S,EUR/kg carcasse,2.42,,COT-VBL-porc-A23-S17.csv
2023,17,,2023-04-21,2023-04-27,RÉFÉRENCE NATIONALE,,E,EUR/kg carcasse,2.41,-0.04,COT-VBL-porc-A23-S17.csv
2023,17,,2023-04-21,2023-04-27,RÉFÉRENCE NATIONALE,,S,EUR/kg carcasse,2.49,-0.04,COT-VBL-porc-A23-S17.csv
2023,18,,2023-04-28,2023-05-04,BRETAGNE,Rennes,E,EUR/kg carcasse,2.35,-0.04,COT-VBL-porc-A23-S18.csv
2023,18,,2023-04-28,2023-05-04,BRETAGNE,Rennes,S,EUR/kg carcasse,2.44,-0.04,COT-VBL-porc-A23-S18.csv
2023,18,,2023-04-28,2023-05-04,"HAUTE ET BASSE NORMANDIE, PAYS DE LOIRE, POITOU-CHARENTES, CENTRE",Nantes,E,EUR/kg carcasse,2.37,-0.05,COT-VBL-porc-A23-S18.csv
2023,18,,2023-04-28,2023-05-04,"HAUTE ET BASSE NORMANDIE, PAYS DE LOIRE, POITOU-CHARENTES, CENTRE",Nantes,S,EUR/kg carcasse,2.47,-0.05,COT-VBL-porc-A23-S18.csv
2023,18,,2023-04-28,2023-05-04,"NORD-PAS DE CALAIS,PICARDIE, ILE DE FRANCE, LORRAINE,ALSACE, CHAMPAGNE-ARDENNES",Lille,E,EUR/kg carcasse,2.36,-0.07,COT-VBL-porc-A23-S18.csv
2023,18,,2023-04-28,2023-05-04,"NORD-PAS DE CALAIS,PICARDIE, ILE DE FRANCE, LORRAINE,ALSACE, CHAMPAGNE-ARDENNES",Lille,S,EUR/kg carcasse,2.45,-0.07,COT-VBL-porc-A23-S18.csv
2023,18,,2023-04-28,2023-05-04,"BOURGOGNE,FRANCHE-COMTE, RHONE-ALPES, PROVENCE-ALPES COTE D'AZUR,CORSE",Lyon,E,EUR/kg carcasse,2.53,-0.06,COT-VBL-porc-A23-S18.csv
2023,18,,2023-04-28,2023-05-04,"BOURGOGNE,FRANCHE-COMTE, RHONE-ALPES, PROVENCE-ALPES COTE D'AZUR,CORSE",Lyon,S,EUR/kg carcasse,2.49,-0.06,COT-VBL-porc-A23-S18.csv
2023,18,,2023-04-28,2023-05-04,"MIDI-PYRENEES, AQUITAINE LANGUEDOC-ROUSSILLON, AUVERGNE,LIMOUSIN",Toulouse,E,EUR/kg carcasse,2.26,-0.06,COT-VBL-porc-A23-S18.csv
2023,18,,2023-04-28,2023-05-04,"MIDI-PYRENEES, AQUITAINE LANGUEDOC-ROUSSILLON, AUVERGNE,LIMOUSIN",Toulouse,S,EUR/kg carcasse,2.36,-0.06,COT-VBL-porc-A23-S18.csv
2023,18,,2023-04-28,2023-05-04,RÉFÉRENCE NATIONALE,,E,EUR/kg carcasse,2.36,-0.05,COT-VBL-porc-A23-S18.csv
2023,18,,2023-04-28,2023-05-04,RÉFÉRENCE NATIONALE,,S,EUR/kg carcasse,2.44,-0.05,COT-VBL-porc-A23-S18.csv
2023,19,,2023-05-05,2023-05-11,BRETAGNE,Rennes,E,EUR/kg carcasse,2.3,-0.05,COT-VBL-porc-A23-S19.csv
2023,19,,2023-05-05,2023-05-11,BRETAGNE,Rennes,S,EUR/kg carcasse,2.39,-0.05,COT-VBL-porc-A23-S19.csv
2023,19,,2023-05-05,2023-05-11,"HAUTE ET BASSE NORMANDIE, PAYS DE LOIRE, POITOU-CHARENTES, CENTRE",Nantes,E,EUR/kg carcasse,2.32,-0.05,COT-VBL-porc-A23-S19.csv
2023,19,,2023-05-05,2023-05-11,"HAUTE ET BASSE NORMANDIE, PAYS DE LOIRE, POITOU-CHARENTES, CENTRE",Nantes,S,EUR/kg carcasse,2.41,-0.06,COT-VBL-porc-A23-S19.csv
2023,19,,2023-05-05,2023-05-11,"NORD-PAS DE CALAIS,PICARDIE, ILE DE FRANCE, LORRAINE,ALSACE, CHAMPAGNE-ARDENNES",Lille,E,EUR/kg carcasse,2.32,-0.04,COT-VBL-porc-A23-S19.csv
2023,19,,2023-05-05,2023-05-11,"NORD-PAS DE CALAIS,PICARDIE, ILE DE FRANCE, LORRAINE,ALSACE, CHAMPAGNE-ARDENNES",Lille,S,EUR/kg carcasse,2.4,-0.05,COT-VBL-porc-A23-S19.csv
2023,19,,2023-05-05,2023-05-11,"BOURGOGNE,FRANCHE-COMTE, RHONE-ALPES, PROVENCE-ALPES COTE D'AZUR,CORSE",Lyon,E,EUR/kg carcasse,2.47,-0.06,COT-VBL-porc-A23-S19.csv
2023,19,,2023-05-05,2023-05-11,"BOURGOGNE,FRANCHE-COMTE, RHONE-ALPES, PROVENCE-ALPES COTE D'AZUR,CORSE",Lyon,S,EUR/kg carcasse,2.43,-0.06,COT-VBL-porc-A23-S19.csv
2023,19,,2023-05-05,2023-05-11,"MIDI-PYRENEES, AQUITAINE LANGUEDOC-ROUSSILLON, AUVERGNE,LIMOUSIN",Toulouse,E,EUR/kg carcasse,2.23,-0.03,COT-VBL-porc-A23-S19.csv
2023,19,,2023-05-05,2023-05-11,"MIDI-PYRENEES, AQUITAINE LANGUEDOC-ROUSSILLON, AUVERGNE,LIMOUSIN",Toulouse,S,EUR/kg carcasse,2.33,-0.03,COT-VBL-porc-A23-S19.csv
2023,19,,2023-05-05,2023-05-11,RÉFÉRENCE NATIONALE,,E,EUR/kg carcasse,2.31,-0.05,COT-VBL-porc-A23-S19.csv
2023,19,,2023-05-05,2023-05-11,RÉFÉRENCE NATIONALE,,S,EUR/kg carcasse,2.39,-0.05,COT-VBL-porc-A23-S19.csv
2023,20,,2023-05-12,2023-05-18,BRETAGNE,Rennes,E,EUR/kg carcasse,2.27,-0.03,COT-VBL-porc-A23-S20.csv
2023,20,,2023-05-12,2023-05-18,BRETAGNE,Rennes,S,EUR/kg carcasse,2.36,-0.03,COT-VBL-porc-A23-S20.csv
2023,20,,2023-05-12,2023-05-18,"HAUTE ET BASSE NORMANDIE, PAYS DE LOIRE, POITOU-CHARENTES, CENTRE",Nantes,E,EUR/kg carcasse,2.3,-0.02,COT-VBL-porc-A23-S20.csv
2023,20,,2023-05-12,2023-05-18,"HAUTE ET BASSE NORMANDIE, PAYS DE LOIRE, POITOU-CHARENTES, CENTRE",Nantes,S,EUR/kg carcasse,2.39,-0.02,COT-VBL-porc-A23-S20.csv
2023,20,,2023-05-12,2023-05-18,"NORD-PAS DE CALAIS,PICARDIE, ILE DE FRANCE, LORRAINE,ALSACE, CHAMPAGNE-ARDENNES",Lille,E,EUR/kg carcasse,2.29,-0.03,COT-VBL-porc-A23-S20.csv
2023,20,,2023-05-12,2023-05-18,"NORD-PAS DE CALAIS,PICARDIE, ILE DE FRANCE, LORRAINE,ALSACE, CHAMPAGNE-ARDENNES",Lille,S,EUR/kg carcasse,2.38,-0.02,COT-VBL-porc-A23-S20.csv
2023,20,,2023-05-12,2023-05-18,"BOURGOGNE,FRANCHE-COMTE, RHONE-ALPES, PROVENCE-ALPES COTE D'AZUR,CORSE",Lyon,E,EUR/kg carcasse,2.47,0,COT-VBL-porc-A23-S20.csv
2023,20,,2023-05-12,2023-05-18,"BOURGOGNE,FRANCHE-COMTE, RHONE-ALPES, PROVENCE-ALPES COTE D'AZUR,CORSE",Lyon,S,EUR/kg carcasse,2.39,-0.04,COT-VBL-porc-A23-S20.csv
2023,20,,2023-05-12,2023-05-18,"MIDI-PYRENEES, AQUITAINE LANGUEDOC-ROUSSILLON, AUVERGNE,LIMOUSIN",Toulouse,E,EUR/kg carcasse,2.22,-0.01,COT-VBL-porc-A23-S20.csv
2023,20,,2023-05-12,2023-05-18,"MIDI-PYRENEES, AQUITAINE LANGUEDOC-ROUSSILLON, AUVERGNE,LIMOUSIN",Toulouse,S,EUR/kg carcasse,2.32,-0.01,COT-VBL-porc-A23-S20.csv
2023,20,,2023-05-12,2023-05-18,RÉFÉRENCE NATIONALE,,E,EUR/kg carcasse,2.29,-0.02,COT-VBL-porc-A23-S20.csv
2023,20,,2023-05-12,2023-05-18,RÉFÉRENCE NATIONALE,,S,EUR/kg carcasse,2.37,-0.02,COT-VBL-porc-A23-S20.csv
2023,21,,2023-05-19,2023-05-25,BRETAGNE,Rennes,E,EUR/kg carcasse,2.26,-0.01,COT-VBL-porc-A23-S21.csv
2023,21,,2023-05-19,2023-05-25,BRETAGNE,Rennes,S,EUR/kg carcasse,2.34,-0.02,COT-VBL-porc-A23-S21.csv
2023,21,,2023-05-19,2023-05-25,"HAUTE ET BASSE NORMANDIE, PAYS DE LOIRE, POITOU-CHARENTES, CENTRE",Nantes,E,EUR/kg carcasse,2.24,-0.06,COT-VBL-porc-A23-S21.csv
2023,21,,2023-05-19,2023-05-25,"HAUTE ET BASSE NORMANDIE, PAYS DE LOIRE, POITOU-CHARENTES, CENTRE",Nantes,S,EUR/kg carcasse,2.32,-0.07,COT-VBL-porc-A23-S21.csv
2023,21,,2023-05-19,2023-05-25,"NORD-PAS DE CALAIS,PICARDIE, ILE DE FRANCE, LORRAINE,ALSACE, CHAMPAGNE-ARDENNES",Lille,E,EUR/kg carcasse,2.28,-0.01,COT-VBL-porc-A23-S21.csv
2023,21,,2023-05-19,2023-05-25,"NORD-PAS DE CALAIS,PICARDIE, ILE DE FRANCE, LORRAINE,ALSACE, CHAMPAGNE-ARDENNES",Lille,S,EUR/kg carcasse,2.37,-0.01,COT-VBL-porc-A23-S21.csv
2023,21,,2023-05-19,2023-05-25,"BOURGOGNE,FRANCHE-COMTE, RHONE-ALPES, PROVENCE-ALPES COTE D'AZUR,CORSE",Lyon,E,EUR/kg carcasse,2.43,-0.04,COT-VBL-porc-A23-S21.csv
2023,21,,2023-05-19,2023-05-25,"BOURGOGNE,FRANCHE-COMTE, RHONE-ALPES, PROVENCE-ALPES COTE D'AZUR,CORSE",Lyon,S,EUR/kg carcasse,2.38,-0.01,COT-VBL-porc-A23-S21.csv
2023,21,,2023-05-19,2023-05-25,"MIDI-PYRENEES, AQUITAINE LANGUEDOC-ROUSSILLON, AUVERGNE,LIMOUSIN",Toulouse,E,EUR/kg carcasse,2.22,0,COT-VBL-porc-A23-S21.csv
2023,21,,2023-05-19,2023-05-25,"MIDI-PYRENEES, AQUITAINE LANGUEDOC-ROUSSILLON, AUVERGNE,LIMOUSIN",Toulouse,S,EUR/kg carcasse,2.32,0,COT-VBL-porc-A23-S21.csv
2023,21,,2023-05-19,2023-05-25,RÉFÉRENCE NATIONALE,,E,EUR/kg carcasse,2.27,-0.02,COT-VBL-porc-A23-S21.csv
2023,21,,2023-05-19,2023-05-25,RÉFÉRENCE NATIONALE,,S,EUR/kg carcasse,2.34,-0.03,COT-VBL-porc-A23-S21.csv
2023,22,,2023-05-26,2023-06-01,BRETAGNE,Rennes,E,EUR/kg carcasse,2.26,0,COT-VBL-porc-A23-S22.csv
2023,22,,2023-05-26,2023-06-01,BRETAGNE,Rennes,S,EUR/kg carcasse,2.34,0,COT-VBL-porc-A23-S22.csv
2023,22,,2023-05-26,2023-06-01,"HAUTE ET BASSE NORMANDIE, PAYS DE LOIRE, POITOU-CHARENTES, CENTRE",Nantes,E,EUR/kg carcasse,2.28,0.04,COT-VBL-porc-A23-S22.csv
2023,22,,2023-05-26,2023-06-01,"HAUTE ET BASSE NORMANDIE, PAYS DE LOIRE, POITOU-CHARENTES, CENTRE",Nantes,S,EUR/kg carcasse,2.37,0.05,COT-VBL-porc-A23-S22.csv
2023,22,,2023-05-26,2023-06-01,"NORD-PAS DE CALAIS,PICARDIE, ILE DE FRANCE, LORRAINE,ALSACE, CHAMPAGNE-ARDENNES",Lille,E,EUR/kg carcasse,2.28,0,COT-VBL-porc-A23-S22.csv
2023,22,,2023-05-26,2023-06-01,"NORD-PAS DE CALAIS,PICARDIE, ILE DE FRANCE, LORRAINE,ALSACE, CHAMPAGNE-ARDENNES",Lille,S,EUR/kg carcasse,2.37,0,COT-VBL-porc-A23-S22.csv
2023,22,,2023-05-26,2023-06-01,"BOURGOGNE,FRANCHE-COMTE, RHONE-ALPES, PROVENCE-ALPES COTE D'AZUR,CORSE",Lyon,E,EUR/kg carcasse,2.42,-0.01,COT-VBL-porc-A23-S22.csv
2023,22,,2023-05-26,2023-06-01,"BOURGOGNE,FRANCHE-COMTE, RHONE-ALPES, PROVENCE-ALPES COTE D'AZUR,CORSE",Lyon,S,EUR/kg carcasse,2.38,0,COT-VBL-porc-A23-S22.csv
2023,22,,2023-05-26,2023-06-01,"MIDI-PYRENEES, AQUITAINE LANGUEDOC-ROUSSILLON, AUVERGNE,LIMOUSIN",Toulouse,E,EUR/kg carcasse,2.22,0,COT-VBL-porc-A23-S22.csv
2023,22,,2023-05-26,2023-06-01,"MIDI-PYRENEES, AQUITAINE LANGUEDOC-ROUSSILLON, AUVERGNE,LIMOUSIN",Toulouse,S,EUR/kg carcasse,2.32,0,COT-VBL-porc-A23-S22.csv
2023,22,,2023-05-26,2023-06-01,RÉFÉRENCE NATIONALE,,E,EUR/kg carcasse,2.27,0,COT-VBL-porc-A23-S22.csv
2023,22,,2023-05-26,2023-06-01,RÉFÉRENCE NATIONALE,,S,EUR/kg carcasse,2.35,0.01,COT-VBL-porc-A23-S22.csv
2023,23,,2023-06-02,2023-06-08,BRETAGNE,Rennes,E,EUR/kg carcasse,2.26,0,COT-VBL-porc-A23-S23.csv
2023,23,,2023-06-02,2023-06-08,BRETAGNE,Rennes,S,EUR/kg carcasse,2.35,0.01,COT-VBL-porc-A23-S23.csv
2023,23,,2023-06-02,2023-06-08,"HAUTE ET BASSE NORMANDIE, PAYS DE LOIRE, POITOU-CHARENTES, CENTRE",Nantes,E,EUR/kg carcasse,2.28,0,COT-VBL-porc-A23-S23.csv
2023,23,,2023-06-02,2023-06-08,"HAUTE ET BASSE NORMANDIE, PAYS DE LOIRE, POITOU-CHARENTES, CENTRE",Nantes,S,EUR/kg carcasse,2.38,0.01,COT-VBL-porc-A23-S23.csv
2023,23,,2023-06-02,2023-06-08,"NORD-PAS DE CALAIS,PICARDIE, ILE DE FRANCE, LORRAINE,ALSACE, CHAMPAGNE-ARDENNES",Lille,E,EUR/kg carcasse,2.3,0.02,COT-VBL-porc-A23-S23.csv
2023,23,,2023-06-02,2023-06-08,"NORD-PAS DE CALAIS,PICARDIE, ILE DE FRANCE, LORRAINE,ALSACE, CHAMPAGNE-ARDENNES",Lille,S,EUR/kg carcasse,2.37,0,COT-VBL-porc-A23-S23.csv
2023,23,,2023-06-02,2023-06-08,"BOURGOGNE,FRANCHE-COMTE, RHONE-ALPES, PROVENCE-ALPES COTE D'AZUR,CORSE",Lyon,E,EUR/kg carcasse,2.48,0.06,COT-VBL-porc-A23-S23.csv
2023,23,,2023-06-02,2023-06-08,"BOURGOGNE,FRANCHE-COMTE, RHONE-ALPES, PROVENCE-ALPES COTE D'AZUR,CORSE",Lyon,S,EUR/kg carcasse,2.38,0,COT-VBL-porc-A23-S23.csv
2023,23,,2023-06-02,2023-06-08,"MIDI-PYRENEES, AQUITAINE LANGUEDOC-ROUSSILLON, AUVERGNE,LIMOUSIN",Toulouse,E,EUR/kg carcasse,2.25,0.03,COT-VBL-porc-A23-S23.csv
2023,23,,2023-06-02,2023-06-08,"MIDI-PYRENEES, AQUITAINE LANGUEDOC-ROUSSILLON, AUVERGNE,LIMOUSIN",Toulouse,S,EUR/kg carcasse,2.35,0.03,COT-VBL-porc-A23-S23.csv
2023,23,,2023-06-02,2023-06-08,RÉFÉRENCE NATIONALE,,E,EUR/kg carcasse,2.28,0.01,COT-VBL-porc-A23-S23.csv
2023,23,,2023-06-02,2023-06-08,RÉFÉRENCE NATIONALE,,S,EUR/kg carcasse,2.36,0.01,COT-VBL-porc-A23-S23.csv
2023,24,,2023-06-09,2023-06-15,BRETAGNE,Rennes,E,EUR/kg carcasse,2.28,0.02,COT-VBL-porc-A23-S24.csv
2023,24,,2023-06-09,2023-06-15,BRETAGNE,Rennes,S,EUR/kg carcasse,2.37,0.02,COT-VBL-porc-A23-S24.csv
2023,24,,2023-06-09,2023-06-15,"HAUTE ET BASSE NORMANDIE, PAYS DE LOIRE, POITOU-CHARENTES, CENTRE",Nantes,E,EUR/kg carcasse,2.31,0.03,COT-VBL-porc-A23-S24.csv
2023,24,,2023-06-09,2023-06-15,"HAUTE ET BASSE NORMANDIE, PAYS DE LOIRE, POITOU-CHARENTES, CENTRE",Nantes,S,EUR/kg carcasse,2.4,0.02,COT-VBL-porc-A23-S24.csv
2023,24,,2023-06-09,2023-06-15,"NORD-PAS DE CALAIS,PICARDIE, ILE DE FRANCE, LORRAINE,ALSACE, CHAMPAGNE-ARDENNES",Lille,E,EUR/kg carcasse,2.33,0.03,COT-VBL-porc-A23-S24.csv
2023,24,,2023-06-09,2023-06-15,"NORD-PAS DE CALAIS,PICARDIE, ILE DE FRANCE, LORRAINE,ALSACE, CHAMPAGNE-ARDENNES",Lille,S,EUR/kg carcasse,2.41,0.04,COT-VBL-porc-A23-S24.csv
2023,24,,2023-06-09,2023-06-15,"BOURGOGNE,FRANCHE-COMTE, RHONE-ALPES, PROVENCE-ALPES COTE D'AZUR,CORSE",Lyon,E,EUR/kg carcasse,2.47,-0.01,COT-VBL-porc-A23-S24.csv
2023,24,,2023-06-09,2023-06-15,"BOURGOGNE,FRANCHE-COMTE, RHONE-ALPES, PROVENCE-ALPES COTE D'AZUR,CORSE",Lyon,S,EUR/kg carcasse,2.4,0.02,COT-VBL-porc-A23-S24.csv
2023,24,,2023-06-09,2023-06-15,"MIDI-PYRENEES, AQUITAINE LANGUEDOC-ROUSSILLON, AUVERGNE,LIMOUSIN",Toulouse,E,EUR/kg carcasse,2.3,0.05,COT-VBL-porc-A23-S24.csv
2023,24,,2023-06-09,2023-06-15,"MIDI-PYRENEES, AQUITAINE LANGUEDOC-ROUSSILLON, AUVERGNE,LIMOUSIN",Toulouse,S,EUR/kg carcasse,2.39,0.04,COT-VBL-porc-A23-S24.csv
2023,24,,2023-06-09,2023-06-15,RÉFÉRENCE NATIONALE,,E,EUR/kg carcasse,2.31,0.03,COT-VBL-porc-A23-S24.csv
2023,24,,2023-06-09,2023-06-15,RÉFÉRENCE NATIONALE,,S,EUR/kg carcasse,2.38,0.02,COT-VBL-porc-A23-S24.csv
2023,25,,2023-06-16,2023-06-22,BRETAGNE,Rennes,E,EUR/kg carcasse,2.32,0.04,COT-VBL-porc-A23-S25.csv
2023,25,,2023-06-16,2023-06-22,BRETAGNE,Rennes,S,EUR/kg carcasse,2.4,0.03,COT-VBL-porc-A23-S25.csv
2023,25,,2023-06-16,2023-06-22,"HAUTE ET BASSE NORMANDIE, PAYS DE LOIRE, POITOU-CHARENTES, CENTRE",Nantes,E,EUR/kg carcasse,2.35,0.04,COT-VBL-porc-A23-S25.csv
2023,25,,2023-06-16,2023-06-22,"HAUTE ET BASSE NORMANDIE, PAYS DE LOIRE, POITOU-CHARENTES, CENTRE",Nantes,S,EUR/kg carcasse,2.44,0.04,COT-VBL-porc-A23-S25.csv
2023,25,,2023-06-16,2023-06-22,"NORD-PAS DE CALAIS,PICARDIE, ILE DE FRANCE, LORRAINE,ALSACE, CHAMPAGNE-ARDENNES",Lille,E,EUR/kg carcasse,2.37,0.04,COT-VBL-porc-A23-S25.csv
2023,25,,2023-06-16,2023-06-22,"NORD-PAS DE CALAIS,PICARDIE, ILE DE FRANCE, LORRAINE,ALSACE, CHAMPAGNE-ARDENNES",Lille,S,EUR/kg carcasse,2.45,0.04,COT-VBL-porc-A23-S25.csv
2023,25,,2023-06-16,2023-06-22,"BOURGOGNE,FRANCHE-COMTE, RHONE-ALPES, PROVENCE-ALPES COTE D'AZUR,CORSE",Lyon,E,EUR/kg carcasse,2.55,0.08,COT-VBL-porc-A23-S25.csv
2023,25,,2023-06-16,2023-06-22,"BOURGOGNE,FRANCHE-COMTE, RHONE-ALPES, PROVENCE-ALPES COTE D'AZUR,CORSE",Lyon,S,EUR/kg carcasse,2.45,0.05,COT-VBL-porc-A23-S25.csv
2023,25,,2023-06-16,2023-06-22,"MIDI-PYRENEES, AQUITAINE LANGUEDOC-ROUSSILLON, AUVERGNE,LIMOUSIN",Toulouse,E,EUR/kg carcasse,2.34,0.04,COT-VBL-porc-A23-S25.csv
2023,25,,2023-06-16,2023-06-22,"MIDI-PYRENEES, AQUITAINE LANGUEDOC-ROUSSILLON, AUVERGNE,LIMOUSIN",Toulouse,S,EUR/kg carcasse,2.44,0.05,COT-VBL-porc-A23-S25.csv
2023,25,,2023-06-16,2023-06-22,RÉFÉRENCE NATIONALE,,E,EUR/kg carcasse,2.35,0.04,COT-VBL-porc-A23-S25.csv
2023,25,,2023-06-16,2023-06-22,RÉFÉRENCE NATIONALE,,S,EUR/kg carcasse,2.42,0.04,COT-VBL-porc-A23-S25.csv
2023,26,,2023-06-23,2023-06-29,BRETAGNE,Rennes,E,EUR/kg carcasse,2.35,0.03,COT-VBL-porc-A23-S26.csv
2023,26,,2023-06-23,2023-06-29,BRETAGNE,Rennes,S,EUR/kg carcasse,2.44,0.04,COT-VBL-porc-A23-S26.csv
2023,26,,2023-06-23,2023-06-29,"HAUTE ET BASSE NORMANDIE, PAYS DE LOIRE, POITOU-CHARENTES, CENTRE",Nantes,E,EUR/kg carcasse,2.39,0.04,COT-VBL-porc-A23-S26.csv
2023,26,,2023-06-23,2023-06-29,"HAUTE ET BASSE NORMANDIE, PAYS DE LOIRE, POITOU-CHARENTES, CENTRE",Nantes,S,EUR/kg carcasse,2.48,0.04,COT-VBL-porc-A23-S26.csv
2023,26,,2023-06-23,2023-06-29,"NORD-PAS DE CALAIS,PICARDIE, ILE DE FRANCE, LORRAINE,ALSACE, CHAMPAGNE-ARDENNES",Lille,E,EUR/kg carcasse,2.43,0.06,COT-VBL-porc-A23-S26.csv
2023,26,,2023-06-23,2023-06-29,"NORD-PAS DE CALAIS,PICARDIE, ILE DE FRANCE, LORRAINE,ALSACE, CHAMPAGNE-ARDENNES",Lille,S,EUR/kg carcasse,2.5,0.05,COT-VBL-porc-A23-S26.csv
2023,26,,2023-06-23,2023-06-29,"BOURGOGNE,FRANCHE-COMTE, RHONE-ALPES, PROVENCE-ALPES COTE D'AZUR,CORSE",Lyon,E,EUR/kg carcasse,2.56,0.01,COT-VBL-porc-A23-S26.csv
2023,26,,2023-06-23,2023-06-29,"BOURGOGNE,FRANCHE-COMTE, RHONE-ALPES, PROVENCE-ALPES COTE D'AZUR,CORSE",Lyon,S,EUR/kg carcasse,2.5,0.05,COT-VBL-porc-A23-S26.csv
2023,26,,2023-06-23,2023-06-29,"MIDI-PYRENEES, AQUITAINE LANGUEDOC-ROUSSILLON, AUVERGNE,LIMOUSIN",Toulouse,E,EUR/kg carcasse,2.4,0.06,COT-VBL-porc-A23-S26.csv
2023,26,,2023-06-23,2023-06-29,"MIDI-PYRENEES, AQUITAINE LANGUEDOC-ROUSSILLON, AUVERGNE,LIMOUSIN",Toulouse,S,EUR/kg carcasse,2.5,0.06,COT-VBL-porc-A23-S26.csv
2023,26,,2023-06-23,2023-06-29,RÉFÉRENCE NATIONALE,,E,EUR/kg carcasse,2.38,0.03,COT-VBL-porc-A23-S26.csv
2023,26,,2023-06-23,2023-06-29,RÉFÉRENCE NATIONALE,,S,EUR/kg carcasse,2.46,0.04,COT-VBL-porc-A23-S26.csv
2023,27,,2023-06-30,2023-07-06,BRETAGNE,Rennes,E,EUR/kg carcasse,2.39,0.04,COT-VBL-porc-A23-S27.csv
2023,27,,2023-06-30,2023-07-06,BRETAGNE,Rennes,S,EUR/kg carcasse,2.47,0.03,COT-VBL-porc-A23-S27.csv
2023,27,,2023-06-30,2023-07-06,"HAUTE ET BASSE NORMANDIE, PAYS DE LOIRE, POITOU-CHARENTES, CENTRE",Nantes,E,EUR/kg carcasse,2.43,0.04,COT-VBL-porc-A23-S27.csv
2023,27,,2023-06-30,2023-07-06,"HAUTE ET BASSE NORMANDIE, PAYS DE LOIRE, POITOU-CHARENTES, CENTRE",Nantes,S,EUR/kg carcasse,2.52,0.04,COT-VBL-porc-A23-S27.csv
2023,27,,2023-06-30,2023-07-06,"NORD-PAS DE CALAIS,PICARDIE, ILE DE FRANCE, LORRAINE,ALSACE, CHAMPAGNE-ARDENNES",Lille,E,EUR/kg carcasse,2.48,0.05,COT-VBL-porc-A23-S27.csv
2023,27,,2023-06-30,2023-07-06,"NORD-PAS DE CALAIS,PICARDIE, ILE DE FRANCE, LORRAINE,ALSACE, CHAMPAGNE-ARDENNES",Lille,S,EUR/kg carcasse,2.56,0.06,COT-VBL-porc-A23-S27.csv
2023,27,,2023-06-30,2023-07-06,"BOURGOGNE,FRANCHE-COMTE, RHONE-ALPES, PROVENCE-ALPES COTE D'AZUR,CORSE",Lyon,E,EUR/kg carcasse,2.6,0.04,COT-VBL-porc-A23-S27.csv
2023,27,,2023-06-30,2023-07-06,"BOURGOGNE,FRANCHE-COMTE, RHONE-ALPES, PROVENCE-ALPES COTE D'AZUR,CORSE",Lyon,S,EUR/kg carcasse,2.57,0.07,COT-VBL-porc-A23-S27.csv
2023,27,,2023-06-30,2023-07-06,"MIDI-PYRENEES, AQUITAINE LANGUEDOC-ROUSSILLON, AUVERGNE,LIMOUSIN",Toulouse,E,EUR/kg carcasse,2.42,0.02,COT-VBL-porc-A23-S27.csv
2023,27,,2023-06-30,2023-07-06,"MIDI-PYRENEES, AQUITAINE LANGUEDOC-ROUSSILLON, AUVERGNE,LIMOUSIN",Toulouse,S,EUR/kg carcasse,2.51,0.01,COT-VBL-porc-A23-S27.csv
2023,27,,2023-06-30,2023-07-06,RÉFÉRENCE NATIONALE,,E,EUR/kg carcasse,2.42,0.04,COT-VBL-porc-A23-S27.csv
2023,27,,2023-06-30,2023-07-06,RÉFÉRENCE NATIONALE,,S,EUR/kg carcasse,2.5,0.04,COT-VBL-porc-A23-S27.csv
2023,28,,2023-07-07,2023-07-13,BRETAGNE,Rennes,E,EUR/kg carcasse,2.4,0.01,COT-VBL-porc-A23-S28.csv
2023,28,,2023-07-07,2023-07-13,BRETAGNE,Rennes,S,EUR/kg carcasse,2.49,0.02,COT-VBL-porc-A23-S28.csv
2023,28,,2023-07-07,2023-07-13,"HAUTE ET BASSE NORMANDIE, PAYS DE LOIRE, POITOU-CHARENTES, CENTRE",Nantes,E,EUR/kg carcasse,2.46,0.03,COT-VBL-porc-A23-S28.csv
2023,28,,2023-07-07,2023-07-13,"HAUTE ET BASSE NORMANDIE, PAYS DE LOIRE, POITOU-CHARENTES, CENTRE",Nantes,S,EUR/kg carcasse,2.55,0.03,COT-VBL-porc-A23-S28.csv
2023,28,,2023-07-07,2023-07-13,"NORD-PAS DE CALAIS,PICARDIE, ILE DE FRANCE, LORRAINE,ALSACE, CHAMPAGNE-ARDENNES",Lille,E,EUR/kg carcasse,2.49,0.01,COT-VBL-porc-A23-S28.csv
2023,28,,2023-07-07,2023-07-13,"NORD-PAS DE CALAIS,PICARDIE, ILE DE FRANCE, LORRAINE,ALSACE, CHAMPAGNE-ARDENNES",Lille,S,EUR/kg carcasse,2.57,0.01,COT-VBL-porc-A23-S28.csv
2023,28,,2023-07-07,2023-07-13,"BOURGOGNE,FRANCHE-COMTE, RHONE-ALPES, PROVENCE-ALPES COTE D'AZUR,CORSE",Lyon,E,EUR/kg carcasse,2.6,0,COT-VBL-porc-A23-S28.csv
2023,28,,2023-07-07,2023-07-13,"BOURGOGNE,FRANCHE-COMTE, RHONE-ALPES, PROVENCE-ALPES COTE D'AZUR,CORSE",Lyon,S,EUR/kg carcasse,2.57,0,COT-VBL-porc-A23-S28.csv
2023,28,,2023-07-07,2023-07-13,"MIDI-PYRENEES, AQUITAINE LANGUEDOC-ROUSSILLON, AUVERGNE,LIMOUSIN",Toulouse,E,EUR/kg carcasse,2.42,0,COT-VBL-porc-A23-S28.csv
2023,28,,2023-07-07,2023-07-13,"MIDI-PYRENEES, AQUITAINE LANGUEDOC-ROUSSILLON, AUVERGNE,LIMOUSIN",Toulouse,S,EUR/kg carcasse,2.52,0.01,COT-VBL-porc-A23-S28.csv
2023,28,,2023-07-07,2023-07-13,RÉFÉRENCE NATIONALE,,E,EUR/kg carcasse,2.43,0.01,COT-VBL-porc-A23-S28.csv
2023,28,,2023-07-07,2023-07-13,RÉFÉRENCE NATIONALE,,S,EUR/kg carcasse,2.51,0.01,COT-VBL-porc-A23-S28.csv
2023,29,,2023-07-14,2023-07-20,BRETAGNE,Rennes,E,EUR/kg carcasse,2.4,0,COT-VBL-porc-A23-S29.csv
2023,29,,2023-07-14,2023-07-20,BRETAGNE,Rennes,S,EUR/kg carcasse,2.49,0,COT-VBL-porc-A23-S29.csv
2023,29,,2023-07-14,2023-07-20,"HAUTE ET BASSE NORMANDIE, PAYS DE LOIRE, POITOU-CHARENTES, CENTRE",Nantes,E,EUR/kg carcasse,2.45,-0.01,COT-VBL-porc-A23-S29.csv
2023,29,,2023-07-14,2023-07-20,"HAUTE ET BASSE NORMANDIE, PAYS DE LOIRE, POITOU-CHARENTES, CENTRE",Nantes,S,EUR/kg carcasse,2.55,0,COT-VBL-porc-A23-S29.csv
2023,29,,2023-07-14,2023-07-20,"NORD-PAS DE CALAIS,PICARDIE, ILE DE FRANCE, LORRAINE,ALSACE, CHAMPAGNE-ARDENNES",Lille,E,EUR/kg carcasse,2.51,0.02,COT-VBL-porc-A23-S29.csv
2023,29,,2023-07-14,2023-07-20,"NORD-PAS DE CALAIS,PICARDIE, ILE DE FRANCE, LORRAINE,ALSACE, CHAMPAGNE-ARDENNES",Lille,S,EUR/kg carcasse,2.57,0,COT-VBL-porc-A23-S29.csv
2023,29,,2023-07-14,2023-07-20,"BOURGOGNE,FRANCHE-COMTE, RHONE-ALPES, PROVENCE-ALPES COTE D'AZUR,CORSE",Lyon,E,EUR/kg carcasse,2.66,0.06,COT-VBL-porc-A23-S29.csv
2023,29,,2023-07-14,2023-07-20,"BOURGOGNE,FRANCHE-COMTE, RHONE-ALPES, PROVENCE-ALPES COTE D'AZUR,CORSE",Lyon,S,EUR/kg carcasse,2.58,0.01,COT-VBL-porc-A23-S29.csv
2023,29,,2023-07-14,2023-07-20,"MIDI-PYRENEES, AQUITAINE LANGUEDOC-ROUSSILLON, AUVERGNE,LIMOUSIN",Toulouse,E,EUR/kg carcasse,2.42,0,COT-VBL-porc-A23-S29.csv
2023,29,,2023-07-14,2023-07-20,"MIDI-PYRENEES, AQUITAINE LANGUEDOC-ROUSSILLON, AUVERGNE,LIMOUSIN",Toulouse,S,EUR/kg carcasse,2.52,0,COT-VBL-porc-A23-S29.csv
2023,29,,2023-07-14,2023-07-20,RÉFÉRENCE NATIONALE,,E,EUR/kg carcasse,2.44,0.01,COT-VBL-porc-A23-S29.csv
2023,29,,2023-07-14,2023-07-20,RÉFÉRENCE NATIONALE,,S,EUR/kg carcasse,2.51,0,COT-VBL-porc-A23-S29.csv
2023,30,,2023-07-21,2023-07-27,BRETAGNE,Rennes,E,EUR/kg carcasse,2.4,0,COT-VBL-porc-A23-S30.csv
2023,30,,2023-07-21,2023-07-27,BRETAGNE,Rennes,S,EUR/kg carcasse,2.49,0,COT-VBL-porc-A23-S30.csv
2023,30,,2023-07-21,2023-07-27,"HAUTE ET BASSE NORMANDIE, PAYS DE LOIRE, POITOU-CHARENTES, CENTRE",Nantes,E,EUR/kg carcasse,2.46,0.01,COT-VBL-porc-A23-S30.csv
2023,30,,2023-07-21,2023-07-27,"HAUTE ET BASSE NORMANDIE, PAYS DE LOIRE, POITOU-CHARENTES, CENTRE",Nantes,S,EUR/kg carcasse,2.54,-0.01,COT-VBL-porc-A23-S30.csv
2023,30,,2023-07-21,2023-07-27,"NORD-PAS DE CALAIS,PICARDIE, ILE DE FRANCE, LORRAINE,ALSACE, CHAMPAGNE-ARDENNES",Lille,E,EUR/kg carcasse,2.5,-0.01,COT-VBL-porc-A23-S30.csv
2023,30,,2023-07-21,2023-07-27,"NORD-PAS DE CALAIS,PICARDIE, ILE DE FRANCE, LORRAINE,ALSACE, CHAMPAGNE-ARDENNES",Lille,S,EUR/kg carcasse,2.57,0,COT-VBL-porc-A23-S30.csv
2023,30,,2023-07-21,2023-07-27,"BOURGOGNE,FRANCHE-COMTE, RHONE-ALPES, PROVENCE-ALPES COTE D'AZUR,CORSE",Lyon,E,EUR/kg carcasse,2.64,-0.02,COT-VBL-porc-A23-S30.csv
2023,30,,2023-07-21,2023-07-27,"BOURGOGNE,FRANCHE-COMTE, RHONE-ALPES, PROVENCE-ALPES COTE D'AZUR,CORSE",Lyon,S,EUR/kg carcasse,2.58,0,COT-VBL-porc-A23-S30.csv
2023,30,,2023-07-21,2023-07-27,"MIDI-PYRENEES, AQUITAINE LANGUEDOC-ROUSSILLON, AUVERGNE,LIMOUSIN",Toulouse,E,EUR/kg carcasse,2.42,0,COT-VBL-porc-A23-S30.csv
2023,30,,2023-07-21,2023-07-27,"MIDI-PYRENEES, AQUITAINE LANGUEDOC-ROUSSILLON, AUVERGNE,LIMOUSIN",Toulouse,S,EUR/kg carcasse,2.52,0,COT-VBL-porc-A23-S30.csv
2023,30,,2023-07-21,2023-07-27,RÉFÉRENCE NATIONALE,,E,EUR/kg carcasse,2.44,0,COT-VBL-porc-A23-S30.csv
2023,30,,2023-07-21,2023-07-27,RÉFÉRENCE NATIONALE,,S,EUR/kg carcasse,2.51,0,COT-VBL-porc-A23-S30.csv
2023,31,,2023-07-28,2023-08-03,BRETAGNE,Rennes,E,EUR/kg carcasse,2.4,0,COT-VBL-porc-A23-S31.csv
2023,31,,2023-07-28,2023-08-03,BRETAGNE,Rennes,S,EUR/kg carcasse,2.48,-0.01,COT-VBL-porc-A23-S31.csv
2023,31,,2023-07-28,2023-08-03,"HAUTE ET BASSE NORMANDIE, PAYS DE LOIRE, POITOU-CHARENTES, CENTRE",Nantes,E,EUR/kg carcasse,2.45,-0.01,COT-VBL-porc-A23-S31.csv
2023,31,,2023-07-28,2023-08-03,"HAUTE ET BASSE NORMANDIE, PAYS DE LOIRE, POITOU-CHARENTES, CENTRE",Nantes,S,EUR/kg carcasse,2.54,0,COT-VBL-porc-A23-S31.csv
2023,31,,2023-07-28,2023-08-03,"NORD-PAS DE CALAIS,PICARDIE, ILE DE FRANCE, LORRAINE,ALSACE, CHAMPAGNE-ARDENNES",Lille,E,EUR/kg carcasse,2.49,-0.01,COT-VBL-porc-A23-S31.csv
2023,31,,2023-07-28,2023-08-03,"NORD-PAS DE CALAIS,PICARDIE, ILE DE FRANCE, LORRAINE,ALSACE, CHAMPAGNE-ARDENNES",Lille,S,EUR/kg carcasse,2.57,0,COT-VBL-porc-A23-S31.csv
2023,31,,2023-07-28,2023-08-03,"BOURGOGNE,FRANCHE-COMTE, RHONE-ALPES, PROVENCE-ALPES COTE D'AZUR,CORSE",Lyon,E,EUR/kg carcasse,2.61,-0.03,COT-VBL-porc-A23-S31.csv
2023,31,,2023-07-28,2023-08-03,"BOURGOGNE,FRANCHE-COMTE, RHONE-ALPES, PROVENCE-ALPES COTE D'AZUR,CORSE",Lyon,S,EUR/kg carcasse,2.57,-0.01,COT-VBL-porc-A23-S31.csv
2023,31,,2023-07-28,2023-08-03,"MIDI-PYRENEES, AQUITAINE LANGUEDOC-ROUSSILLON, AUVERGNE,LIMOUSIN",Toulouse,E,EUR/kg carcasse,2.36,-0.06,COT-VBL-porc-A23-S31.csv
2023,31,,2023-07-28,2023-08-03,"MIDI-PYRENEES, AQUITAINE LANGUEDOC-ROUSSILLON, AUVERGNE,LIMOUSIN",Toulouse,S,EUR/kg carcasse,2.46,-0.06,COT-VBL-porc-A23-S31.csv
2023,31,,2023-07-28,2023-08-03,RÉFÉRENCE NATIONALE,,E,EUR/kg carcasse,2.43,-0.01,COT-VBL-porc-A23-S31.csv
2023,31,,2023-07-28,2023-08-03,RÉFÉRENCE NATIONALE,,S,EUR/kg carcasse,2.5,-0.01,COT-VBL-porc-A23-S31.csv
2023,32,,2023-08-04,2023-08-10,BRETAGNE,Rennes,E,EUR/kg carcasse,2.36,-0.04,COT-VBL-porc-A23-S32.csv
2023,32,,2023-08-04,2023-08-10,BRETAGNE,Rennes,S,EUR/kg carcasse,2.44,-0.04,COT-VBL-porc-A23-S32.csv
2023,32,,2023-08-04,2023-08-10,"HAUTE ET BASSE NORMANDIE, PAYS DE LOIRE, POITOU-CHARENTES, CENTRE",Nantes,E,EUR/kg carcasse,2.41,-0.04,COT-VBL-porc-A23-S32.csv
2023,32,,2023-08-04,2023-08-10,"HAUTE ET BASSE NORMANDIE, PAYS DE LOIRE, POITOU-CHARENTES, CENTRE",Nantes,S,EUR/kg carcasse,2.5,-0.04,COT-VBL-porc-A23-S32.csv
2023,32,,2023-08-04,2023-08-10,"NORD-PAS DE CALAIS,PICARDIE, ILE DE FRANCE, LORRAINE,ALSACE, CHAMPAGNE-ARDENNES",Lille,E,EUR/kg carcasse,2.44,-0.05,COT-VBL-porc-A23-S32.csv
2023,32,,2023-08-04,2023-08-10,"NORD-PAS DE CALAIS,PICARDIE, ILE DE FRANCE, LORRAINE,ALSACE, CHAMPAGNE-ARDENNES",Lille,S,EUR/kg carcasse,2.52,-0.05,COT-VBL-porc-A23-S32.csv
2023,32,,2023-08-04,2023-08-10,"BOURGOGNE,FRANCHE-COMTE, RHONE-ALPES, PROVENCE-ALPES COTE D'AZUR,CORSE",Lyon,E,EUR/kg carcasse,2.58,-0.03,COT-VBL-porc-A23-S32.csv
2023,32,,2023-08-04,2023-08-10,"BOURGOGNE,FRANCHE-COMTE, RHONE-ALPES, PROVENCE-ALPES COTE D'AZUR,CORSE",Lyon,S,EUR/kg carcasse,2.55,-0.02,COT-VBL-porc-A23-S32.csv
2023,32,,2023-08-04,2023-08-10,"MIDI-PYRENEES, AQUITAINE LANGUEDOC-ROUSSILLON, AUVERGNE,LIMOUSIN",Toulouse,E,EUR/kg carcasse,2.31,-0.05,COT-VBL-porc-A23-S32.csv
2023,32,,2023-08-04,2023-08-10,"MIDI-PYRENEES, AQUITAINE LANGUEDOC-ROUSSILLON, AUVERGNE,LIMOUSIN",Toulouse,S,EUR/kg carcasse,2.4,-0.06,COT-VBL-porc-A23-S32.csv
2023,32,,2023-08-04,2023-08-10,RÉFÉRENCE NATIONALE,,E,EUR/kg carcasse,2.39,-0.04,COT-VBL-porc-A23-S32.csv
2023,32,,2023-08-04,2023-08-10,RÉFÉRENCE NATIONALE,,S,EUR/kg carcasse,2.46,-0.04,COT-VBL-porc-A23-S32.csv
2023,33,,2023-08-11,2023-08-17,BRETAGNE,Rennes,E,EUR/kg carcasse,2.3,-0.06,COT-VBL-porc-A23-S33.csv
2023,33,,2023-08-11,2023-08-17,BRETAGNE,Rennes,S,EUR/kg carcasse,2.38,-0.06,COT-VBL-porc-A23-S33.csv
2023,33,,2023-08-11,2023-08-17,"HAUTE ET BASSE NORMANDIE, PAYS DE LOIRE, POITOU-CHARENTES, CENTRE",Nantes,E,EUR/kg carcasse,2.35,-0.06,COT-VBL-porc-A23-S33.csv
2023,33,,2023-08-11,2023-08-17,"HAUTE ET BASSE NORMANDIE, PAYS DE LOIRE, POITOU-CHARENTES, CENTRE",Nantes,S,EUR/kg carcasse,2.44,-0.06,COT-VBL-porc-A23-S33.csv
2023,33,,2023-08-11,2023-08-17,"NORD-PAS DE CALAIS,PICARDIE, ILE DE FRANCE, LORRAINE,ALSACE, CHAMPAGNE-ARDENNES",Lille,E,EUR/kg carcasse,2.38,-0.06,COT-VBL-porc-A23-S33.csv
2023,33,,2023-08-11,2023-08-17,"NORD-PAS DE CALAIS,PICARDIE, ILE DE FRANCE, LORRAINE,ALSACE, CHAMPAGNE-ARDENNES",Lille,S,EUR/kg carcasse,2.45,-0.07,COT-VBL-porc-A23-S33.csv
2023,33,,2023-08-11,2023-08-17,"BOURGOGNE,FRANCHE-COMTE, RHONE-ALPES, PROVENCE-ALPES COTE D'AZUR,CORSE",Lyon,E,EUR/kg carcasse,2.58,0,COT-VBL-porc-A23-S33.csv
2023,33,,2023-08-11,2023-08-17,"BOURGOGNE,FRANCHE-COMTE, RHONE-ALPES, PROVENCE-ALPES COTE D'AZUR,CORSE",Lyon,S,EUR/kg carcasse,2.48,-0.07,COT-VBL-porc-A23-S33.csv
2023,33,,2023-08-11,2023-08-17,"MIDI-PYRENEES, AQUITAINE LANGUEDOC-ROUSSILLON, AUVERGNE,LIMOUSIN",Toulouse,E,EUR/kg carcasse,2.25,-0.06,COT-VBL-porc-A23-S33.csv
2023,33,,2023-08-11,2023-08-17,"MIDI-PYRENEES, AQUITAINE LANGUEDOC-ROUSSILLON, AUVERGNE,LIMOUSIN",Toulouse,S,EUR/kg carcasse,2.34,-0.06,COT-VBL-porc-A23-S33.csv
2023,33,,2023-08-11,2023-08-17,RÉFÉRENCE NATIONALE,,E,EUR/kg carcasse,2.33,-0.06,COT-VBL-porc-A23-S33.csv
2023,33,,2023-08-11,2023-08-17,RÉFÉRENCE NATIONALE,,S,EUR/kg carcasse,2.4,-0.06,COT-VBL-porc-A23-S33.csv
2023,34,,2023-08-18,2023-08-24,BRETAGNE,Rennes,E,EUR/kg carcasse,2.26,-0.04,COT-VBL-porc-A23-S34.csv
2023,34,,2023-08-18,2023-08-24,BRETAGNE,Rennes,S,EUR/kg carcasse,2.34,-0.04,COT-VBL-porc-A23-S34.csv
2023,34,,2023-08-18,2023-08-24,"HAUTE ET BASSE NORMANDIE, PAYS DE LOIRE, POITOU-CHARENTES, CENTRE",Nantes,E,EUR/kg carcasse,2.3,-0.05,COT-VBL-porc-A23-S34.csv
2023,34,,2023-08-18,2023-08-24,"HAUTE ET BASSE NORMANDIE, PAYS DE LOIRE, POITOU-CHARENTES, CENTRE",Nantes,S,EUR/kg carcasse,2.39,-0.05,COT-VBL-porc-A23-S34.csv
2023,34,,2023-08-18,2023-08-24,"NORD-PAS DE CALAIS,PICARDIE, ILE DE FRANCE, LORRAINE,ALSACE, CHAMPAGNE-ARDENNES",Lille,E,EUR/kg carcasse,2.31,-0.07,COT-VBL-porc-A23-S34.csv
2023,34,,2023-08-18,2023-08-24,"NORD-PAS DE CALAIS,PICARDIE, ILE DE FRANCE, LORRAINE,ALSACE, CHAMPAGNE-ARDENNES",Lille,S,EUR/kg carcasse,2.39,-0.06,COT-VBL-porc-A23-S34.csv
2023,34,,2023-08-18,2023-08-24,"BOURGOGNE,FRANCHE-COMTE, RHONE-ALPES, PROVENCE-ALPES COTE D'AZUR,CORSE",Lyon,E,EUR/kg carcasse,2.46,-0.12,COT-VBL-porc-A23-S34.csv
2023,34,,2023-08-18,2023-08-24,"BOURGOGNE,FRANCHE-COMTE, RHONE-ALPES, PROVENCE-ALPES COTE D'AZUR,CORSE",Lyon,S,EUR/kg carcasse,2.42,-0.06,COT-VBL-porc-A23-S34.csv
2023,34,,2023-08-18,2023-08-24,"MIDI-PYRENEES, AQUITAINE LANGUEDOC-ROUSSILLON, AUVERGNE,LIMOUSIN",Toulouse,E,EUR/kg carcasse,2.19,-0.06,COT-VBL-porc-A23-S34.csv
2023,34,,2023-08-18,2023-08-24,"MIDI-PYRENEES, AQUITAINE LANGUEDOC-ROUSSILLON, AUVERGNE,LIMOUSIN",Toulouse,S,EUR/kg carcasse,2.28,-0.06,COT-VBL-porc-A23-S34.csv
2023,34,,2023-08-18,2023-08-24,RÉFÉRENCE NATIONALE,,E,EUR/kg carcasse,2.28,-0.05,COT-VBL-porc-A23-S34.csv
2023,34,,2023-08-18,2023-08-24,RÉFÉRENCE NATIONALE,,S,EUR/kg carcasse,2.35,-0.05,COT-VBL-porc-A23-S34.csv
2023,35,,2023-08-25,2023-08-31,BRETAGNE,Rennes,E,EUR/kg carcasse,2.19,-0.07,COT-VBL-porc-A23-S35.csv
2023,35,,2023-08-25,2023-08-31,BRETAGNE,Rennes,S,EUR/kg carcasse,2.27,-0.07,COT-VBL-porc-A23-S35.csv
2023,35,,2023-08-25,2023-08-31,"HAUTE ET BASSE NORMANDIE, PAYS DE LOIRE, POITOU-CHARENTES, CENTRE",Nantes,E,EUR/kg carcasse,2.24,-0.06,COT-VBL-porc-A23-S35.csv
2023,35,,2023-08-25,2023-08-31,"HAUTE ET BASSE NORMANDIE, PAYS DE LOIRE, POITOU-CHARENTES, CENTRE",Nantes,S,EUR/kg carcasse,2.33,-0.06,COT-VBL-porc-A23-S35.csv
2023,35,,2023-08-25,2023-08-31,"NORD-PAS DE CALAIS,PICARDIE, ILE DE FRANCE, LORRAINE,ALSACE, CHAMPAGNE-ARDENNES",Lille,E,EUR/kg carcasse,2.25,-0.06,COT-VBL-porc-A23-S35.csv
2023,35,,2023-08-25,2023-08-31,"NORD-PAS DE CALAIS,PICARDIE, ILE DE FRANCE, LORRAINE,ALSACE, CHAMPAGNE-ARDENNES",Lille,S,EUR/kg carcasse,2.33,-0.06,COT-VBL-porc-A23-S35.csv
2023,35,,2023-08-25,2023-08-31,"BOURGOGNE,FRANCHE-COMTE, RHONE-ALPES, PROVENCE-ALPES COTE D'AZUR,CORSE",Lyon,E,EUR/kg carcasse,2.43,-0.03,COT-VBL-porc-A23-S35.csv
2023,35,,2023-08-25,2023-08-31,"BOURGOGNE,FRANCHE-COMTE, RHONE-ALPES, PROVENCE-ALPES COTE D'AZUR,CORSE",Lyon,S,EUR/kg carcasse,2.37,-0.05,COT-VBL-porc-A23-S35.csv
2023,35,,2023-08-25,2023-08-31,"MIDI-PYRENEES, AQUITAINE LANGUEDOC-ROUSSILLON, AUVERGNE,LIMOUSIN",Toulouse,E,EUR/kg carcasse,2.13,-0.06,COT-VBL-porc-A23-S35.csv
2023,35,,2023-08-25,2023-08-31,"MIDI-PYRENEES, AQUITAINE LANGUEDOC-ROUSSILLON, AUVERGNE,LIMOUSIN",Toulouse,S,EUR/kg carcasse,2.22,-0.06,COT-VBL-porc-A23-S35.csv
2023,35,,2023-08-25,2023-08-31,RÉFÉRENCE NATIONALE,,E,EUR/kg carcasse,2.22,-0.06,COT-VBL-porc-A23-S35.csv
2023,35,,2023-08-25,2023-08-31,RÉFÉRENCE NATIONALE,,S,EUR/kg carcasse,2.29,-0.06,COT-VBL-porc-A23-S35.csv
2023,36,,2023-09-01,2023-09-07,BRETAGNE,Rennes,E,EUR/kg carcasse,2.15,-0.04,COT-VBL-porc-A23-S36.csv
2023,36,,2023-09-01,2023-09-07,BRETAGNE,Rennes,S,EUR/kg carcasse,2.23,-0.04,COT-VBL-porc-A23-S36.csv
2023,36,,2023-09-01,2023-09-07,"HAUTE ET BASSE NORMANDIE, PAYS DE LOIRE, POITOU-CHARENTES, CENTRE",Nantes,E,EUR/kg carcasse,2.18,-0.06,COT-VBL-porc-A23-S36.csv
2023,36,,2023-09-01,2023-09-07,"HAUTE ET BASSE NORMANDIE, PAYS DE LOIRE, POITOU-CHARENTES, CENTRE",Nantes,S,EUR/kg carcasse,2.27,-0.06,COT-VBL-porc-A23-S36.csv
2023,36,,2023-09-01,2023-09-07,"NORD-PAS DE CALAIS,PICARDIE, ILE DE FRANCE, LORRAINE,ALSACE, CHAMPAGNE-ARDENNES",Lille,E,EUR/kg carcasse,2.19,-0.06,COT-VBL-porc-A23-S36.csv
2023,36,,2023-09-01,2023-09-07,"NORD-PAS DE CALAIS,PICARDIE, ILE DE FRANCE, LORRAINE,ALSACE, CHAMPAGNE-ARDENNES",Lille,S,EUR/kg carcasse,2.27,-0.06,COT-VBL-porc-A23-S36.csv
2023,36,,2023-09-01,2023-09-07,"BOURGOGNE,FRANCHE-COMTE, RHONE-ALPES, PROVENCE-ALPES COTE D'AZUR,CORSE",Lyon,E,EUR/kg carcasse,2.32,-0.11,COT-VBL-porc-A23-S36.csv
2023,36,,2023-09-01,2023-09-07,"BOURGOGNE,FRANCHE-COMTE, RHONE-ALPES, PROVENCE-ALPES COTE D'AZUR,CORSE",Lyon,S,EUR/kg carcasse,2.34,-0.03,COT-VBL-porc-A23-S36.csv
2023,36,,2023-09-01,2023-09-07,"MIDI-PYRENEES, AQUITAINE LANGUEDOC-ROUSSILLON, AUVERGNE,LIMOUSIN",Toulouse,E,EUR/kg carcasse,2.12,-0.01,COT-VBL-porc-A23-S36.csv
2023,36,,2023-09-01,2023-09-07,"MIDI-PYRENEES, AQUITAINE LANGUEDOC-ROUSSILLON, AUVERGNE,LIMOUSIN",Toulouse,S,EUR/kg carcasse,2.21,-0.01,COT-VBL-porc-A23-S36.csv
2023,36,,2023-09-01,2023-09-07,RÉFÉRENCE NATIONALE,,E,EUR/kg carcasse,2.17,-0.05,COT-VBL-porc-A23-S36.csv
2023,36,,2023-09-01,2023-09-07,RÉFÉRENCE NATIONALE,,S,EUR/kg carcasse,2.25,-0.04,COT-VBL-porc-A23-S36.csv
2023,37,,2023-09-08,2023-09-14,BRETAGNE,Rennes,E,EUR/kg carcasse,2.12,-0.03,COT-VBL-porc-A23-S37.csv
2023,37,,2023-09-08,2023-09-14,BRETAGNE,Rennes,S,EUR/kg carcasse,2.21,-0.02,COT-VBL-porc-A23-S37.csv
2023,37,,2023-09-08,2023-09-14,"HAUTE ET BASSE NORMANDIE, PAYS DE LOIRE, POITOU-CHARENTES, CENTRE",Nantes,E,EUR/kg carcasse,2.16,-0.02,COT-VBL-porc-A23-S37.csv
2023,37,,2023-09-08,2023-09-14,"HAUTE ET BASSE NORMANDIE, PAYS DE LOIRE, POITOU-CHARENTES, CENTRE",Nantes,S,EUR/kg carcasse,2.24,-0.03,COT-VBL-porc-A23-S37.csv
2023,37,,2023-09-08,2023-09-14,"NORD-PAS DE CALAIS,PICARDIE, ILE DE FRANCE, LORRAINE,ALSACE, CHAMPAGNE-ARDENNES",Lille,E,EUR/kg carcasse,2.19,0,COT-VBL-porc-A23-S37.csv
2023,37,,2023-09-08,2023-09-14,"NORD-PAS DE CALAIS,PICARDIE, ILE DE FRANCE, LORRAINE,ALSACE, CHAMPAGNE-ARDENNES",Lille,S,EUR/kg carcasse,2.27,0,COT-VBL-porc-A23-S37.csv
2023,37,,2023-09-08,2023-09-14,"BOURGOGNE,FRANCHE-COMTE, RHONE-ALPES, PROVENCE-ALPES COTE D'AZUR,CORSE",Lyon,E,EUR/kg carcasse,2.33,0.01,COT-VBL-porc-A23-S37.csv
2023,37,,2023-09-08,2023-09-14,"BOURGOGNE,FRANCHE-COMTE, RHONE-ALPES, PROVENCE-ALPES COTE D'AZUR,CORSE",Lyon,S,EUR/kg carcasse,2.28,-0.06,COT-VBL-porc-A23-S37.csv
2023,37,,2023-09-08,2023-09-14,"MIDI-PYRENEES, AQUITAINE LANGUEDOC-ROUSSILLON, AUVERGNE,LIMOUSIN",Toulouse,E,EUR/kg carcasse,2.12,0,COT-VBL-porc-A23-S37.csv
2023,37,,2023-09-08,2023-09-14,"MIDI-PYRENEES, AQUITAINE LANGUEDOC-ROUSSILLON, AUVERGNE,LIMOUSIN",Toulouse,S,EUR/kg carcasse,2.21,0,COT-VBL-porc-A23-S37.csv
2023,37,,2023-09-08,2023-09-14,RÉFÉRENCE NATIONALE,,E,EUR/kg carcasse,2.15,-0.02,COT-VBL-porc-A23-S37.csv
2023,37,,2023-09-08,2023-09-14,RÉFÉRENCE NATIONALE,,S,EUR/kg carcasse,2.22,-0.03,COT-VBL-porc-A23-S37.csv
2023,38,,2023-09-15,2023-09-21,BRETAGNE,Rennes,E,EUR/kg carcasse,2.14,0.02,COT-VBL-porc-A23-S38.csv
2023,38,,2023-09-15,2023-09-21,BRETAGNE,Rennes,S,EUR/kg carcasse,2.23,0.02,COT-VBL-porc-A23-S38.csv
2023,38,,2023-09-15,2023-09-21,"HAUTE ET BASSE NORMANDIE, PAYS DE LOIRE, POITOU-CHARENTES, CENTRE",Nantes,E,EUR/kg carcasse,2.16,0,COT-VBL-porc-A23-S38.csv
2023,38,,2023-09-15,2023-09-21,"HAUTE ET BASSE NORMANDIE, PAYS DE LOIRE, POITOU-CHARENTES, CENTRE",Nantes,S,EUR/kg carcasse,2.25,0.01,COT-VBL-porc-A23-S38.csv
2023,38,,2023-09-15,2023-09-21,"NORD-PAS DE CALAIS,PICARDIE, ILE DE FRANCE, LORRAINE,ALSACE, CHAMPAGNE-ARDENNES",Lille,E,EUR/kg carcasse,2.2,0.01,COT-VBL-porc-A23-S38.csv
2023,38,,2023-09-15,2023-09-21,"NORD-PAS DE CALAIS,PICARDIE, ILE DE FRANCE, LORRAINE,ALSACE, CHAMPAGNE-ARDENNES",Lille,S,EUR/kg carcasse,2.28,0.01,COT-VBL-porc-A23-S38.csv
2023,38,,2023-09-15,2023-09-21,"BOURGOGNE,FRANCHE-COMTE, RHONE-ALPES, PROVENCE-ALPES COTE D'AZUR,CORSE",Lyon,E,EUR/kg carcasse,2.34,0.01,COT-VBL-porc-A23-S38.csv
2023,38,,2023-09-15,2023-09-21,"BOURGOGNE,FRANCHE-COMTE, RHONE-ALPES, PROVENCE-ALPES COTE D'AZUR,CORSE",Lyon,S,EUR/kg carcasse,2.28,0,COT-VBL-porc-A23-S38.csv
2023,38,,2023-09-15,2023-09-21,"MIDI-PYRENEES, AQUITAINE LANGUEDOC-ROUSSILLON, AUVERGNE,LIMOUSIN",Toulouse,E,EUR/kg carcasse,2.1,-0.02,COT-VBL-porc-A23-S38.csv
2023,38,,2023-09-15,2023-09-21,"MIDI-PYRENEES, AQUITAINE LANGUEDOC-ROUSSILLON, AUVERGNE,LIMOUSIN",Toulouse,S,EUR/kg carcasse,2.19,-0.02,COT-VBL-porc-A23-S38.csv
2023,38,,2023-09-15,2023-09-21,RÉFÉRENCE NATIONALE,,E,EUR/kg carcasse,2.16,0.01,COT-VBL-porc-A23-S38.csv
2023,38,,2023-09-15,2023-09-21,RÉFÉRENCE NATIONALE,,S,EUR/kg carcasse,2.23,0.01,COT-VBL-porc-A23-S38.csv
2023,39,,2023-09-22,2023-09-28,BRETAGNE,Rennes,E,EUR/kg carcasse,2.09,-0.05,COT-VBL-porc-A23-S39.csv
2023,39,,2023-09-22,2023-09-28,BRETAGNE,Rennes,S,EUR/kg carcasse,2.17,-0.06,COT-VBL-porc-A23-S39.csv
2023,39,,2023-09-22,2023-09-28,"HAUTE ET BASSE NORMANDIE, PAYS DE LOIRE, POITOU-CHARENTES, CENTRE",Nantes,E,EUR/kg carcasse,2.14,-0.02,COT-VBL-porc-A23-S39.csv
2023,39,,2023-09-22,2023-09-28,"HAUTE ET BASSE NORMANDIE, PAYS DE LOIRE, POITOU-CHARENTES, CENTRE",Nantes,S,EUR/kg carcasse,2.22,-0.03,COT-VBL-porc-A23-S39.csv
2023,39,,2023-09-22,2023-09-28,"NORD-PAS DE CALAIS,PICARDIE, ILE DE FRANCE, LORRAINE,ALSACE, CHAMPAGNE-ARDENNES",Lille,E,EUR/kg carcasse,2.16,-0.04,COT-VBL-porc-A23-S39.csv
2023,39,,2023-09-22,2023-09-28,"NORD-PAS DE CALAIS,PICARDIE, ILE DE FRANCE, LORRAINE,ALSACE, CHAMPAGNE-ARDENNES",Lille,S,EUR/kg carcasse,2.24,-0.04,COT-VBL-porc-A23-S39.csv
2023,39,,2023-09-22,2023-09-28,"BOURGOGNE,FRANCHE-COMTE, RHONE-ALPES, PROVENCE-ALPES COTE D'AZUR,CORSE",Lyon,E,EUR/kg carcasse,2.37,0.03,COT-VBL-porc-A23-S39.csv
2023,39,,2023-09-22,2023-09-28,"BOURGOGNE,FRANCHE-COMTE, RHONE-ALPES, PROVENCE-ALPES COTE D'AZUR,CORSE",Lyon,S,EUR/kg carcasse,2.26,-0.02,COT-VBL-porc-A23-S39.csv
2023,39,,2023-09-22,2023-09-28,"MIDI-PYRENEES, AQUITAINE LANGUEDOC-ROUSSILLON, AUVERGNE,LIMOUSIN",Toulouse,E,EUR/kg carcasse,2.08,-0.02,COT-VBL-porc-A23-S39.csv
2023,39,,2023-09-22,2023-09-28,"MIDI-PYRENEES, AQUITAINE LANGUEDOC-ROUSSILLON, AUVERGNE,LIMOUSIN",Toulouse,S,EUR/kg carcasse,2.17,-0.02,COT-VBL-porc-A23-S39.csv
2023,39,,2023-09-22,2023-09-28,RÉFÉRENCE NATIONALE,,E,EUR/kg carcasse,2.12,-0.04,COT-VBL-porc-A23-S39.csv
2023,39,,2023-09-22,2023-09-28,RÉFÉRENCE NATIONALE,,S,EUR/kg carcasse,2.19,-0.04,COT-VBL-porc-A23-S39.csv
2023,40,,2023-09-29,2023-10-05,BRETAGNE,Rennes,E,EUR/kg carcasse,2.07,-0.02,COT-VBL-porc-A23-S40.csv
2023,40,,2023-09-29,2023-10-05,BRETAGNE,Rennes,S,EUR/kg carcasse,2.15,-0.02,COT-VBL-porc-A23-S40.csv
2023,40,,2023-09-29,2023-10-05,"HAUTE ET BASSE NORMANDIE, PAYS DE LOIRE, POITOU-CHARENTES, CENTRE",Nantes,E,EUR/kg carcasse,2.12,-0.02,COT-VBL-porc-A23-S40.csv
2023,40,,2023-09-29,2023-10-05,"HAUTE ET BASSE NORMANDIE, PAYS DE LOIRE, POITOU-CHARENTES, CENTRE",Nantes,S,EUR/kg carcasse,2.21,-0.01,COT-VBL-porc-A23-S40.csv
2023,40,,2023-09-29,2023-10-05,"NORD-PAS DE CALAIS,PICARDIE, ILE DE FRANCE, LORRAINE,ALSACE, CHAMPAGNE-ARDENNES",Lille,E,EUR/kg carcasse,2.15,-0.01,COT-VBL-porc-A23-S40.csv
2023,40,,2023-09-29,2023-10-05,"NORD-PAS DE CALAIS,PICARDIE, ILE DE FRANCE, LORRAINE,ALSACE, CHAMPAGNE-ARDENNES",Lille,S,EUR/kg carcasse,2.23,-0.01,COT-VBL-porc-A23-S40.csv
2023,40,,2023-09-29,2023-10-05,"BOURGOGNE,FRANCHE-COMTE, RHONE-ALPES, PROVENCE-ALPES COTE D'AZUR,CORSE",Lyon,E,EUR/kg carcasse,2.3,-0.07,COT-VBL-porc-A23-S40.csv
2023,40,,2023-09-29,2023-10-05,"BOURGOGNE,FRANCHE-COMTE, RHONE-ALPES, PROVENCE-ALPES COTE D'AZUR,CORSE",Lyon,S,EUR/kg carcasse,2.24,-0.02,COT-VBL-porc-A23-S40.csv
2023,40,,2023-09-29,2023-10-05,"MIDI-PYRENEES, AQUITAINE LANGUEDOC-ROUSSILLON, AUVERGNE,LIMOUSIN",Toulouse,E,EUR/kg carcasse,2.07,-0.01,COT-VBL-porc-A23-S40.csv
2023,40,,2023-09-29,2023-10-05,"MIDI-PYRENEES, AQUITAINE LANGUEDOC-ROUSSILLON, AUVERGNE,LIMOUSIN",Toulouse,S,EUR/kg carcasse,2.17,0,COT-VBL-porc-A23-S40.csv
2023,40,,2023-09-29,2023-10-05,RÉFÉRENCE NATIONALE,,E,EUR/kg carcasse,2.1,-0.02,COT-VBL-porc-A23-S40.csv
2023,40,,2023-09-29,2023-10-05,RÉFÉRENCE NATIONALE,,S,EUR/kg carcasse,2.17,-0.02,COT-VBL-porc-A23-S40.csv
2023,41,,2023-10-06,2023-10-12,BRETAGNE,Rennes,E,EUR/kg carcasse,2.05,-0.02,COT-VBL-porc-A23-S41.csv
2023,41,,2023-10-06,2023-10-12,BRETAGNE,Rennes,S,EUR/kg carcasse,2.13,-0.02,COT-VBL-porc-A23-S41.csv
2023,41,,2023-10-06,2023-10-12,"HAUTE ET BASSE NORMANDIE, PAYS DE LOIRE, POITOU-CHARENTES, CENTRE",Nantes,E,EUR/kg carcasse,2.11,-0.01,COT-VBL-porc-A23-S41.csv
2023,41,,2023-10-06,2023-10-12,"HAUTE ET BASSE NORMANDIE, PAYS DE LOIRE, POITOU-CHARENTES, CENTRE",Nantes,S,EUR/kg carcasse,2.2,-0.01,COT-VBL-porc-A23-S41.csv
2023,41,,2023-10-06,2023-10-12,"NORD-PAS DE CALAIS,PICARDIE, ILE DE FRANCE, LORRAINE,ALSACE, CHAMPAGNE-ARDENNES",Lille,E,EUR/kg carcasse,2.15,0,COT-VBL-porc-A23-S41.csv
2023,41,,2023-10-06,2023-10-12,"NORD-PAS DE CALAIS,PICARDIE, ILE DE FRANCE, LORRAINE,ALSACE, CHAMPAGNE-ARDENNES",Lille,S,EUR/kg carcasse,2.22,-0.01,COT-VBL-porc-A23-S41.csv
2023,41,,2023-10-06,2023-10-12,"BOURGOGNE,FRANCHE-COMTE, RHONE-ALPES, PROVENCE-ALPES COTE D'AZUR,CORSE",Lyon,E,EUR/kg carcasse,2.28,-0.02,COT-VBL-porc-A23-S41.csv
2023,41,,2023-10-06,2023-10-12,"BOURGOGNE,FRANCHE-COMTE, RHONE-ALPES, PROVENCE-ALPES COTE D'AZUR,CORSE",Lyon,S,EUR/kg carcasse,2.23,-0.01,COT-VBL-porc-A23-S41.csv
2023,41,,2023-10-06,2023-10-12,"MIDI-PYRENEES, AQUITAINE LANGUEDOC-ROUSSILLON, AUVERGNE,LIMOUSIN",Toulouse,E,EUR/kg carcasse,2.03,-0.04,COT-VBL-porc-A23-S41.csv
2023,41,,2023-10-06,2023-10-12,"MIDI-PYRENEES, AQUITAINE LANGUEDOC-ROUSSILLON, AUVERGNE,LIMOUSIN",Toulouse,S,EUR/kg carcasse,2.12,-0.05,COT-VBL-porc-A23-S41.csv
2023,41,,2023-10-06,2023-10-12,RÉFÉRENCE NATIONALE,,E,EUR/kg carcasse,2.08,-0.02,COT-VBL-porc-A23-S41.csv
2023,41,,2023-10-06,2023-10-12,RÉFÉRENCE NATIONALE,,S,EUR/kg carcasse,2.15,-0.02,COT-VBL-porc-A23-S41.csv
2023,42,,2023-10-13,2023-10-19,BRETAGNE,Rennes,E,EUR/kg carcasse,2.01,-0.04,COT-VBL-porc-A23-S42.csv
2023,42,,2023-10-13,2023-10-19,BRETAGNE,Rennes,S,EUR/kg carcasse,2.09,-0.04,COT-VBL-porc-A23-S42.csv
2023,42,,2023-10-13,2023-10-19,"HAUTE ET BASSE NORMANDIE, PAYS DE LOIRE, POITOU-CHARENTES, CENTRE",Nantes,E,EUR/kg carcasse,2.06,-0.05,COT-VBL-porc-A23-S42.csv
2023,42,,2023-10-13,2023-10-19,"HAUTE ET BASSE NORMANDIE, PAYS DE LOIRE, POITOU-CHARENTES, CENTRE",Nantes,S,EUR/kg carcasse,2.15,-0.05,COT-VBL-porc-A23-S42.csv
2023,42,,2023-10-13,2023-10-19,"NORD-PAS DE CALAIS,PICARDIE, ILE DE FRANCE, LORRAINE,ALSACE, CHAMPAGNE-ARDENNES",Lille,E,EUR/kg carcasse,2.09,-0.06,COT-VBL-porc-A23-S42.csv
2023,42,,2023-10-13,2023-10-19,"NORD-PAS DE CALAIS,PICARDIE, ILE DE FRANCE, LORRAINE,ALSACE, CHAMPAGNE-ARDENNES",Lille,S,EUR/kg carcasse,2.16,-0.06,COT-VBL-porc-A23-S42.csv
2023,42,,2023-10-13,2023-10-19,"BOURGOGNE,FRANCHE-COMTE, RHONE-ALPES, PROVENCE-ALPES COTE D'AZUR,CORSE",Lyon,E,EUR/kg carcasse,2.22,-0.06,COT-VBL-porc-A23-S42.csv
2023,42,,2023-10-13,2023-10-19,"BOURGOGNE,FRANCHE-COMTE, RHONE-ALPES, PROVENCE-ALPES COTE D'AZUR,CORSE",Lyon,S,EUR/kg carcasse,2.19,-0.04,COT-VBL-porc-A23-S42.csv
2023,42,,2023-10-13,2023-10-19,"MIDI-PYRENEES, AQUITAINE LANGUEDOC-ROUSSILLON, AUVERGNE,LIMOUSIN",Toulouse,E,EUR/kg carcasse,1.97,-0.06,COT-VBL-porc-A23-S42.csv
2023,42,,2023-10-13,2023-10-19,"MIDI-PYRENEES, AQUITAINE LANGUEDOC-ROUSSILLON, AUVERGNE,LIMOUSIN",Toulouse,S,EUR/kg carcasse,2.07,-0.05,COT-VBL-porc-A23-S42.csv
2023,42,,2023-10-13,2023-10-19,RÉFÉRENCE NATIONALE,,E,EUR/kg carcasse,2.04,-0.04,COT-VBL-porc-A23-S42.csv
2023,42,,2023-10-13,2023-10-19,RÉFÉRENCE NATIONALE,,S,EUR/kg carcasse,2.11,-0.04,COT-VBL-porc-A23-S42.csv
2023,43,,2023-10-20,2023-10-26,BRETAGNE,Rennes,E,EUR/kg carcasse,1.96,-0.05,COT-VBL-porc-A23-S43.csv
2023,43,,2023-10-20,2023-10-26,BRETAGNE,Rennes,S,EUR/kg carcasse,2.04,-0.05,COT-VBL-porc-A23-S43.csv
2023,43,,2023-10-20,2023-10-26,"HAUTE ET BASSE NORMANDIE, PAYS DE LOIRE, POITOU-CHARENTES, CENTRE",Nantes,E,EUR/kg carcasse,2.02,-0.04,COT-VBL-porc-A23-S43.csv
2023,43,,2023-10-20,2023-10-26,"HAUTE ET BASSE NORMANDIE, PAYS DE LOIRE, POITOU-CHARENTES, CENTRE",Nantes,S,EUR/kg carcasse,2.1,-0.05,COT-VBL-porc-A23-S43.csv
2023,43,,2023-10-20,2023-10-26,"NORD-PAS DE CALAIS,PICARDIE, ILE DE FRANCE, LORRAINE,ALSACE, CHAMPAGNE-ARDENNES",Lille,E,EUR/kg carcasse,2.04,-0.05,COT-VBL-porc-A23-S43.csv
2023,43,,2023-10-20,2023-10-26,"NORD-PAS DE CALAIS,PICARDIE, ILE DE FRANCE, LORRAINE,ALSACE, CHAMPAGNE-ARDENNES",Lille,S,EUR/kg carcasse,2.11,-0.05,COT-VBL-porc-A23-S43.csv
2023,43,,2023-10-20,2023-10-26,"BOURGOGNE,FRANCHE-COMTE, RHONE-ALPES, PROVENCE-ALPES COTE D'AZUR,CORSE",Lyon,E,EUR/kg carcasse,2.17,-0.05,COT-VBL-porc-A23-S43.csv
2023,43,,2023-10-20,2023-10-26,"BOURGOGNE,FRANCHE-COMTE, RHONE-ALPES, PROVENCE-ALPES COTE D'AZUR,CORSE",Lyon,S,EUR/kg carcasse,2.14,-0.05,COT-VBL-porc-A23-S43.csv
2023,43,,2023-10-20,2023-10-26,"MIDI-PYRENEES, AQUITAINE LANGUEDOC-ROUSSILLON, AUVERGNE,LIMOUSIN",Toulouse,E,EUR/kg carcasse,1.92,-0.05,COT-VBL-porc-A23-S43.csv
2023,43,,2023-10-20,2023-10-26,"MIDI-PYRENEES, AQUITAINE LANGUEDOC-ROUSSILLON, AUVERGNE,LIMOUSIN",Toulouse,S,EUR/kg carcasse,2.01,-0.06,COT-VBL-porc-A23-S43.csv
2023,43,,2023-10-20,2023-10-26,RÉFÉRENCE NATIONALE,,E,EUR/kg carcasse,1.99,-0.05,COT-VBL-porc-A23-S43.csv
2023,43,,2023-10-20,2023-10-26,RÉFÉRENCE NATIONALE,,S,EUR/kg carcasse,2.06,-0.05,COT-VBL-porc-A23-S43.csv
2023,44,,2023-10-27,2023-11-02,BRETAGNE,Rennes,E,EUR/kg carcasse,1.93,-0.03,COT-VBL-porc-A23-S44.csv
2023,44,,2023-10-27,2023-11-02,BRETAGNE,Rennes,S,EUR/kg carcasse,2.01,-0.03,COT-VBL-porc-A23-S44.csv
2023,44,,2023-10-27,2023-11-02,"HAUTE ET BASSE NORMANDIE, PAYS DE LOIRE, POITOU-CHARENTES, CENTRE",Nantes,E,EUR/kg carcasse,1.97,-0.05,COT-VBL-porc-A23-S44.csv
2023,44,,2023-10-27,2023-11-02,"HAUTE ET BASSE NORMANDIE, PAYS DE LOIRE, POITOU-CHARENTES, CENTRE",Nantes,S,EUR/kg carcasse,2.06,-0.04,COT-VBL-porc-A23-S44.csv
2023,44,,2023-10-27,2023-11-02,"NORD-PAS DE CALAIS,PICARDIE, ILE DE FRANCE, LORRAINE,ALSACE, CHAMPAGNE-ARDENNES",Lille,E,EUR/kg carcasse,1.98,-0.06,COT-VBL-porc-A23-S44.csv
2023,44,,2023-10-27,2023-11-02,"NORD-PAS DE CALAIS,PICARDIE, ILE DE FRANCE, LORRAINE,ALSACE, CHAMPAGNE-ARDENNES",Lille,S,EUR/kg carcasse,2.06,-0.05,COT-VBL-porc-A23-S44.csv
2023,44,,2023-10-27,2023-11-02,"BOURGOGNE,FRANCHE-COMTE, RHONE-ALPES, PROVENCE-ALPES COTE D'AZUR,CORSE",Lyon,E,EUR/kg carcasse,2.11,-0.06,COT-VBL-porc-A23-S44.csv
2023,44,,2023-10-27,2023-11-02,"BOURGOGNE,FRANCHE-COMTE, RHONE-ALPES, PROVENCE-ALPES COTE D'AZUR,CORSE",Lyon,S,EUR/kg carcasse,2.09,-0.05,COT-VBL-porc-A23-S44.csv
2023,44,,2023-10-27,2023-11-02,"MIDI-PYRENEES, AQUITAINE LANGUEDOC-ROUSSILLON, AUVERGNE,LIMOUSIN",Toulouse,E,EUR/kg carcasse,1.88,-0.04,COT-VBL-porc-A23-S44.csv
2023,44,,2023-10-27,2023-11-02,"MIDI-PYRENEES, AQUITAINE LANGUEDOC-ROUSSILLON, AUVERGNE,LIMOUSIN",Toulouse,S,EUR/kg carcasse,1.97,-0.04,COT-VBL-porc-A23-S44.csv
2023,44,,2023-10-27,2023-11-02,RÉFÉRENCE NATIONALE,,E,EUR/kg carcasse,1.95,-0.04,COT-VBL-porc-A23-S44.csv
2023,44,,2023-10-27,2023-11-02,RÉFÉRENCE NATIONALE,,S,EUR/kg carcasse,2.02,-0.04,COT-VBL-porc-A23-S44.csv
2023,45,,2023-11-03,2023-11-09,BRETAGNE,Rennes,E,EUR/kg carcasse,1.9,-0.03,COT-VBL-porc-A23-S45.csv
2023,45,,2023-11-03,2023-11-09,BRETAGNE,Rennes,S,EUR/kg carcasse,1.98,-0.03,COT-VBL-porc-A23-S45.csv
2023,45,,2023-11-03,2023-11-09,"HAUTE ET BASSE NORMANDIE, PAYS DE LOIRE, POITOU-CHARENTES, CENTRE",Nantes,E,EUR/kg carcasse,1.94,-0.03,COT-VBL-porc-A23-S45.csv
2023,45,,2023-11-03,2023-11-09,"HAUTE ET BASSE NORMANDIE, PAYS DE LOIRE, POITOU-CHARENTES, CENTRE",Nantes,S,EUR/kg carcasse,2.02,-0.04,COT-VBL-porc-A23-S45.csv
2023,45,,2023-11-03,2023-11-09,"NORD-PAS DE CALAIS,PICARDIE, ILE DE FRANCE, LORRAINE,ALSACE, CHAMPAGNE-ARDENNES",Lille,E,EUR/kg carcasse,1.95,-0.03,COT-VBL-porc-A23-S45.csv
2023,45,,2023-11-03,2023-11-09,"NORD-PAS DE CALAIS,PICARDIE, ILE DE FRANCE, LORRAINE,ALSACE, CHAMPAGNE-ARDENNES",Lille,S,EUR/kg carcasse,2.03,-0.03,COT-VBL-porc-A23-S45.csv
2023,45,,2023-11-03,2023-11-09,"BOURGOGNE,FRANCHE-COMTE, RHONE-ALPES, PROVENCE-ALPES COTE D'AZUR,CORSE",Lyon,E,EUR/kg carcasse,2.12,0.01,COT-VBL-porc-A23-S45.csv
2023,45,,2023-11-03,2023-11-09,"BOURGOGNE,FRANCHE-COMTE, RHONE-ALPES, PROVENCE-ALPES COTE D'AZUR,CORSE",Lyon,S,EUR/kg carcasse,2.05,-0.04,COT-VBL-porc-A23-S45.csv
2023,45,,2023-11-03,2023-11-09,"MIDI-PYRENEES, AQUITAINE LANGUEDOC-ROUSSILLON, AUVERGNE,LIMOUSIN",Toulouse,E,EUR/kg carcasse,1.85,-0.03,COT-VBL-porc-A23-S45.csv
2023,45,,2023-11-03,2023-11-09,"MIDI-PYRENEES, AQUITAINE LANGUEDOC-ROUSSILLON, AUVERGNE,LIMOUSIN",Toulouse,S,EUR/kg carcasse,1.93,-0.04,COT-VBL-porc-A23-S45.csv
2023,45,,2023-11-03,2023-11-09,RÉFÉRENCE NATIONALE,,E,EUR/kg carcasse,1.92,-0.03,COT-VBL-porc-A23-S45.csv
2023,45,,2023-11-03,2023-11-09,RÉFÉRENCE NATIONALE,,S,EUR/kg carcasse,1.99,-0.03,COT-VBL-porc-A23-S45.csv
2023,46,,2023-11-10,2023-11-16,BRETAGNE,Rennes,E,EUR/kg carcasse,1.88,-0.02,COT-VBL-porc-A23-S46.csv
2023,46,,2023-11-10,2023-11-16,BRETAGNE,Rennes,S,EUR/kg carcasse,1.96,-0.02,COT-VBL-porc-A23-S46.csv
2023,46,,2023-11-10,2023-11-16,"HAUTE ET BASSE NORMANDIE, PAYS DE LOIRE, POITOU-CHARENTES, CENTRE",Nantes,E,EUR/kg carcasse,1.91,-0.03,COT-VBL-porc-A23-S46.csv
2023,46,,2023-11-10,2023-11-16,"HAUTE ET BASSE NORMANDIE, PAYS DE LOIRE, POITOU-CHARENTES, CENTRE",Nantes,S,EUR/kg carcasse,2,-0.02,COT-VBL-porc-A23-S46.csv
2023,46,,2023-11-10,2023-11-16,"NORD-PAS DE CALAIS,PICARDIE, ILE DE FRANCE, LORRAINE,ALSACE, CHAMPAGNE-ARDENNES",Lille,E,EUR/kg carcasse,1.92,-0.03,COT-VBL-porc-A23-S46.csv
2023,46,,2023-11-10,2023-11-16,"NORD-PAS DE CALAIS,PICARDIE, ILE DE FRANCE, LORRAINE,ALSACE, CHAMPAGNE-ARDENNES",Lille,S,EUR/kg carcasse,2,-0.03,COT-VBL-porc-A23-S46.csv
2023,46,,2023-11-10,2023-11-16,"BOURGOGNE,FRANCHE-COMTE, RHONE-ALPES, PROVENCE-ALPES COTE D'AZUR,CORSE",Lyon,E,EUR/kg carcasse,2.14,0.02,COT-VBL-porc-A23-S46.csv
2023,46,,2023-11-10,2023-11-16,"BOURGOGNE,FRANCHE-COMTE, RHONE-ALPES, PROVENCE-ALPES COTE D'AZUR,CORSE",Lyon,S,EUR/kg carcasse,2.02,-0.03,COT-VBL-porc-A23-S46.csv
2023,46,,2023-11-10,2023-11-16,"MIDI-PYRENEES, AQUITAINE LANGUEDOC-ROUSSILLON, AUVERGNE,LIMOUSIN",Toulouse,E,EUR/kg carcasse,1.84,-0.01,COT-VBL-porc-A23-S46.csv
2023,46,,2023-11-10,2023-11-16,"MIDI-PYRENEES, AQUITAINE LANGUEDOC-ROUSSILLON, AUVERGNE,LIMOUSIN",Toulouse,S,EUR/kg carcasse,1.93,0,COT-VBL-porc-A23-S46.csv
2023,46,,2023-11-10,2023-11-16,RÉFÉRENCE NATIONALE,,E,EUR/kg carcasse,1.9,-0.02,COT-VBL-porc-A23-S46.csv
2023,46,,2023-11-10,2023-11-16,RÉFÉRENCE NATIONALE,,S,EUR/kg carcasse,1.97,-0.02,COT-VBL-porc-A23-S46.csv
2023,47,,2023-11-17,2023-11-23,BRETAGNE,Rennes,E,EUR/kg carcasse,1.87,-0.01,COT-VBL-porc-A23-S47.csv
2023,47,,2023-11-17,2023-11-23,BRETAGNE,Rennes,S,EUR/kg carcasse,1.95,-0.01,COT-VBL-porc-A23-S47.csv
2023,47,,2023-11-17,2023-11-23,"HAUTE ET BASSE NORMANDIE, PAYS DE LOIRE, POITOU-CHARENTES, CENTRE",Nantes,E,EUR/kg carcasse,1.9,-0.01,COT-VBL-porc-A23-S47.csv
2023,47,,2023-11-17,2023-11-23,"HAUTE ET BASSE NORMANDIE, PAYS DE LOIRE, POITOU-CHARENTES, CENTRE",Nantes,S,EUR/kg carcasse,1.99,-0.01,COT-VBL-porc-A23-S47.csv
2023,47,,2023-11-17,2023-11-23,"NORD-PAS DE CALAIS,PICARDIE, ILE DE FRANCE, LORRAINE,ALSACE, CHAMPAGNE-ARDENNES",Lille,E,EUR/kg carcasse,1.91,-0.01,COT-VBL-porc-A23-S47.csv
2023,47,,2023-11-17,2023-11-23,"NORD-PAS DE CALAIS,PICARDIE, ILE DE FRANCE, LORRAINE,ALSACE, CHAMPAGNE-ARDENNES",Lille,S,EUR/kg carcasse,1.98,-0.02,COT-VBL-porc-A23-S47.csv
2023,47,,2023-11-17,2023-11-23,"BOURGOGNE,FRANCHE-COMTE, RHONE-ALPES, PROVENCE-ALPES COTE D'AZUR,CORSE",Lyon,E,EUR/kg carcasse,2.06,-0.08,COT-VBL-porc-A23-S47.csv
2023,47,,2023-11-17,2023-11-23,"BOURGOGNE,FRANCHE-COMTE, RHONE-ALPES, PROVENCE-ALPES COTE D'AZUR,CORSE",Lyon,S,EUR/kg carcasse,2,-0.02,COT-VBL-porc-A23-S47.csv
2023,47,,2023-11-17,2023-11-23,"MIDI-PYRENEES, AQUITAINE LANGUEDOC-ROUSSILLON, AUVERGNE,LIMOUSIN",Toulouse,E,EUR/kg carcasse,1.83,-0.01,COT-VBL-porc-A23-S47.csv
2023,47,,2023-11-17,2023-11-23,"MIDI-PYRENEES, AQUITAINE LANGUEDOC-ROUSSILLON, AUVERGNE,LIMOUSIN",Toulouse,S,EUR/kg carcasse,1.93,0,COT-VBL-porc-A23-S47.csv
2023,47,,2023-11-17,2023-11-23,RÉFÉRENCE NATIONALE,,E,EUR/kg carcasse,1.89,-0.01,COT-VBL-porc-A23-S47.csv
2023,47,,2023-11-17,2023-11-23,RÉFÉRENCE NATIONALE,,S,EUR/kg carcasse,1.96,-0.01,COT-VBL-porc-A23-S47.csv
2023,48,,2023-11-24,2023-11-30,BRETAGNE,Rennes,E,EUR/kg carcasse,1.87,0,COT-VBL-porc-A23-S48.csv
2023,48,,2023-11-24,2023-11-30,BRETAGNE,Rennes,S,EUR/kg carcasse,1.95,0,COT-VBL-porc-A23-S48.csv
2023,48,,2023-11-24,2023-11-30,"HAUTE ET BASSE NORMANDIE, PAYS DE LOIRE, POITOU-CHARENTES, CENTRE",Nantes,E,EUR/kg carcasse,1.9,0,COT-VBL-porc-A23-S48.csv
2023,48,,2023-11-24,2023-11-30,"HAUTE ET BASSE NORMANDIE, PAYS DE LOIRE, POITOU-CHARENTES, CENTRE",Nantes,S,EUR/kg carcasse,1.99,0,COT-VBL-porc-A23-S48.csv
2023,48,,2023-11-24,2023-11-30,"NORD-PAS DE CALAIS,PICARDIE, ILE DE FRANCE, LORRAINE,ALSACE, CHAMPAGNE-ARDENNES",Lille,E,EUR/kg carcasse,1.91,0,COT-VBL-porc-A23-S48.csv
2023,48,,2023-11-24,2023-11-30,"NORD-PAS DE CALAIS,PICARDIE, ILE DE FRANCE, LORRAINE,ALSACE, CHAMPAGNE-ARDENNES",Lille,S,EUR/kg carcasse,1.99,0.01,COT-VBL-porc-A23-S48.csv
2023,48,,2023-11-24,2023-11-30,"BOURGOGNE,FRANCHE-COMTE, RHONE-ALPES, PROVENCE-ALPES COTE D'AZUR,CORSE",Lyon,E,EUR/kg carcasse,2.09,0.03,COT-VBL-porc-A23-S48.csv
2023,48,,2023-11-24,2023-11-30,"BOURGOGNE,FRANCHE-COMTE, RHONE-ALPES, PROVENCE-ALPES COTE D'AZUR,CORSE",Lyon,S,EUR/kg carcasse,1.99,-0.01,COT-VBL-porc-A23-S48.csv
2023,48,,2023-11-24,2023-11-30,"MIDI-PYRENEES, AQUITAINE LANGUEDOC-ROUSSILLON, AUVERGNE,LIMOUSIN",Toulouse,E,EUR/kg carcasse,1.83,0,COT-VBL-porc-A23-S48.csv
2023,48,,2023-11-24,2023-11-30,"MIDI-PYRENEES, AQUITAINE LANGUEDOC-ROUSSILLON, AUVERGNE,LIMOUSIN",Toulouse,S,EUR/kg carcasse,1.93,0,COT-VBL-porc-A23-S48.csv
2023,48,,2023-11-24,2023-11-30,RÉFÉRENCE NATIONALE,,E,EUR/kg carcasse,1.89,0,COT-VBL-porc-A23-S48.csv
2023,48,,2023-11-24,2023-11-30,RÉFÉRENCE NATIONALE,,S,EUR/kg carcasse,1.96,0,COT-VBL-porc-A23-S48.csv
2023,49,,2023-12-01,2023-12-07,BRETAGNE,Rennes,E,EUR/kg carcasse,1.87,0,COT-VBL-porc-A23-S49.csv
2023,49,,2023-12-01,2023-12-07,BRETAGNE,Rennes,S,EUR/kg carcasse,1.95,0,COT-VBL-porc-A23-S49.csv
2023,49,,2023-12-01,2023-12-07,"HAUTE ET BASSE NORMANDIE, PAYS DE LOIRE, POITOU-CHARENTES, CENTRE",Nantes,E,EUR/kg carcasse,1.91,0.01,COT-VBL-porc-A23-S49.csv
2023,49,,2023-12-01,2023-12-07,"HAUTE ET BASSE NORMANDIE, PAYS DE LOIRE, POITOU-CHARENTES, CENTRE",Nantes,S,EUR/kg carcasse,2,0.01,COT-VBL-porc-A23-S49.csv
2023,49,,2023-12-01,2023-12-07,"NORD-PAS DE CALAIS,PICARDIE, ILE DE FRANCE, LORRAINE,ALSACE, CHAMPAGNE-ARDENNES",Lille,E,EUR/kg carcasse,1.9,-0.01,COT-VBL-porc-A23-S49.csv
2023,49,,2023-12-01,2023-12-07,"NORD-PAS DE CALAIS,PICARDIE, ILE DE FRANCE, LORRAINE,ALSACE, CHAMPAGNE-ARDENNES",Lille,S,EUR/kg carcasse,1.99,0,COT-VBL-porc-A23-S49.csv
2023,49,,2023-12-01,2023-12-07,"BOURGOGNE,FRANCHE-COMTE, RHONE-ALPES, PROVENCE-ALPES COTE D'AZUR,CORSE",Lyon,E,EUR/kg carcasse,2.1,0.01,COT-VBL-porc-A23-S49.csv
2023,49,,2023-12-01,2023-12-07,"BOURGOGNE,FRANCHE-COMTE, RHONE-ALPES, PROVENCE-ALPES COTE D'AZUR,CORSE",Lyon,S,EUR/kg carcasse,2,0.01,COT-VBL-porc-A23-S49.csv
2023,49,,2023-12-01,2023-12-07,"MIDI-PYRENEES, AQUITAINE LANGUEDOC-ROUSSILLON, AUVERGNE,LIMOUSIN",Toulouse,E,EUR/kg carcasse,1.85,0.02,COT-VBL-porc-A23-S49.csv
2023,49,,2023-12-01,2023-12-07,"MIDI-PYRENEES, AQUITAINE LANGUEDOC-ROUSSILLON, AUVERGNE,LIMOUSIN",Toulouse,S,EUR/kg carcasse,1.94,0.01,COT-VBL-porc-A23-S49.csv
2023,49,,2023-12-01,2023-12-07,RÉFÉRENCE NATIONALE,,E,EUR/kg carcasse,1.9,0.01,COT-VBL-porc-A23-S49.csv
2023,49,,2023-12-01,2023-12-07,RÉFÉRENCE NATIONALE,,S,EUR/kg carcasse,1.96,0,COT-VBL-porc-A23-S49.csv
2023,50,,2023-12-08,2023-12-14,BRETAGNE,Rennes,E,EUR/kg carcasse,1.88,0.01,COT-VBL-porc-A23-S50.csv
2023,50,,2023-12-08,2023-12-14,BRETAGNE,Rennes,S,EUR/kg carcasse,1.96,0.01,COT-VBL-porc-A23-S50.csv
2023,50,,2023-12-08,2023-12-14,"HAUTE ET BASSE NORMANDIE, PAYS DE LOIRE, POITOU-CHARENTES, CENTRE",Nantes,E,EUR/kg carcasse,1.91,0,COT-VBL-porc-A23-S50.csv
2023,50,,2023-12-08,2023-12-14,"HAUTE ET BASSE NORMANDIE, PAYS DE LOIRE, POITOU-CHARENTES, CENTRE",Nantes,S,EUR/kg carcasse,2,0,COT-VBL-porc-A23-S50.csv
2023,50,,2023-12-08,2023-12-14,"NORD-PAS DE CALAIS,PICARDIE, ILE DE FRANCE, LORRAINE,ALSACE, CHAMPAGNE-ARDENNES",Lille,E,EUR/kg carcasse,1.91,0.01,COT-VBL-porc-A23-S50.csv
2023,50,,2023-12-08,2023-12-14,"NORD-PAS DE CALAIS,PICARDIE, ILE DE FRANCE, LORRAINE,ALSACE, CHAMPAGNE-ARDENNES",Lille,S,EUR/kg carcasse,1.99,0,COT-VBL-porc-A23-S50.csv
2023,50,,2023-12-08,2023-12-14,"BOURGOGNE,FRANCHE-COMTE, RHONE-ALPES, PROVENCE-ALPES COTE D'AZUR,CORSE",Lyon,E,EUR/kg carcasse,2.11,0.01,COT-VBL-porc-A23-S50.csv
2023,50,,2023-12-08,2023-12-14,"BOURGOGNE,FRANCHE-COMTE, RHONE-ALPES, PROVENCE-ALPES COTE D'AZUR,CORSE",Lyon,S,EUR/kg carcasse,2.01,0.01,COT-VBL-porc-A23-S50.csv
2023,50,,2023-12-08,2023-12-14,"MIDI-PYRENEES, AQUITAINE LANGUEDOC-ROUSSILLON, AUVERGNE,LIMOUSIN",Toulouse,E,EUR/kg carcasse,1.85,0,COT-VBL-porc-A23-S50.csv
2023,50,,2023-12-08,2023-12-14,"MIDI-PYRENEES, AQUITAINE LANGUEDOC-ROUSSILLON, AUVERGNE,LIMOUSIN",Toulouse,S,EUR/kg carcasse,1.95,0.01,COT-VBL-porc-A23-S50.csv
2023,50,,2023-12-08,2023-12-14,RÉFÉRENCE NATIONALE,,E,EUR/kg carcasse,1.9,0,COT-VBL-porc-A23-S50.csv
2023,50,,2023-12-08,2023-12-14,RÉFÉRENCE NATIONALE,,S,EUR/kg carcasse,1.97,0.01,COT-VBL-porc-A23-S50.csv
2023,51,,2023-12-15,2023-12-21,BRETAGNE,Rennes,E,EUR/kg carcasse,1.88,0,COT-VBL-porc-A23-S51.csv
2023,51,,2023-12-15,2023-12-21,BRETAGNE,Rennes,S,EUR/kg carcasse,1.96,0,COT-VBL-porc-A23-S51.csv
2023,51,,2023-12-15,2023-12-21,"HAUTE ET BASSE NORMANDIE, PAYS DE LOIRE, POITOU-CHARENTES, CENTRE",Nantes,E,EUR/kg carcasse,1.92,0.01,COT-VBL-porc-A23-S51.csv
2023,51,,2023-12-15,2023-12-21,"HAUTE ET BASSE NORMANDIE, PAYS DE LOIRE, POITOU-CHARENTES, CENTRE",Nantes,S,EUR/kg carcasse,2.01,0.01,COT-VBL-porc-A23-S51.csv
2023,51,,2023-12-15,2023-12-21,"BOURGOGNE,FRANCHE-COMTE, RHONE-ALPES, PROVENCE-ALPES COTE D'AZUR,CORSE",Lyon,E,EUR/kg carcasse,2.11,0,COT-VBL-porc-A23-S51.csv
2023,51,,2023-12-15,2023-12-21,"BOURGOGNE,FRANCHE-COMTE, RHONE-ALPES, PROVENCE-ALPES COTE D'AZUR,CORSE",Lyon,S,EUR/kg carcasse,2.01,0,COT-VBL-porc-A23-S51.csv
2023,51,,2023-12-15,2023-12-21,"MIDI-PYRENEES, AQUITAINE LANGUEDOC-ROUSSILLON, AUVERGNE,LIMOUSIN",Toulouse,E,EUR/kg carcasse,1.85,0,COT-VBL-porc-A23-S51.csv
2023,51,,2023-12-15,2023-12-21,"MIDI-PYRENEES, AQUITAINE LANGUEDOC-ROUSSILLON, AUVERGNE,LIMOUSIN",Toulouse,S,EUR/kg carcasse,1.95,0,COT-VBL-porc-A23-S51.csv
2023,51,,2023-12-15,2023-12-21,RÉFÉRENCE NATIONALE,,E,EUR/kg carcasse,1.9,0,COT-VBL-porc-A23-S51.csv
2023,51,,2023-12-15,2023-12-21,RÉFÉRENCE NATIONALE,,S,EUR/kg carcasse,1.97,0,COT-VBL-porc-A23-S51.csv
2023,52,,2023-12-22,2023-12-28,BRETAGNE,Rennes,E,EUR/kg carcasse,1.87,-0.01,COT-VBL-porc-A23-S52.csv
2023,52,,2023-12-22,2023-12-28,BRETAGNE,Rennes,S,EUR/kg carcasse,1.96,0,COT-VBL-porc-A23-S52.csv
2023,52,,2023-12-22,2023-12-28,"HAUTE ET BASSE NORMANDIE, PAYS DE LOIRE, POITOU-CHARENTES, CENTRE",Nantes,E,EUR/kg carcasse,1.93,0.01,COT-VBL-porc-A23-S52.csv
2023,52,,2023-12-22,2023-12-28,"HAUTE ET BASSE NORMANDIE, PAYS DE LOIRE, POITOU-CHARENTES, CENTRE",Nantes,S,EUR/kg carcasse,2.01,0,COT-VBL-porc-A23-S52.csv
2023,52,,2023-12-22,2023-12-28,"NORD-PAS DE CALAIS,PICARDIE, ILE DE FRANCE, LORRAINE,ALSACE, CHAMPAGNE-ARDENNES",Lille,E,EUR/kg carcasse,1.9,,COT-VBL-porc-A23-S52.csv
2023,52,,2023-12-22,2023-12-28,"NORD-PAS DE CALAIS,PICARDIE, ILE DE FRANCE, LORRAINE,ALSACE, CHAMPAGNE-ARDENNES",Lille,S,EUR/kg carcasse,2.01,,COT-VBL-porc-A23-S52.csv
2023,52,,2023-12-22,2023-12-28,"BOURGOGNE,FRANCHE-COMTE, RHONE-ALPES, PROVENCE-ALPES COTE D'AZUR,CORSE",Lyon,E,EUR/kg carcasse,2.13,0.02,COT-VBL-porc-A23-S52.csv
2023,52,,2023-12-22,2023-12-28,"BOURGOGNE,FRANCHE-COMTE, RHONE-ALPES, PROVENCE-ALPES COTE D'AZUR,CORSE",Lyon,S,EUR/kg carcasse,2.01,0,COT-VBL-porc-A23-S52.csv
2023,52,,2023-12-22,2023-12-28,"MIDI-PYRENEES, AQUITAINE LANGUEDOC-ROUSSILLON, AUVERGNE,LIMOUSIN",Toulouse,E,EUR/kg carcasse,1.85,0,COT-VBL-porc-A23-S52.csv
2023,52,,2023-12-22,2023-12-28,"MIDI-PYRENEES, AQUITAINE LANGUEDOC-ROUSSILLON, AUVERGNE,LIMOUSIN",Toulouse,S,EUR/kg carcasse,1.95,0,COT-VBL-porc-A23-S52.csv
2023,52,,2023-12-22,2023-12-28,RÉFÉRENCE NATIONALE,,E,EUR/kg carcasse,1.9,0,COT-VBL-porc-A23-S52.csv
2023,52,,2023-12-22,2023-12-28,RÉFÉRENCE NATIONALE,,S,EUR/kg carcasse,1.98,0.01,COT-VBL-porc-A23-S52.csv
2024,1,,2023-12-29,2024-01-04,BRETAGNE,Rennes,E,EUR/kg carcasse,1.88,0.01,COT-VBL-porc-A24-S01.csv
2024,1,,2023-12-29,2024-01-04,BRETAGNE,Rennes,S,EUR/kg carcasse,1.97,0.01,COT-VBL-porc-A24-S01.csv
2024,1,,2023-12-29,2024-01-04,"HAUTE ET BASSE NORMANDIE, PAYS DE LOIRE, POITOU-CHARENTES, CENTRE",Nantes,E,EUR/kg carcasse,1.95,0.02,COT-VBL-porc-A24-S01.csv
2024,1,,2023-12-29,2024-01-04,"HAUTE ET BASSE NORMANDIE, PAYS DE LOIRE, POITOU-CHARENTES, CENTRE",Nantes,S,EUR/kg carcasse,2.02,0.01,COT-VBL-porc-A24-S01.csv
2024,1,,2023-12-29,2024-01-04,"NORD-PAS DE CALAIS,PICARDIE, ILE DE FRANCE, LORRAINE,ALSACE, CHAMPAGNE-ARDENNES",Lille,E,EUR/kg carcasse,1.94,0.04,COT-VBL-porc-A24-S01.csv
2024,1,,2023-12-29,2024-01-04,"NORD-PAS DE CALAIS,PICARDIE, ILE DE FRANCE, LORRAINE,ALSACE, CHAMPAGNE-ARDENNES",Lille,S,EUR/kg carcasse,2.02,0.01,COT-VBL-porc-A24-S01.csv
2024,1,,2023-12-29,2024-01-04,"BOURGOGNE,FRANCHE-COMTE, RHONE-ALPES, PROVENCE-ALPES COTE D'AZUR,CORSE",Lyon,E,EUR/kg carcasse,2.1,-0.03,COT-VBL-porc-A24-S01.csv
2024,1,,2023-12-29,2024-01-04,"BOURGOGNE,FRANCHE-COMTE, RHONE-ALPES, PROVENCE-ALPES COTE D'AZUR,CORSE",Lyon,S,EUR/kg carcasse,2.02,0.01,COT-VBL-porc-A24-S01.csv
2024,1,,2023-12-29,2024-01-04,"MIDI-PYRENEES, AQUITAINE LANGUEDOC-ROUSSILLON, AUVERGNE,LIMOUSIN",Toulouse,E,EUR/kg carcasse,1.86,0.01,COT-VBL-porc-A24-S01.csv
2024,1,,2023-12-29,2024-01-04,"MIDI-PYRENEES, AQUITAINE LANGUEDOC-ROUSSILLON, AUVERGNE,LIMOUSIN",Toulouse,S,EUR/kg carcasse,1.95,0,COT-VBL-porc-A24-S01.csv
2024,1,,2023-12-29,2024-01-04,RÉFÉRENCE NATIONALE,,E,EUR/kg carcasse,1.91,0.01,COT-VBL-porc-A24-S01.csv
2024,1,,2023-12-29,2024-01-04,RÉFÉRENCE NATIONALE,,S,EUR/kg carcasse,1.98,0,COT-VBL-porc-A24-S01.csv
2024,2,,2024-01-05,2024-01-11,BRETAGNE,Rennes,E,EUR/kg carcasse,1.88,0,COT-VBL-porc-A24-S02.csv
2024,2,,2024-01-05,2024-01-11,BRETAGNE,Rennes,S,EUR/kg carcasse,1.96,-0.01,COT-VBL-porc-A24-S02.csv
2024,2,,2024-01-05,2024-01-11,"HAUTE ET BASSE NORMANDIE, PAYS DE LOIRE, POITOU-CHARENTES, CENTRE",Nantes,E,EUR/kg carcasse,1.95,0,COT-VBL-porc-A24-S02.csv
2024,2,,2024-01-05,2024-01-11,"HAUTE ET BASSE NORMANDIE, PAYS DE LOIRE, POITOU-CHARENTES, CENTRE",Nantes,S,EUR/kg carcasse,2.02,0,COT-VBL-porc-A24-S02.csv
2024,2,,2024-01-05,2024-01-11,"NORD-PAS DE CALAIS,PICARDIE, ILE DE FRANCE, LORRAINE,ALSACE, CHAMPAGNE-ARDENNES",Lille,E,EUR/kg carcasse,1.94,0,COT-VBL-porc-A24-S02.csv
2024,2,,2024-01-05,2024-01-11,"NORD-PAS DE CALAIS,PICARDIE, ILE DE FRANCE, LORRAINE,ALSACE, CHAMPAGNE-ARDENNES",Lille,S,EUR/kg carcasse,2.01,-0.01,COT-VBL-porc-A24-S02.csv
2024,2,,2024-01-05,2024-01-11,"BOURGOGNE,FRANCHE-COMTE, RHONE-ALPES, PROVENCE-ALPES COTE D'AZUR,CORSE",Lyon,E,EUR/kg carcasse,2.06,-0.04,COT-VBL-porc-A24-S02.csv
2024,2,,2024-01-05,2024-01-11,"BOURGOGNE,FRANCHE-COMTE, RHONE-ALPES, PROVENCE-ALPES COTE D'AZUR,CORSE",Lyon,S,EUR/kg carcasse,2.02,0,COT-VBL-porc-A24-S02.csv
2024,2,,2024-01-05,2024-01-11,"MIDI-PYRENEES, AQUITAINE LANGUEDOC-ROUSSILLON, AUVERGNE,LIMOUSIN",Toulouse,E,EUR/kg carcasse,1.86,0,COT-VBL-porc-A24-S02.csv
2024,2,,2024-01-05,2024-01-11,"MIDI-PYRENEES, AQUITAINE LANGUEDOC-ROUSSILLON, AUVERGNE,LIMOUSIN",Toulouse,S,EUR/kg carcasse,1.95,0,COT-VBL-porc-A24-S02.csv
2024,2,,2024-01-05,2024-01-11,RÉFÉRENCE NATIONALE,,E,EUR/kg carcasse,1.91,0,COT-VBL-porc-A24-S02.csv
2024,2,,2024-01-05,2024-01-11,RÉFÉRENCE NATIONALE,,S,EUR/kg carcasse,1.98,0,COT-VBL-porc-A24-S02.csv
2024,3,,2024-01-12,2024-01-18,BRETAGNE,Rennes,E,EUR/kg carcasse,1.88,0,COT-VBL-porc-A24-S03.csv
2024,3,,2024-01-12,2024-01-18,BRETAGNE,Rennes,S,EUR/kg carcasse,1.96,0,COT-VBL-porc-A24-S03.csv
2024,3,,2024-01-12,2024-01-18,"HAUTE ET BASSE NORMANDIE, PAYS DE LOIRE, POITOU-CHARENTES, CENTRE",Nantes,E,EUR/kg carcasse,1.94,-0.01,COT-VBL-porc-A24-S03.csv
2024,3,,2024-01-12,2024-01-18,"HAUTE ET BASSE NORMANDIE, PAYS DE LOIRE, POITOU-CHARENTES, CENTRE",Nantes,S,EUR/kg carcasse,2.03,0.01,COT-VBL-porc-A24-S03.csv
2024,3,,2024-01-12,2024-01-18,"NORD-PAS DE CALAIS,PICARDIE, ILE DE FRANCE, LORRAINE,ALSACE, CHAMPAGNE-ARDENNES",Lille,E,EUR/kg carcasse,1.94,0,COT-VBL-porc-A24-S03.csv
2024,3,,2024-01-12,2024-01-18,"NORD-PAS DE CALAIS,PICARDIE, ILE DE FRANCE, LORRAINE,ALSACE, CHAMPAGNE-ARDENNES",Lille,S,EUR/kg carcasse,2.01,0,COT-VBL-porc-A24-S03.csv
2024,3,,2024-01-12,2024-01-18,"BOURGOGNE,FRANCHE-COMTE, RHONE-ALPES, PROVENCE-ALPES COTE D'AZUR,CORSE",Lyon,E,EUR/kg carcasse,2.06,0,COT-VBL-porc-A24-S03.csv
2024,3,,2024-01-12,2024-01-18,"BOURGOGNE,FRANCHE-COMTE, RHONE-ALPES, PROVENCE-ALPES COTE D'AZUR,CORSE",Lyon,S,EUR/kg carcasse,2.02,0,COT-VBL-porc-A24-S03.csv
2024,3,,2024-01-12,2024-01-18,"MIDI-PYRENEES, AQUITAINE LANGUEDOC-ROUSSILLON, AUVERGNE,LIMOUSIN",Toulouse,E,EUR/kg carcasse,1.86,0,COT-VBL-porc-A24-S03.csv
2024,3,,2024-01-12,2024-01-18,"MIDI-PYRENEES, AQUITAINE LANGUEDOC-ROUSSILLON, AUVERGNE,LIMOUSIN",Toulouse,S,EUR/kg carcasse,1.95,0,COT-VBL-porc-A24-S03.csv
2024,3,,2024-01-12,2024-01-18,RÉFÉRENCE NATIONALE,,E,EUR/kg carcasse,1.91,0,COT-VBL-porc-A24-S03.csv
2024,3,,2024-01-12,2024-01-18,RÉFÉRENCE NATIONALE,,S,EUR/kg carcasse,1.98,0,COT-VBL-porc-A24-S03.csv
2024,4,,2024-01-19,2024-01-25,BRETAGNE,Rennes,E,EUR/kg carcasse,1.88,0,COT-VBL-porc-A24-S04.csv
2024,4,,2024-01-19,2024-01-25,BRETAGNE,Rennes,S,EUR/kg carcasse,1.97,0.01,COT-VBL-porc-A24-S04.csv
2024,4,,2024-01-19,2024-01-25,"HAUTE ET BASSE NORMANDIE, PAYS DE LOIRE, POITOU-CHARENTES, CENTRE",Nantes,E,EUR/kg carcasse,1.94,0,COT-VBL-porc-A24-S04.csv
2024,4,,2024-01-19,2024-01-25,"HAUTE ET BASSE NORMANDIE, PAYS DE LOIRE, POITOU-CHARENTES, CENTRE",Nantes,S,EUR/kg carcasse,2.02,-0.01,COT-VBL-porc-A24-S04.csv
2024,4,,2024-01-19,2024-01-25,"NORD-PAS DE CALAIS,PICARDIE, ILE DE FRANCE, LORRAINE,ALSACE, CHAMPAGNE-ARDENNES",Lille,E,EUR/kg carcasse,1.94,0,COT-VBL-porc-A24-S04.csv
2024,4,,2024-01-19,2024-01-25,"NORD-PAS DE CALAIS,PICARDIE, ILE DE FRANCE, LORRAINE,ALSACE, CHAMPAGNE-ARDENNES",Lille,S,EUR/kg carcasse,2.01,0,COT-VBL-porc-A24-S04.csv
2024,4,,2024-01-19,2024-01-25,"BOURGOGNE,FRANCHE-COMTE, RHONE-ALPES, PROVENCE-ALPES COTE D'AZUR,CORSE",Lyon,E,EUR/kg carcasse,2.07,0.01,COT-VBL-porc-A24-S04.csv
2024,4,,2024-01-19,2024-01-25,"BOURGOGNE,FRANCHE-COMTE, RHONE-ALPES, PROVENCE-ALPES COTE D'AZUR,CORSE",Lyon,S,EUR/kg carcasse,2.02,0,COT-VBL-porc-A24-S04.csv
2024,4,,2024-01-19,2024-01-25,"MIDI-PYRENEES, AQUITAINE LANGUEDOC-ROUSSILLON, AUVERGNE,LIMOUSIN",Toulouse,E,EUR/kg carcasse,1.86,0,COT-VBL-porc-A24-S04.csv
2024,4,,2024-01-19,2024-01-25,"MIDI-PYRENEES, AQUITAINE LANGUEDOC-ROUSSILLON, AUVERGNE,LIMOUSIN",Toulouse,S,EUR/kg carcasse,1.95,0,COT-VBL-porc-A24-S04.csv
2024,4,,2024-01-19,2024-01-25,RÉFÉRENCE NATIONALE,,E,EUR/kg carcasse,1.91,0,COT-VBL-porc-A24-S04.csv
2024,4,,2024-01-19,2024-01-25,RÉFÉRENCE NATIONALE,,S,EUR/kg carcasse,1.98,0,COT-VBL-porc-A24-S04.csv
2024,5,,2024-01-26,2024-02-01,BRETAGNE,Rennes,E,EUR/kg carcasse,1.91,0.03,COT-VBL-porc-A24-S05.csv
2024,5,,2024-01-26,2024-02-01,BRETAGNE,Rennes,S,EUR/kg carcasse,2.01,0.04,COT-VBL-porc-A24-S05.csv
2024,5,,2024-01-26,2024-02-01,"HAUTE ET BASSE NORMANDIE, PAYS DE LOIRE, POITOU-CHARENTES, CENTRE",Nantes,E,EUR/kg carcasse,1.96,0.02,COT-VBL-porc-A24-S05.csv
2024,5,,2024-01-26,2024-02-01,"HAUTE ET BASSE NORMANDIE, PAYS DE LOIRE, POITOU-CHARENTES, CENTRE",Nantes,S,EUR/kg carcasse,2.05,0.03,COT-VBL-porc-A24-S05.csv
2024,5,,2024-01-26,2024-02-01,"BOURGOGNE,FRANCHE-COMTE, RHONE-ALPES, PROVENCE-ALPES COTE D'AZUR,CORSE",Lyon,E,EUR/kg carcasse,2.09,0.02,COT-VBL-porc-A24-S05.csv
2024,5,,2024-01-26,2024-02-01,"BOURGOGNE,FRANCHE-COMTE, RHONE-ALPES, PROVENCE-ALPES COTE D'AZUR,CORSE",Lyon,S,EUR/kg carcasse,2.02,0,COT-VBL-porc-A24-S05.csv
2024,5,,2024-01-26,2024-02-01,"MIDI-PYRENEES, AQUITAINE LANGUEDOC-ROUSSILLON, AUVERGNE,LIMOUSIN",Toulouse,E,EUR/kg carcasse,1.86,0,COT-VBL-porc-A24-S05.csv
2024,5,,2024-01-26,2024-02-01,"MIDI-PYRENEES, AQUITAINE LANGUEDOC-ROUSSILLON, AUVERGNE,LIMOUSIN",Toulouse,S,EUR/kg carcasse,1.95,0,COT-VBL-porc-A24-S05.csv
2024,5,,2024-01-26,2024-02-01,RÉFÉRENCE NATIONALE,,E,EUR/kg carcasse,1.93,0.02,COT-VBL-porc-A24-S05.csv
2024,5,,2024-01-26,2024-02-01,RÉFÉRENCE NATIONALE,,S,EUR/kg carcasse,2.01,0.03,COT-VBL-porc-A24-S05.csv
2024,6,,2024-02-02,2024-02-08,BRETAGNE,Rennes,E,EUR/kg carcasse,1.92,0.01,COT-VBL-porc-A24-S06.csv
2024,6,,2024-02-02,2024-02-08,BRETAGNE,Rennes,S,EUR/kg carcasse,2.01,0,COT-VBL-porc-A24-S06.csv
2024,6,,2024-02-02,2024-02-08,"HAUTE ET BASSE NORMANDIE, PAYS DE LOIRE, POITOU-CHARENTES, CENTRE",Nantes,E,EUR/kg carcasse,1.96,0,COT-VBL-porc-A24-S06.csv
2024,6,,2024-02-02,2024-02-08,"HAUTE ET BASSE NORMANDIE, PAYS DE LOIRE, POITOU-CHARENTES, CENTRE",Nantes,S,EUR/kg carcasse,2.01,-0.04,COT-VBL-porc-A24-S06.csv
2024,6,,2024-02-02,2024-02-08,"NORD-PAS DE CALAIS,PICARDIE, ILE DE FRANCE, LORRAINE,ALSACE, CHAMPAGNE-ARDENNES",Lille,E,EUR/kg carcasse,1.93,,COT-VBL-porc-A24-S06.csv
2024,6,,2024-02-02,2024-02-08,"NORD-PAS DE CALAIS,PICARDIE, ILE DE FRANCE, LORRAINE,ALSACE, CHAMPAGNE-ARDENNES",Lille,S,EUR/kg carcasse,2.01,,COT-VBL-porc-A24-S06.csv
2024,6,,2024-02-02,2024-02-08,"BOURGOGNE,FRANCHE-COMTE, RHONE-ALPES, PROVENCE-ALPES COTE D'AZUR,CORSE",Lyon,E,EUR/kg carcasse,2.05,-0.04,COT-VBL-porc-A24-S06.csv
2024,6,,2024-02-02,2024-02-08,"BOURGOGNE,FRANCHE-COMTE, RHONE-ALPES, PROVENCE-ALPES COTE D'AZUR,CORSE",Lyon,S,EUR/kg carcasse,2.03,0.01,COT-VBL-porc-A24-S06.csv
2024,6,,2024-02-02,2024-02-08,"MIDI-PYRENEES, AQUITAINE LANGUEDOC-ROUSSILLON, AUVERGNE,LIMOUSIN",Toulouse,E,EUR/kg carcasse,1.86,0,COT-VBL-porc-A24-S06.csv
2024,6,,2024-02-02,2024-02-08,"MIDI-PYRENEES, AQUITAINE LANGUEDOC-ROUSSILLON, AUVERGNE,LIMOUSIN",Toulouse,S,EUR/kg carcasse,1.96,0.01,COT-VBL-porc-A24-S06.csv
2024,6,,2024-02-02,2024-02-08,RÉFÉRENCE NATIONALE,,E,EUR/kg carcasse,1.93,0,COT-VBL-porc-A24-S06.csv
2024,6,,2024-02-02,2024-02-08,RÉFÉRENCE NATIONALE,,S,EUR/kg carcasse,2.01,0,COT-VBL-porc-A24-S06.csv
2024,7,,2024-02-09,2024-02-15,BRETAGNE,Rennes,E,EUR/kg carcasse,1.93,0.01,COT-VBL-porc-A24-S07.csv
2024,7,,2024-02-09,2024-02-15,BRETAGNE,Rennes,S,EUR/kg carcasse,2.03,0.02,COT-VBL-porc-A24-S07.csv
2024,7,,2024-02-09,2024-02-15,"HAUTE ET BASSE NORMANDIE, PAYS DE LOIRE, POITOU-CHARENTES, CENTRE",Nantes,E,EUR/kg carcasse,1.98,0.02,COT-VBL-porc-A24-S07.csv
2024,7,,2024-02-09,2024-02-15,"HAUTE ET BASSE NORMANDIE, PAYS DE LOIRE, POITOU-CHARENTES, CENTRE",Nantes,S,EUR/kg carcasse,2.06,0.05,COT-VBL-porc-A24-S07.csv
2024,7,,2024-02-09,2024-02-15,"NORD-PAS DE CALAIS,PICARDIE, ILE DE FRANCE, LORRAINE,ALSACE, CHAMPAGNE-ARDENNES",Lille,E,EUR/kg carcasse,1.96,0.03,COT-VBL-porc-A24-S07.csv
2024,7,,2024-02-09,2024-02-15,"NORD-PAS DE CALAIS,PICARDIE, ILE DE FRANCE, LORRAINE,ALSACE, CHAMPAGNE-ARDENNES",Lille,S,EUR/kg carcasse,2.02,0.01,COT-VBL-porc-A24-S07.csv
2024,7,,2024-02-09,2024-02-15,"BOURGOGNE,FRANCHE-COMTE, RHONE-ALPES, PROVENCE-ALPES COTE D'AZUR,CORSE",Lyon,E,EUR/kg carcasse,2.08,0.03,COT-VBL-porc-A24-S07.csv
2024,7,,2024-02-09,2024-02-15,"BOURGOGNE,FRANCHE-COMTE, RHONE-ALPES, PROVENCE-ALPES COTE D'AZUR,CORSE",Lyon,S,EUR/kg carcasse,2.03,0,COT-VBL-porc-A24-S07.csv
2024,7,,2024-02-09,2024-02-15,"MIDI-PYRENEES, AQUITAINE LANGUEDOC-ROUSSILLON, AUVERGNE,LIMOUSIN",Toulouse,E,EUR/kg carcasse,1.88,0.02,COT-VBL-porc-A24-S07.csv
2024,7,,2024-02-09,2024-02-15,"MIDI-PYRENEES, AQUITAINE LANGUEDOC-ROUSSILLON, AUVERGNE,LIMOUSIN",Toulouse,S,EUR/kg carcasse,1.97,0.01,COT-VBL-porc-A24-S07.csv
2024,7,,2024-02-09,2024-02-15,RÉFÉRENCE NATIONALE,,E,EUR/kg carcasse,1.95,0.02,COT-VBL-porc-A24-S07.csv
2024,7,,2024-02-09,2024-02-15,RÉFÉRENCE NATIONALE,,S,EUR/kg carcasse,2.03,0.02,COT-VBL-porc-A24-S07.csv
2024,8,,2024-02-16,2024-02-22,BRETAGNE,Rennes,E,EUR/kg carcasse,1.98,0.05,COT-VBL-porc-A24-S08.csv
2024,8,,2024-02-16,2024-02-22,BRETAGNE,Rennes,S,EUR/kg carcasse,2.07,0.04,COT-VBL-porc-A24-S08.csv
2024,8,,2024-02-16,2024-02-22,"HAUTE ET BASSE NORMANDIE, PAYS DE LOIRE, POITOU-CHARENTES, CENTRE",Nantes,E,EUR/kg carcasse,2.03,0.05,COT-VBL-porc-A24-S08.csv
2024,8,,2024-02-16,2024-02-22,"HAUTE ET BASSE NORMANDIE, PAYS DE LOIRE, POITOU-CHARENTES, CENTRE",Nantes,S,EUR/kg carcasse,2.11,0.05,COT-VBL-porc-A24-S08.csv
2024,8,,2024-02-16,2024-02-22,"NORD-PAS DE CALAIS,PICARDIE, ILE DE FRANCE, LORRAINE,ALSACE, CHAMPAGNE-ARDENNES",Lille,E,EUR/kg carcasse,2.01,0.05,COT-VBL-porc-A24-S08.csv
2024,8,,2024-02-16,2024-02-22,"NORD-PAS DE CALAIS,PICARDIE, ILE DE FRANCE, LORRAINE,ALSACE, CHAMPAGNE-ARDENNES",Lille,S,EUR/kg carcasse,2.08,0.06,COT-VBL-porc-A24-S08.csv
2024,8,,2024-02-16,2024-02-22,"MIDI-PYRENEES, AQUITAINE LANGUEDOC-ROUSSILLON, AUVERGNE,LIMOUSIN",Toulouse,E,EUR/kg carcasse,1.95,0.07,COT-VBL-porc-A24-S08.csv
2024,8,,2024-02-16,2024-02-22,"MIDI-PYRENEES, AQUITAINE LANGUEDOC-ROUSSILLON, AUVERGNE,LIMOUSIN",Toulouse,S,EUR/kg carcasse,2.04,0.07,COT-VBL-porc-A24-S08.csv
2024,8,,2024-02-16,2024-02-22,RÉFÉRENCE NATIONALE,,E,EUR/kg carcasse,1.99,0.04,COT-VBL-porc-A24-S08.csv
2024,8,,2024-02-16,2024-02-22,RÉFÉRENCE NATIONALE,,S,EUR/kg carcasse,2.08,0.05,COT-VBL-porc-A24-S08.csv
2024,9,,2024-02-23,2024-02-29,BRETAGNE,Rennes,E,EUR/kg carcasse,2.03,0.05,COT-VBL-porc-A24-S09.csv
2024,9,,2024-02-23,2024-02-29,BRETAGNE,Rennes,S,EUR/kg carcasse,2.12,0.05,COT-VBL-porc-A24-S09.csv
2024,9,,2024-02-23,2024-02-29,"HAUTE ET BASSE NORMANDIE, PAYS DE LOIRE, POITOU-CHARENTES, CENTRE",Nantes,E,EUR/kg carcasse,2.08,0.05,COT-VBL-porc-A24-S09.csv
2024,9,,2024-02-23,2024-02-29,"HAUTE ET BASSE NORMANDIE, PAYS DE LOIRE, POITOU-CHARENTES, CENTRE",Nantes,S,EUR/kg carcasse,2.16,0.05,COT-VBL-porc-A24-S09.csv
2024,9,,2024-02-23,2024-02-29,"NORD-PAS DE CALAIS,PICARDIE, ILE DE FRANCE, LORRAINE,ALSACE, CHAMPAGNE-ARDENNES",Lille,E,EUR/kg carcasse,2.07,0.06,COT-VBL-porc-A24-S09.csv
2024,9,,2024-02-23,2024-02-29,"NORD-PAS DE CALAIS,PICARDIE, ILE DE FRANCE, LORRAINE,ALSACE, CHAMPAGNE-ARDENNES",Lille,S,EUR/kg carcasse,2.14,0.06,COT-VBL-porc-A24-S09.csv
2024,9,,2024-02-23,2024-02-29,"BOURGOGNE,FRANCHE-COMTE, RHONE-ALPES, PROVENCE-ALPES COTE D'AZUR,CORSE",Lyon,E,EUR/kg carcasse,2.14,,COT-VBL-porc-A24-S09.csv
2024,9,,2024-02-23,2024-02-29,"BOURGOGNE,FRANCHE-COMTE, RHONE-ALPES, PROVENCE-ALPES COTE D'AZUR,CORSE",Lyon,S,EUR/kg carcasse,2.15,,COT-VBL-porc-A24-S09.csv
2024,9,,2024-02-23,2024-02-29,"MIDI-PYRENEES, AQUITAINE LANGUEDOC-ROUSSILLON, AUVERGNE,LIMOUSIN",Toulouse,E,EUR/kg carcasse,2,0.05,COT-VBL-porc-A24-S09.csv
2024,9,,2024-02-23,2024-02-29,"MIDI-PYRENEES, AQUITAINE LANGUEDOC-ROUSSILLON, AUVERGNE,LIMOUSIN",Toulouse,S,EUR/kg carcasse,2.1,0.06,COT-VBL-porc-A24-S09.csv
2024,9,,2024-02-23,2024-02-29,RÉFÉRENCE NATIONALE,,E,EUR/kg carcasse,2.05,0.06,COT-VBL-porc-A24-S09.csv
2024,9,,2024-02-23,2024-02-29,RÉFÉRENCE NATIONALE,,S,EUR/kg carcasse,2.13,0.05,COT-VBL-porc-A24-S09.csv
2024,10,,2024-03-01,2024-03-07,BRETAGNE,Rennes,E,EUR/kg carcasse,2.07,0.04,COT-VBL-porc-A24-S10.csv
2024,10,,2024-03-01,2024-03-07,BRETAGNE,Rennes,S,EUR/kg carcasse,2.16,0.04,COT-VBL-porc-A24-S10.csv
2024,10,,2024-03-01,2024-03-07,"HAUTE ET BASSE NORMANDIE, PAYS DE LOIRE, POITOU-CHARENTES, CENTRE",Nantes,E,EUR/kg carcasse,2.12,0.04,COT-VBL-porc-A24-S10.csv
2024,10,,2024-03-01,2024-03-07,"HAUTE ET BASSE NORMANDIE, PAYS DE LOIRE, POITOU-CHARENTES, CENTRE",Nantes,S,EUR/kg carcasse,2.2,0.04,COT-VBL-porc-A24-S10.csv
2024,10,,2024-03-01,2024-03-07,"NORD-PAS DE CALAIS,PICARDIE, ILE DE FRANCE, LORRAINE,ALSACE, CHAMPAGNE-ARDENNES",Lille,E,EUR/kg carcasse,2.11,0.04,COT-VBL-porc-A24-S10.csv
2024,10,,2024-03-01,2024-03-07,"NORD-PAS DE CALAIS,PICARDIE, ILE DE FRANCE, LORRAINE,ALSACE, CHAMPAGNE-ARDENNES",Lille,S,EUR/kg carcasse,2.19,0.05,COT-VBL-porc-A24-S10.csv
2024,10,,2024-03-01,2024-03-07,"BOURGOGNE,FRANCHE-COMTE, RHONE-ALPES, PROVENCE-ALPES COTE D'AZUR,CORSE",Lyon,E,EUR/kg carcasse,2.18,0.04,COT-VBL-porc-A24-S10.csv
2024,10,,2024-03-01,2024-03-07,"BOURGOGNE,FRANCHE-COMTE, RHONE-ALPES, PROVENCE-ALPES COTE D'AZUR,CORSE",Lyon,S,EUR/kg carcasse,2.19,0.04,COT-VBL-porc-A24-S10.csv
2024,10,,2024-03-01,2024-03-07,"MIDI-PYRENEES, AQUITAINE LANGUEDOC-ROUSSILLON, AUVERGNE,LIMOUSIN",Toulouse,E,EUR/kg carcasse,2.06,0.06,COT-VBL-porc-A24-S10.csv
2024,10,,2024-03-01,2024-03-07,"MIDI-PYRENEES, AQUITAINE LANGUEDOC-ROUSSILLON, AUVERGNE,LIMOUSIN",Toulouse,S,EUR/kg carcasse,2.15,0.05,COT-VBL-porc-A24-S10.csv
2024,10,,2024-03-01,2024-03-07,RÉFÉRENCE NATIONALE,,E,EUR/kg carcasse,2.09,0.04,COT-VBL-porc-A24-S10.csv
2024,10,,2024-03-01,2024-03-07,RÉFÉRENCE NATIONALE,,S,EUR/kg carcasse,2.17,0.04,COT-VBL-porc-A24-S10.csv
2024,11,,2024-03-08,2024-03-14,BRETAGNE,Rennes,E,EUR/kg carcasse,2.11,0.04,COT-VBL-porc-A24-S11.csv
2024,11,,2024-03-08,2024-03-14,BRETAGNE,Rennes,S,EUR/kg carcasse,2.21,0.05,COT-VBL-porc-A24-S11.csv
2024,11,,2024-03-08,2024-03-14,"HAUTE ET BASSE NORMANDIE, PAYS DE LOIRE, POITOU-CHARENTES, CENTRE",Nantes,E,EUR/kg carcasse,2.16,0.04,COT-VBL-porc-A24-S11.csv
2024,11,,2024-03-08,2024-03-14,"HAUTE ET BASSE NORMANDIE, PAYS DE LOIRE, POITOU-CHARENTES, CENTRE",Nantes,S,EUR/kg carcasse,2.25,0.05,COT-VBL-porc-A24-S11.csv
2024,11,,2024-03-08,2024-03-14,"NORD-PAS DE CALAIS,PICARDIE, ILE DE FRANCE, LORRAINE,ALSACE, CHAMPAGNE-ARDENNES",Lille,E,EUR/kg carcasse,2.17,0.06,COT-VBL-porc-A24-S11.csv
2024,11,,2024-03-08,2024-03-14,"NORD-PAS DE CALAIS,PICARDIE, ILE DE FRANCE, LORRAINE,ALSACE, CHAMPAGNE-ARDENNES",Lille,S,EUR/kg carcasse,2.25,0.06,COT-VBL-porc-A24-S11.csv
2024,11,,2024-03-08,2024-03-14,"BOURGOGNE,FRANCHE-COMTE, RHONE-ALPES, PROVENCE-ALPES COTE D'AZUR,CORSE",Lyon,E,EUR/kg carcasse,2.26,0.08,COT-VBL-porc-A24-S11.csv
2024,11,,2024-03-08,2024-03-14,"BOURGOGNE,FRANCHE-COMTE, RHONE-ALPES, PROVENCE-ALPES COTE D'AZUR,CORSE",Lyon,S,EUR/kg carcasse,2.28,0.09,COT-VBL-porc-A24-S11.csv
2024,11,,2024-03-08,2024-03-14,"MIDI-PYRENEES, AQUITAINE LANGUEDOC-ROUSSILLON, AUVERGNE,LIMOUSIN",Toulouse,E,EUR/kg carcasse,2.09,0.03,COT-VBL-porc-A24-S11.csv
2024,11,,2024-03-08,2024-03-14,"MIDI-PYRENEES, AQUITAINE LANGUEDOC-ROUSSILLON, AUVERGNE,LIMOUSIN",Toulouse,S,EUR/kg carcasse,2.18,0.03,COT-VBL-porc-A24-S11.csv
2024,11,,2024-03-08,2024-03-14,RÉFÉRENCE NATIONALE,,E,EUR/kg carcasse,2.13,0.04,COT-VBL-porc-A24-S11.csv
2024,11,,2024-03-08,2024-03-14,RÉFÉRENCE NATIONALE,,S,EUR/kg carcasse,2.22,0.05,COT-VBL-porc-A24-S11.csv
2024,12,,2024-03-15,2024-03-21,BRETAGNE,Rennes,E,EUR/kg carcasse,2.14,0.03,COT-VBL-porc-A24-S12.csv
2024,12,,2024-03-15,2024-03-21,BRETAGNE,Rennes,S,EUR/kg carcasse,2.24,0.03,COT-VBL-porc-A24-S12.csv
2024,12,,2024-03-15,2024-03-21,"HAUTE ET BASSE NORMANDIE, PAYS DE LOIRE, POITOU-CHARENTES, CENTRE",Nantes,E,EUR/kg carcasse,2.19,0.03,COT-VBL-porc-A24-S12.csv
2024,12,,2024-03-15,2024-03-21,"HAUTE ET BASSE NORMANDIE, PAYS DE LOIRE, POITOU-CHARENTES, CENTRE",Nantes,S,EUR/kg carcasse,2.27,0.02,COT-VBL-porc-A24-S12.csv
2024,12,,2024-03-15,2024-03-21,"NORD-PAS DE CALAIS,PICARDIE, ILE DE FRANCE, LORRAINE,ALSACE, CHAMPAGNE-ARDENNES",Lille,E,EUR/kg carcasse,2.19,0.02,COT-VBL-porc-A24-S12.csv
2024,12,,2024-03-15,2024-03-21,"NORD-PAS DE CALAIS,PICARDIE, ILE DE FRANCE, LORRAINE,ALSACE, CHAMPAGNE-ARDENNES",Lille,S,EUR/kg carcasse,2.26,0.01,COT-VBL-porc-A24-S12.csv
2024,12,,2024-03-15,2024-03-21,"BOURGOGNE,FRANCHE-COMTE, RHONE-ALPES, PROVENCE-ALPES COTE D'AZUR,CORSE",Lyon,E,EUR/kg carcasse,2.24,-0.02,COT-VBL-porc-A24-S12.csv
2024,12,,2024-03-15,2024-03-21,"BOURGOGNE,FRANCHE-COMTE, RHONE-ALPES, PROVENCE-ALPES COTE D'AZUR,CORSE",Lyon,S,EUR/kg carcasse,2.25,-0.03,COT-VBL-porc-A24-S12.csv
2024,12,,2024-03-15,2024-03-21,"MIDI-PYRENEES, AQUITAINE LANGUEDOC-ROUSSILLON, AUVERGNE,LIMOUSIN",Toulouse,E,EUR/kg carcasse,2.1,0.01,COT-VBL-porc-A24-S12.csv
2024,12,,2024-03-15,2024-03-21,"MIDI-PYRENEES, AQUITAINE LANGUEDOC-ROUSSILLON, AUVERGNE,LIMOUSIN",Toulouse,S,EUR/kg carcasse,2.2,0.02,COT-VBL-porc-A24-S12.csv
2024,12,,2024-03-15,2024-03-21,RÉFÉRENCE NATIONALE,,E,EUR/kg carcasse,2.16,0.03,COT-VBL-porc-A24-S12.csv
2024,12,,2024-03-15,2024-03-21,RÉFÉRENCE NATIONALE,,S,EUR/kg carcasse,2.24,0.02,COT-VBL-porc-A24-S12.csv
2024,13,,2024-03-22,2024-03-28,BRETAGNE,Rennes,E,EUR/kg carcasse,2.16,0.02,COT-VBL-porc-A24-S13.csv
2024,13,,2024-03-22,2024-03-28,BRETAGNE,Rennes,S,EUR/kg carcasse,2.25,0.01,COT-VBL-porc-A24-S13.csv
2024,13,,2024-03-22,2024-03-28,"HAUTE ET BASSE NORMANDIE, PAYS DE LOIRE, POITOU-CHARENTES, CENTRE",Nantes,E,EUR/kg carcasse,2.22,0.03,COT-VBL-porc-A24-S13.csv
2024,13,,2024-03-22,2024-03-28,"HAUTE ET BASSE NORMANDIE, PAYS DE LOIRE, POITOU-CHARENTES, CENTRE",Nantes,S,EUR/kg carcasse,2.28,0.01,COT-VBL-porc-A24-S13.csv
2024,13,,2024-03-22,2024-03-28,"NORD-PAS DE CALAIS,PICARDIE, ILE DE FRANCE, LORRAINE,ALSACE, CHAMPAGNE-ARDENNES",Lille,E,EUR/kg carcasse,2.19,0,COT-VBL-porc-A24-S13.csv
2024,13,,2024-03-22,2024-03-28,"NORD-PAS DE CALAIS,PICARDIE, ILE DE FRANCE, LORRAINE,ALSACE, CHAMPAGNE-ARDENNES",Lille,S,EUR/kg carcasse,2.26,0,COT-VBL-porc-A24-S13.csv
2024,13,,2024-03-22,2024-03-28,"BOURGOGNE,FRANCHE-COMTE, RHONE-ALPES, PROVENCE-ALPES COTE D'AZUR,CORSE",Lyon,E,EUR/kg carcasse,2.28,0.04,COT-VBL-porc-A24-S13.csv
2024,13,,2024-03-22,2024-03-28,"BOURGOGNE,FRANCHE-COMTE, RHONE-ALPES, PROVENCE-ALPES COTE D'AZUR,CORSE",Lyon,S,EUR/kg carcasse,2.31,0.06,COT-VBL-porc-A24-S13.csv
2024,13,,2024-03-22,2024-03-28,"MIDI-PYRENEES, AQUITAINE LANGUEDOC-ROUSSILLON, AUVERGNE,LIMOUSIN",Toulouse,E,EUR/kg carcasse,2.16,0.06,COT-VBL-porc-A24-S13.csv
2024,13,,2024-03-22,2024-03-28,"MIDI-PYRENEES, AQUITAINE LANGUEDOC-ROUSSILLON, AUVERGNE,LIMOUSIN",Toulouse,S,EUR/kg carcasse,2.24,0.04,COT-VBL-porc-A24-S13.csv
2024,13,,2024-03-22,2024-03-28,RÉFÉRENCE NATIONALE,,E,EUR/kg carcasse,2.18,0.02,COT-VBL-porc-A24-S13.csv
2024,13,,2024-03-22,2024-03-28,RÉFÉRENCE NATIONALE,,S,EUR/kg carcasse,2.26,0.02,COT-VBL-porc-A24-S13.csv
2024,14,,2024-03-29,2024-04-04,BRETAGNE,Rennes,E,EUR/kg carcasse,2.17,0.01,COT-VBL-porc-A24-S14.csv
2024,14,,2024-03-29,2024-04-04,BRETAGNE,Rennes,S,EUR/kg carcasse,2.25,0,COT-VBL-porc-A24-S14.csv
2024,14,,2024-03-29,2024-04-04,"HAUTE ET BASSE NORMANDIE, PAYS DE LOIRE, POITOU-CHARENTES, CENTRE",Nantes,E,EUR/kg carcasse,2.22,0,COT-VBL-porc-A24-S14.csv
2024,14,,2024-03-29,2024-04-04,"HAUTE ET BASSE NORMANDIE, PAYS DE LOIRE, POITOU-CHARENTES, CENTRE",Nantes,S,EUR/kg carcasse,2.28,0,COT-VBL-porc-A24-S14.csv
2024,14,,2024-03-29,2024-04-04,"NORD-PAS DE CALAIS,PICARDIE, ILE DE FRANCE, LORRAINE,ALSACE, CHAMPAGNE-ARDENNES",Lille,E,EUR/kg carcasse,2.19,0,COT-VBL-porc-A24-S14.csv
2024,14,,2024-03-29,2024-04-04,"NORD-PAS DE CALAIS,PICARDIE, ILE DE FRANCE, LORRAINE,ALSACE, CHAMPAGNE-ARDENNES",Lille,S,EUR/kg carcasse,2.26,0,COT-VBL-porc-A24-S14.csv
2024,14,,2024-03-29,2024-04-04,"BOURGOGNE,FRANCHE-COMTE, RHONE-ALPES, PROVENCE-ALPES COTE D'AZUR,CORSE",Lyon,E,EUR/kg carcasse,2.3,0.02,COT-VBL-porc-A24-S14.csv
2024,14,,2024-03-29,2024-04-04,"BOURGOGNE,FRANCHE-COMTE, RHONE-ALPES, PROVENCE-ALPES COTE D'AZUR,CORSE",Lyon,S,EUR/kg carcasse,2.3,-0.01,COT-VBL-porc-A24-S14.csv
2024,14,,2024-03-29,2024-04-04,"MIDI-PYRENEES, AQUITAINE LANGUEDOC-ROUSSILLON, AUVERGNE,LIMOUSIN",Toulouse,E,EUR/kg carcasse,2.2,0.04,COT-VBL-porc-A24-S14.csv
2024,14,,2024-03-29,2024-04-04,"MIDI-PYRENEES, AQUITAINE LANGUEDOC-ROUSSILLON, AUVERGNE,LIMOUSIN",Toulouse,S,EUR/kg carcasse,2.23,-0.01,COT-VBL-porc-A24-S14.csv
2024,14,,2024-03-29,2024-04-04,RÉFÉRENCE NATIONALE,,E,EUR/kg carcasse,2.19,0.01,COT-VBL-porc-A24-S14.csv
2024,14,,2024-03-29,2024-04-04,RÉFÉRENCE NATIONALE,,S,EUR/kg carcasse,2.26,0,COT-VBL-porc-A24-S14.csv
2024,15,,2024-04-05,2024-04-11,BRETAGNE,Rennes,E,EUR/kg carcasse,2.16,-0.01,COT-VBL-porc-A24-S15.csv
2024,15,,2024-04-05,2024-04-11,BRETAGNE,Rennes,S,EUR/kg carcasse,2.24,-0.01,COT-VBL-porc-A24-S15.csv
2024,15,,2024-04-05,2024-04-11,"HAUTE ET BASSE NORMANDIE, PAYS DE LOIRE, POITOU-CHARENTES, CENTRE",Nantes,E,EUR/kg carcasse,2.2,-0.02,COT-VBL-porc-A24-S15.csv
2024,15,,2024-04-05,2024-04-11,"HAUTE ET BASSE NORMANDIE, PAYS DE LOIRE, POITOU-CHARENTES, CENTRE",Nantes,S,EUR/kg carcasse,2.28,0,COT-VBL-porc-A24-S15.csv
2024,15,,2024-04-05,2024-04-11,"NORD-PAS DE CALAIS,PICARDIE, ILE DE FRANCE, LORRAINE,ALSACE, CHAMPAGNE-ARDENNES",Lille,E,EUR/kg carcasse,2.18,-0.01,COT-VBL-porc-A24-S15.csv
2024,15,,2024-04-05,2024-04-11,"NORD-PAS DE CALAIS,PICARDIE, ILE DE FRANCE, LORRAINE,ALSACE, CHAMPAGNE-ARDENNES",Lille,S,EUR/kg carcasse,2.26,0,COT-VBL-porc-A24-S15.csv
2024,15,,2024-04-05,2024-04-11,"BOURGOGNE,FRANCHE-COMTE, RHONE-ALPES, PROVENCE-ALPES COTE D'AZUR,CORSE",Lyon,E,EUR/kg carcasse,2.29,-0.01,COT-VBL-porc-A24-S15.csv
2024,15,,2024-04-05,2024-04-11,"BOURGOGNE,FRANCHE-COMTE, RHONE-ALPES, PROVENCE-ALPES COTE D'AZUR,CORSE",Lyon,S,EUR/kg carcasse,2.3,0,COT-VBL-porc-A24-S15.csv
2024,15,,2024-04-05,2024-04-11,"MIDI-PYRENEES, AQUITAINE LANGUEDOC-ROUSSILLON, AUVERGNE,LIMOUSIN",Toulouse,E,EUR/kg carcasse,2.19,-0.01,COT-VBL-porc-A24-S15.csv
2024,15,,2024-04-05,2024-04-11,"MIDI-PYRENEES, AQUITAINE LANGUEDOC-ROUSSILLON, AUVERGNE,LIMOUSIN",Toulouse,S,EUR/kg carcasse,2.24,0.01,COT-VBL-porc-A24-S15.csv
2024,15,,2024-04-05,2024-04-11,RÉFÉRENCE NATIONALE,,E,EUR/kg carcasse,2.18,-0.01,COT-VBL-porc-A24-S15.csv
2024,15,,2024-04-05,2024-04-11,RÉFÉRENCE NATIONALE,,S,EUR/kg carcasse,2.25,-0.01,COT-VBL-porc-A24-S15.csv
2024,16,,2024-04-12,2024-04-18,BRETAGNE,Rennes,E,EUR/kg carcasse,2.16,0,COT-VBL-porc-A24-S16.csv
2024,16,,2024-04-12,2024-04-18,BRETAGNE,Rennes,S,EUR/kg carcasse,2.24,0,COT-VBL-porc-A24-S16.csv
2024,16,,2024-04-12,2024-04-18,"HAUTE ET BASSE NORMANDIE, PAYS DE LOIRE, POITOU-CHARENTES, CENTRE",Nantes,E,EUR/kg carcasse,2.2,0,COT-VBL-porc-A24-S16.csv
2024,16,,2024-04-12,2024-04-18,"HAUTE ET BASSE NORMANDIE, PAYS DE LOIRE, POITOU-CHARENTES, CENTRE",Nantes,S,EUR/kg carcasse,2.28,0,COT-VBL-porc-A24-S16.csv
2024,16,,2024-04-12,2024-04-18,"NORD-PAS DE CALAIS,PICARDIE, ILE DE FRANCE, LORRAINE,ALSACE, CHAMPAGNE-ARDENNES",Lille,E,EUR/kg carcasse,2.19,0.01,COT-VBL-porc-A24-S16.csv
2024,16,,2024-04-12,2024-04-18,"NORD-PAS DE CALAIS,PICARDIE, ILE DE FRANCE, LORRAINE,ALSACE, CHAMPAGNE-ARDENNES",Lille,S,EUR/kg carcasse,2.26,0,COT-VBL-porc-A24-S16.csv
2024,16,,2024-04-12,2024-04-18,"BOURGOGNE,FRANCHE-COMTE, RHONE-ALPES, PROVENCE-ALPES COTE D'AZUR,CORSE",Lyon,E,EUR/kg carcasse,2.29,0,COT-VBL-porc-A24-S16.csv
2024,16,,2024-04-12,2024-04-18,"BOURGOGNE,FRANCHE-COMTE, RHONE-ALPES, PROVENCE-ALPES COTE D'AZUR,CORSE",Lyon,S,EUR/kg carcasse,2.3,0,COT-VBL-porc-A24-S16.csv
2024,16,,2024-04-12,2024-04-18,"MIDI-PYRENEES, AQUITAINE LANGUEDOC-ROUSSILLON, AUVERGNE,LIMOUSIN",Toulouse,E,EUR/kg carcasse,2.18,-0.01,COT-VBL-porc-A24-S16.csv
2024,16,,2024-04-12,2024-04-18,"MIDI-PYRENEES, AQUITAINE LANGUEDOC-ROUSSILLON, AUVERGNE,LIMOUSIN",Toulouse,S,EUR/kg carcasse,2.23,-0.01,COT-VBL-porc-A24-S16.csv
2024,16,,2024-04-12,2024-04-18,RÉFÉRENCE NATIONALE,,E,EUR/kg carcasse,2.18,0,COT-VBL-porc-A24-S16.csv
2024,16,,2024-04-12,2024-04-18,RÉFÉRENCE NATIONALE,,S,EUR/kg carcasse,2.25,0,COT-VBL-porc-A24-S16.csv
2024,17,,2024-04-19,2024-04-25,BRETAGNE,Rennes,E,EUR/kg carcasse,2.15,-0.01,COT-VBL-porc-A24-S17.csv
2024,17,,2024-04-19,2024-04-25,BRETAGNE,Rennes,S,EUR/kg carcasse,2.24,0,COT-VBL-porc-A24-S17.csv
2024,17,,2024-04-19,2024-04-25,"HAUTE ET BASSE NORMANDIE, PAYS DE LOIRE, POITOU-CHARENTES, CENTRE",Nantes,E,EUR/kg carcasse,2.2,0,COT-VBL-porc-A24-S17.csv
2024,17,,2024-04-19,2024-04-25,"HAUTE ET BASSE NORMANDIE, PAYS DE LOIRE, POITOU-CHARENTES, CENTRE",Nantes,S,EUR/kg carcasse,2.28,0,COT-VBL-porc-A24-S17.csv
2024,17,,2024-04-19,2024-04-25,"NORD-PAS DE CALAIS,PICARDIE, ILE DE FRANCE, LORRAINE,ALSACE, CHAMPAGNE-ARDENNES",Lille,E,EUR/kg carcasse,2.19,0,COT-VBL-porc-A24-S17.csv
2024,17,,2024-04-19,2024-04-25,"NORD-PAS DE CALAIS,PICARDIE, ILE DE FRANCE, LORRAINE,ALSACE, CHAMPAGNE-ARDENNES",Lille,S,EUR/kg carcasse,2.26,0,COT-VBL-porc-A24-S17.csv
2024,17,,2024-04-19,2024-04-25,"BOURGOGNE,FRANCHE-COMTE, RHONE-ALPES, PROVENCE-ALPES COTE D'AZUR,CORSE",Lyon,E,EUR/kg carcasse,2.28,-0.01,COT-VBL-porc-A24-S17.csv
2024,17,,2024-04-19,2024-04-25,"BOURGOGNE,FRANCHE-COMTE, RHONE-ALPES, PROVENCE-ALPES COTE D'AZUR,CORSE",Lyon,S,EUR/kg carcasse,2.31,0.01,COT-VBL-porc-A24-S17.csv
2024,17,,2024-04-19,2024-04-25,"MIDI-PYRENEES, AQUITAINE LANGUEDOC-ROUSSILLON, AUVERGNE,LIMOUSIN",Toulouse,E,EUR/kg carcasse,2.2,0.02,COT-VBL-porc-A24-S17.csv
2024,17,,2024-04-19,2024-04-25,"MIDI-PYRENEES, AQUITAINE LANGUEDOC-ROUSSILLON, AUVERGNE,LIMOUSIN",Toulouse,S,EUR/kg carcasse,2.24,0.01,COT-VBL-porc-A24-S17.csv
2024,17,,2024-04-19,2024-04-25,RÉFÉRENCE NATIONALE,,E,EUR/kg carcasse,2.18,0,COT-VBL-porc-A24-S17.csv
2024,17,,2024-04-19,2024-04-25,RÉFÉRENCE NATIONALE,,S,EUR/kg carcasse,2.25,0,COT-VBL-porc-A24-S17.csv
2024,18,,2024-04-26,2024-05-02,BRETAGNE,Rennes,E,EUR/kg carcasse,2.16,0.01,COT-VBL-porc-A24-S18.csv
2024,18,,2024-04-26,2024-05-02,BRETAGNE,Rennes,S,EUR/kg carcasse,2.24,0,COT-VBL-porc-A24-S18.csv
2024,18,,2024-04-26,2024-05-02,"HAUTE ET BASSE NORMANDIE, PAYS DE LOIRE, POITOU-CHARENTES, CENTRE",Nantes,E,EUR/kg carcasse,2.21,0.01,COT-VBL-porc-A24-S18.csv
2024,18,,2024-04-26,2024-05-02,"HAUTE ET BASSE NORMANDIE, PAYS DE LOIRE, POITOU-CHARENTES, CENTRE",Nantes,S,EUR/kg carcasse,2.28,0,COT-VBL-porc-A24-S18.csv
2024,18,,2024-04-26,2024-05-02,"NORD-PAS DE CALAIS,PICARDIE, ILE DE FRANCE, LORRAINE,ALSACE, CHAMPAGNE-ARDENNES",Lille,E,EUR/kg carcasse,2.2,0.01,COT-VBL-porc-A24-S18.csv
2024,18,,2024-04-26,2024-05-02,"NORD-PAS DE CALAIS,PICARDIE, ILE DE FRANCE, LORRAINE,ALSACE, CHAMPAGNE-ARDENNES",Lille,S,EUR/kg carcasse,2.27,0.01,COT-VBL-porc-A24-S18.csv
2024,18,,2024-04-26,2024-05-02,"BOURGOGNE,FRANCHE-COMTE, RHONE-ALPES, PROVENCE-ALPES COTE D'AZUR,CORSE",Lyon,E,EUR/kg carcasse,2.28,0,COT-VBL-porc-A24-S18.csv
2024,18,,2024-04-26,2024-05-02,"BOURGOGNE,FRANCHE-COMTE, RHONE-ALPES, PROVENCE-ALPES COTE D'AZUR,CORSE",Lyon,S,EUR/kg carcasse,2.31,0,COT-VBL-porc-A24-S18.csv
2024,18,,2024-04-26,2024-05-02,RÉFÉRENCE NATIONALE,,E,EUR/kg carcasse,2.18,0,COT-VBL-porc-A24-S18.csv
2024,18,,2024-04-26,2024-05-02,RÉFÉRENCE NATIONALE,,S,EUR/kg carcasse,2.25,0,COT-VBL-porc-A24-S18.csv
2024,19,,2024-05-03,2024-05-09,BRETAGNE,Rennes,E,EUR/kg carcasse,2.14,-0.02,COT-VBL-porc-A24-S19.csv
2024,19,,2024-05-03,2024-05-09,BRETAGNE,Rennes,S,EUR/kg carcasse,2.23,-0.01,COT-VBL-porc-A24-S19.csv
2024,19,,2024-05-03,2024-05-09,"HAUTE ET BASSE NORMANDIE, PAYS DE LOIRE, POITOU-CHARENTES, CENTRE",Nantes,E,EUR/kg carcasse,2.2,-0.01,COT-VBL-porc-A24-S19.csv
2024,19,,2024-05-03,2024-05-09,"HAUTE ET BASSE NORMANDIE, PAYS DE LOIRE, POITOU-CHARENTES, CENTRE",Nantes,S,EUR/kg carcasse,2.27,-0.01,COT-VBL-porc-A24-S19.csv
2024,19,,2024-05-03,2024-05-09,"NORD-PAS DE CALAIS,PICARDIE, ILE DE FRANCE, LORRAINE,ALSACE, CHAMPAGNE-ARDENNES",Lille,E,EUR/kg carcasse,2.17,-0.03,COT-VBL-porc-A24-S19.csv
2024,19,,2024-05-03,2024-05-09,"NORD-PAS DE CALAIS,PICARDIE, ILE DE FRANCE, LORRAINE,ALSACE, CHAMPAGNE-ARDENNES",Lille,S,EUR/kg carcasse,2.25,-0.02,COT-VBL-porc-A24-S19.csv
2024,19,,2024-05-03,2024-05-09,"BOURGOGNE,FRANCHE-COMTE, RHONE-ALPES, PROVENCE-ALPES COTE D'AZUR,CORSE",Lyon,E,EUR/kg carcasse,2.27,-0.01,COT-VBL-porc-A24-S19.csv
2024,19,,2024-05-03,2024-05-09,"BOURGOGNE,FRANCHE-COMTE, RHONE-ALPES, PROVENCE-ALPES COTE D'AZUR,CORSE",Lyon,S,EUR/kg carcasse,2.28,-0.03,COT-VBL-porc-A24-S19.csv
2024,19,,2024-05-03,2024-05-09,"MIDI-PYRENEES, AQUITAINE LANGUEDOC-ROUSSILLON, AUVERGNE,LIMOUSIN",Toulouse,E,EUR/kg carcasse,2.19,,COT-VBL-porc-A24-S19.csv
2024,19,,2024-05-03,2024-05-09,"MIDI-PYRENEES, AQUITAINE LANGUEDOC-ROUSSILLON, AUVERGNE,LIMOUSIN",Toulouse,S,EUR/kg carcasse,2.22,,COT-VBL-porc-A24-S19.csv
2024,19,,2024-05-03,2024-05-09,RÉFÉRENCE NATIONALE,,E,EUR/kg carcasse,2.17,-0.01,COT-VBL-porc-A24-S19.csv
2024,19,,2024-05-03,2024-05-09,RÉFÉRENCE NATIONALE,,S,EUR/kg carcasse,2.24,-0.01,COT-VBL-porc-A24-S19.csv
2024,20,,2024-05-10,2024-05-16,BRETAGNE,Rennes,E,EUR/kg carcasse,2.13,-0.01,COT-VBL-porc-A24-S20.csv
2024,20,,2024-05-10,2024-05-16,BRETAGNE,Rennes,S,EUR/kg carcasse,2.22,-0.01,COT-VBL-porc-A24-S20.csv
2024,20,,2024-05-10,2024-05-16,"HAUTE ET BASSE NORMANDIE, PAYS DE LOIRE, POITOU-CHARENTES, CENTRE",Nantes,E,EUR/kg carcasse,2.19,-0.01,COT-VBL-porc-A24-S20.csv
2024,20,,2024-05-10,2024-05-16,"HAUTE ET BASSE NORMANDIE, PAYS DE LOIRE, POITOU-CHARENTES, CENTRE",Nantes,S,EUR/kg carcasse,2.26,-0.01,COT-VBL-porc-A24-S20.csv
2024,20,,2024-05-10,2024-05-16,"NORD-PAS DE CALAIS,PICARDIE, ILE DE FRANCE, LORRAINE,ALSACE, CHAMPAGNE-ARDENNES",Lille,E,EUR/kg carcasse,2.16,-0.01,COT-VBL-porc-A24-S20.csv
2024,20,,2024-05-10,2024-05-16,"NORD-PAS DE CALAIS,PICARDIE, ILE DE FRANCE, LORRAINE,ALSACE, CHAMPAGNE-ARDENNES",Lille,S,EUR/kg carcasse,2.24,-0.01,COT-VBL-porc-A24-S20.csv
2024,20,,2024-05-10,2024-05-16,"BOURGOGNE,FRANCHE-COMTE, RHONE-ALPES, PROVENCE-ALPES COTE D'AZUR,CORSE",Lyon,E,EUR/kg carcasse,2.26,-0.01,COT-VBL-porc-A24-S20.csv
2024,20,,2024-05-10,2024-05-16,"BOURGOGNE,FRANCHE-COMTE, RHONE-ALPES, PROVENCE-ALPES COTE D'AZUR,CORSE",Lyon,S,EUR/kg carcasse,2.28,0,COT-VBL-porc-A24-S20.csv
2024,20,,2024-05-10,2024-05-16,"MIDI-PYRENEES, AQUITAINE LANGUEDOC-ROUSSILLON, AUVERGNE,LIMOUSIN",Toulouse,E,EUR/kg carcasse,2.18,-0.01,COT-VBL-porc-A24-S20.csv
2024,20,,2024-05-10,2024-05-16,"MIDI-PYRENEES, AQUITAINE LANGUEDOC-ROUSSILLON, AUVERGNE,LIMOUSIN",Toulouse,S,EUR/kg carcasse,2.21,-0.01,COT-VBL-porc-A24-S20.csv
2024,20,,2024-05-10,2024-05-16,RÉFÉRENCE NATIONALE,,E,EUR/kg carcasse,2.16,-0.01,COT-VBL-porc-A24-S20.csv
2024,20,,2024-05-10,2024-05-16,RÉFÉRENCE NATIONALE,,S,EUR/kg carcasse,2.23,-0.01,COT-VBL-porc-A24-S20.csv
2024,21,,2024-05-17,2024-05-23,BRETAGNE,Rennes,E,EUR/kg carcasse,2.13,0,COT-VBL-porc-A24-S21.csv
2024,21,,2024-05-17,2024-05-23,BRETAGNE,Rennes,S,EUR/kg carcasse,2.22,0,COT-VBL-porc-A24-S21.csv
2024,21,,2024-05-17,2024-05-23,"HAUTE ET BASSE NORMANDIE, PAYS DE LOIRE, POITOU-CHARENTES, CENTRE",Nantes,E,EUR/kg carcasse,2.17,-0.02,COT-VBL-porc-A24-S21.csv
2024,21,,2024-05-17,2024-05-23,"HAUTE ET BASSE NORMANDIE, PAYS DE LOIRE, POITOU-CHARENTES, CENTRE",Nantes,S,EUR/kg carcasse,2.26,0,COT-VBL-porc-A24-S21.csv
2024,21,,2024-05-17,2024-05-23,"NORD-PAS DE CALAIS,PICARDIE, ILE DE FRANCE, LORRAINE,ALSACE, CHAMPAGNE-ARDENNES",Lille,E,EUR/kg carcasse,2.14,-0.02,COT-VBL-porc-A24-S21.csv
2024,21,,2024-05-17,2024-05-23,"NORD-PAS DE CALAIS,PICARDIE, ILE DE FRANCE, LORRAINE,ALSACE, CHAMPAGNE-ARDENNES",Lille,S,EUR/kg carcasse,2.23,-0.01,COT-VBL-porc-A24-S21.csv
2024,21,,2024-05-17,2024-05-23,"BOURGOGNE,FRANCHE-COMTE, RHONE-ALPES, PROVENCE-ALPES COTE D'AZUR,CORSE",Lyon,E,EUR/kg carcasse,2.26,0,COT-VBL-porc-A24-S21.csv
2024,21,,2024-05-17,2024-05-23,"BOURGOGNE,FRANCHE-COMTE, RHONE-ALPES, PROVENCE-ALPES COTE D'AZUR,CORSE",Lyon,S,EUR/kg carcasse,2.27,-0.01,COT-VBL-porc-A24-S21.csv
2024,21,,2024-05-17,2024-05-23,"MIDI-PYRENEES, AQUITAINE LANGUEDOC-ROUSSILLON, AUVERGNE,LIMOUSIN",Toulouse,E,EUR/kg carcasse,2.15,-0.03,COT-VBL-porc-A24-S21.csv
2024,21,,2024-05-17,2024-05-23,"MIDI-PYRENEES, AQUITAINE LANGUEDOC-ROUSSILLON, AUVERGNE,LIMOUSIN",Toulouse,S,EUR/kg carcasse,2.21,0,COT-VBL-porc-A24-S21.csv
2024,21,,2024-05-17,2024-05-23,RÉFÉRENCE NATIONALE,,E,EUR/kg carcasse,2.15,-0.01,COT-VBL-porc-A24-S21.csv
2024,21,,2024-05-17,2024-05-23,RÉFÉRENCE NATIONALE,,S,EUR/kg carcasse,2.23,0,COT-VBL-porc-A24-S21.csv
2024,22,,2024-05-24,2024-05-30,BRETAGNE,Rennes,E,EUR/kg carcasse,2.13,0,COT-VBL-porc-A24-S22.csv
2024,22,,2024-05-24,2024-05-30,BRETAGNE,Rennes,S,EUR/kg carcasse,2.22,0,COT-VBL-porc-A24-S22.csv
2024,22,,2024-05-24,2024-05-30,"HAUTE ET BASSE NORMANDIE, PAYS DE LOIRE, POITOU-CHARENTES, CENTRE",Nantes,E,EUR/kg carcasse,2.18,0.01,COT-VBL-porc-A24-S22.csv
2024,22,,2024-05-24,2024-05-30,"HAUTE ET BASSE NORMANDIE, PAYS DE LOIRE, POITOU-CHARENTES, CENTRE",Nantes,S,EUR/kg carcasse,2.25,-0.01,COT-VBL-porc-A24-S22.csv
2024,22,,2024-05-24,2024-05-30,"NORD-PAS DE CALAIS,PICARDIE, ILE DE FRANCE, LORRAINE,ALSACE, CHAMPAGNE-ARDENNES",Lille,E,EUR/kg carcasse,2.15,0.01,COT-VBL-porc-A24-S22.csv
2024,22,,2024-05-24,2024-05-30,"NORD-PAS DE CALAIS,PICARDIE, ILE DE FRANCE, LORRAINE,ALSACE, CHAMPAGNE-ARDENNES",Lille,S,EUR/kg carcasse,2.23,0,COT-VBL-porc-A24-S22.csv
2024,22,,2024-05-24,2024-05-30,"BOURGOGNE,FRANCHE-COMTE, RHONE-ALPES, PROVENCE-ALPES COTE D'AZUR,CORSE",Lyon,E,EUR/kg carcasse,2.26,0,COT-VBL-porc-A24-S22.csv
2024,22,,2024-05-24,2024-05-30,"BOURGOGNE,FRANCHE-COMTE, RHONE-ALPES, PROVENCE-ALPES COTE D'AZUR,CORSE",Lyon,S,EUR/kg carcasse,2.27,0,COT-VBL-porc-A24-S22.csv
2024,22,,2024-05-24,2024-05-30,"MIDI-PYRENEES, AQUITAINE LANGUEDOC-ROUSSILLON, AUVERGNE,LIMOUSIN",Toulouse,E,EUR/kg carcasse,2.14,-0.01,COT-VBL-porc-A24-S22.csv
2024,22,,2024-05-24,2024-05-30,"MIDI-PYRENEES, AQUITAINE LANGUEDOC-ROUSSILLON, AUVERGNE,LIMOUSIN",Toulouse,S,EUR/kg carcasse,2.21,0,COT-VBL-porc-A24-S22.csv
2024,22,,2024-05-24,2024-05-30,RÉFÉRENCE NATIONALE,,E,EUR/kg carcasse,2.15,0,COT-VBL-porc-A24-S22.csv
2024,22,,2024-05-24,2024-05-30,RÉFÉRENCE NATIONALE,,S,EUR/kg carcasse,2.23,0,COT-VBL-porc-A24-S22.csv
2024,23,,2024-05-31,2024-06-06,BRETAGNE,Rennes,E,EUR/kg carcasse,2.13,0,COT-VBL-porc-A24-S23.csv
2024,23,,2024-05-31,2024-06-06,BRETAGNE,Rennes,S,EUR/kg carcasse,2.23,0.01,COT-VBL-porc-A24-S23.csv
2024,23,,2024-05-31,2024-06-06,"HAUTE ET BASSE NORMANDIE, PAYS DE LOIRE, POITOU-CHARENTES, CENTRE",Nantes,E,EUR/kg carcasse,2.17,-0.01,COT-VBL-porc-A24-S23.csv
2024,23,,2024-05-31,2024-06-06,"HAUTE ET BASSE NORMANDIE, PAYS DE LOIRE, POITOU-CHARENTES, CENTRE",Nantes,S,EUR/kg carcasse,2.25,0,COT-VBL-porc-A24-S23.csv
2024,23,,2024-05-31,2024-06-06,"NORD-PAS DE CALAIS,PICARDIE, ILE DE FRANCE, LORRAINE,ALSACE, CHAMPAGNE-ARDENNES",Lille,E,EUR/kg carcasse,2.16,0.01,COT-VBL-porc-A24-S23.csv
2024,23,,2024-05-31,2024-06-06,"NORD-PAS DE CALAIS,PICARDIE, ILE DE FRANCE, LORRAINE,ALSACE, CHAMPAGNE-ARDENNES",Lille,S,EUR/kg carcasse,2.24,0.01,COT-VBL-porc-A24-S23.csv
2024,23,,2024-05-31,2024-06-06,"BOURGOGNE,FRANCHE-COMTE, RHONE-ALPES, PROVENCE-ALPES COTE D'AZUR,CORSE",Lyon,E,EUR/kg carcasse,2.26,0,COT-VBL-porc-A24-S23.csv
2024,23,,2024-05-31,2024-06-06,"BOURGOGNE,FRANCHE-COMTE, RHONE-ALPES, PROVENCE-ALPES COTE D'AZUR,CORSE",Lyon,S,EUR/kg carcasse,2.27,0,COT-VBL-porc-A24-S23.csv
2024,23,,2024-05-31,2024-06-06,"MIDI-PYRENEES, AQUITAINE LANGUEDOC-ROUSSILLON, AUVERGNE,LIMOUSIN",Toulouse,E,EUR/kg carcasse,2.13,-0.01,COT-VBL-porc-A24-S23.csv
2024,23,,2024-05-31,2024-06-06,"MIDI-PYRENEES, AQUITAINE LANGUEDOC-ROUSSILLON, AUVERGNE,LIMOUSIN",Toulouse,S,EUR/kg carcasse,2.2,-0.01,COT-VBL-porc-A24-S23.csv
2024,23,,2024-05-31,2024-06-06,RÉFÉRENCE NATIONALE,,E,EUR/kg carcasse,2.15,0,COT-VBL-porc-A24-S23.csv
2024,23,,2024-05-31,2024-06-06,RÉFÉRENCE NATIONALE,,S,EUR/kg carcasse,2.23,0,COT-VBL-porc-A24-S23.csv
2024,24,,2024-06-07,2024-06-13,BRETAGNE,Rennes,E,EUR/kg carcasse,2.13,0,COT-VBL-porc-A24-S24.csv
2024,24,,2024-06-07,2024-06-13,BRETAGNE,Rennes,S,EUR/kg carcasse,2.22,-0.01,COT-VBL-porc-A24-S24.csv
2024,24,,2024-06-07,2024-06-13,"HAUTE ET BASSE NORMANDIE, PAYS DE LOIRE, POITOU-CHARENTES, CENTRE",Nantes,E,EUR/kg carcasse,2.17,0,COT-VBL-porc-A24-S24.csv
2024,24,,2024-06-07,2024-06-13,"HAUTE ET BASSE NORMANDIE, PAYS DE LOIRE, POITOU-CHARENTES, CENTRE",Nantes,S,EUR/kg carcasse,2.25,0,COT-VBL-porc-A24-S24.csv
2024,24,,2024-06-07,2024-06-13,"NORD-PAS DE CALAIS,PICARDIE, ILE DE FRANCE, LORRAINE,ALSACE, CHAMPAGNE-ARDENNES",Lille,E,EUR/kg carcasse,2.15,-0.01,COT-VBL-porc-A24-S24.csv
2024,24,,2024-06-07,2024-06-13,"NORD-PAS DE CALAIS,PICARDIE, ILE DE FRANCE, LORRAINE,ALSACE, CHAMPAGNE-ARDENNES",Lille,S,EUR/kg carcasse,2.23,-0.01,COT-VBL-porc-A24-S24.csv
2024,24,,2024-06-07,2024-06-13,"BOURGOGNE,FRANCHE-COMTE, RHONE-ALPES, PROVENCE-ALPES COTE D'AZUR,CORSE",Lyon,E,EUR/kg carcasse,2.26,0,COT-VBL-porc-A24-S24.csv
2024,24,,2024-06-07,2024-06-13,"BOURGOGNE,FRANCHE-COMTE, RHONE-ALPES, PROVENCE-ALPES COTE D'AZUR,CORSE",Lyon,S,EUR/kg carcasse,2.27,0,COT-VBL-porc-A24-S24.csv
2024,24,,2024-06-07,2024-06-13,"MIDI-PYRENEES, AQUITAINE LANGUEDOC-ROUSSILLON, AUVERGNE,LIMOUSIN",Toulouse,E,EUR/kg carcasse,2.11,-0.02,COT-VBL-porc-A24-S24.csv
2024,24,,2024-06-07,2024-06-13,"MIDI-PYRENEES, AQUITAINE LANGUEDOC-ROUSSILLON, AUVERGNE,LIMOUSIN",Toulouse,S,EUR/kg carcasse,2.19,-0.01,COT-VBL-porc-A24-S24.csv
2024,24,,2024-06-07,2024-06-13,RÉFÉRENCE NATIONALE,,E,EUR/kg carcasse,2.15,0,COT-VBL-porc-A24-S24.csv
2024,24,,2024-06-07,2024-06-13,RÉFÉRENCE NATIONALE,,S,EUR/kg carcasse,2.23,0,COT-VBL-porc-A24-S24.csv
2024,25,,2024-06-14,2024-06-20,BRETAGNE,Rennes,E,EUR/kg carcasse,2.14,0.01,COT-VBL-porc-A24-S25.csv
2024,25,,2024-06-14,2024-06-20,BRETAGNE,Rennes,S,EUR/kg carcasse,2.23,0.01,COT-VBL-porc-A24-S25.csv
2024,25,,2024-06-14,2024-06-20,"HAUTE ET BASSE NORMANDIE, PAYS DE LOIRE, POITOU-CHARENTES, CENTRE",Nantes,E,EUR/kg carcasse,2.19,0.02,COT-VBL-porc-A24-S25.csv
2024,25,,2024-06-14,2024-06-20,"HAUTE ET BASSE NORMANDIE, PAYS DE LOIRE, POITOU-CHARENTES, CENTRE",Nantes,S,EUR/kg carcasse,2.26,0.01,COT-VBL-porc-A24-S25.csv
2024,25,,2024-06-14,2024-06-20,"NORD-PAS DE CALAIS,PICARDIE, ILE DE FRANCE, LORRAINE,ALSACE, CHAMPAGNE-ARDENNES",Lille,E,EUR/kg carcasse,2.18,0.03,COT-VBL-porc-A24-S25.csv
2024,25,,2024-06-14,2024-06-20,"NORD-PAS DE CALAIS,PICARDIE, ILE DE FRANCE, LORRAINE,ALSACE, CHAMPAGNE-ARDENNES",Lille,S,EUR/kg carcasse,2.26,0.03,COT-VBL-porc-A24-S25.csv
2024,25,,2024-06-14,2024-06-20,"BOURGOGNE,FRANCHE-COMTE, RHONE-ALPES, PROVENCE-ALPES COTE D'AZUR,CORSE",Lyon,E,EUR/kg carcasse,2.27,0.01,COT-VBL-porc-A24-S25.csv
2024,25,,2024-06-14,2024-06-20,"BOURGOGNE,FRANCHE-COMTE, RHONE-ALPES, PROVENCE-ALPES COTE D'AZUR,CORSE",Lyon,S,EUR/kg carcasse,2.29,0.02,COT-VBL-porc-A24-S25.csv
2024,25,,2024-06-14,2024-06-20,"MIDI-PYRENEES, AQUITAINE LANGUEDOC-ROUSSILLON, AUVERGNE,LIMOUSIN",Toulouse,E,EUR/kg carcasse,2.1,-0.01,COT-VBL-porc-A24-S25.csv
2024,25,,2024-06-14,2024-06-20,"MIDI-PYRENEES, AQUITAINE LANGUEDOC-ROUSSILLON, AUVERGNE,LIMOUSIN",Toulouse,S,EUR/kg carcasse,2.2,0.01,COT-VBL-porc-A24-S25.csv
2024,26,,2024-06-21,2024-06-27,BRETAGNE,Rennes,E,EUR/kg carcasse,2.17,0.03,COT-VBL-porc-A24-S26.csv
2024,26,,2024-06-21,2024-06-27,BRETAGNE,Rennes,S,EUR/kg carcasse,2.25,0.02,COT-VBL-porc-A24-S26.csv
2024,26,,2024-06-21,2024-06-27,"HAUTE ET BASSE NORMANDIE, PAYS DE LOIRE, POITOU-CHARENTES, CENTRE",Nantes,E,EUR/kg carcasse,2.22,0.03,COT-VBL-porc-A24-S26.csv
2024,26,,2024-06-21,2024-06-27,"HAUTE ET BASSE NORMANDIE, PAYS DE LOIRE, POITOU-CHARENTES, CENTRE",Nantes,S,EUR/kg carcasse,2.28,0.02,COT-VBL-porc-A24-S26.csv
2024,26,,2024-06-21,2024-06-27,"NORD-PAS DE CALAIS,PICARDIE, ILE DE FRANCE, LORRAINE,ALSACE, CHAMPAGNE-ARDENNES",Lille,E,EUR/kg carcasse,2.21,0.03,COT-VBL-porc-A24-S26.csv
2024,26,,2024-06-21,2024-06-27,"NORD-PAS DE CALAIS,PICARDIE, ILE DE FRANCE, LORRAINE,ALSACE, CHAMPAGNE-ARDENNES",Lille,S,EUR/kg carcasse,2.29,0.03,COT-VBL-porc-A24-S26.csv
2024,26,,2024-06-21,2024-06-27,"BOURGOGNE,FRANCHE-COMTE, RHONE-ALPES, PROVENCE-ALPES COTE D'AZUR,CORSE",Lyon,E,EUR/kg carcasse,2.29,0.02,COT-VBL-porc-A24-S26.csv
2024,26,,2024-06-21,2024-06-27,"BOURGOGNE,FRANCHE-COMTE, RHONE-ALPES, PROVENCE-ALPES COTE D'AZUR,CORSE",Lyon,S,EUR/kg carcasse,2.3,0.01,COT-VBL-porc-A24-S26.csv
2024,26,,2024-06-21,2024-06-27,"MIDI-PYRENEES, AQUITAINE LANGUEDOC-ROUSSILLON, AUVERGNE,LIMOUSIN",Toulouse,E,EUR/kg carcasse,2.15,0.05,COT-VBL-porc-A24-S26.csv
2024,26,,2024-06-21,2024-06-27,"MIDI-PYRENEES, AQUITAINE LANGUEDOC-ROUSSILLON, AUVERGNE,LIMOUSIN",Toulouse,S,EUR/kg carcasse,2.22,0.02,COT-VBL-porc-A24-S26.csv
2024,26,,2024-06-21,2024-06-27,RÉFÉRENCE NATIONALE,,E,EUR/kg carcasse,2.19,0.03,COT-VBL-porc-A24-S26.csv
2024,26,,2024-06-21,2024-06-27,RÉFÉRENCE NATIONALE,,S,EUR/kg carcasse,2.26,0.02,COT-VBL-porc-A24-S26.csv
2024,27,,2024-06-28,2024-07-04,BRETAGNE,Rennes,E,EUR/kg carcasse,2.17,0,COT-VBL-porc-A24-S27.csv
2024,27,,2024-06-28,2024-07-04,BRETAGNE,Rennes,S,EUR/kg carcasse,2.25,0,COT-VBL-porc-A24-S27.csv
2024,27,,2024-06-28,2024-07-04,"HAUTE ET BASSE NORMANDIE, PAYS DE LOIRE, POITOU-CHARENTES, CENTRE",Nantes,E,EUR/kg carcasse,2.22,0,COT-VBL-porc-A24-S27.csv
2024,27,,2024-06-28,2024-07-04,"HAUTE ET BASSE NORMANDIE, PAYS DE LOIRE, POITOU-CHARENTES, CENTRE",Nantes,S,EUR/kg carcasse,2.28,0,COT-VBL-porc-A24-S27.csv
2024,27,,2024-06-28,2024-07-04,"NORD-PAS DE CALAIS,PICARDIE, ILE DE FRANCE, LORRAINE,ALSACE, CHAMPAGNE-ARDENNES",Lille,E,EUR/kg carcasse,2.22,0.01,COT-VBL-porc-A24-S27.csv
2024,27,,2024-06-28,2024-07-04,"NORD-PAS DE CALAIS,PICARDIE, ILE DE FRANCE, LORRAINE,ALSACE, CHAMPAGNE-ARDENNES",Lille,S,EUR/kg carcasse,2.3,0.01,COT-VBL-porc-A24-S27.csv
2024,27,,2024-06-28,2024-07-04,"BOURGOGNE,FRANCHE-COMTE, RHONE-ALPES, PROVENCE-ALPES COTE D'AZUR,CORSE",Lyon,E,EUR/kg carcasse,2.32,0.03,COT-VBL-porc-A24-S27.csv
2024,27,,2024-06-28,2024-07-04,"BOURGOGNE,FRANCHE-COMTE, RHONE-ALPES, PROVENCE-ALPES COTE D'AZUR,CORSE",Lyon,S,EUR/kg carcasse,2.33,0.03,COT-VBL-porc-A24-S27.csv
2024,27,,2024-06-28,2024-07-04,"MIDI-PYRENEES, AQUITAINE LANGUEDOC-ROUSSILLON, AUVERGNE,LIMOUSIN",Toulouse,E,EUR/kg carcasse,2.2,0.05,COT-VBL-porc-A24-S27.csv
2024,27,,2024-06-28,2024-07-04,"MIDI-PYRENEES, AQUITAINE LANGUEDOC-ROUSSILLON, AUVERGNE,LIMOUSIN",Toulouse,S,EUR/kg carcasse,2.26,0.04,COT-VBL-porc-A24-S27.csv
2024,27,,2024-06-28,2024-07-04,RÉFÉRENCE NATIONALE,,E,EUR/kg carcasse,2.2,0.01,COT-VBL-porc-A24-S27.csv
2024,27,,2024-06-28,2024-07-04,RÉFÉRENCE NATIONALE,,S,EUR/kg carcasse,2.26,0,COT-VBL-porc-A24-S27.csv
2024,28,,2024-07-05,2024-07-11,BRETAGNE,Rennes,E,EUR/kg carcasse,2.21,0.04,COT-VBL-porc-A24-S28.csv
2024,28,,2024-07-05,2024-07-11,BRETAGNE,Rennes,S,EUR/kg carcasse,2.28,0.03,COT-VBL-porc-A24-S28.csv
2024,28,,2024-07-05,2024-07-11,"HAUTE ET BASSE NORMANDIE, PAYS DE LOIRE, POITOU-CHARENTES, CENTRE",Nantes,E,EUR/kg carcasse,2.21,-0.01,COT-VBL-porc-A24-S28.csv
2024,28,,2024-07-05,2024-07-11,"HAUTE ET BASSE NORMANDIE, PAYS DE LOIRE, POITOU-CHARENTES, CENTRE",Nantes,S,EUR/kg carcasse,2.28,0,COT-VBL-porc-A24-S28.csv
2024,28,,2024-07-05,2024-07-11,"NORD-PAS DE CALAIS,PICARDIE, ILE DE FRANCE, LORRAINE,ALSACE, CHAMPAGNE-ARDENNES",Lille,E,EUR/kg carcasse,2.29,0.07,COT-VBL-porc-A24-S28.csv
2024,28,,2024-07-05,2024-07-11,"NORD-PAS DE CALAIS,PICARDIE, ILE DE FRANCE, LORRAINE,ALSACE, CHAMPAGNE-ARDENNES",Lille,S,EUR/kg carcasse,2.36,0.06,COT-VBL-porc-A24-S28.csv
2024,28,,2024-07-05,2024-07-11,"BOURGOGNE,FRANCHE-COMTE, RHONE-ALPES, PROVENCE-ALPES COTE D'AZUR,CORSE",Lyon,E,EUR/kg carcasse,2.36,0.04,COT-VBL-porc-A24-S28.csv
2024,28,,2024-07-05,2024-07-11,"BOURGOGNE,FRANCHE-COMTE, RHONE-ALPES, PROVENCE-ALPES COTE D'AZUR,CORSE",Lyon,S,EUR/kg carcasse,2.37,0.04,COT-VBL-porc-A24-S28.csv
2024,28,,2024-07-05,2024-07-11,"MIDI-PYRENEES, AQUITAINE LANGUEDOC-ROUSSILLON, AUVERGNE,LIMOUSIN",Toulouse,E,EUR/kg carcasse,2.27,0.07,COT-VBL-porc-A24-S28.csv
2024,28,,2024-07-05,2024-07-11,"MIDI-PYRENEES, AQUITAINE LANGUEDOC-ROUSSILLON, AUVERGNE,LIMOUSIN",Toulouse,S,EUR/kg carcasse,2.3,0.04,COT-VBL-porc-A24-S28.csv
2024,28,,2024-07-05,2024-07-11,RÉFÉRENCE NATIONALE,,E,EUR/kg carcasse,2.23,0.03,COT-VBL-porc-A24-S28.csv
2024,28,,2024-07-05,2024-07-11,RÉFÉRENCE NATIONALE,,S,EUR/kg carcasse,2.29,0.03,COT-VBL-porc-A24-S28.csv
2024,29,,2024-07-12,2024-07-18,BRETAGNE,Rennes,E,EUR/kg carcasse,2.21,0,COT-VBL-porc-A24-S29.csv
2024,29,,2024-07-12,2024-07-18,BRETAGNE,Rennes,S,EUR/kg carcasse,2.28,0,COT-VBL-porc-A24-S29.csv
2024,29,,2024-07-12,2024-07-18,"HAUTE ET BASSE NORMANDIE, PAYS DE LOIRE, POITOU-CHARENTES, CENTRE",Nantes,E,EUR/kg carcasse,2.26,0.05,COT-VBL-porc-A24-S29.csv
2024,29,,2024-07-12,2024-07-18,"HAUTE ET BASSE NORMANDIE, PAYS DE LOIRE, POITOU-CHARENTES, CENTRE",Nantes,S,EUR/kg carcasse,2.32,0.04,COT-VBL-porc-A24-S29.csv
2024,29,,2024-07-12,2024-07-18,"NORD-PAS DE CALAIS,PICARDIE, ILE DE FRANCE, LORRAINE,ALSACE, CHAMPAGNE-ARDENNES",Lille,E,EUR/kg carcasse,2.3,0.01,COT-VBL-porc-A24-S29.csv
2024,29,,2024-07-12,2024-07-18,"NORD-PAS DE CALAIS,PICARDIE, ILE DE FRANCE, LORRAINE,ALSACE, CHAMPAGNE-ARDENNES",Lille,S,EUR/kg carcasse,2.36,0,COT-VBL-porc-A24-S29.csv
2024,29,,2024-07-12,2024-07-18,"BOURGOGNE,FRANCHE-COMTE, RHONE-ALPES, PROVENCE-ALPES COTE D'AZUR,CORSE",Lyon,E,EUR/kg carcasse,2.36,0,COT-VBL-porc-A24-S29.csv
2024,29,,2024-07-12,2024-07-18,"BOURGOGNE,FRANCHE-COMTE, RHONE-ALPES, PROVENCE-ALPES COTE D'AZUR,CORSE",Lyon,S,EUR/kg carcasse,2.38,0.01,COT-VBL-porc-A24-S29.csv
2024,29,,2024-07-12,2024-07-18,"MIDI-PYRENEES, AQUITAINE LANGUEDOC-ROUSSILLON, AUVERGNE,LIMOUSIN",Toulouse,E,EUR/kg carcasse,2.29,0.02,COT-VBL-porc-A24-S29.csv
2024,29,,2024-07-12,2024-07-18,"MIDI-PYRENEES, AQUITAINE LANGUEDOC-ROUSSILLON, AUVERGNE,LIMOUSIN",Toulouse,S,EUR/kg carcasse,2.34,0.04,COT-VBL-porc-A24-S29.csv
2024,29,,2024-07-12,2024-07-18,RÉFÉRENCE NATIONALE,,E,EUR/kg carcasse,2.24,0.01,COT-VBL-porc-A24-S29.csv
2024,29,,2024-07-12,2024-07-18,RÉFÉRENCE NATIONALE,,S,EUR/kg carcasse,2.3,0.01,COT-VBL-porc-A24-S29.csv
2024,30,,2024-07-19,2024-07-25,BRETAGNE,Rennes,E,EUR/kg carcasse,2.21,0,COT-VBL-porc-A24-S30.csv
2024,30,,2024-07-19,2024-07-25,BRETAGNE,Rennes,S,EUR/kg carcasse,2.27,-0.01,COT-VBL-porc-A24-S30.csv
2024,30,,2024-07-19,2024-07-25,"HAUTE ET BASSE NORMANDIE, PAYS DE LOIRE, POITOU-CHARENTES, CENTRE",Nantes,E,EUR/kg carcasse,2.26,0,COT-VBL-porc-A24-S30.csv
2024,30,,2024-07-19,2024-07-25,"HAUTE ET BASSE NORMANDIE, PAYS DE LOIRE, POITOU-CHARENTES, CENTRE",Nantes,S,EUR/kg carcasse,2.32,0,COT-VBL-porc-A24-S30.csv
2024,30,,2024-07-19,2024-07-25,"NORD-PAS DE CALAIS,PICARDIE, ILE DE FRANCE, LORRAINE,ALSACE, CHAMPAGNE-ARDENNES",Lille,E,EUR/kg carcasse,2.29,-0.01,COT-VBL-porc-A24-S30.csv
2024,30,,2024-07-19,2024-07-25,"NORD-PAS DE CALAIS,PICARDIE, ILE DE FRANCE, LORRAINE,ALSACE, CHAMPAGNE-ARDENNES",Lille,S,EUR/kg carcasse,2.36,0,COT-VBL-porc-A24-S30.csv
2024,30,,2024-07-19,2024-07-25,"BOURGOGNE,FRANCHE-COMTE, RHONE-ALPES, PROVENCE-ALPES COTE D'AZUR,CORSE",Lyon,E,EUR/kg carcasse,2.38,0.02,COT-VBL-porc-A24-S30.csv
2024,30,,2024-07-19,2024-07-25,"BOURGOGNE,FRANCHE-COMTE, RHONE-ALPES, PROVENCE-ALPES COTE D'AZUR,CORSE",Lyon,S,EUR/kg carcasse,2.39,0.01,COT-VBL-porc-A24-S30.csv
2024,30,,2024-07-19,2024-07-25,"MIDI-PYRENEES, AQUITAINE LANGUEDOC-ROUSSILLON, AUVERGNE,LIMOUSIN",Toulouse,E,EUR/kg carcasse,2.28,-0.01,COT-VBL-porc-A24-S30.csv
2024,30,,2024-07-19,2024-07-25,"MIDI-PYRENEES, AQUITAINE LANGUEDOC-ROUSSILLON, AUVERGNE,LIMOUSIN",Toulouse,S,EUR/kg carcasse,2.33,-0.01,COT-VBL-porc-A24-S30.csv
2024,30,,2024-07-19,2024-07-25,RÉFÉRENCE NATIONALE,,E,EUR/kg carcasse,2.24,0,COT-VBL-porc-A24-S30.csv
2024,30,,2024-07-19,2024-07-25,RÉFÉRENCE NATIONALE,,S,EUR/kg carcasse,2.3,0,COT-VBL-porc-A24-S30.csv
2024,31,,2024-07-26,2024-08-01,BRETAGNE,Rennes,E,EUR/kg carcasse,2.21,0,COT-VBL-porc-A24-S31.csv
2024,31,,2024-07-26,2024-08-01,BRETAGNE,Rennes,S,EUR/kg carcasse,2.27,0,COT-VBL-porc-A24-S31.csv
2024,31,,2024-07-26,2024-08-01,"HAUTE ET BASSE NORMANDIE, PAYS DE LOIRE, POITOU-CHARENTES, CENTRE",Nantes,E,EUR/kg carcasse,2.27,0.01,COT-VBL-porc-A24-S31.csv
2024,31,,2024-07-26,2024-08-01,"HAUTE ET BASSE NORMANDIE, PAYS DE LOIRE, POITOU-CHARENTES, CENTRE",Nantes,S,EUR/kg carcasse,2.33,0.01,COT-VBL-porc-A24-S31.csv
2024,31,,2024-07-26,2024-08-01,"NORD-PAS DE CALAIS,PICARDIE, ILE DE FRANCE, LORRAINE,ALSACE, CHAMPAGNE-ARDENNES",Lille,E,EUR/kg carcasse,2.29,0,COT-VBL-porc-A24-S31.csv
2024,31,,2024-07-26,2024-08-01,"NORD-PAS DE CALAIS,PICARDIE, ILE DE FRANCE, LORRAINE,ALSACE, CHAMPAGNE-ARDENNES",Lille,S,EUR/kg carcasse,2.36,0,COT-VBL-porc-A24-S31.csv
2024,31,,2024-07-26,2024-08-01,"BOURGOGNE,FRANCHE-COMTE, RHONE-ALPES, PROVENCE-ALPES COTE D'AZUR,CORSE",Lyon,E,EUR/kg carcasse,2.38,0,COT-VBL-porc-A24-S31.csv
2024,31,,2024-07-26,2024-08-01,"BOURGOGNE,FRANCHE-COMTE, RHONE-ALPES, PROVENCE-ALPES COTE D'AZUR,CORSE",Lyon,S,EUR/kg carcasse,2.39,0,COT-VBL-porc-A24-S31.csv
2024,31,,2024-07-26,2024-08-01,"MIDI-PYRENEES, AQUITAINE LANGUEDOC-ROUSSILLON, AUVERGNE,LIMOUSIN",Toulouse,E,EUR/kg carcasse,2.27,-0.01,COT-VBL-porc-A24-S31.csv
2024,31,,2024-07-26,2024-08-01,"MIDI-PYRENEES, AQUITAINE LANGUEDOC-ROUSSILLON, AUVERGNE,LIMOUSIN",Toulouse,S,EUR/kg carcasse,2.33,0,COT-VBL-porc-A24-S31.csv
2024,31,,2024-07-26,2024-08-01,RÉFÉRENCE NATIONALE,,E,EUR/kg carcasse,2.24,0,COT-VBL-porc-A24-S31.csv
2024,31,,2024-07-26,2024-08-01,RÉFÉRENCE NATIONALE,,S,EUR/kg carcasse,2.3,0,COT-VBL-porc-A24-S31.csv
2024,32,,2024-08-02,2024-08-08,BRETAGNE,Rennes,E,EUR/kg carcasse,2.17,-0.04,COT-VBL-porc-A24-S32.csv
2024,32,,2024-08-02,2024-08-08,BRETAGNE,Rennes,S,EUR/kg carcasse,2.24,-0.03,COT-VBL-porc-A24-S32.csv
2024,32,,2024-08-02,2024-08-08,"HAUTE ET BASSE NORMANDIE, PAYS DE LOIRE, POITOU-CHARENTES, CENTRE",Nantes,E,EUR/kg carcasse,2.23,-0.04,COT-VBL-porc-A24-S32.csv
2024,32,,2024-08-02,2024-08-08,"HAUTE ET BASSE NORMANDIE, PAYS DE LOIRE, POITOU-CHARENTES, CENTRE",Nantes,S,EUR/kg carcasse,2.29,-0.04,COT-VBL-porc-A24-S32.csv
2024,32,,2024-08-02,2024-08-08,"NORD-PAS DE CALAIS,PICARDIE, ILE DE FRANCE, LORRAINE,ALSACE, CHAMPAGNE-ARDENNES",Lille,E,EUR/kg carcasse,2.22,-0.07,COT-VBL-porc-A24-S32.csv
2024,32,,2024-08-02,2024-08-08,"NORD-PAS DE CALAIS,PICARDIE, ILE DE FRANCE, LORRAINE,ALSACE, CHAMPAGNE-ARDENNES",Lille,S,EUR/kg carcasse,2.3,-0.06,COT-VBL-porc-A24-S32.csv
2024,32,,2024-08-02,2024-08-08,"BOURGOGNE,FRANCHE-COMTE, RHONE-ALPES, PROVENCE-ALPES COTE D'AZUR,CORSE",Lyon,E,EUR/kg carcasse,2.33,-0.05,COT-VBL-porc-A24-S32.csv
2024,32,,2024-08-02,2024-08-08,"BOURGOGNE,FRANCHE-COMTE, RHONE-ALPES, PROVENCE-ALPES COTE D'AZUR,CORSE",Lyon,S,EUR/kg carcasse,2.35,-0.04,COT-VBL-porc-A24-S32.csv
2024,32,,2024-08-02,2024-08-08,"MIDI-PYRENEES, AQUITAINE LANGUEDOC-ROUSSILLON, AUVERGNE,LIMOUSIN",Toulouse,E,EUR/kg carcasse,2.28,0.01,COT-VBL-porc-A24-S32.csv
2024,32,,2024-08-02,2024-08-08,"MIDI-PYRENEES, AQUITAINE LANGUEDOC-ROUSSILLON, AUVERGNE,LIMOUSIN",Toulouse,S,EUR/kg carcasse,2.33,0,COT-VBL-porc-A24-S32.csv
2024,32,,2024-08-02,2024-08-08,RÉFÉRENCE NATIONALE,,E,EUR/kg carcasse,2.21,-0.03,COT-VBL-porc-A24-S32.csv
2024,32,,2024-08-02,2024-08-08,RÉFÉRENCE NATIONALE,,S,EUR/kg carcasse,2.27,-0.03,COT-VBL-porc-A24-S32.csv
2024,33,,2024-08-09,2024-08-15,BRETAGNE,Rennes,E,EUR/kg carcasse,2.13,-0.04,COT-VBL-porc-A24-S33.csv
2024,33,,2024-08-09,2024-08-15,BRETAGNE,Rennes,S,EUR/kg carcasse,2.21,-0.03,COT-VBL-porc-A24-S33.csv
2024,33,,2024-08-09,2024-08-15,"HAUTE ET BASSE NORMANDIE, PAYS DE LOIRE, POITOU-CHARENTES, CENTRE",Nantes,E,EUR/kg carcasse,2.19,-0.04,COT-VBL-porc-A24-S33.csv
2024,33,,2024-08-09,2024-08-15,"HAUTE ET BASSE NORMANDIE, PAYS DE LOIRE, POITOU-CHARENTES, CENTRE",Nantes,S,EUR/kg carcasse,2.25,-0.04,COT-VBL-porc-A24-S33.csv
2024,33,,2024-08-09,2024-08-15,"NORD-PAS DE CALAIS,PICARDIE, ILE DE FRANCE, LORRAINE,ALSACE, CHAMPAGNE-ARDENNES",Lille,E,EUR/kg carcasse,2.16,-0.06,COT-VBL-porc-A24-S33.csv
2024,33,,2024-08-09,2024-08-15,"NORD-PAS DE CALAIS,PICARDIE, ILE DE FRANCE, LORRAINE,ALSACE, CHAMPAGNE-ARDENNES",Lille,S,EUR/kg carcasse,2.24,-0.06,COT-VBL-porc-A24-S33.csv
2024,33,,2024-08-09,2024-08-15,"BOURGOGNE,FRANCHE-COMTE, RHONE-ALPES, PROVENCE-ALPES COTE D'AZUR,CORSE",Lyon,E,EUR/kg carcasse,2.28,-0.05,COT-VBL-porc-A24-S33.csv
2024,33,,2024-08-09,2024-08-15,"BOURGOGNE,FRANCHE-COMTE, RHONE-ALPES, PROVENCE-ALPES COTE D'AZUR,CORSE",Lyon,S,EUR/kg carcasse,2.3,-0.05,COT-VBL-porc-A24-S33.csv
2024,33,,2024-08-09,2024-08-15,"MIDI-PYRENEES, AQUITAINE LANGUEDOC-ROUSSILLON, AUVERGNE,LIMOUSIN",Toulouse,E,EUR/kg carcasse,2.18,-0.1,COT-VBL-porc-A24-S33.csv
2024,33,,2024-08-09,2024-08-15,"MIDI-PYRENEES, AQUITAINE LANGUEDOC-ROUSSILLON, AUVERGNE,LIMOUSIN",Toulouse,S,EUR/kg carcasse,2.24,-0.09,COT-VBL-porc-A24-S33.csv
2024,33,,2024-08-09,2024-08-15,RÉFÉRENCE NATIONALE,,E,EUR/kg carcasse,2.16,-0.05,COT-VBL-porc-A24-S33.csv
2024,33,,2024-08-09,2024-08-15,RÉFÉRENCE NATIONALE,,S,EUR/kg carcasse,2.22,-0.05,COT-VBL-porc-A24-S33.csv
2024,34,,2024-08-16,2024-08-22,BRETAGNE,Rennes,E,EUR/kg carcasse,2.08,-0.05,COT-VBL-porc-A24-S34.csv
2024,34,,2024-08-16,2024-08-22,BRETAGNE,Rennes,S,EUR/kg carcasse,2.16,-0.05,COT-VBL-porc-A24-S34.csv
2024,34,,2024-08-16,2024-08-22,"HAUTE ET BASSE NORMANDIE, PAYS DE LOIRE, POITOU-CHARENTES, CENTRE",Nantes,E,EUR/kg carcasse,2.14,-0.05,COT-VBL-porc-A24-S34.csv
2024,34,,2024-08-16,2024-08-22,"HAUTE ET BASSE NORMANDIE, PAYS DE LOIRE, POITOU-CHARENTES, CENTRE",Nantes,S,EUR/kg carcasse,2.19,-0.06,COT-VBL-porc-A24-S34.csv
2024,34,,2024-08-16,2024-08-22,"NORD-PAS DE CALAIS,PICARDIE, ILE DE FRANCE, LORRAINE,ALSACE, CHAMPAGNE-ARDENNES",Lille,E,EUR/kg carcasse,2.1,-0.06,COT-VBL-porc-A24-S34.csv
2024,34,,2024-08-16,2024-08-22,"NORD-PAS DE CALAIS,PICARDIE, ILE DE FRANCE, LORRAINE,ALSACE, CHAMPAGNE-ARDENNES",Lille,S,EUR/kg carcasse,2.18,-0.06,COT-VBL-porc-A24-S34.csv
2024,34,,2024-08-16,2024-08-22,"BOURGOGNE,FRANCHE-COMTE, RHONE-ALPES, PROVENCE-ALPES COTE D'AZUR,CORSE",Lyon,E,EUR/kg carcasse,2.23,-0.05,COT-VBL-porc-A24-S34.csv
2024,34,,2024-08-16,2024-08-22,"BOURGOGNE,FRANCHE-COMTE, RHONE-ALPES, PROVENCE-ALPES COTE D'AZUR,CORSE",Lyon,S,EUR/kg carcasse,2.24,-0.06,COT-VBL-porc-A24-S34.csv
2024,34,,2024-08-16,2024-08-22,"MIDI-PYRENEES, AQUITAINE LANGUEDOC-ROUSSILLON, AUVERGNE,LIMOUSIN",Toulouse,E,EUR/kg carcasse,2.13,-0.05,COT-VBL-porc-A24-S34.csv
2024,34,,2024-08-16,2024-08-22,"MIDI-PYRENEES, AQUITAINE LANGUEDOC-ROUSSILLON, AUVERGNE,LIMOUSIN",Toulouse,S,EUR/kg carcasse,2.18,-0.06,COT-VBL-porc-A24-S34.csv
2024,34,,2024-08-16,2024-08-22,RÉFÉRENCE NATIONALE,,E,EUR/kg carcasse,2.11,-0.05,COT-VBL-porc-A24-S34.csv
2024,34,,2024-08-16,2024-08-22,RÉFÉRENCE NATIONALE,,S,EUR/kg carcasse,2.17,-0.05,COT-VBL-porc-A24-S34.csv
2024,35,,2024-08-23,2024-08-29,BRETAGNE,Rennes,E,EUR/kg carcasse,2.04,-0.04,COT-VBL-porc-A24-S35.csv
2024,35,,2024-08-23,2024-08-29,BRETAGNE,Rennes,S,EUR/kg carcasse,2.13,-0.03,COT-VBL-porc-A24-S35.csv
2024,35,,2024-08-23,2024-08-29,"HAUTE ET BASSE NORMANDIE, PAYS DE LOIRE, POITOU-CHARENTES, CENTRE",Nantes,E,EUR/kg carcasse,2.09,-0.05,COT-VBL-porc-A24-S35.csv
2024,35,,2024-08-23,2024-08-29,"HAUTE ET BASSE NORMANDIE, PAYS DE LOIRE, POITOU-CHARENTES, CENTRE",Nantes,S,EUR/kg carcasse,2.16,-0.03,COT-VBL-porc-A24-S35.csv
2024,35,,2024-08-23,2024-08-29,"NORD-PAS DE CALAIS,PICARDIE, ILE DE FRANCE, LORRAINE,ALSACE, CHAMPAGNE-ARDENNES",Lille,E,EUR/kg carcasse,2.05,-0.05,COT-VBL-porc-A24-S35.csv
2024,35,,2024-08-23,2024-08-29,"NORD-PAS DE CALAIS,PICARDIE, ILE DE FRANCE, LORRAINE,ALSACE, CHAMPAGNE-ARDENNES",Lille,S,EUR/kg carcasse,2.13,-0.05,COT-VBL-porc-A24-S35.csv
2024,35,,2024-08-23,2024-08-29,"BOURGOGNE,FRANCHE-COMTE, RHONE-ALPES, PROVENCE-ALPES COTE D'AZUR,CORSE",Lyon,E,EUR/kg carcasse,2.16,-0.07,COT-VBL-porc-A24-S35.csv
2024,35,,2024-08-23,2024-08-29,"BOURGOGNE,FRANCHE-COMTE, RHONE-ALPES, PROVENCE-ALPES COTE D'AZUR,CORSE",Lyon,S,EUR/kg carcasse,2.17,-0.07,COT-VBL-porc-A24-S35.csv
2024,35,,2024-08-23,2024-08-29,"MIDI-PYRENEES, AQUITAINE LANGUEDOC-ROUSSILLON, AUVERGNE,LIMOUSIN",Toulouse,E,EUR/kg carcasse,2.06,-0.07,COT-VBL-porc-A24-S35.csv
2024,35,,2024-08-23,2024-08-29,"MIDI-PYRENEES, AQUITAINE LANGUEDOC-ROUSSILLON, AUVERGNE,LIMOUSIN",Toulouse,S,EUR/kg carcasse,2.12,-0.06,COT-VBL-porc-A24-S35.csv
2024,35,,2024-08-23,2024-08-29,RÉFÉRENCE NATIONALE,,E,EUR/kg carcasse,2.06,-0.05,COT-VBL-porc-A24-S35.csv
2024,35,,2024-08-23,2024-08-29,RÉFÉRENCE NATIONALE,,S,EUR/kg carcasse,2.14,-0.03,COT-VBL-porc-A24-S35.csv
2024,36,,2024-08-30,2024-09-05,BRETAGNE,Rennes,E,EUR/kg carcasse,2.02,-0.02,COT-VBL-porc-A24-S36.csv
2024,36,,2024-08-30,2024-09-05,BRETAGNE,Rennes,S,EUR/kg carcasse,2.11,-0.02,COT-VBL-porc-A24-S36.csv
2024,36,,2024-08-30,2024-09-05,"HAUTE ET BASSE NORMANDIE, PAYS DE LOIRE, POITOU-CHARENTES, CENTRE",Nantes,E,EUR/kg carcasse,2.06,-0.03,COT-VBL-porc-A24-S36.csv
2024,36,,2024-08-30,2024-09-05,"HAUTE ET BASSE NORMANDIE, PAYS DE LOIRE, POITOU-CHARENTES, CENTRE",Nantes,S,EUR/kg carcasse,2.14,-0.02,COT-VBL-porc-A24-S36.csv
2024,36,,2024-08-30,2024-09-05,"NORD-PAS DE CALAIS,PICARDIE, ILE DE FRANCE, LORRAINE,ALSACE, CHAMPAGNE-ARDENNES",Lille,E,EUR/kg carcasse,2.03,-0.02,COT-VBL-porc-A24-S36.csv
2024,36,,2024-08-30,2024-09-05,"NORD-PAS DE CALAIS,PICARDIE, ILE DE FRANCE, LORRAINE,ALSACE, CHAMPAGNE-ARDENNES",Lille,S,EUR/kg carcasse,2.11,-0.02,COT-VBL-porc-A24-S36.csv
2024,36,,2024-08-30,2024-09-05,"BOURGOGNE,FRANCHE-COMTE, RHONE-ALPES, PROVENCE-ALPES COTE D'AZUR,CORSE",Lyon,E,EUR/kg carcasse,2.15,-0.01,COT-VBL-porc-A24-S36.csv
2024,36,,2024-08-30,2024-09-05,"BOURGOGNE,FRANCHE-COMTE, RHONE-ALPES, PROVENCE-ALPES COTE D'AZUR,CORSE",Lyon,S,EUR/kg carcasse,2.15,-0.02,COT-VBL-porc-A24-S36.csv
2024,36,,2024-08-30,2024-09-05,"MIDI-PYRENEES, AQUITAINE LANGUEDOC-ROUSSILLON, AUVERGNE,LIMOUSIN",Toulouse,E,EUR/kg carcasse,2.05,-0.01,COT-VBL-porc-A24-S36.csv
2024,36,,2024-08-30,2024-09-05,"MIDI-PYRENEES, AQUITAINE LANGUEDOC-ROUSSILLON, AUVERGNE,LIMOUSIN",Toulouse,S,EUR/kg carcasse,2.08,-0.04,COT-VBL-porc-A24-S36.csv
2024,36,,2024-08-30,2024-09-05,RÉFÉRENCE NATIONALE,,E,EUR/kg carcasse,2.04,-0.02,COT-VBL-porc-A24-S36.csv
2024,36,,2024-08-30,2024-09-05,RÉFÉRENCE NATIONALE,,S,EUR/kg carcasse,2.12,-0.02,COT-VBL-porc-A24-S36.csv
2024,37,,2024-09-06,2024-09-12,BRETAGNE,Rennes,E,EUR/kg carcasse,2.01,-0.01,COT-VBL-porc-A24-S37.csv
2024,37,,2024-09-06,2024-09-12,BRETAGNE,Rennes,S,EUR/kg carcasse,2.1,-0.01,COT-VBL-porc-A24-S37.csv
2024,37,,2024-09-06,2024-09-12,"HAUTE ET BASSE NORMANDIE, PAYS DE LOIRE, POITOU-CHARENTES, CENTRE",Nantes,E,EUR/kg carcasse,2.05,-0.01,COT-VBL-porc-A24-S37.csv
2024,37,,2024-09-06,2024-09-12,"HAUTE ET BASSE NORMANDIE, PAYS DE LOIRE, POITOU-CHARENTES, CENTRE",Nantes,S,EUR/kg carcasse,2.12,-0.02,COT-VBL-porc-A24-S37.csv
2024,37,,2024-09-06,2024-09-12,"NORD-PAS DE CALAIS,PICARDIE, ILE DE FRANCE, LORRAINE,ALSACE, CHAMPAGNE-ARDENNES",Lille,E,EUR/kg carcasse,2.03,0,COT-VBL-porc-A24-S37.csv
2024,37,,2024-09-06,2024-09-12,"NORD-PAS DE CALAIS,PICARDIE, ILE DE FRANCE, LORRAINE,ALSACE, CHAMPAGNE-ARDENNES",Lille,S,EUR/kg carcasse,2.1,-0.01,COT-VBL-porc-A24-S37.csv
2024,37,,2024-09-06,2024-09-12,"BOURGOGNE,FRANCHE-COMTE, RHONE-ALPES, PROVENCE-ALPES COTE D'AZUR,CORSE",Lyon,E,EUR/kg carcasse,2.13,-0.02,COT-VBL-porc-A24-S37.csv
2024,37,,2024-09-06,2024-09-12,"BOURGOGNE,FRANCHE-COMTE, RHONE-ALPES, PROVENCE-ALPES COTE D'AZUR,CORSE",Lyon,S,EUR/kg carcasse,2.14,-0.01,COT-VBL-porc-A24-S37.csv
2024,37,,2024-09-06,2024-09-12,"MIDI-PYRENEES, AQUITAINE LANGUEDOC-ROUSSILLON, AUVERGNE,LIMOUSIN",Toulouse,E,EUR/kg carcasse,2.03,-0.02,COT-VBL-porc-A24-S37.csv
2024,37,,2024-09-06,2024-09-12,"MIDI-PYRENEES, AQUITAINE LANGUEDOC-ROUSSILLON, AUVERGNE,LIMOUSIN",Toulouse,S,EUR/kg carcasse,2.07,-0.01,COT-VBL-porc-A24-S37.csv
2024,37,,2024-09-06,2024-09-12,RÉFÉRENCE NATIONALE,,E,EUR/kg carcasse,2.03,-0.01,COT-VBL-porc-A24-S37.csv
2024,37,,2024-09-06,2024-09-12,RÉFÉRENCE NATIONALE,,S,EUR/kg carcasse,2.1,-0.02,COT-VBL-porc-A24-S37.csv
2024,38,,2024-09-13,2024-09-19,BRETAGNE,Rennes,E,EUR/kg carcasse,1.99,-0.02,COT-VBL-porc-A24-S38.csv
2024,38,,2024-09-13,2024-09-19,BRETAGNE,Rennes,S,EUR/kg carcasse,2.07,-0.03,COT-VBL-porc-A24-S38.csv
2024,38,,2024-09-13,2024-09-19,"HAUTE ET BASSE NORMANDIE, PAYS DE LOIRE, POITOU-CHARENTES, CENTRE",Nantes,E,EUR/kg carcasse,2.05,0,COT-VBL-porc-A24-S38.csv
2024,38,,2024-09-13,2024-09-19,"HAUTE ET BASSE NORMANDIE, PAYS DE LOIRE, POITOU-CHARENTES, CENTRE",Nantes,S,EUR/kg carcasse,2.11,-0.01,COT-VBL-porc-A24-S38.csv
2024,38,,2024-09-13,2024-09-19,"NORD-PAS DE CALAIS,PICARDIE, ILE DE FRANCE, LORRAINE,ALSACE, CHAMPAGNE-ARDENNES",Lille,E,EUR/kg carcasse,2.03,0,COT-VBL-porc-A24-S38.csv
2024,38,,2024-09-13,2024-09-19,"NORD-PAS DE CALAIS,PICARDIE, ILE DE FRANCE, LORRAINE,ALSACE, CHAMPAGNE-ARDENNES",Lille,S,EUR/kg carcasse,2.1,0,COT-VBL-porc-A24-S38.csv
2024,38,,2024-09-13,2024-09-19,"BOURGOGNE,FRANCHE-COMTE, RHONE-ALPES, PROVENCE-ALPES COTE D'AZUR,CORSE",Lyon,E,EUR/kg carcasse,2.12,-0.01,COT-VBL-porc-A24-S38.csv
2024,38,,2024-09-13,2024-09-19,"BOURGOGNE,FRANCHE-COMTE, RHONE-ALPES, PROVENCE-ALPES COTE D'AZUR,CORSE",Lyon,S,EUR/kg carcasse,2.13,-0.01,COT-VBL-porc-A24-S38.csv
2024,38,,2024-09-13,2024-09-19,"MIDI-PYRENEES, AQUITAINE LANGUEDOC-ROUSSILLON, AUVERGNE,LIMOUSIN",Toulouse,E,EUR/kg carcasse,2.02,-0.01,COT-VBL-porc-A24-S38.csv
2024,38,,2024-09-13,2024-09-19,"MIDI-PYRENEES, AQUITAINE LANGUEDOC-ROUSSILLON, AUVERGNE,LIMOUSIN",Toulouse,S,EUR/kg carcasse,2.07,0,COT-VBL-porc-A24-S38.csv
2024,38,,2024-09-13,2024-09-19,RÉFÉRENCE NATIONALE,,E,EUR/kg carcasse,2.02,-0.01,COT-VBL-porc-A24-S38.csv
2024,38,,2024-09-13,2024-09-19,RÉFÉRENCE NATIONALE,,S,EUR/kg carcasse,2.08,-0.02,COT-VBL-porc-A24-S38.csv
2024,39,,2024-09-20,2024-09-26,BRETAGNE,Rennes,E,EUR/kg carcasse,1.95,-0.04,COT-VBL-porc-A24-S39.csv
2024,39,,2024-09-20,2024-09-26,BRETAGNE,Rennes,S,EUR/kg carcasse,2.03,-0.04,COT-VBL-porc-A24-S39.csv
2024,39,,2024-09-20,2024-09-26,"HAUTE ET BASSE NORMANDIE, PAYS DE LOIRE, POITOU-CHARENTES, CENTRE",Nantes,E,EUR/kg carcasse,2,-0.05,COT-VBL-porc-A24-S39.csv
2024,39,,2024-09-20,2024-09-26,"HAUTE ET BASSE NORMANDIE, PAYS DE LOIRE, POITOU-CHARENTES, CENTRE",Nantes,S,EUR/kg carcasse,2.07,-0.04,COT-VBL-porc-A24-S39.csv
2024,39,,2024-09-20,2024-09-26,"NORD-PAS DE CALAIS,PICARDIE, ILE DE FRANCE, LORRAINE,ALSACE, CHAMPAGNE-ARDENNES",Lille,E,EUR/kg carcasse,1.97,-0.06,COT-VBL-porc-A24-S39.csv
2024,39,,2024-09-20,2024-09-26,"NORD-PAS DE CALAIS,PICARDIE, ILE DE FRANCE, LORRAINE,ALSACE, CHAMPAGNE-ARDENNES",Lille,S,EUR/kg carcasse,2.04,-0.06,COT-VBL-porc-A24-S39.csv
2024,39,,2024-09-20,2024-09-26,"BOURGOGNE,FRANCHE-COMTE, RHONE-ALPES, PROVENCE-ALPES COTE D'AZUR,CORSE",Lyon,E,EUR/kg carcasse,2.09,-0.03,COT-VBL-porc-A24-S39.csv
2024,39,,2024-09-20,2024-09-26,"BOURGOGNE,FRANCHE-COMTE, RHONE-ALPES, PROVENCE-ALPES COTE D'AZUR,CORSE",Lyon,S,EUR/kg carcasse,2.1,-0.03,COT-VBL-porc-A24-S39.csv
2024,39,,2024-09-20,2024-09-26,"MIDI-PYRENEES, AQUITAINE LANGUEDOC-ROUSSILLON, AUVERGNE,LIMOUSIN",Toulouse,E,EUR/kg carcasse,1.99,-0.03,COT-VBL-porc-A24-S39.csv
2024,39,,2024-09-20,2024-09-26,"MIDI-PYRENEES, AQUITAINE LANGUEDOC-ROUSSILLON, AUVERGNE,LIMOUSIN",Toulouse,S,EUR/kg carcasse,2.04,-0.03,COT-VBL-porc-A24-S39.csv
2024,39,,2024-09-20,2024-09-26,RÉFÉRENCE NATIONALE,,E,EUR/kg carcasse,1.97,-0.05,COT-VBL-porc-A24-S39.csv
2024,39,,2024-09-20,2024-09-26,RÉFÉRENCE NATIONALE,,S,EUR/kg carcasse,2.04,-0.04,COT-VBL-porc-A24-S39.csv
2024,40,,2024-09-27,2024-10-03,BRETAGNE,Rennes,E,EUR/kg carcasse,1.92,-0.03,COT-VBL-porc-A24-S40.csv
2024,40,,2024-09-27,2024-10-03,BRETAGNE,Rennes,S,EUR/kg carcasse,2,-0.03,COT-VBL-porc-A24-S40.csv
2024,40,,2024-09-27,2024-10-03,"HAUTE ET BASSE NORMANDIE, PAYS DE LOIRE, POITOU-CHARENTES, CENTRE",Nantes,E,EUR/kg carcasse,1.97,-0.03,COT-VBL-porc-A24-S40.csv
2024,40,,2024-09-27,2024-10-03,"HAUTE ET BASSE NORMANDIE, PAYS DE LOIRE, POITOU-CHARENTES, CENTRE",Nantes,S,EUR/kg carcasse,2.04,-0.03,COT-VBL-porc-A24-S40.csv
2024,40,,2024-09-27,2024-10-03,"NORD-PAS DE CALAIS,PICARDIE, ILE DE FRANCE, LORRAINE,ALSACE, CHAMPAGNE-ARDENNES",Lille,E,EUR/kg carcasse,1.93,-0.04,COT-VBL-porc-A24-S40.csv
2024,40,,2024-09-27,2024-10-03,"NORD-PAS DE CALAIS,PICARDIE, ILE DE FRANCE, LORRAINE,ALSACE, CHAMPAGNE-ARDENNES",Lille,S,EUR/kg carcasse,2.01,-0.03,COT-VBL-porc-A24-S40.csv
2024,40,,2024-09-27,2024-10-03,"BOURGOGNE,FRANCHE-COMTE, RHONE-ALPES, PROVENCE-ALPES COTE D'AZUR,CORSE",Lyon,E,EUR/kg carcasse,2.06,-0.03,COT-VBL-porc-A24-S40.csv
2024,40,,2024-09-27,2024-10-03,"BOURGOGNE,FRANCHE-COMTE, RHONE-ALPES, PROVENCE-ALPES COTE D'AZUR,CORSE",Lyon,S,EUR/kg carcasse,2.07,-0.03,COT-VBL-porc-A24-S40.csv
2024,40,,2024-09-27,2024-10-03,"MIDI-PYRENEES, AQUITAINE LANGUEDOC-ROUSSILLON, AUVERGNE,LIMOUSIN",Toulouse,E,EUR/kg carcasse,1.97,-0.02,COT-VBL-porc-A24-S40.csv
2024,40,,2024-09-27,2024-10-03,"MIDI-PYRENEES, AQUITAINE LANGUEDOC-ROUSSILLON, AUVERGNE,LIMOUSIN",Toulouse,S,EUR/kg carcasse,2,-0.04,COT-VBL-porc-A24-S40.csv
2024,40,,2024-09-27,2024-10-03,RÉFÉRENCE NATIONALE,,E,EUR/kg carcasse,1.94,-0.03,COT-VBL-porc-A24-S40.csv
2024,40,,2024-09-27,2024-10-03,RÉFÉRENCE NATIONALE,,S,EUR/kg carcasse,2.01,-0.03,COT-VBL-porc-A24-S40.csv
2024,41,,2024-10-04,2024-10-10,BRETAGNE,Rennes,E,EUR/kg carcasse,1.9,-0.02,COT-VBL-porc-A24-S41.csv
2024,41,,2024-10-04,2024-10-10,BRETAGNE,Rennes,S,EUR/kg carcasse,1.98,-0.02,COT-VBL-porc-A24-S41.csv
2024,41,,2024-10-04,2024-10-10,"HAUTE ET BASSE NORMANDIE, PAYS DE LOIRE, POITOU-CHARENTES, CENTRE",Nantes,E,EUR/kg carcasse,1.95,-0.02,COT-VBL-porc-A24-S41.csv
2024,41,,2024-10-04,2024-10-10,"HAUTE ET BASSE NORMANDIE, PAYS DE LOIRE, POITOU-CHARENTES, CENTRE",Nantes,S,EUR/kg carcasse,2.02,-0.02,COT-VBL-porc-A24-S41.csv
2024,41,,2024-10-04,2024-10-10,"NORD-PAS DE CALAIS,PICARDIE, ILE DE FRANCE, LORRAINE,ALSACE, CHAMPAGNE-ARDENNES",Lille,E,EUR/kg carcasse,1.93,0,COT-VBL-porc-A24-S41.csv
2024,41,,2024-10-04,2024-10-10,"NORD-PAS DE CALAIS,PICARDIE, ILE DE FRANCE, LORRAINE,ALSACE, CHAMPAGNE-ARDENNES",Lille,S,EUR/kg carcasse,2,-0.01,COT-VBL-porc-A24-S41.csv
2024,41,,2024-10-04,2024-10-10,"BOURGOGNE,FRANCHE-COMTE, RHONE-ALPES, PROVENCE-ALPES COTE D'AZUR,CORSE",Lyon,E,EUR/kg carcasse,2.04,-0.02,COT-VBL-porc-A24-S41.csv
2024,41,,2024-10-04,2024-10-10,"BOURGOGNE,FRANCHE-COMTE, RHONE-ALPES, PROVENCE-ALPES COTE D'AZUR,CORSE",Lyon,S,EUR/kg carcasse,2.05,-0.02,COT-VBL-porc-A24-S41.csv
2024,41,,2024-10-04,2024-10-10,"MIDI-PYRENEES, AQUITAINE LANGUEDOC-ROUSSILLON, AUVERGNE,LIMOUSIN",Toulouse,E,EUR/kg carcasse,1.92,-0.05,COT-VBL-porc-A24-S41.csv
2024,41,,2024-10-04,2024-10-10,"MIDI-PYRENEES, AQUITAINE LANGUEDOC-ROUSSILLON, AUVERGNE,LIMOUSIN",Toulouse,S,EUR/kg carcasse,1.98,-0.02,COT-VBL-porc-A24-S41.csv
2024,41,,2024-10-04,2024-10-10,RÉFÉRENCE NATIONALE,,E,EUR/kg carcasse,1.92,-0.02,COT-VBL-porc-A24-S41.csv
2024,41,,2024-10-04,2024-10-10,RÉFÉRENCE NATIONALE,,S,EUR/kg carcasse,1.99,-0.02,COT-VBL-porc-A24-S41.csv
2024,42,,2024-10-11,2024-10-17,BRETAGNE,Rennes,E,EUR/kg carcasse,1.88,-0.02,COT-VBL-porc-A24-S42.csv
2024,42,,2024-10-11,2024-10-17,BRETAGNE,Rennes,S,EUR/kg carcasse,1.96,-0.02,COT-VBL-porc-A24-S42.csv
2024,42,,2024-10-11,2024-10-17,"HAUTE ET BASSE NORMANDIE, PAYS DE LOIRE, POITOU-CHARENTES, CENTRE",Nantes,E,EUR/kg carcasse,1.95,0,COT-VBL-porc-A24-S42.csv
2024,42,,2024-10-11,2024-10-17,"HAUTE ET BASSE NORMANDIE, PAYS DE LOIRE, POITOU-CHARENTES, CENTRE",Nantes,S,EUR/kg carcasse,2.01,-0.01,COT-VBL-porc-A24-S42.csv
2024,42,,2024-10-11,2024-10-17,"NORD-PAS DE CALAIS,PICARDIE, ILE DE FRANCE, LORRAINE,ALSACE, CHAMPAGNE-ARDENNES",Lille,E,EUR/kg carcasse,1.89,-0.04,COT-VBL-porc-A24-S42.csv
2024,42,,2024-10-11,2024-10-17,"NORD-PAS DE CALAIS,PICARDIE, ILE DE FRANCE, LORRAINE,ALSACE, CHAMPAGNE-ARDENNES",Lille,S,EUR/kg carcasse,1.97,-0.03,COT-VBL-porc-A24-S42.csv
2024,42,,2024-10-11,2024-10-17,"BOURGOGNE,FRANCHE-COMTE, RHONE-ALPES, PROVENCE-ALPES COTE D'AZUR,CORSE",Lyon,E,EUR/kg carcasse,2.01,-0.03,COT-VBL-porc-A24-S42.csv
2024,42,,2024-10-11,2024-10-17,"BOURGOGNE,FRANCHE-COMTE, RHONE-ALPES, PROVENCE-ALPES COTE D'AZUR,CORSE",Lyon,S,EUR/kg carcasse,2.03,-0.02,COT-VBL-porc-A24-S42.csv
2024,42,,2024-10-11,2024-10-17,"MIDI-PYRENEES, AQUITAINE LANGUEDOC-ROUSSILLON, AUVERGNE,LIMOUSIN",Toulouse,E,EUR/kg carcasse,1.93,0.01,COT-VBL-porc-A24-S42.csv
2024,42,,2024-10-11,2024-10-17,"MIDI-PYRENEES, AQUITAINE LANGUEDOC-ROUSSILLON, AUVERGNE,LIMOUSIN",Toulouse,S,EUR/kg carcasse,1.96,-0.02,COT-VBL-porc-A24-S42.csv
2024,42,,2024-10-11,2024-10-17,RÉFÉRENCE NATIONALE,,E,EUR/kg carcasse,1.91,-0.01,COT-VBL-porc-A24-S42.csv
2024,42,,2024-10-11,2024-10-17,RÉFÉRENCE NATIONALE,,S,EUR/kg carcasse,1.97,-0.02,COT-VBL-porc-A24-S42.csv
2024,43,,2024-10-18,2024-10-24,BRETAGNE,Rennes,E,EUR/kg carcasse,1.85,-0.03,COT-VBL-porc-A24-S43.csv
2024,43,,2024-10-18,2024-10-24,BRETAGNE,Rennes,S,EUR/kg carcasse,1.93,-0.03,COT-VBL-porc-A24-S43.csv
2024,43,,2024-10-18,2024-10-24,"HAUTE ET BASSE NORMANDIE, PAYS DE LOIRE, POITOU-CHARENTES, CENTRE",Nantes,E,EUR/kg carcasse,1.91,-0.04,COT-VBL-porc-A24-S43.csv
2024,43,,2024-10-18,2024-10-24,"HAUTE ET BASSE NORMANDIE, PAYS DE LOIRE, POITOU-CHARENTES, CENTRE",Nantes,S,EUR/kg carcasse,1.97,-0.04,COT-VBL-porc-A24-S43.csv
2024,43,,2024-10-18,2024-10-24,"NORD-PAS DE CALAIS,PICARDIE, ILE DE FRANCE, LORRAINE,ALSACE, CHAMPAGNE-ARDENNES",Lille,E,EUR/kg carcasse,1.87,-0.02,COT-VBL-porc-A24-S43.csv
2024,43,,2024-10-18,2024-10-24,"NORD-PAS DE CALAIS,PICARDIE, ILE DE FRANCE, LORRAINE,ALSACE, CHAMPAGNE-ARDENNES",Lille,S,EUR/kg carcasse,1.94,-0.03,COT-VBL-porc-A24-S43.csv
2024,43,,2024-10-18,2024-10-24,"BOURGOGNE,FRANCHE-COMTE, RHONE-ALPES, PROVENCE-ALPES COTE D'AZUR,CORSE",Lyon,E,EUR/kg carcasse,2,-0.01,COT-VBL-porc-A24-S43.csv
2024,43,,2024-10-18,2024-10-24,"BOURGOGNE,FRANCHE-COMTE, RHONE-ALPES, PROVENCE-ALPES COTE D'AZUR,CORSE",Lyon,S,EUR/kg carcasse,2.01,-0.02,COT-VBL-porc-A24-S43.csv
2024,43,,2024-10-18,2024-10-24,"MIDI-PYRENEES, AQUITAINE LANGUEDOC-ROUSSILLON, AUVERGNE,LIMOUSIN",Toulouse,E,EUR/kg carcasse,1.87,-0.06,COT-VBL-porc-A24-S43.csv
2024,43,,2024-10-18,2024-10-24,"MIDI-PYRENEES, AQUITAINE LANGUEDOC-ROUSSILLON, AUVERGNE,LIMOUSIN",Toulouse,S,EUR/kg carcasse,1.93,-0.03,COT-VBL-porc-A24-S43.csv
2024,43,,2024-10-18,2024-10-24,RÉFÉRENCE NATIONALE,,E,EUR/kg carcasse,1.87,-0.04,COT-VBL-porc-A24-S43.csv
2024,43,,2024-10-18,2024-10-24,RÉFÉRENCE NATIONALE,,S,EUR/kg carcasse,1.94,-0.03,COT-VBL-porc-A24-S43.csv
2024,44,,2024-10-25,2024-10-31,BRETAGNE,Rennes,E,EUR/kg carcasse,1.84,-0.01,COT-VBL-porc-A24-S44.csv
2024,44,,2024-10-25,2024-10-31,BRETAGNE,Rennes,S,EUR/kg carcasse,1.92,-0.01,COT-VBL-porc-A24-S44.csv
2024,44,,2024-10-25,2024-10-31,"HAUTE ET BASSE NORMANDIE, PAYS DE LOIRE, POITOU-CHARENTES, CENTRE",Nantes,E,EUR/kg carcasse,1.91,0,COT-VBL-porc-A24-S44.csv
2024,44,,2024-10-25,2024-10-31,"HAUTE ET BASSE NORMANDIE, PAYS DE LOIRE, POITOU-CHARENTES, CENTRE",Nantes,S,EUR/kg carcasse,1.96,-0.01,COT-VBL-porc-A24-S44.csv
2024,44,,2024-10-25,2024-10-31,"NORD-PAS DE CALAIS,PICARDIE, ILE DE FRANCE, LORRAINE,ALSACE, CHAMPAGNE-ARDENNES",Lille,E,EUR/kg carcasse,1.86,-0.01,COT-VBL-porc-A24-S44.csv
2024,44,,2024-10-25,2024-10-31,"NORD-PAS DE CALAIS,PICARDIE, ILE DE FRANCE, LORRAINE,ALSACE, CHAMPAGNE-ARDENNES",Lille,S,EUR/kg carcasse,1.93,-0.01,COT-VBL-porc-A24-S44.csv
2024,44,,2024-10-25,2024-10-31,"BOURGOGNE,FRANCHE-COMTE, RHONE-ALPES, PROVENCE-ALPES COTE D'AZUR,CORSE",Lyon,E,EUR/kg carcasse,1.96,-0.04,COT-VBL-porc-A24-S44.csv
2024,44,,2024-10-25,2024-10-31,"BOURGOGNE,FRANCHE-COMTE, RHONE-ALPES, PROVENCE-ALPES COTE D'AZUR,CORSE",Lyon,S,EUR/kg carcasse,1.98,-0.03,COT-VBL-porc-A24-S44.csv
2024,44,,2024-10-25,2024-10-31,"MIDI-PYRENEES, AQUITAINE LANGUEDOC-ROUSSILLON, AUVERGNE,LIMOUSIN",Toulouse,E,EUR/kg carcasse,1.85,-0.02,COT-VBL-porc-A24-S44.csv
2024,44,,2024-10-25,2024-10-31,"MIDI-PYRENEES, AQUITAINE LANGUEDOC-ROUSSILLON, AUVERGNE,LIMOUSIN",Toulouse,S,EUR/kg carcasse,1.91,-0.02,COT-VBL-porc-A24-S44.csv
2024,44,,2024-10-25,2024-10-31,RÉFÉRENCE NATIONALE,,E,EUR/kg carcasse,1.86,-0.01,COT-VBL-porc-A24-S44.csv
2024,44,,2024-10-25,2024-10-31,RÉFÉRENCE NATIONALE,,S,EUR/kg carcasse,1.93,-0.01,COT-VBL-porc-A24-S44.csv
2024,45,,2024-11-01,2024-11-07,BRETAGNE,Rennes,E,EUR/kg carcasse,1.83,-0.01,COT-VBL-porc-A24-S45.csv
2024,45,,2024-11-01,2024-11-07,BRETAGNE,Rennes,S,EUR/kg carcasse,1.91,-0.01,COT-VBL-porc-A24-S45.csv
2024,45,,2024-11-01,2024-11-07,"HAUTE ET BASSE NORMANDIE, PAYS DE LOIRE, POITOU-CHARENTES, CENTRE",Nantes,E,EUR/kg carcasse,1.89,-0.02,COT-VBL-porc-A24-S45.csv
2024,45,,2024-11-01,2024-11-07,"HAUTE ET BASSE NORMANDIE, PAYS DE LOIRE, POITOU-CHARENTES, CENTRE",Nantes,S,EUR/kg carcasse,1.95,-0.01,COT-VBL-porc-A24-S45.csv
2024,45,,2024-11-01,2024-11-07,"NORD-PAS DE CALAIS,PICARDIE, ILE DE FRANCE, LORRAINE,ALSACE, CHAMPAGNE-ARDENNES",Lille,E,EUR/kg carcasse,1.84,-0.02,COT-VBL-porc-A24-S45.csv
2024,45,,2024-11-01,2024-11-07,"NORD-PAS DE CALAIS,PICARDIE, ILE DE FRANCE, LORRAINE,ALSACE, CHAMPAGNE-ARDENNES",Lille,S,EUR/kg carcasse,1.92,-0.01,COT-VBL-porc-A24-S45.csv
2024,45,,2024-11-01,2024-11-07,"BOURGOGNE,FRANCHE-COMTE, RHONE-ALPES, PROVENCE-ALPES COTE D'AZUR,CORSE",Lyon,E,EUR/kg carcasse,1.96,0,COT-VBL-porc-A24-S45.csv
2024,45,,2024-11-01,2024-11-07,"BOURGOGNE,FRANCHE-COMTE, RHONE-ALPES, PROVENCE-ALPES COTE D'AZUR,CORSE",Lyon,S,EUR/kg carcasse,1.97,-0.01,COT-VBL-porc-A24-S45.csv
2024,45,,2024-11-01,2024-11-07,"MIDI-PYRENEES, AQUITAINE LANGUEDOC-ROUSSILLON, AUVERGNE,LIMOUSIN",Toulouse,E,EUR/kg carcasse,1.84,-0.01,COT-VBL-porc-A24-S45.csv
2024,45,,2024-11-01,2024-11-07,"MIDI-PYRENEES, AQUITAINE LANGUEDOC-ROUSSILLON, AUVERGNE,LIMOUSIN",Toulouse,S,EUR/kg carcasse,1.91,0,COT-VBL-porc-A24-S45.csv
2024,45,,2024-11-01,2024-11-07,RÉFÉRENCE NATIONALE,,E,EUR/kg carcasse,1.85,-0.01,COT-VBL-porc-A24-S45.csv
2024,45,,2024-11-01,2024-11-07,RÉFÉRENCE NATIONALE,,S,EUR/kg carcasse,1.92,-0.01,COT-VBL-porc-A24-S45.csv
2024,46,,2024-11-08,2024-11-14,BRETAGNE,Rennes,E,EUR/kg carcasse,1.82,-0.01,COT-VBL-porc-A24-S46.csv
2024,46,,2024-11-08,2024-11-14,BRETAGNE,Rennes,S,EUR/kg carcasse,1.91,0,COT-VBL-porc-A24-S46.csv
2024,46,,2024-11-08,2024-11-14,"HAUTE ET BASSE NORMANDIE, PAYS DE LOIRE, POITOU-CHARENTES, CENTRE",Nantes,E,EUR/kg carcasse,1.9,0.01,COT-VBL-porc-A24-S46.csv
2024,46,,2024-11-08,2024-11-14,"HAUTE ET BASSE NORMANDIE, PAYS DE LOIRE, POITOU-CHARENTES, CENTRE",Nantes,S,EUR/kg carcasse,1.96,0.01,COT-VBL-porc-A24-S46.csv
2024,46,,2024-11-08,2024-11-14,"NORD-PAS DE CALAIS,PICARDIE, ILE DE FRANCE, LORRAINE,ALSACE, CHAMPAGNE-ARDENNES",Lille,E,EUR/kg carcasse,1.84,0,COT-VBL-porc-A24-S46.csv
2024,46,,2024-11-08,2024-11-14,"NORD-PAS DE CALAIS,PICARDIE, ILE DE FRANCE, LORRAINE,ALSACE, CHAMPAGNE-ARDENNES",Lille,S,EUR/kg carcasse,1.92,0,COT-VBL-porc-A24-S46.csv
2024,46,,2024-11-08,2024-11-14,"BOURGOGNE,FRANCHE-COMTE, RHONE-ALPES, PROVENCE-ALPES COTE D'AZUR,CORSE",Lyon,E,EUR/kg carcasse,1.96,0,COT-VBL-porc-A24-S46.csv
2024,46,,2024-11-08,2024-11-14,"BOURGOGNE,FRANCHE-COMTE, RHONE-ALPES, PROVENCE-ALPES COTE D'AZUR,CORSE",Lyon,S,EUR/kg carcasse,1.97,0,COT-VBL-porc-A24-S46.csv
2024,46,,2024-11-08,2024-11-14,"MIDI-PYRENEES, AQUITAINE LANGUEDOC-ROUSSILLON, AUVERGNE,LIMOUSIN",Toulouse,E,EUR/kg carcasse,1.85,0.01,COT-VBL-porc-A24-S46.csv
2024,46,,2024-11-08,2024-11-14,"MIDI-PYRENEES, AQUITAINE LANGUEDOC-ROUSSILLON, AUVERGNE,LIMOUSIN",Toulouse,S,EUR/kg carcasse,1.9,-0.01,COT-VBL-porc-A24-S46.csv
2024,46,,2024-11-08,2024-11-14,RÉFÉRENCE NATIONALE,,E,EUR/kg carcasse,1.85,0,COT-VBL-porc-A24-S46.csv
2024,46,,2024-11-08,2024-11-14,RÉFÉRENCE NATIONALE,,S,EUR/kg carcasse,1.92,0,COT-VBL-porc-A24-S46.csv
2024,47,,2024-11-15,2024-11-21,BRETAGNE,Rennes,E,EUR/kg carcasse,1.82,0,COT-VBL-porc-A24-S47.csv
2024,47,,2024-11-15,2024-11-21,BRETAGNE,Rennes,S,EUR/kg carcasse,1.91,0,COT-VBL-porc-A24-S47.csv
2024,47,,2024-11-15,2024-11-21,"HAUTE ET BASSE NORMANDIE, PAYS DE LOIRE, POITOU-CHARENTES, CENTRE",Nantes,E,EUR/kg carcasse,1.89,-0.01,COT-VBL-porc-A24-S47.csv
2024,47,,2024-11-15,2024-11-21,"HAUTE ET BASSE NORMANDIE, PAYS DE LOIRE, POITOU-CHARENTES, CENTRE",Nantes,S,EUR/kg carcasse,1.95,-0.01,COT-VBL-porc-A24-S47.csv
2024,47,,2024-11-15,2024-11-21,"NORD-PAS DE CALAIS,PICARDIE, ILE DE FRANCE, LORRAINE,ALSACE, CHAMPAGNE-ARDENNES",Lille,E,EUR/kg carcasse,1.85,0.01,COT-VBL-porc-A24-S47.csv
2024,47,,2024-11-15,2024-11-21,"NORD-PAS DE CALAIS,PICARDIE, ILE DE FRANCE, LORRAINE,ALSACE, CHAMPAGNE-ARDENNES",Lille,S,EUR/kg carcasse,1.92,0,COT-VBL-porc-A24-S47.csv
2024,47,,2024-11-15,2024-11-21,"BOURGOGNE,FRANCHE-COMTE, RHONE-ALPES, PROVENCE-ALPES COTE D'AZUR,CORSE",Lyon,E,EUR/kg carcasse,1.96,0,COT-VBL-porc-A24-S47.csv
2024,47,,2024-11-15,2024-11-21,"BOURGOGNE,FRANCHE-COMTE, RHONE-ALPES, PROVENCE-ALPES COTE D'AZUR,CORSE",Lyon,S,EUR/kg carcasse,1.97,0,COT-VBL-porc-A24-S47.csv
2024,47,,2024-11-15,2024-11-21,"MIDI-PYRENEES, AQUITAINE LANGUEDOC-ROUSSILLON, AUVERGNE,LIMOUSIN",Toulouse,E,EUR/kg carcasse,1.84,-0.01,COT-VBL-porc-A24-S47.csv
2024,47,,2024-11-15,2024-11-21,"MIDI-PYRENEES, AQUITAINE LANGUEDOC-ROUSSILLON, AUVERGNE,LIMOUSIN",Toulouse,S,EUR/kg carcasse,1.88,-0.02,COT-VBL-porc-A24-S47.csv
2024,47,,2024-11-15,2024-11-21,RÉFÉRENCE NATIONALE,,E,EUR/kg carcasse,1.85,0,COT-VBL-porc-A24-S47.csv
2024,47,,2024-11-15,2024-11-21,RÉFÉRENCE NATIONALE,,S,EUR/kg carcasse,1.92,0,COT-VBL-porc-A24-S47.csv
2024,48,,2024-11-22,2024-11-28,BRETAGNE,Rennes,E,EUR/kg carcasse,1.82,0,COT-VBL-porc-A24-S48.csv
2024,48,,2024-11-22,2024-11-28,BRETAGNE,Rennes,S,EUR/kg carcasse,1.91,0,COT-VBL-porc-A24-S48.csv
2024,48,,2024-11-22,2024-11-28,"HAUTE ET BASSE NORMANDIE, PAYS DE LOIRE, POITOU-CHARENTES, CENTRE",Nantes,E,EUR/kg carcasse,1.89,0,COT-VBL-porc-A24-S48.csv
2024,48,,2024-11-22,2024-11-28,"HAUTE ET BASSE NORMANDIE, PAYS DE LOIRE, POITOU-CHARENTES, CENTRE",Nantes,S,EUR/kg carcasse,1.95,0,COT-VBL-porc-A24-S48.csv
2024,48,,2024-11-22,2024-11-28,"NORD-PAS DE CALAIS,PICARDIE, ILE DE FRANCE, LORRAINE,ALSACE, CHAMPAGNE-ARDENNES",Lille,E,EUR/kg carcasse,1.84,-0.01,COT-VBL-porc-A24-S48.csv
2024,48,,2024-11-22,2024-11-28,"NORD-PAS DE CALAIS,PICARDIE, ILE DE FRANCE, LORRAINE,ALSACE, CHAMPAGNE-ARDENNES",Lille,S,EUR/kg carcasse,1.92,0,COT-VBL-porc-A24-S48.csv
2024,48,,2024-11-22,2024-11-28,"BOURGOGNE,FRANCHE-COMTE, RHONE-ALPES, PROVENCE-ALPES COTE D'AZUR,CORSE",Lyon,E,EUR/kg carcasse,1.96,0,COT-VBL-porc-A24-S48.csv
2024,48,,2024-11-22,2024-11-28,"BOURGOGNE,FRANCHE-COMTE, RHONE-ALPES, PROVENCE-ALPES COTE D'AZUR,CORSE",Lyon,S,EUR/kg carcasse,1.97,0,COT-VBL-porc-A24-S48.csv
2024,48,,2024-11-22,2024-11-28,"MIDI-PYRENEES, AQUITAINE LANGUEDOC-ROUSSILLON, AUVERGNE,LIMOUSIN",Toulouse,E,EUR/kg carcasse,1.82,-0.02,COT-VBL-porc-A24-S48.csv
2024,48,,2024-11-22,2024-11-28,"MIDI-PYRENEES, AQUITAINE LANGUEDOC-ROUSSILLON, AUVERGNE,LIMOUSIN",Toulouse,S,EUR/kg carcasse,1.9,0.02,COT-VBL-porc-A24-S48.csv
2024,48,,2024-11-22,2024-11-28,RÉFÉRENCE NATIONALE,,E,EUR/kg carcasse,1.85,0,COT-VBL-porc-A24-S48.csv
2024,48,,2024-11-22,2024-11-28,RÉFÉRENCE NATIONALE,,S,EUR/kg carcasse,1.92,0,COT-VBL-porc-A24-S48.csv
2024,49,,2024-11-29,2024-12-05,BRETAGNE,Rennes,E,EUR/kg carcasse,1.83,0.01,COT-VBL-porc-A24-S49.csv
2024,49,,2024-11-29,2024-12-05,BRETAGNE,Rennes,S,EUR/kg carcasse,1.91,0,COT-VBL-porc-A24-S49.csv
2024,49,,2024-11-29,2024-12-05,"HAUTE ET BASSE NORMANDIE, PAYS DE LOIRE, POITOU-CHARENTES, CENTRE",Nantes,E,EUR/kg carcasse,1.89,0,COT-VBL-porc-A24-S49.csv
2024,49,,2024-11-29,2024-12-05,"HAUTE ET BASSE NORMANDIE, PAYS DE LOIRE, POITOU-CHARENTES, CENTRE",Nantes,S,EUR/kg carcasse,1.95,0,COT-VBL-porc-A24-S49.csv
2024,49,,2024-11-29,2024-12-05,"NORD-PAS DE CALAIS,PICARDIE, ILE DE FRANCE, LORRAINE,ALSACE, CHAMPAGNE-ARDENNES",Lille,E,EUR/kg carcasse,1.84,0,COT-VBL-porc-A24-S49.csv
2024,49,,2024-11-29,2024-12-05,"NORD-PAS DE CALAIS,PICARDIE, ILE DE FRANCE, LORRAINE,ALSACE, CHAMPAGNE-ARDENNES",Lille,S,EUR/kg carcasse,1.91,-0.01,COT-VBL-porc-A24-S49.csv
2024,49,,2024-11-29,2024-12-05,"BOURGOGNE,FRANCHE-COMTE, RHONE-ALPES, PROVENCE-ALPES COTE D'AZUR,CORSE",Lyon,E,EUR/kg carcasse,1.96,0,COT-VBL-porc-A24-S49.csv
2024,49,,2024-11-29,2024-12-05,"BOURGOGNE,FRANCHE-COMTE, RHONE-ALPES, PROVENCE-ALPES COTE D'AZUR,CORSE",Lyon,S,EUR/kg carcasse,1.97,0,COT-VBL-porc-A24-S49.csv
2024,49,,2024-11-29,2024-12-05,"MIDI-PYRENEES, AQUITAINE LANGUEDOC-ROUSSILLON, AUVERGNE,LIMOUSIN",Toulouse,E,EUR/kg carcasse,1.81,-0.01,COT-VBL-porc-A24-S49.csv
2024,49,,2024-11-29,2024-12-05,"MIDI-PYRENEES, AQUITAINE LANGUEDOC-ROUSSILLON, AUVERGNE,LIMOUSIN",Toulouse,S,EUR/kg carcasse,1.9,0,COT-VBL-porc-A24-S49.csv
2024,49,,2024-11-29,2024-12-05,RÉFÉRENCE NATIONALE,,E,EUR/kg carcasse,1.85,0,COT-VBL-porc-A24-S49.csv
2024,49,,2024-11-29,2024-12-05,RÉFÉRENCE NATIONALE,,S,EUR/kg carcasse,1.92,0,COT-VBL-porc-A24-S49.csv
2024,50,,2024-12-06,2024-12-12,BRETAGNE,Rennes,E,EUR/kg carcasse,1.83,0,COT-VBL-porc-A24-S50.csv
2024,50,,2024-12-06,2024-12-12,BRETAGNE,Rennes,S,EUR/kg carcasse,1.91,0,COT-VBL-porc-A24-S50.csv
2024,50,,2024-12-06,2024-12-12,"HAUTE ET BASSE NORMANDIE, PAYS DE LOIRE, POITOU-CHARENTES, CENTRE",Nantes,E,EUR/kg carcasse,1.89,0,COT-VBL-porc-A24-S50.csv
2024,50,,2024-12-06,2024-12-12,"HAUTE ET BASSE NORMANDIE, PAYS DE LOIRE, POITOU-CHARENTES, CENTRE",Nantes,S,EUR/kg carcasse,1.95,0,COT-VBL-porc-A24-S50.csv
2024,50,,2024-12-06,2024-12-12,"NORD-PAS DE CALAIS,PICARDIE, ILE DE FRANCE, LORRAINE,ALSACE, CHAMPAGNE-ARDENNES",Lille,E,EUR/kg carcasse,1.84,0,COT-VBL-porc-A24-S50.csv
2024,50,,2024-12-06,2024-12-12,"NORD-PAS DE CALAIS,PICARDIE, ILE DE FRANCE, LORRAINE,ALSACE, CHAMPAGNE-ARDENNES",Lille,S,EUR/kg carcasse,1.92,0.01,COT-VBL-porc-A24-S50.csv
2024,50,,2024-12-06,2024-12-12,"BOURGOGNE,FRANCHE-COMTE, RHONE-ALPES, PROVENCE-ALPES COTE D'AZUR,CORSE",Lyon,E,EUR/kg carcasse,1.96,0,COT-VBL-porc-A24-S50.csv
2024,50,,2024-12-06,2024-12-12,"BOURGOGNE,FRANCHE-COMTE, RHONE-ALPES, PROVENCE-ALPES COTE D'AZUR,CORSE",Lyon,S,EUR/kg carcasse,1.97,0,COT-VBL-porc-A24-S50.csv
2024,50,,2024-12-06,2024-12-12,"MIDI-PYRENEES, AQUITAINE LANGUEDOC-ROUSSILLON, AUVERGNE,LIMOUSIN",Toulouse,E,EUR/kg carcasse,1.85,0.04,COT-VBL-porc-A24-S50.csv
2024,50,,2024-12-06,2024-12-12,"MIDI-PYRENEES, AQUITAINE LANGUEDOC-ROUSSILLON, AUVERGNE,LIMOUSIN",Toulouse,S,EUR/kg carcasse,1.9,0,COT-VBL-porc-A24-S50.csv
2024,50,,2024-12-06,2024-12-12,RÉFÉRENCE NATIONALE,,E,EUR/kg carcasse,1.85,0,COT-VBL-porc-A24-S50.csv
2024,50,,2024-12-06,2024-12-12,RÉFÉRENCE NATIONALE,,S,EUR/kg carcasse,1.92,0,COT-VBL-porc-A24-S50.csv
2024,51,,2024-12-13,2024-12-19,BRETAGNE,Rennes,E,EUR/kg carcasse,1.83,0,COT-VBL-porc-A24-S51.csv
2024,51,,2024-12-13,2024-12-19,BRETAGNE,Rennes,S,EUR/kg carcasse,1.91,0,COT-VBL-porc-A24-S51.csv
2024,51,,2024-12-13,2024-12-19,"HAUTE ET BASSE NORMANDIE, PAYS DE LOIRE, POITOU-CHARENTES, CENTRE",Nantes,E,EUR/kg carcasse,1.88,-0.01,COT-VBL-porc-A24-S51.csv
2024,51,,2024-12-13,2024-12-19,"HAUTE ET BASSE NORMANDIE, PAYS DE LOIRE, POITOU-CHARENTES, CENTRE",Nantes,S,EUR/kg carcasse,1.96,0.01,COT-VBL-porc-A24-S51.csv
2024,51,,2024-12-13,2024-12-19,"NORD-PAS DE CALAIS,PICARDIE, ILE DE FRANCE, LORRAINE,ALSACE, CHAMPAGNE-ARDENNES",Lille,E,EUR/kg carcasse,1.85,0.01,COT-VBL-porc-A24-S51.csv
2024,51,,2024-12-13,2024-12-19,"NORD-PAS DE CALAIS,PICARDIE, ILE DE FRANCE, LORRAINE,ALSACE, CHAMPAGNE-ARDENNES",Lille,S,EUR/kg carcasse,1.91,-0.01,COT-VBL-porc-A24-S51.csv
2024,51,,2024-12-13,2024-12-19,"BOURGOGNE,FRANCHE-COMTE, RHONE-ALPES, PROVENCE-ALPES COTE D'AZUR,CORSE",Lyon,E,EUR/kg carcasse,1.97,0.01,COT-VBL-porc-A24-S51.csv
2024,51,,2024-12-13,2024-12-19,"BOURGOGNE,FRANCHE-COMTE, RHONE-ALPES, PROVENCE-ALPES COTE D'AZUR,CORSE",Lyon,S,EUR/kg carcasse,1.97,0,COT-VBL-porc-A24-S51.csv
2024,51,,2024-12-13,2024-12-19,"MIDI-PYRENEES, AQUITAINE LANGUEDOC-ROUSSILLON, AUVERGNE,LIMOUSIN",Toulouse,E,EUR/kg carcasse,1.84,-0.01,COT-VBL-porc-A24-S51.csv
2024,51,,2024-12-13,2024-12-19,"MIDI-PYRENEES, AQUITAINE LANGUEDOC-ROUSSILLON, AUVERGNE,LIMOUSIN",Toulouse,S,EUR/kg carcasse,1.89,-0.01,COT-VBL-porc-A24-S51.csv
2024,51,,2024-12-13,2024-12-19,RÉFÉRENCE NATIONALE,,E,EUR/kg carcasse,1.85,0,COT-VBL-porc-A24-S51.csv
2024,51,,2024-12-13,2024-12-19,RÉFÉRENCE NATIONALE,,S,EUR/kg carcasse,1.92,0,COT-VBL-porc-A24-S51.csv
2024,52,,2024-12-20,2024-12-26,BRETAGNE,Rennes,E,EUR/kg carcasse,1.83,0,COT-VBL-porc-A24-S52.csv
2024,52,,2024-12-20,2024-12-26,BRETAGNE,Rennes,S,EUR/kg carcasse,1.91,0,COT-VBL-porc-A24-S52.csv
2024,52,,2024-12-20,2024-12-26,"HAUTE ET BASSE NORMANDIE, PAYS DE LOIRE, POITOU-CHARENTES, CENTRE",Nantes,E,EUR/kg carcasse,1.9,0.02,COT-VBL-porc-A24-S52.csv
2024,52,,2024-12-20,2024-12-26,"HAUTE ET BASSE NORMANDIE, PAYS DE LOIRE, POITOU-CHARENTES, CENTRE",Nantes,S,EUR/kg carcasse,1.95,-0.01,COT-VBL-porc-A24-S52.csv
2024,52,,2024-12-20,2024-12-26,"NORD-PAS DE CALAIS,PICARDIE, ILE DE FRANCE, LORRAINE,ALSACE, CHAMPAGNE-ARDENNES",Lille,E,EUR/kg carcasse,1.84,-0.01,COT-VBL-porc-A24-S52.csv
2024,52,,2024-12-20,2024-12-26,"NORD-PAS DE CALAIS,PICARDIE, ILE DE FRANCE, LORRAINE,ALSACE, CHAMPAGNE-ARDENNES",Lille,S,EUR/kg carcasse,1.91,0,COT-VBL-porc-A24-S52.csv
2024,52,,2024-12-20,2024-12-26,"BOURGOGNE,FRANCHE-COMTE, RHONE-ALPES, PROVENCE-ALPES COTE D'AZUR,CORSE",Lyon,E,EUR/kg carcasse,1.96,-0.01,COT-VBL-porc-A24-S52.csv
2024,52,,2024-12-20,2024-12-26,"BOURGOGNE,FRANCHE-COMTE, RHONE-ALPES, PROVENCE-ALPES COTE D'AZUR,CORSE",Lyon,S,EUR/kg carcasse,1.96,-0.01,COT-VBL-porc-A24-S52.csv
2024,52,,2024-12-20,2024-12-26,"MIDI-PYRENEES, AQUITAINE LANGUEDOC-ROUSSILLON, AUVERGNE,LIMOUSIN",Toulouse,E,EUR/kg carcasse,1.82,-0.02,COT-VBL-porc-A24-S52.csv
2024,52,,2024-12-20,2024-12-26,"MIDI-PYRENEES, AQUITAINE LANGUEDOC-ROUSSILLON, AUVERGNE,LIMOUSIN",Toulouse,S,EUR/kg carcasse,1.89,0,COT-VBL-porc-A24-S52.csv
2024,52,,2024-12-20,2024-12-26,RÉFÉRENCE NATIONALE,,E,EUR/kg carcasse,1.85,0,COT-VBL-porc-A24-S52.csv
2024,52,,2024-12-20,2024-12-26,RÉFÉRENCE NATIONALE,,S,EUR/kg carcasse,1.92,0,COT-VBL-porc-A24-S52.csv
2025,1,,2024-12-27,2025-01-02,BRETAGNE,Rennes,E,EUR/kg carcasse,1.82,-0.01,COT-VBL-porc-A25-S01.csv
2025,1,,2024-12-27,2025-01-02,BRETAGNE,Rennes,S,EUR/kg carcasse,1.91,0,COT-VBL-porc-A25-S01.csv
2025,1,,2024-12-27,2025-01-02,"HAUTE ET BASSE NORMANDIE, PAYS DE LOIRE, POITOU-CHARENTES, CENTRE",Nantes,E,EUR/kg carcasse,1.89,-0.01,COT-VBL-porc-A25-S01.csv
2025,1,,2024-12-27,2025-01-02,"HAUTE ET BASSE NORMANDIE, PAYS DE LOIRE, POITOU-CHARENTES, CENTRE",Nantes,S,EUR/kg carcasse,1.95,0,COT-VBL-porc-A25-S01.csv
2025,1,,2024-12-27,2025-01-02,"NORD-PAS DE CALAIS,PICARDIE, ILE DE FRANCE, LORRAINE,ALSACE, CHAMPAGNE-ARDENNES",Lille,E,EUR/kg carcasse,1.83,-0.01,COT-VBL-porc-A25-S01.csv
2025,1,,2024-12-27,2025-01-02,"NORD-PAS DE CALAIS,PICARDIE, ILE DE FRANCE, LORRAINE,ALSACE, CHAMPAGNE-ARDENNES",Lille,S,EUR/kg carcasse,1.91,0,COT-VBL-porc-A25-S01.csv
2025,1,,2024-12-27,2025-01-02,"BOURGOGNE,FRANCHE-COMTE, RHONE-ALPES, PROVENCE-ALPES COTE D'AZUR,CORSE",Lyon,E,EUR/kg carcasse,1.95,-0.01,COT-VBL-porc-A25-S01.csv
2025,1,,2024-12-27,2025-01-02,"BOURGOGNE,FRANCHE-COMTE, RHONE-ALPES, PROVENCE-ALPES COTE D'AZUR,CORSE",Lyon,S,EUR/kg carcasse,1.96,0,COT-VBL-porc-A25-S01.csv
2025,1,,2024-12-27,2025-01-02,"MIDI-PYRENEES, AQUITAINE LANGUEDOC-ROUSSILLON, AUVERGNE,LIMOUSIN",Toulouse,E,EUR/kg carcasse,1.82,0,COT-VBL-porc-A25-S01.csv
2025,1,,2024-12-27,2025-01-02,"MIDI-PYRENEES, AQUITAINE LANGUEDOC-ROUSSILLON, AUVERGNE,LIMOUSIN",Toulouse,S,EUR/kg carcasse,1.89,0,COT-VBL-porc-A25-S01.csv
2025,1,,2024-12-27,2025-01-02,RÉFÉRENCE NATIONALE,,E,EUR/kg carcasse,1.85,0,COT-VBL-porc-A25-S01.csv
2025,1,,2024-12-27,2025-01-02,RÉFÉRENCE NATIONALE,,S,EUR/kg carcasse,1.92,0,COT-VBL-porc-A25-S01.csv
2025,2,,2025-01-03,2025-01-09,BRETAGNE,Rennes,E,EUR/kg carcasse,1.82,0,COT-VBL-porc-A25-S02.csv
2025,2,,2025-01-03,2025-01-09,BRETAGNE,Rennes,S,EUR/kg carcasse,1.91,0,COT-VBL-porc-A25-S02.csv
2025,2,,2025-01-03,2025-01-09,"HAUTE ET BASSE NORMANDIE, PAYS DE LOIRE, POITOU-CHARENTES, CENTRE",Nantes,E,EUR/kg carcasse,1.89,0,COT-VBL-porc-A25-S02.csv
2025,2,,2025-01-03,2025-01-09,"HAUTE ET BASSE NORMANDIE, PAYS DE LOIRE, POITOU-CHARENTES, CENTRE",Nantes,S,EUR/kg carcasse,1.95,0,COT-VBL-porc-A25-S02.csv
2025,2,,2025-01-03,2025-01-09,"NORD-PAS DE CALAIS,PICARDIE, ILE DE FRANCE, LORRAINE,ALSACE, CHAMPAGNE-ARDENNES",Lille,E,EUR/kg carcasse,1.84,0.01,COT-VBL-porc-A25-S02.csv
2025,2,,2025-01-03,2025-01-09,"NORD-PAS DE CALAIS,PICARDIE, ILE DE FRANCE, LORRAINE,ALSACE, CHAMPAGNE-ARDENNES",Lille,S,EUR/kg carcasse,1.92,0.01,COT-VBL-porc-A25-S02.csv
2025,2,,2025-01-03,2025-01-09,"BOURGOGNE,FRANCHE-COMTE, RHONE-ALPES, PROVENCE-ALPES COTE D'AZUR,CORSE",Lyon,E,EUR/kg carcasse,1.96,0.01,COT-VBL-porc-A25-S02.csv
2025,2,,2025-01-03,2025-01-09,"BOURGOGNE,FRANCHE-COMTE, RHONE-ALPES, PROVENCE-ALPES COTE D'AZUR,CORSE",Lyon,S,EUR/kg carcasse,1.97,0.01,COT-VBL-porc-A25-S02.csv
2025,2,,2025-01-03,2025-01-09,"MIDI-PYRENEES, AQUITAINE LANGUEDOC-ROUSSILLON, AUVERGNE,LIMOUSIN",Toulouse,E,EUR/kg carcasse,1.83,0.01,COT-VBL-porc-A25-S02.csv
2025,2,,2025-01-03,2025-01-09,"MIDI-PYRENEES, AQUITAINE LANGUEDOC-ROUSSILLON, AUVERGNE,LIMOUSIN",Toulouse,S,EUR/kg carcasse,1.9,0.01,COT-VBL-porc-A25-S02.csv
2025,2,,2025-01-03,2025-01-09,RÉFÉRENCE NATIONALE,,E,EUR/kg carcasse,1.84,-0.01,COT-VBL-porc-A25-S02.csv
2025,2,,2025-01-03,2025-01-09,RÉFÉRENCE NATIONALE,,S,EUR/kg carcasse,1.92,0,COT-VBL-porc-A25-S02.csv
2025,3,,2025-01-10,2025-01-16,BRETAGNE,Rennes,E,EUR/kg carcasse,1.82,0,COT-VBL-porc-A25-S03.csv
2025,3,,2025-01-10,2025-01-16,BRETAGNE,Rennes,S,EUR/kg carcasse,1.91,0,COT-VBL-porc-A25-S03.csv
2025,3,,2025-01-10,2025-01-16,"HAUTE ET BASSE NORMANDIE, PAYS DE LOIRE, POITOU-CHARENTES, CENTRE",Nantes,E,EUR/kg carcasse,1.89,0,COT-VBL-porc-A25-S03.csv
2025,3,,2025-01-10,2025-01-16,"HAUTE ET BASSE NORMANDIE, PAYS DE LOIRE, POITOU-CHARENTES, CENTRE",Nantes,S,EUR/kg carcasse,1.95,0,COT-VBL-porc-A25-S03.csv
2025,3,,2025-01-10,2025-01-16,"NORD-PAS DE CALAIS,PICARDIE, ILE DE FRANCE, LORRAINE,ALSACE, CHAMPAGNE-ARDENNES",Lille,E,EUR/kg carcasse,1.84,0,COT-VBL-porc-A25-S03.csv
2025,3,,2025-01-10,2025-01-16,"NORD-PAS DE CALAIS,PICARDIE, ILE DE FRANCE, LORRAINE,ALSACE, CHAMPAGNE-ARDENNES",Lille,S,EUR/kg carcasse,1.91,-0.01,COT-VBL-porc-A25-S03.csv
2025,3,,2025-01-10,2025-01-16,"BOURGOGNE,FRANCHE-COMTE, RHONE-ALPES, PROVENCE-ALPES COTE D'AZUR,CORSE",Lyon,E,EUR/kg carcasse,1.96,0,COT-VBL-porc-A25-S03.csv
2025,3,,2025-01-10,2025-01-16,"BOURGOGNE,FRANCHE-COMTE, RHONE-ALPES, PROVENCE-ALPES COTE D'AZUR,CORSE",Lyon,S,EUR/kg carcasse,1.97,0,COT-VBL-porc-A25-S03.csv
2025,3,,2025-01-10,2025-01-16,"MIDI-PYRENEES, AQUITAINE LANGUEDOC-ROUSSILLON, AUVERGNE,LIMOUSIN",Toulouse,E,EUR/kg carcasse,1.82,-0.01,COT-VBL-porc-A25-S03.csv
2025,3,,2025-01-10,2025-01-16,"MIDI-PYRENEES, AQUITAINE LANGUEDOC-ROUSSILLON, AUVERGNE,LIMOUSIN",Toulouse,S,EUR/kg carcasse,1.9,0,COT-VBL-porc-A25-S03.csv
2025,3,,2025-01-10,2025-01-16,RÉFÉRENCE NATIONALE,,E,EUR/kg carcasse,1.84,0,COT-VBL-porc-A25-S03.csv
2025,3,,2025-01-10,2025-01-16,RÉFÉRENCE NATIONALE,,S,EUR/kg carcasse,1.92,0,COT-VBL-porc-A25-S03.csv
2025,4,,2025-01-17,2025-01-23,BRETAGNE,Rennes,E,EUR/kg carcasse,1.82,0,COT-VBL-porc-A25-S04.csv
2025,4,,2025-01-17,2025-01-23,BRETAGNE,Rennes,S,EUR/kg carcasse,1.91,0,COT-VBL-porc-A25-S04.csv
2025,4,,2025-01-17,2025-01-23,"HAUTE ET BASSE NORMANDIE, PAYS DE LOIRE, POITOU-CHARENTES, CENTRE",Nantes,E,EUR/kg carcasse,1.89,0,COT-VBL-porc-A25-S04.csv
2025,4,,2025-01-17,2025-01-23,"HAUTE ET BASSE NORMANDIE, PAYS DE LOIRE, POITOU-CHARENTES, CENTRE",Nantes,S,EUR/kg carcasse,1.95,0,COT-VBL-porc-A25-S04.csv
2025,4,,2025-01-17,2025-01-23,"NORD-PAS DE CALAIS,PICARDIE, ILE DE FRANCE, LORRAINE,ALSACE, CHAMPAGNE-ARDENNES",Lille,E,EUR/kg carcasse,1.82,-0.02,COT-VBL-porc-A25-S04.csv
2025,4,,2025-01-17,2025-01-23,"NORD-PAS DE CALAIS,PICARDIE, ILE DE FRANCE, LORRAINE,ALSACE, CHAMPAGNE-ARDENNES",Lille,S,EUR/kg carcasse,1.91,0,COT-VBL-porc-A25-S04.csv
2025,4,,2025-01-17,2025-01-23,"BOURGOGNE,FRANCHE-COMTE, RHONE-ALPES, PROVENCE-ALPES COTE D'AZUR,CORSE",Lyon,E,EUR/kg carcasse,1.96,0,COT-VBL-porc-A25-S04.csv
2025,4,,2025-01-17,2025-01-23,"BOURGOGNE,FRANCHE-COMTE, RHONE-ALPES, PROVENCE-ALPES COTE D'AZUR,CORSE",Lyon,S,EUR/kg carcasse,1.96,-0.01,COT-VBL-porc-A25-S04.csv
2025,4,,2025-01-17,2025-01-23,"MIDI-PYRENEES, AQUITAINE LANGUEDOC-ROUSSILLON, AUVERGNE,LIMOUSIN",Toulouse,E,EUR/kg carcasse,1.85,0.03,COT-VBL-porc-A25-S04.csv
2025,4,,2025-01-17,2025-01-23,"MIDI-PYRENEES, AQUITAINE LANGUEDOC-ROUSSILLON, AUVERGNE,LIMOUSIN",Toulouse,S,EUR/kg carcasse,1.89,-0.01,COT-VBL-porc-A25-S04.csv
2025,4,,2025-01-17,2025-01-23,RÉFÉRENCE NATIONALE,,E,EUR/kg carcasse,1.85,0.01,COT-VBL-porc-A25-S04.csv
2025,4,,2025-01-17,2025-01-23,RÉFÉRENCE NATIONALE,,S,EUR/kg carcasse,1.92,0,COT-VBL-porc-A25-S04.csv
2025,5,,2025-01-24,2025-01-30,BRETAGNE,Rennes,E,EUR/kg carcasse,1.82,0,COT-VBL-porc-A25-S05.csv
2025,5,,2025-01-24,2025-01-30,BRETAGNE,Rennes,S,EUR/kg carcasse,1.91,0,COT-VBL-porc-A25-S05.csv
2025,5,,2025-01-24,2025-01-30,"HAUTE ET BASSE NORMANDIE, PAYS DE LOIRE, POITOU-CHARENTES, CENTRE",Nantes,E,EUR/kg carcasse,1.9,0.01,COT-VBL-porc-A25-S05.csv
2025,5,,2025-01-24,2025-01-30,"HAUTE ET BASSE NORMANDIE, PAYS DE LOIRE, POITOU-CHARENTES, CENTRE",Nantes,S,EUR/kg carcasse,1.95,0,COT-VBL-porc-A25-S05.csv
2025,5,,2025-01-24,2025-01-30,"NORD-PAS DE CALAIS,PICARDIE, ILE DE FRANCE, LORRAINE,ALSACE, CHAMPAGNE-ARDENNES",Lille,E,EUR/kg carcasse,1.83,0.01,COT-VBL-porc-A25-S05.csv
2025,5,,2025-01-24,2025-01-30,"NORD-PAS DE CALAIS,PICARDIE, ILE DE FRANCE, LORRAINE,ALSACE, CHAMPAGNE-ARDENNES",Lille,S,EUR/kg carcasse,1.91,0,COT-VBL-porc-A25-S05.csv
2025,5,,2025-01-24,2025-01-30,"BOURGOGNE,FRANCHE-COMTE, RHONE-ALPES, PROVENCE-ALPES COTE D'AZUR,CORSE",Lyon,E,EUR/kg carcasse,1.96,0,COT-VBL-porc-A25-S05.csv
2025,5,,2025-01-24,2025-01-30,"BOURGOGNE,FRANCHE-COMTE, RHONE-ALPES, PROVENCE-ALPES COTE D'AZUR,CORSE",Lyon,S,EUR/kg carcasse,1.97,0.01,COT-VBL-porc-A25-S05.csv
2025,5,,2025-01-24,2025-01-30,"MIDI-PYRENEES, AQUITAINE LANGUEDOC-ROUSSILLON, AUVERGNE,LIMOUSIN",Toulouse,E,EUR/kg carcasse,1.83,-0.02,COT-VBL-porc-A25-S05.csv
2025,5,,2025-01-24,2025-01-30,"MIDI-PYRENEES, AQUITAINE LANGUEDOC-ROUSSILLON, AUVERGNE,LIMOUSIN",Toulouse,S,EUR/kg carcasse,1.89,0,COT-VBL-porc-A25-S05.csv
2025,5,,2025-01-24,2025-01-30,RÉFÉRENCE NATIONALE,,E,EUR/kg carcasse,1.85,0,COT-VBL-porc-A25-S05.csv
2025,5,,2025-01-24,2025-01-30,RÉFÉRENCE NATIONALE,,S,EUR/kg carcasse,1.92,0,COT-VBL-porc-A25-S05.csv
2025,6,,2025-01-31,2025-02-06,BRETAGNE,Rennes,E,EUR/kg carcasse,1.83,0.01,COT-VBL-porc-A25-S06.csv
2025,6,,2025-01-31,2025-02-06,BRETAGNE,Rennes,S,EUR/kg carcasse,1.91,0,COT-VBL-porc-A25-S06.csv
2025,6,,2025-01-31,2025-02-06,"HAUTE ET BASSE NORMANDIE, PAYS DE LOIRE, POITOU-CHARENTES, CENTRE",Nantes,E,EUR/kg carcasse,1.9,0,COT-VBL-porc-A25-S06.csv
2025,6,,2025-01-31,2025-02-06,"HAUTE ET BASSE NORMANDIE, PAYS DE LOIRE, POITOU-CHARENTES, CENTRE",Nantes,S,EUR/kg carcasse,1.96,0.01,COT-VBL-porc-A25-S06.csv
2025,6,,2025-01-31,2025-02-06,"NORD-PAS DE CALAIS,PICARDIE, ILE DE FRANCE, LORRAINE,ALSACE, CHAMPAGNE-ARDENNES",Lille,E,EUR/kg carcasse,1.83,0,COT-VBL-porc-A25-S06.csv
2025,6,,2025-01-31,2025-02-06,"NORD-PAS DE CALAIS,PICARDIE, ILE DE FRANCE, LORRAINE,ALSACE, CHAMPAGNE-ARDENNES",Lille,S,EUR/kg carcasse,1.91,0,COT-VBL-porc-A25-S06.csv
2025,6,,2025-01-31,2025-02-06,"BOURGOGNE,FRANCHE-COMTE, RHONE-ALPES, PROVENCE-ALPES COTE D'AZUR,CORSE",Lyon,E,EUR/kg carcasse,1.96,0,COT-VBL-porc-A25-S06.csv
2025,6,,2025-01-31,2025-02-06,"BOURGOGNE,FRANCHE-COMTE, RHONE-ALPES, PROVENCE-ALPES COTE D'AZUR,CORSE",Lyon,S,EUR/kg carcasse,1.97,0,COT-VBL-porc-A25-S06.csv
2025,6,,2025-01-31,2025-02-06,"MIDI-PYRENEES, AQUITAINE LANGUEDOC-ROUSSILLON, AUVERGNE,LIMOUSIN",Toulouse,E,EUR/kg carcasse,1.83,0,COT-VBL-porc-A25-S06.csv
2025,6,,2025-01-31,2025-02-06,"MIDI-PYRENEES, AQUITAINE LANGUEDOC-ROUSSILLON, AUVERGNE,LIMOUSIN",Toulouse,S,EUR/kg carcasse,1.9,0.01,COT-VBL-porc-A25-S06.csv
2025,6,,2025-01-31,2025-02-06,RÉFÉRENCE NATIONALE,,E,EUR/kg carcasse,1.85,0,COT-VBL-porc-A25-S06.csv
2025,6,,2025-01-31,2025-02-06,RÉFÉRENCE NATIONALE,,S,EUR/kg carcasse,1.92,0,COT-VBL-porc-A25-S06.csv
2025,7,,2025-02-07,2025-02-13,BRETAGNE,Rennes,E,EUR/kg carcasse,1.82,-0.01,COT-VBL-porc-A25-S07.csv
2025,7,,2025-02-07,2025-02-13,BRETAGNE,Rennes,S,EUR/kg carcasse,1.91,0,COT-VBL-porc-A25-S07.csv
2025,7,,2025-02-07,2025-02-13,"HAUTE ET BASSE NORMANDIE, PAYS DE LOIRE, POITOU-CHARENTES, CENTRE",Nantes,E,EUR/kg carcasse,1.89,-0.01,COT-VBL-porc-A25-S07.csv
2025,7,,2025-02-07,2025-02-13,"HAUTE ET BASSE NORMANDIE, PAYS DE LOIRE, POITOU-CHARENTES, CENTRE",Nantes,S,EUR/kg carcasse,1.95,-0.01,COT-VBL-porc-A25-S07.csv
2025,7,,2025-02-07,2025-02-13,"NORD-PAS DE CALAIS,PICARDIE, ILE DE FRANCE, LORRAINE,ALSACE, CHAMPAGNE-ARDENNES",Lille,E,EUR/kg carcasse,1.84,0.01,COT-VBL-porc-A25-S07.csv
2025,7,,2025-02-07,2025-02-13,"NORD-PAS DE CALAIS,PICARDIE, ILE DE FRANCE, LORRAINE,ALSACE, CHAMPAGNE-ARDENNES",Lille,S,EUR/kg carcasse,1.91,0,COT-VBL-porc-A25-S07.csv
2025,7,,2025-02-07,2025-02-13,"BOURGOGNE,FRANCHE-COMTE, RHONE-ALPES, PROVENCE-ALPES COTE D'AZUR,CORSE",Lyon,E,EUR/kg carcasse,1.96,0,COT-VBL-porc-A25-S07.csv
2025,7,,2025-02-07,2025-02-13,"BOURGOGNE,FRANCHE-COMTE, RHONE-ALPES, PROVENCE-ALPES COTE D'AZUR,CORSE",Lyon,S,EUR/kg carcasse,1.97,0,COT-VBL-porc-A25-S07.csv
2025,7,,2025-02-07,2025-02-13,"MIDI-PYRENEES, AQUITAINE LANGUEDOC-ROUSSILLON, AUVERGNE,LIMOUSIN",Toulouse,E,EUR/kg carcasse,1.83,0,COT-VBL-porc-A25-S07.csv
2025,7,,2025-02-07,2025-02-13,"MIDI-PYRENEES, AQUITAINE LANGUEDOC-ROUSSILLON, AUVERGNE,LIMOUSIN",Toulouse,S,EUR/kg carcasse,1.89,-0.01,COT-VBL-porc-A25-S07.csv
2025,7,,2025-02-07,2025-02-13,RÉFÉRENCE NATIONALE,,E,EUR/kg carcasse,1.85,0,COT-VBL-porc-A25-S07.csv
2025,7,,2025-02-07,2025-02-13,RÉFÉRENCE NATIONALE,,S,EUR/kg carcasse,1.92,0,COT-VBL-porc-A25-S07.csv
2025,8,,2025-02-14,2025-02-20,BRETAGNE,Rennes,E,EUR/kg carcasse,1.82,0,COT-VBL-porc-A25-S08.csv
2025,8,,2025-02-14,2025-02-20,BRETAGNE,Rennes,S,EUR/kg carcasse,1.91,0,COT-VBL-porc-A25-S08.csv
2025,8,,2025-02-14,2025-02-20,"HAUTE ET BASSE NORMANDIE, PAYS DE LOIRE, POITOU-CHARENTES, CENTRE",Nantes,E,EUR/kg carcasse,1.89,0,COT-VBL-porc-A25-S08.csv
2025,8,,2025-02-14,2025-02-20,"HAUTE ET BASSE NORMANDIE, PAYS DE LOIRE, POITOU-CHARENTES, CENTRE",Nantes,S,EUR/kg carcasse,1.95,0,COT-VBL-porc-A25-S08.csv
2025,8,,2025-02-14,2025-02-20,"NORD-PAS DE CALAIS,PICARDIE, ILE DE FRANCE, LORRAINE,ALSACE, CHAMPAGNE-ARDENNES",Lille,E,EUR/kg carcasse,1.83,-0.01,COT-VBL-porc-A25-S08.csv
2025,8,,2025-02-14,2025-02-20,"NORD-PAS DE CALAIS,PICARDIE, ILE DE FRANCE, LORRAINE,ALSACE, CHAMPAGNE-ARDENNES",Lille,S,EUR/kg carcasse,1.91,0,COT-VBL-porc-A25-S08.csv
2025,8,,2025-02-14,2025-02-20,"BOURGOGNE,FRANCHE-COMTE, RHONE-ALPES, PROVENCE-ALPES COTE D'AZUR,CORSE",Lyon,E,EUR/kg carcasse,1.96,0,COT-VBL-porc-A25-S08.csv
2025,8,,2025-02-14,2025-02-20,"BOURGOGNE,FRANCHE-COMTE, RHONE-ALPES, PROVENCE-ALPES COTE D'AZUR,CORSE",Lyon,S,EUR/kg carcasse,1.96,-0.01,COT-VBL-porc-A25-S08.csv
2025,8,,2025-02-14,2025-02-20,"MIDI-PYRENEES, AQUITAINE LANGUEDOC-ROUSSILLON, AUVERGNE,LIMOUSIN",Toulouse,E,EUR/kg carcasse,1.83,0,COT-VBL-porc-A25-S08.csv
2025,8,,2025-02-14,2025-02-20,"MIDI-PYRENEES, AQUITAINE LANGUEDOC-ROUSSILLON, AUVERGNE,LIMOUSIN",Toulouse,S,EUR/kg carcasse,1.89,0,COT-VBL-porc-A25-S08.csv
2025,8,,2025-02-14,2025-02-20,RÉFÉRENCE NATIONALE,,E,EUR/kg carcasse,1.85,0,COT-VBL-porc-A25-S08.csv
2025,8,,2025-02-14,2025-02-20,RÉFÉRENCE NATIONALE,,S,EUR/kg carcasse,1.92,0,COT-VBL-porc-A25-S08.csv
2025,9,,2025-02-21,2025-02-27,BRETAGNE,Rennes,E,EUR/kg carcasse,1.82,0,COT-VBL-porc-A25-S09.csv
2025,9,,2025-02-21,2025-02-27,BRETAGNE,Rennes,S,EUR/kg carcasse,1.91,0,COT-VBL-porc-A25-S09.csv
2025,9,,2025-02-21,2025-02-27,"HAUTE ET BASSE NORMANDIE, PAYS DE LOIRE, POITOU-CHARENTES, CENTRE",Nantes,E,EUR/kg carcasse,1.88,-0.01,COT-VBL-porc-A25-S09.csv
2025,9,,2025-02-21,2025-02-27,"HAUTE ET BASSE NORMANDIE, PAYS DE LOIRE, POITOU-CHARENTES, CENTRE",Nantes,S,EUR/kg carcasse,1.95,0,COT-VBL-porc-A25-S09.csv
2025,9,,2025-02-21,2025-02-27,"NORD-PAS DE CALAIS,PICARDIE, ILE DE FRANCE, LORRAINE,ALSACE, CHAMPAGNE-ARDENNES",Lille,E,EUR/kg carcasse,1.83,0,COT-VBL-porc-A25-S09.csv
2025,9,,2025-02-21,2025-02-27,"NORD-PAS DE CALAIS,PICARDIE, ILE DE FRANCE, LORRAINE,ALSACE, CHAMPAGNE-ARDENNES",Lille,S,EUR/kg carcasse,1.91,0,COT-VBL-porc-A25-S09.csv
2025,9,,2025-02-21,2025-02-27,"BOURGOGNE,FRANCHE-COMTE, RHONE-ALPES, PROVENCE-ALPES COTE D'AZUR,CORSE",Lyon,E,EUR/kg carcasse,1.95,-0.01,COT-VBL-porc-A25-S09.csv
2025,9,,2025-02-21,2025-02-27,"BOURGOGNE,FRANCHE-COMTE, RHONE-ALPES, PROVENCE-ALPES COTE D'AZUR,CORSE",Lyon,S,EUR/kg carcasse,1.97,0.01,COT-VBL-porc-A25-S09.csv
2025,9,,2025-02-21,2025-02-27,"MIDI-PYRENEES, AQUITAINE LANGUEDOC-ROUSSILLON, AUVERGNE,LIMOUSIN",Toulouse,E,EUR/kg carcasse,1.84,0.01,COT-VBL-porc-A25-S09.csv
2025,9,,2025-02-21,2025-02-27,"MIDI-PYRENEES, AQUITAINE LANGUEDOC-ROUSSILLON, AUVERGNE,LIMOUSIN",Toulouse,S,EUR/kg carcasse,1.89,0,COT-VBL-porc-A25-S09.csv
2025,9,,2025-02-21,2025-02-27,RÉFÉRENCE NATIONALE,,E,EUR/kg carcasse,1.84,-0.01,COT-VBL-porc-A25-S09.csv
2025,9,,2025-02-21,2025-02-27,RÉFÉRENCE NATIONALE,,S,EUR/kg carcasse,1.92,0,COT-VBL-porc-A25-S09.csv
2025,10,,2025-02-28,2025-03-06,BRETAGNE,Rennes,E,EUR/kg carcasse,1.82,0,COT-VBL-porc-A25-S10.csv
2025,10,,2025-02-28,2025-03-06,BRETAGNE,Rennes,S,EUR/kg carcasse,1.91,0,COT-VBL-porc-A25-S10.csv
2025,10,,2025-02-28,2025-03-06,"HAUTE ET BASSE NORMANDIE, PAYS DE LOIRE, POITOU-CHARENTES, CENTRE",Nantes,E,EUR/kg carcasse,1.9,0.02,COT-VBL-porc-A25-S10.csv
2025,10,,2025-02-28,2025-03-06,"HAUTE ET BASSE NORMANDIE, PAYS DE LOIRE, POITOU-CHARENTES, CENTRE",Nantes,S,EUR/kg carcasse,1.95,0,COT-VBL-porc-A25-S10.csv
2025,10,,2025-02-28,2025-03-06,"NORD-PAS DE CALAIS,PICARDIE, ILE DE FRANCE, LORRAINE,ALSACE, CHAMPAGNE-ARDENNES",Lille,E,EUR/kg carcasse,1.83,0,COT-VBL-porc-A25-S10.csv
2025,10,,2025-02-28,2025-03-06,"NORD-PAS DE CALAIS,PICARDIE, ILE DE FRANCE, LORRAINE,ALSACE, CHAMPAGNE-ARDENNES",Lille,S,EUR/kg carcasse,1.9,-0.01,COT-VBL-porc-A25-S10.csv
2025,10,,2025-02-28,2025-03-06,"BOURGOGNE,FRANCHE-COMTE, RHONE-ALPES, PROVENCE-ALPES COTE D'AZUR,CORSE",Lyon,E,EUR/kg carcasse,1.96,0.01,COT-VBL-porc-A25-S10.csv
2025,10,,2025-02-28,2025-03-06,"BOURGOGNE,FRANCHE-COMTE, RHONE-ALPES, PROVENCE-ALPES COTE D'AZUR,CORSE",Lyon,S,EUR/kg carcasse,1.96,-0.01,COT-VBL-porc-A25-S10.csv
2025,10,,2025-02-28,2025-03-06,"MIDI-PYRENEES, AQUITAINE LANGUEDOC-ROUSSILLON, AUVERGNE,LIMOUSIN",Toulouse,E,EUR/kg carcasse,1.83,-0.01,COT-VBL-porc-A25-S10.csv
2025,10,,2025-02-28,2025-03-06,"MIDI-PYRENEES, AQUITAINE LANGUEDOC-ROUSSILLON, AUVERGNE,LIMOUSIN",Toulouse,S,EUR/kg carcasse,1.89,0,COT-VBL-porc-A25-S10.csv
2025,10,,2025-02-28,2025-03-06,RÉFÉRENCE NATIONALE,,E,EUR/kg carcasse,1.85,0.01,COT-VBL-porc-A25-S10.csv
2025,10,,2025-02-28,2025-03-06,RÉFÉRENCE NATIONALE,,S,EUR/kg carcasse,1.92,0,COT-VBL-porc-A25-S10.csv
2025,11,,2025-03-07,2025-03-13,BRETAGNE,Rennes,E,EUR/kg carcasse,1.82,0,COT-VBL-porc-A25-S11.csv
2025,11,,2025-03-07,2025-03-13,BRETAGNE,Rennes,S,EUR/kg carcasse,1.91,0,COT-VBL-porc-A25-S11.csv
2025,11,,2025-03-07,2025-03-13,"HAUTE ET BASSE NORMANDIE, PAYS DE LOIRE, POITOU-CHARENTES, CENTRE",Nantes,E,EUR/kg carcasse,1.89,-0.01,COT-VBL-porc-A25-S11.csv
2025,11,,2025-03-07,2025-03-13,"HAUTE ET BASSE NORMANDIE, PAYS DE LOIRE, POITOU-CHARENTES, CENTRE",Nantes,S,EUR/kg carcasse,1.95,0,COT-VBL-porc-A25-S11.csv
2025,11,,2025-03-07,2025-03-13,"NORD-PAS DE CALAIS,PICARDIE, ILE DE FRANCE, LORRAINE,ALSACE, CHAMPAGNE-ARDENNES",Lille,E,EUR/kg carcasse,1.83,0,COT-VBL-porc-A25-S11.csv
2025,11,,2025-03-07,2025-03-13,"NORD-PAS DE CALAIS,PICARDIE, ILE DE FRANCE, LORRAINE,ALSACE, CHAMPAGNE-ARDENNES",Lille,S,EUR/kg carcasse,1.89,-0.01,COT-VBL-porc-A25-S11.csv
2025,11,,2025-03-07,2025-03-13,"BOURGOGNE,FRANCHE-COMTE, RHONE-ALPES, PROVENCE-ALPES COTE D'AZUR,CORSE",Lyon,E,EUR/kg carcasse,1.96,0,COT-VBL-porc-A25-S11.csv
2025,11,,2025-03-07,2025-03-13,"BOURGOGNE,FRANCHE-COMTE, RHONE-ALPES, PROVENCE-ALPES COTE D'AZUR,CORSE",Lyon,S,EUR/kg carcasse,1.97,0.01,COT-VBL-porc-A25-S11.csv
2025,11,,2025-03-07,2025-03-13,"MIDI-PYRENEES, AQUITAINE LANGUEDOC-ROUSSILLON, AUVERGNE,LIMOUSIN",Toulouse,E,EUR/kg carcasse,1.84,0.01,COT-VBL-porc-A25-S11.csv
2025,11,,2025-03-07,2025-03-13,"MIDI-PYRENEES, AQUITAINE LANGUEDOC-ROUSSILLON, AUVERGNE,LIMOUSIN",Toulouse,S,EUR/kg carcasse,1.9,0.01,COT-VBL-porc-A25-S11.csv
2025,11,,2025-03-07,2025-03-13,RÉFÉRENCE NATIONALE,,E,EUR/kg carcasse,1.85,0,COT-VBL-porc-A25-S11.csv
2025,11,,2025-03-07,2025-03-13,RÉFÉRENCE NATIONALE,,S,EUR/kg carcasse,1.92,0,COT-VBL-porc-A25-S11.csv
2025,12,,2025-03-14,2025-03-20,BRETAGNE,Rennes,E,EUR/kg carcasse,1.82,0,COT-VBL-porc-A25-S12.csv
2025,12,,2025-03-14,2025-03-20,BRETAGNE,Rennes,S,EUR/kg carcasse,1.91,0,COT-VBL-porc-A25-S12.csv
2025,12,,2025-03-14,2025-03-20,"HAUTE ET BASSE NORMANDIE, PAYS DE LOIRE, POITOU-CHARENTES, CENTRE",Nantes,E,EUR/kg carcasse,1.89,0,COT-VBL-porc-A25-S12.csv
2025,12,,2025-03-14,2025-03-20,"HAUTE ET BASSE NORMANDIE, PAYS DE LOIRE, POITOU-CHARENTES, CENTRE",Nantes,S,EUR/kg carcasse,1.94,-0.01,COT-VBL-porc-A25-S12.csv
2025,12,,2025-03-14,2025-03-20,"NORD-PAS DE CALAIS,PICARDIE, ILE DE FRANCE, LORRAINE,ALSACE, CHAMPAGNE-ARDENNES",Lille,E,EUR/kg carcasse,1.83,0,COT-VBL-porc-A25-S12.csv
2025,12,,2025-03-14,2025-03-20,"NORD-PAS DE CALAIS,PICARDIE, ILE DE FRANCE, LORRAINE,ALSACE, CHAMPAGNE-ARDENNES",Lille,S,EUR/kg carcasse,1.91,0.02,COT-VBL-porc-A25-S12.csv
2025,12,,2025-03-14,2025-03-20,"BOURGOGNE,FRANCHE-COMTE, RHONE-ALPES, PROVENCE-ALPES COTE D'AZUR,CORSE",Lyon,E,EUR/kg carcasse,1.95,-0.01,COT-VBL-porc-A25-S12.csv
2025,12,,2025-03-14,2025-03-20,"BOURGOGNE,FRANCHE-COMTE, RHONE-ALPES, PROVENCE-ALPES COTE D'AZUR,CORSE",Lyon,S,EUR/kg carcasse,1.96,-0.01,COT-VBL-porc-A25-S12.csv
2025,12,,2025-03-14,2025-03-20,"MIDI-PYRENEES, AQUITAINE LANGUEDOC-ROUSSILLON, AUVERGNE,LIMOUSIN",Toulouse,E,EUR/kg carcasse,1.86,0.02,COT-VBL-porc-A25-S12.csv
2025,12,,2025-03-14,2025-03-20,"MIDI-PYRENEES, AQUITAINE LANGUEDOC-ROUSSILLON, AUVERGNE,LIMOUSIN",Toulouse,S,EUR/kg carcasse,1.89,-0.01,COT-VBL-porc-A25-S12.csv
2025,12,,2025-03-14,2025-03-20,RÉFÉRENCE NATIONALE,,E,EUR/kg carcasse,1.85,0,COT-VBL-porc-A25-S12.csv
2025,12,,2025-03-14,2025-03-20,RÉFÉRENCE NATIONALE,,S,EUR/kg carcasse,1.92,0,COT-VBL-porc-A25-S12.csv
2025,13,,2025-03-21,2025-03-27,BRETAGNE,Rennes,E,EUR/kg carcasse,1.83,0.01,COT-VBL-porc-A25-S13.csv
2025,13,,2025-03-21,2025-03-27,BRETAGNE,Rennes,S,EUR/kg carcasse,1.91,0,COT-VBL-porc-A25-S13.csv
2025,13,,2025-03-21,2025-03-27,"HAUTE ET BASSE NORMANDIE, PAYS DE LOIRE, POITOU-CHARENTES, CENTRE",Nantes,E,EUR/kg carcasse,1.89,0,COT-VBL-porc-A25-S13.csv
2025,13,,2025-03-21,2025-03-27,"HAUTE ET BASSE NORMANDIE, PAYS DE LOIRE, POITOU-CHARENTES, CENTRE",Nantes,S,EUR/kg carcasse,1.94,0,COT-VBL-porc-A25-S13.csv
2025,13,,2025-03-21,2025-03-27,"NORD-PAS DE CALAIS,PICARDIE, ILE DE FRANCE, LORRAINE,ALSACE, CHAMPAGNE-ARDENNES",Lille,E,EUR/kg carcasse,1.83,0,COT-VBL-porc-A25-S13.csv
2025,13,,2025-03-21,2025-03-27,"NORD-PAS DE CALAIS,PICARDIE, ILE DE FRANCE, LORRAINE,ALSACE, CHAMPAGNE-ARDENNES",Lille,S,EUR/kg carcasse,1.91,0,COT-VBL-porc-A25-S13.csv
2025,13,,2025-03-21,2025-03-27,"BOURGOGNE,FRANCHE-COMTE, RHONE-ALPES, PROVENCE-ALPES COTE D'AZUR,CORSE",Lyon,E,EUR/kg carcasse,1.96,0.01,COT-VBL-porc-A25-S13.csv
2025,13,,2025-03-21,2025-03-27,"BOURGOGNE,FRANCHE-COMTE, RHONE-ALPES, PROVENCE-ALPES COTE D'AZUR,CORSE",Lyon,S,EUR/kg carcasse,1.97,0.01,COT-VBL-porc-A25-S13.csv
2025,13,,2025-03-21,2025-03-27,"MIDI-PYRENEES, AQUITAINE LANGUEDOC-ROUSSILLON, AUVERGNE,LIMOUSIN",Toulouse,E,EUR/kg carcasse,1.89,0.03,COT-VBL-porc-A25-S13.csv
2025,13,,2025-03-21,2025-03-27,"MIDI-PYRENEES, AQUITAINE LANGUEDOC-ROUSSILLON, AUVERGNE,LIMOUSIN",Toulouse,S,EUR/kg carcasse,1.88,-0.01,COT-VBL-porc-A25-S13.csv
2025,13,,2025-03-21,2025-03-27,RÉFÉRENCE NATIONALE,,E,EUR/kg carcasse,1.85,0,COT-VBL-porc-A25-S13.csv
2025,13,,2025-03-21,2025-03-27,RÉFÉRENCE NATIONALE,,S,EUR/kg carcasse,1.92,0,COT-VBL-porc-A25-S13.csv
2025,14,,2025-03-28,2025-04-03,BRETAGNE,Rennes,E,EUR/kg carcasse,1.85,0.02,COT-VBL-porc-A25-S14.csv
2025,14,,2025-03-28,2025-04-03,BRETAGNE,Rennes,S,EUR/kg carcasse,1.94,0.03,COT-VBL-porc-A25-S14.csv
2025,14,,2025-03-28,2025-04-03,"HAUTE ET BASSE NORMANDIE, PAYS DE LOIRE, POITOU-CHARENTES, CENTRE",Nantes,E,EUR/kg carcasse,1.9,0.01,COT-VBL-porc-A25-S14.csv
2025,14,,2025-03-28,2025-04-03,"HAUTE ET BASSE NORMANDIE, PAYS DE LOIRE, POITOU-CHARENTES, CENTRE",Nantes,S,EUR/kg carcasse,1.96,0.02,COT-VBL-porc-A25-S14.csv
2025,14,,2025-03-28,2025-04-03,"NORD-PAS DE CALAIS,PICARDIE, ILE DE FRANCE, LORRAINE,ALSACE, CHAMPAGNE-ARDENNES",Lille,E,EUR/kg carcasse,1.87,0.04,COT-VBL-porc-A25-S14.csv
2025,14,,2025-03-28,2025-04-03,"NORD-PAS DE CALAIS,PICARDIE, ILE DE FRANCE, LORRAINE,ALSACE, CHAMPAGNE-ARDENNES",Lille,S,EUR/kg carcasse,1.94,0.03,COT-VBL-porc-A25-S14.csv
2025,14,,2025-03-28,2025-04-03,"BOURGOGNE,FRANCHE-COMTE, RHONE-ALPES, PROVENCE-ALPES COTE D'AZUR,CORSE",Lyon,E,EUR/kg carcasse,1.98,0.02,COT-VBL-porc-A25-S14.csv
2025,14,,2025-03-28,2025-04-03,"BOURGOGNE,FRANCHE-COMTE, RHONE-ALPES, PROVENCE-ALPES COTE D'AZUR,CORSE",Lyon,S,EUR/kg carcasse,1.99,0.02,COT-VBL-porc-A25-S14.csv
2025,14,,2025-03-28,2025-04-03,"MIDI-PYRENEES, AQUITAINE LANGUEDOC-ROUSSILLON, AUVERGNE,LIMOUSIN",Toulouse,E,EUR/kg carcasse,1.85,-0.04,COT-VBL-porc-A25-S14.csv
2025,14,,2025-03-28,2025-04-03,"MIDI-PYRENEES, AQUITAINE LANGUEDOC-ROUSSILLON, AUVERGNE,LIMOUSIN",Toulouse,S,EUR/kg carcasse,1.91,0.03,COT-VBL-porc-A25-S14.csv
2025,14,,2025-03-28,2025-04-03,RÉFÉRENCE NATIONALE,,E,EUR/kg carcasse,1.87,0.02,COT-VBL-porc-A25-S14.csv
2025,14,,2025-03-28,2025-04-03,RÉFÉRENCE NATIONALE,,S,EUR/kg carcasse,1.94,0.02,COT-VBL-porc-A25-S14.csv
2025,15,,2025-04-04,2025-04-10,BRETAGNE,Rennes,E,EUR/kg carcasse,1.88,0.03,COT-VBL-porc-A25-S15.csv
2025,15,,2025-04-04,2025-04-10,BRETAGNE,Rennes,S,EUR/kg carcasse,1.97,0.03,COT-VBL-porc-A25-S15.csv
2025,15,,2025-04-04,2025-04-10,"HAUTE ET BASSE NORMANDIE, PAYS DE LOIRE, POITOU-CHARENTES, CENTRE",Nantes,E,EUR/kg carcasse,1.93,0.03,COT-VBL-porc-A25-S15.csv
2025,15,,2025-04-04,2025-04-10,"HAUTE ET BASSE NORMANDIE, PAYS DE LOIRE, POITOU-CHARENTES, CENTRE",Nantes,S,EUR/kg carcasse,1.99,0.03,COT-VBL-porc-A25-S15.csv
2025,15,,2025-04-04,2025-04-10,"NORD-PAS DE CALAIS,PICARDIE, ILE DE FRANCE, LORRAINE,ALSACE, CHAMPAGNE-ARDENNES",Lille,E,EUR/kg carcasse,1.9,0.03,COT-VBL-porc-A25-S15.csv
2025,15,,2025-04-04,2025-04-10,"NORD-PAS DE CALAIS,PICARDIE, ILE DE FRANCE, LORRAINE,ALSACE, CHAMPAGNE-ARDENNES",Lille,S,EUR/kg carcasse,1.97,0.03,COT-VBL-porc-A25-S15.csv
2025,15,,2025-04-04,2025-04-10,"BOURGOGNE,FRANCHE-COMTE, RHONE-ALPES, PROVENCE-ALPES COTE D'AZUR,CORSE",Lyon,E,EUR/kg carcasse,2.01,0.03,COT-VBL-porc-A25-S15.csv
2025,15,,2025-04-04,2025-04-10,"BOURGOGNE,FRANCHE-COMTE, RHONE-ALPES, PROVENCE-ALPES COTE D'AZUR,CORSE",Lyon,S,EUR/kg carcasse,2.02,0.03,COT-VBL-porc-A25-S15.csv
2025,15,,2025-04-04,2025-04-10,"MIDI-PYRENEES, AQUITAINE LANGUEDOC-ROUSSILLON, AUVERGNE,LIMOUSIN",Toulouse,E,EUR/kg carcasse,1.89,0.04,COT-VBL-porc-A25-S15.csv
2025,15,,2025-04-04,2025-04-10,"MIDI-PYRENEES, AQUITAINE LANGUEDOC-ROUSSILLON, AUVERGNE,LIMOUSIN",Toulouse,S,EUR/kg carcasse,1.94,0.03,COT-VBL-porc-A25-S15.csv
2025,15,,2025-04-04,2025-04-10,RÉFÉRENCE NATIONALE,,E,EUR/kg carcasse,1.9,0.03,COT-VBL-porc-A25-S15.csv
2025,15,,2025-04-04,2025-04-10,RÉFÉRENCE NATIONALE,,S,EUR/kg carcasse,1.97,0.03,COT-VBL-porc-A25-S15.csv
2025,16,,2025-04-11,2025-04-17,BRETAGNE,Rennes,E,EUR/kg carcasse,1.93,0.05,COT-VBL-porc-A25-S16.csv
2025,16,,2025-04-11,2025-04-17,BRETAGNE,Rennes,S,EUR/kg carcasse,2.01,0.04,COT-VBL-porc-A25-S16.csv
2025,16,,2025-04-11,2025-04-17,"HAUTE ET BASSE NORMANDIE, PAYS DE LOIRE, POITOU-CHARENTES, CENTRE",Nantes,E,EUR/kg carcasse,1.96,0.03,COT-VBL-porc-A25-S16.csv
2025,16,,2025-04-11,2025-04-17,"HAUTE ET BASSE NORMANDIE, PAYS DE LOIRE, POITOU-CHARENTES, CENTRE",Nantes,S,EUR/kg carcasse,2.03,0.04,COT-VBL-porc-A25-S16.csv
2025,16,,2025-04-11,2025-04-17,"NORD-PAS DE CALAIS,PICARDIE, ILE DE FRANCE, LORRAINE,ALSACE, CHAMPAGNE-ARDENNES",Lille,E,EUR/kg carcasse,1.95,0.05,COT-VBL-porc-A25-S16.csv
2025,16,,2025-04-11,2025-04-17,"NORD-PAS DE CALAIS,PICARDIE, ILE DE FRANCE, LORRAINE,ALSACE, CHAMPAGNE-ARDENNES",Lille,S,EUR/kg carcasse,2.03,0.06,COT-VBL-porc-A25-S16.csv
2025,16,,2025-04-11,2025-04-17,"BOURGOGNE,FRANCHE-COMTE, RHONE-ALPES, PROVENCE-ALPES COTE D'AZUR,CORSE",Lyon,E,EUR/kg carcasse,2.02,0.01,COT-VBL-porc-A25-S16.csv
2025,16,,2025-04-11,2025-04-17,"BOURGOGNE,FRANCHE-COMTE, RHONE-ALPES, PROVENCE-ALPES COTE D'AZUR,CORSE",Lyon,S,EUR/kg carcasse,2.03,0.01,COT-VBL-porc-A25-S16.csv
2025,16,,2025-04-11,2025-04-17,"MIDI-PYRENEES, AQUITAINE LANGUEDOC-ROUSSILLON, AUVERGNE,LIMOUSIN",Toulouse,E,EUR/kg carcasse,1.91,0.02,COT-VBL-porc-A25-S16.csv
2025,16,,2025-04-11,2025-04-17,"MIDI-PYRENEES, AQUITAINE LANGUEDOC-ROUSSILLON, AUVERGNE,LIMOUSIN",Toulouse,S,EUR/kg carcasse,1.99,0.05,COT-VBL-porc-A25-S16.csv
2025,16,,2025-04-11,2025-04-17,RÉFÉRENCE NATIONALE,,E,EUR/kg carcasse,1.94,0.04,COT-VBL-porc-A25-S16.csv
2025,16,,2025-04-11,2025-04-17,RÉFÉRENCE NATIONALE,,S,EUR/kg carcasse,2.01,0.04,COT-VBL-porc-A25-S16.csv
2025,17,,2025-04-18,2025-04-24,BRETAGNE,Rennes,E,EUR/kg carcasse,1.93,0,COT-VBL-porc-A25-S17.csv
2025,17,,2025-04-18,2025-04-24,BRETAGNE,Rennes,S,EUR/kg carcasse,2.02,0.01,COT-VBL-porc-A25-S17.csv
2025,17,,2025-04-18,2025-04-24,"HAUTE ET BASSE NORMANDIE, PAYS DE LOIRE, POITOU-CHARENTES, CENTRE",Nantes,E,EUR/kg carcasse,1.99,0.03,COT-VBL-porc-A25-S17.csv
2025,17,,2025-04-18,2025-04-24,"HAUTE ET BASSE NORMANDIE, PAYS DE LOIRE, POITOU-CHARENTES, CENTRE",Nantes,S,EUR/kg carcasse,2.05,0.02,COT-VBL-porc-A25-S17.csv
2025,17,,2025-04-18,2025-04-24,"NORD-PAS DE CALAIS,PICARDIE, ILE DE FRANCE, LORRAINE,ALSACE, CHAMPAGNE-ARDENNES",Lille,E,EUR/kg carcasse,1.94,-0.01,COT-VBL-porc-A25-S17.csv
2025,17,,2025-04-18,2025-04-24,"NORD-PAS DE CALAIS,PICARDIE, ILE DE FRANCE, LORRAINE,ALSACE, CHAMPAGNE-ARDENNES",Lille,S,EUR/kg carcasse,2.02,-0.01,COT-VBL-porc-A25-S17.csv
2025,17,,2025-04-18,2025-04-24,"BOURGOGNE,FRANCHE-COMTE, RHONE-ALPES, PROVENCE-ALPES COTE D'AZUR,CORSE",Lyon,E,EUR/kg carcasse,2.06,0.04,COT-VBL-porc-A25-S17.csv
2025,17,,2025-04-18,2025-04-24,"BOURGOGNE,FRANCHE-COMTE, RHONE-ALPES, PROVENCE-ALPES COTE D'AZUR,CORSE",Lyon,S,EUR/kg carcasse,2.07,0.04,COT-VBL-porc-A25-S17.csv
2025,17,,2025-04-18,2025-04-24,"MIDI-PYRENEES, AQUITAINE LANGUEDOC-ROUSSILLON, AUVERGNE,LIMOUSIN",Toulouse,E,EUR/kg carcasse,1.94,0.03,COT-VBL-porc-A25-S17.csv
2025,17,,2025-04-18,2025-04-24,"MIDI-PYRENEES, AQUITAINE LANGUEDOC-ROUSSILLON, AUVERGNE,LIMOUSIN",Toulouse,S,EUR/kg carcasse,2.01,0.02,COT-VBL-porc-A25-S17.csv
2025,17,,2025-04-18,2025-04-24,RÉFÉRENCE NATIONALE,,E,EUR/kg carcasse,1.96,0.02,COT-VBL-porc-A25-S17.csv
2025,17,,2025-04-18,2025-04-24,RÉFÉRENCE NATIONALE,,S,EUR/kg carcasse,2.03,0.02,COT-VBL-porc-A25-S17.csv
2025,18,,2025-04-25,2025-05-01,BRETAGNE,Rennes,E,EUR/kg carcasse,1.93,0,COT-VBL-porc-A25-S18.csv
2025,18,,2025-04-25,2025-05-01,BRETAGNE,Rennes,S,EUR/kg carcasse,2.02,0,COT-VBL-porc-A25-S18.csv
2025,18,,2025-04-25,2025-05-01,"HAUTE ET BASSE NORMANDIE, PAYS DE LOIRE, POITOU-CHARENTES, CENTRE",Nantes,E,EUR/kg carcasse,1.98,-0.01,COT-VBL-porc-A25-S18.csv
2025,18,,2025-04-25,2025-05-01,"HAUTE ET BASSE NORMANDIE, PAYS DE LOIRE, POITOU-CHARENTES, CENTRE",Nantes,S,EUR/kg carcasse,2.05,0,COT-VBL-porc-A25-S18.csv
2025,18,,2025-04-25,2025-05-01,"NORD-PAS DE CALAIS,PICARDIE, ILE DE FRANCE, LORRAINE,ALSACE, CHAMPAGNE-ARDENNES",Lille,E,EUR/kg carcasse,1.95,0.01,COT-VBL-porc-A25-S18.csv
2025,18,,2025-04-25,2025-05-01,"NORD-PAS DE CALAIS,PICARDIE, ILE DE FRANCE, LORRAINE,ALSACE, CHAMPAGNE-ARDENNES",Lille,S,EUR/kg carcasse,2.02,0,COT-VBL-porc-A25-S18.csv
2025,18,,2025-04-25,2025-05-01,"BOURGOGNE,FRANCHE-COMTE, RHONE-ALPES, PROVENCE-ALPES COTE D'AZUR,CORSE",Lyon,E,EUR/kg carcasse,2.06,0,COT-VBL-porc-A25-S18.csv
2025,18,,2025-04-25,2025-05-01,"BOURGOGNE,FRANCHE-COMTE, RHONE-ALPES, PROVENCE-ALPES COTE D'AZUR,CORSE",Lyon,S,EUR/kg carcasse,2.07,0,COT-VBL-porc-A25-S18.csv
2025,18,,2025-04-25,2025-05-01,"MIDI-PYRENEES, AQUITAINE LANGUEDOC-ROUSSILLON, AUVERGNE,LIMOUSIN",Toulouse,E,EUR/kg carcasse,1.94,0,COT-VBL-porc-A25-S18.csv
2025,18,,2025-04-25,2025-05-01,"MIDI-PYRENEES, AQUITAINE LANGUEDOC-ROUSSILLON, AUVERGNE,LIMOUSIN",Toulouse,S,EUR/kg carcasse,2.01,0,COT-VBL-porc-A25-S18.csv
2025,18,,2025-04-25,2025-05-01,RÉFÉRENCE NATIONALE,,E,EUR/kg carcasse,1.95,-0.01,COT-VBL-porc-A25-S18.csv
2025,18,,2025-04-25,2025-05-01,RÉFÉRENCE NATIONALE,,S,EUR/kg carcasse,2.03,0,COT-VBL-porc-A25-S18.csv
2025,19,,2025-05-02,2025-05-08,BRETAGNE,Rennes,E,EUR/kg carcasse,1.93,0,COT-VBL-porc-A25-S19.csv
2025,19,,2025-05-02,2025-05-08,BRETAGNE,Rennes,S,EUR/kg carcasse,2.02,0,COT-VBL-porc-A25-S19.csv
2025,19,,2025-05-02,2025-05-08,"HAUTE ET BASSE NORMANDIE, PAYS DE LOIRE, POITOU-CHARENTES, CENTRE",Nantes,E,EUR/kg carcasse,1.98,0,COT-VBL-porc-A25-S19.csv
2025,19,,2025-05-02,2025-05-08,"HAUTE ET BASSE NORMANDIE, PAYS DE LOIRE, POITOU-CHARENTES, CENTRE",Nantes,S,EUR/kg carcasse,2.04,-0.01,COT-VBL-porc-A25-S19.csv
2025,19,,2025-05-02,2025-05-08,"NORD-PAS DE CALAIS,PICARDIE, ILE DE FRANCE, LORRAINE,ALSACE, CHAMPAGNE-ARDENNES",Lille,E,EUR/kg carcasse,1.94,-0.01,COT-VBL-porc-A25-S19.csv
2025,19,,2025-05-02,2025-05-08,"NORD-PAS DE CALAIS,PICARDIE, ILE DE FRANCE, LORRAINE,ALSACE, CHAMPAGNE-ARDENNES",Lille,S,EUR/kg carcasse,2.01,-0.01,COT-VBL-porc-A25-S19.csv
2025,19,,2025-05-02,2025-05-08,"BOURGOGNE,FRANCHE-COMTE, RHONE-ALPES, PROVENCE-ALPES COTE D'AZUR,CORSE",Lyon,E,EUR/kg carcasse,2.07,0.01,COT-VBL-porc-A25-S19.csv
2025,19,,2025-05-02,2025-05-08,"BOURGOGNE,FRANCHE-COMTE, RHONE-ALPES, PROVENCE-ALPES COTE D'AZUR,CORSE",Lyon,S,EUR/kg carcasse,2.07,0,COT-VBL-porc-A25-S19.csv
2025,19,,2025-05-02,2025-05-08,"MIDI-PYRENEES, AQUITAINE LANGUEDOC-ROUSSILLON, AUVERGNE,LIMOUSIN",Toulouse,E,EUR/kg carcasse,1.94,0,COT-VBL-porc-A25-S19.csv
2025,19,,2025-05-02,2025-05-08,"MIDI-PYRENEES, AQUITAINE LANGUEDOC-ROUSSILLON, AUVERGNE,LIMOUSIN",Toulouse,S,EUR/kg carcasse,2.01,0,COT-VBL-porc-A25-S19.csv
2025,19,,2025-05-02,2025-05-08,RÉFÉRENCE NATIONALE,,E,EUR/kg carcasse,1.95,0,COT-VBL-porc-A25-S19.csv
2025,19,,2025-05-02,2025-05-08,RÉFÉRENCE NATIONALE,,S,EUR/kg carcasse,2.02,-0.01,COT-VBL-porc-A25-S19.csv
2025,20,,2025-05-09,2025-05-15,BRETAGNE,Rennes,E,EUR/kg carcasse,1.93,0,COT-VBL-porc-A25-S20.csv
2025,20,,2025-05-09,2025-05-15,BRETAGNE,Rennes,S,EUR/kg carcasse,2.01,-0.01,COT-VBL-porc-A25-S20.csv
2025,20,,2025-05-09,2025-05-15,"HAUTE ET BASSE NORMANDIE, PAYS DE LOIRE, POITOU-CHARENTES, CENTRE",Nantes,E,EUR/kg carcasse,1.97,-0.01,COT-VBL-porc-A25-S20.csv
2025,20,,2025-05-09,2025-05-15,"HAUTE ET BASSE NORMANDIE, PAYS DE LOIRE, POITOU-CHARENTES, CENTRE",Nantes,S,EUR/kg carcasse,2.04,0,COT-VBL-porc-A25-S20.csv
2025,20,,2025-05-09,2025-05-15,"NORD-PAS DE CALAIS,PICARDIE, ILE DE FRANCE, LORRAINE,ALSACE, CHAMPAGNE-ARDENNES",Lille,E,EUR/kg carcasse,1.94,0,COT-VBL-porc-A25-S20.csv
2025,20,,2025-05-09,2025-05-15,"NORD-PAS DE CALAIS,PICARDIE, ILE DE FRANCE, LORRAINE,ALSACE, CHAMPAGNE-ARDENNES",Lille,S,EUR/kg carcasse,2.01,0,COT-VBL-porc-A25-S20.csv
2025,20,,2025-05-09,2025-05-15,"BOURGOGNE,FRANCHE-COMTE, RHONE-ALPES, PROVENCE-ALPES COTE D'AZUR,CORSE",Lyon,E,EUR/kg carcasse,2.06,-0.01,COT-VBL-porc-A25-S20.csv
2025,20,,2025-05-09,2025-05-15,"BOURGOGNE,FRANCHE-COMTE, RHONE-ALPES, PROVENCE-ALPES COTE D'AZUR,CORSE",Lyon,S,EUR/kg carcasse,2.07,0,COT-VBL-porc-A25-S20.csv
2025,20,,2025-05-09,2025-05-15,"MIDI-PYRENEES, AQUITAINE LANGUEDOC-ROUSSILLON, AUVERGNE,LIMOUSIN",Toulouse,E,EUR/kg carcasse,1.95,0.01,COT-VBL-porc-A25-S20.csv
2025,20,,2025-05-09,2025-05-15,"MIDI-PYRENEES, AQUITAINE LANGUEDOC-ROUSSILLON, AUVERGNE,LIMOUSIN",Toulouse,S,EUR/kg carcasse,2.01,0,COT-VBL-porc-A25-S20.csv
2025,20,,2025-05-09,2025-05-15,RÉFÉRENCE NATIONALE,,E,EUR/kg carcasse,1.95,0,COT-VBL-porc-A25-S20.csv
2025,20,,2025-05-09,2025-05-15,RÉFÉRENCE NATIONALE,,S,EUR/kg carcasse,2.02,0,COT-VBL-porc-A25-S20.csv
2025,21,,2025-05-16,2025-05-22,BRETAGNE,Rennes,E,EUR/kg carcasse,1.93,0,COT-VBL-porc-A25-S21.csv
2025,21,,2025-05-16,2025-05-22,BRETAGNE,Rennes,S,EUR/kg carcasse,2.02,0.01,COT-VBL-porc-A25-S21.csv
2025,21,,2025-05-16,2025-05-22,"HAUTE ET BASSE NORMANDIE, PAYS DE LOIRE, POITOU-CHARENTES, CENTRE",Nantes,E,EUR/kg carcasse,1.98,0.01,COT-VBL-porc-A25-S21.csv
2025,21,,2025-05-16,2025-05-22,"HAUTE ET BASSE NORMANDIE, PAYS DE LOIRE, POITOU-CHARENTES, CENTRE",Nantes,S,EUR/kg carcasse,2.05,0.01,COT-VBL-porc-A25-S21.csv
2025,21,,2025-05-16,2025-05-22,"NORD-PAS DE CALAIS,PICARDIE, ILE DE FRANCE, LORRAINE,ALSACE, CHAMPAGNE-ARDENNES",Lille,E,EUR/kg carcasse,1.95,0.01,COT-VBL-porc-A25-S21.csv
2025,21,,2025-05-16,2025-05-22,"NORD-PAS DE CALAIS,PICARDIE, ILE DE FRANCE, LORRAINE,ALSACE, CHAMPAGNE-ARDENNES",Lille,S,EUR/kg carcasse,2.02,0.01,COT-VBL-porc-A25-S21.csv
2025,21,,2025-05-16,2025-05-22,"BOURGOGNE,FRANCHE-COMTE, RHONE-ALPES, PROVENCE-ALPES COTE D'AZUR,CORSE",Lyon,E,EUR/kg carcasse,2.06,0,COT-VBL-porc-A25-S21.csv
2025,21,,2025-05-16,2025-05-22,"BOURGOGNE,FRANCHE-COMTE, RHONE-ALPES, PROVENCE-ALPES COTE D'AZUR,CORSE",Lyon,S,EUR/kg carcasse,2.07,0,COT-VBL-porc-A25-S21.csv
2025,21,,2025-05-16,2025-05-22,"MIDI-PYRENEES, AQUITAINE LANGUEDOC-ROUSSILLON, AUVERGNE,LIMOUSIN",Toulouse,E,EUR/kg carcasse,1.94,-0.01,COT-VBL-porc-A25-S21.csv
2025,21,,2025-05-16,2025-05-22,"MIDI-PYRENEES, AQUITAINE LANGUEDOC-ROUSSILLON, AUVERGNE,LIMOUSIN",Toulouse,S,EUR/kg carcasse,2.01,0,COT-VBL-porc-A25-S21.csv
2025,21,,2025-05-16,2025-05-22,RÉFÉRENCE NATIONALE,,E,EUR/kg carcasse,1.95,0,COT-VBL-porc-A25-S21.csv
2025,21,,2025-05-16,2025-05-22,RÉFÉRENCE NATIONALE,,S,EUR/kg carcasse,2.03,0.01,COT-VBL-porc-A25-S21.csv
2025,22,,2025-05-23,2025-05-29,BRETAGNE,Rennes,E,EUR/kg carcasse,1.93,0,COT-VBL-porc-A25-S22.csv
2025,22,,2025-05-23,2025-05-29,BRETAGNE,Rennes,S,EUR/kg carcasse,2.02,0,COT-VBL-porc-A25-S22.csv
2025,22,,2025-05-23,2025-05-29,"HAUTE ET BASSE NORMANDIE, PAYS DE LOIRE, POITOU-CHARENTES, CENTRE",Nantes,E,EUR/kg carcasse,1.98,0,COT-VBL-porc-A25-S22.csv
2025,22,,2025-05-23,2025-05-29,"HAUTE ET BASSE NORMANDIE, PAYS DE LOIRE, POITOU-CHARENTES, CENTRE",Nantes,S,EUR/kg carcasse,2.05,0,COT-VBL-porc-A25-S22.csv
2025,22,,2025-05-23,2025-05-29,"NORD-PAS DE CALAIS,PICARDIE, ILE DE FRANCE, LORRAINE,ALSACE, CHAMPAGNE-ARDENNES",Lille,E,EUR/kg carcasse,1.95,0,COT-VBL-porc-A25-S22.csv
2025,22,,2025-05-23,2025-05-29,"NORD-PAS DE CALAIS,PICARDIE, ILE DE FRANCE, LORRAINE,ALSACE, CHAMPAGNE-ARDENNES",Lille,S,EUR/kg carcasse,2.02,0,COT-VBL-porc-A25-S22.csv
2025,22,,2025-05-23,2025-05-29,"BOURGOGNE,FRANCHE-COMTE, RHONE-ALPES, PROVENCE-ALPES COTE D'AZUR,CORSE",Lyon,E,EUR/kg carcasse,2.06,0,COT-VBL-porc-A25-S22.csv
2025,22,,2025-05-23,2025-05-29,"BOURGOGNE,FRANCHE-COMTE, RHONE-ALPES, PROVENCE-ALPES COTE D'AZUR,CORSE",Lyon,S,EUR/kg carcasse,2.07,0,COT-VBL-porc-A25-S22.csv
2025,22,,2025-05-23,2025-05-29,"MIDI-PYRENEES, AQUITAINE LANGUEDOC-ROUSSILLON, AUVERGNE,LIMOUSIN",Toulouse,E,EUR/kg carcasse,1.94,0,COT-VBL-porc-A25-S22.csv
2025,22,,2025-05-23,2025-05-29,"MIDI-PYRENEES, AQUITAINE LANGUEDOC-ROUSSILLON, AUVERGNE,LIMOUSIN",Toulouse,S,EUR/kg carcasse,2.01,0,COT-VBL-porc-A25-S22.csv
2025,22,,2025-05-23,2025-05-29,RÉFÉRENCE NATIONALE,,E,EUR/kg carcasse,1.95,0,COT-VBL-porc-A25-S22.csv
2025,22,,2025-05-23,2025-05-29,RÉFÉRENCE NATIONALE,,S,EUR/kg carcasse,2.03,0,COT-VBL-porc-A25-S22.csv
2025,23,,2025-05-30,2025-06-05,BRETAGNE,Rennes,E,EUR/kg carcasse,1.93,0,COT-VBL-porc-A25-S23.csv
2025,23,,2025-05-30,2025-06-05,BRETAGNE,Rennes,S,EUR/kg carcasse,2.02,0,COT-VBL-porc-A25-S23.csv
2025,23,,2025-05-30,2025-06-05,"HAUTE ET BASSE NORMANDIE, PAYS DE LOIRE, POITOU-CHARENTES, CENTRE",Nantes,E,EUR/kg carcasse,1.99,0.01,COT-VBL-porc-A25-S23.csv
2025,23,,2025-05-30,2025-06-05,"HAUTE ET BASSE NORMANDIE, PAYS DE LOIRE, POITOU-CHARENTES, CENTRE",Nantes,S,EUR/kg carcasse,2.05,0,COT-VBL-porc-A25-S23.csv
2025,23,,2025-05-30,2025-06-05,"NORD-PAS DE CALAIS,PICARDIE, ILE DE FRANCE, LORRAINE,ALSACE, CHAMPAGNE-ARDENNES",Lille,E,EUR/kg carcasse,1.95,0,COT-VBL-porc-A25-S23.csv
2025,23,,2025-05-30,2025-06-05,"NORD-PAS DE CALAIS,PICARDIE, ILE DE FRANCE, LORRAINE,ALSACE, CHAMPAGNE-ARDENNES",Lille,S,EUR/kg carcasse,2.02,0,COT-VBL-porc-A25-S23.csv
2025,23,,2025-05-30,2025-06-05,"BOURGOGNE,FRANCHE-COMTE, RHONE-ALPES, PROVENCE-ALPES COTE D'AZUR,CORSE",Lyon,E,EUR/kg carcasse,2.06,0,COT-VBL-porc-A25-S23.csv
2025,23,,2025-05-30,2025-06-05,"BOURGOGNE,FRANCHE-COMTE, RHONE-ALPES, PROVENCE-ALPES COTE D'AZUR,CORSE",Lyon,S,EUR/kg carcasse,2.07,0,COT-VBL-porc-A25-S23.csv
2025,23,,2025-05-30,2025-06-05,"MIDI-PYRENEES, AQUITAINE LANGUEDOC-ROUSSILLON, AUVERGNE,LIMOUSIN",Toulouse,E,EUR/kg carcasse,1.96,0.02,COT-VBL-porc-A25-S23.csv
2025,23,,2025-05-30,2025-06-05,"MIDI-PYRENEES, AQUITAINE LANGUEDOC-ROUSSILLON, AUVERGNE,LIMOUSIN",Toulouse,S,EUR/kg carcasse,2.02,0.01,COT-VBL-porc-A25-S23.csv
2025,23,,2025-05-30,2025-06-05,RÉFÉRENCE NATIONALE,,E,EUR/kg carcasse,1.95,0,COT-VBL-porc-A25-S23.csv
2025,23,,2025-05-30,2025-06-05,RÉFÉRENCE NATIONALE,,S,EUR/kg carcasse,2.03,0,COT-VBL-porc-A25-S23.csv
2025,24,,2025-06-06,2025-06-12,BRETAGNE,Rennes,E,EUR/kg carcasse,1.94,0.01,COT-VBL-porc-A25-S24.csv
2025,24,,2025-06-06,2025-06-12,BRETAGNE,Rennes,S,EUR/kg carcasse,2.02,0,COT-VBL-porc-A25-S24.csv
2025,24,,2025-06-06,2025-06-12,"HAUTE ET BASSE NORMANDIE, PAYS DE LOIRE, POITOU-CHARENTES, CENTRE",Nantes,E,EUR/kg carcasse,1.99,0,COT-VBL-porc-A25-S24.csv
2025,24,,2025-06-06,2025-06-12,"HAUTE ET BASSE NORMANDIE, PAYS DE LOIRE, POITOU-CHARENTES, CENTRE",Nantes,S,EUR/kg carcasse,2.05,0,COT-VBL-porc-A25-S24.csv
2025,24,,2025-06-06,2025-06-12,"NORD-PAS DE CALAIS,PICARDIE, ILE DE FRANCE, LORRAINE,ALSACE, CHAMPAGNE-ARDENNES",Lille,E,EUR/kg carcasse,1.95,0,COT-VBL-porc-A25-S24.csv
2025,24,,2025-06-06,2025-06-12,"NORD-PAS DE CALAIS,PICARDIE, ILE DE FRANCE, LORRAINE,ALSACE, CHAMPAGNE-ARDENNES",Lille,S,EUR/kg carcasse,2.02,0,COT-VBL-porc-A25-S24.csv
2025,24,,2025-06-06,2025-06-12,"BOURGOGNE,FRANCHE-COMTE, RHONE-ALPES, PROVENCE-ALPES COTE D'AZUR,CORSE",Lyon,E,EUR/kg carcasse,2.06,0,COT-VBL-porc-A25-S24.csv
2025,24,,2025-06-06,2025-06-12,"BOURGOGNE,FRANCHE-COMTE, RHONE-ALPES, PROVENCE-ALPES COTE D'AZUR,CORSE",Lyon,S,EUR/kg carcasse,2.07,0,COT-VBL-porc-A25-S24.csv
2025,24,,2025-06-06,2025-06-12,"MIDI-PYRENEES, AQUITAINE LANGUEDOC-ROUSSILLON, AUVERGNE,LIMOUSIN",Toulouse,E,EUR/kg carcasse,1.94,-0.02,COT-VBL-porc-A25-S24.csv
2025,24,,2025-06-06,2025-06-12,"MIDI-PYRENEES, AQUITAINE LANGUEDOC-ROUSSILLON, AUVERGNE,LIMOUSIN",Toulouse,S,EUR/kg carcasse,2.02,0,COT-VBL-porc-A25-S24.csv
2025,24,,2025-06-06,2025-06-12,RÉFÉRENCE NATIONALE,,E,EUR/kg carcasse,1.96,0.01,COT-VBL-porc-A25-S24.csv
2025,24,,2025-06-06,2025-06-12,RÉFÉRENCE NATIONALE,,S,EUR/kg carcasse,2.03,0,COT-VBL-porc-A25-S24.csv
2025,25,,2025-06-13,2025-06-19,BRETAGNE,Rennes,E,EUR/kg carcasse,1.95,0.01,COT-VBL-porc-A25-S25.csv
2025,25,,2025-06-13,2025-06-19,BRETAGNE,Rennes,S,EUR/kg carcasse,2.04,0.02,COT-VBL-porc-A25-S25.csv
2025,25,,2025-06-13,2025-06-19,"HAUTE ET BASSE NORMANDIE, PAYS DE LOIRE, POITOU-CHARENTES, CENTRE",Nantes,E,EUR/kg carcasse,2,0.01,COT-VBL-porc-A25-S25.csv
2025,25,,2025-06-13,2025-06-19,"HAUTE ET BASSE NORMANDIE, PAYS DE LOIRE, POITOU-CHARENTES, CENTRE",Nantes,S,EUR/kg carcasse,2.07,0.02,COT-VBL-porc-A25-S25.csv
2025,25,,2025-06-13,2025-06-19,"NORD-PAS DE CALAIS,PICARDIE, ILE DE FRANCE, LORRAINE,ALSACE, CHAMPAGNE-ARDENNES",Lille,E,EUR/kg carcasse,1.99,0.04,COT-VBL-porc-A25-S25.csv
2025,25,,2025-06-13,2025-06-19,"NORD-PAS DE CALAIS,PICARDIE, ILE DE FRANCE, LORRAINE,ALSACE, CHAMPAGNE-ARDENNES",Lille,S,EUR/kg carcasse,2.05,0.03,COT-VBL-porc-A25-S25.csv
2025,25,,2025-06-13,2025-06-19,"BOURGOGNE,FRANCHE-COMTE, RHONE-ALPES, PROVENCE-ALPES COTE D'AZUR,CORSE",Lyon,E,EUR/kg carcasse,2.09,0.03,COT-VBL-porc-A25-S25.csv
2025,25,,2025-06-13,2025-06-19,"BOURGOGNE,FRANCHE-COMTE, RHONE-ALPES, PROVENCE-ALPES COTE D'AZUR,CORSE",Lyon,S,EUR/kg carcasse,2.1,0.03,COT-VBL-porc-A25-S25.csv
2025,25,,2025-06-13,2025-06-19,"MIDI-PYRENEES, AQUITAINE LANGUEDOC-ROUSSILLON, AUVERGNE,LIMOUSIN",Toulouse,E,EUR/kg carcasse,1.98,0.04,COT-VBL-porc-A25-S25.csv
2025,25,,2025-06-13,2025-06-19,"MIDI-PYRENEES, AQUITAINE LANGUEDOC-ROUSSILLON, AUVERGNE,LIMOUSIN",Toulouse,S,EUR/kg carcasse,2.04,0.02,COT-VBL-porc-A25-S25.csv
2025,25,,2025-06-13,2025-06-19,RÉFÉRENCE NATIONALE,,E,EUR/kg carcasse,1.97,0.01,COT-VBL-porc-A25-S25.csv
2025,25,,2025-06-13,2025-06-19,RÉFÉRENCE NATIONALE,,S,EUR/kg carcasse,2.05,0.02,COT-VBL-porc-A25-S25.csv
2025,26,,2025-06-20,2025-06-26,BRETAGNE,Rennes,E,EUR/kg carcasse,1.98,0.03,COT-VBL-porc-A25-S26.csv
2025,26,,2025-06-20,2025-06-26,BRETAGNE,Rennes,S,EUR/kg carcasse,2.07,0.03,COT-VBL-porc-A25-S26.csv
2025,26,,2025-06-20,2025-06-26,"HAUTE ET BASSE NORMANDIE, PAYS DE LOIRE, POITOU-CHARENTES, CENTRE",Nantes,E,EUR/kg carcasse,2.02,0.02,COT-VBL-porc-A25-S26.csv
2025,26,,2025-06-20,2025-06-26,"HAUTE ET BASSE NORMANDIE, PAYS DE LOIRE, POITOU-CHARENTES, CENTRE",Nantes,S,EUR/kg carcasse,2.09,0.02,COT-VBL-porc-A25-S26.csv
2025,26,,2025-06-20,2025-06-26,"NORD-PAS DE CALAIS,PICARDIE, ILE DE FRANCE, LORRAINE,ALSACE, CHAMPAGNE-ARDENNES",Lille,E,EUR/kg carcasse,2,0.01,COT-VBL-porc-A25-S26.csv
2025,26,,2025-06-20,2025-06-26,"NORD-PAS DE CALAIS,PICARDIE, ILE DE FRANCE, LORRAINE,ALSACE, CHAMPAGNE-ARDENNES",Lille,S,EUR/kg carcasse,2.08,0.03,COT-VBL-porc-A25-S26.csv
2025,26,,2025-06-20,2025-06-26,"BOURGOGNE,FRANCHE-COMTE, RHONE-ALPES, PROVENCE-ALPES COTE D'AZUR,CORSE",Lyon,E,EUR/kg carcasse,2.12,0.03,COT-VBL-porc-A25-S26.csv
2025,26,,2025-06-20,2025-06-26,"BOURGOGNE,FRANCHE-COMTE, RHONE-ALPES, PROVENCE-ALPES COTE D'AZUR,CORSE",Lyon,S,EUR/kg carcasse,2.12,0.02,COT-VBL-porc-A25-S26.csv
2025,26,,2025-06-20,2025-06-26,"MIDI-PYRENEES, AQUITAINE LANGUEDOC-ROUSSILLON, AUVERGNE,LIMOUSIN",Toulouse,E,EUR/kg carcasse,2,0.02,COT-VBL-porc-A25-S26.csv
2025,26,,2025-06-20,2025-06-26,"MIDI-PYRENEES, AQUITAINE LANGUEDOC-ROUSSILLON, AUVERGNE,LIMOUSIN",Toulouse,S,EUR/kg carcasse,2.06,0.02,COT-VBL-porc-A25-S26.csv
2025,26,,2025-06-20,2025-06-26,RÉFÉRENCE NATIONALE,,E,EUR/kg carcasse,2,0.03,COT-VBL-porc-A25-S26.csv
2025,26,,2025-06-20,2025-06-26,RÉFÉRENCE NATIONALE,,S,EUR/kg carcasse,2.07,0.02,COT-VBL-porc-A25-S26.csv
2025,27,,2025-06-27,2025-07-03,BRETAGNE,Rennes,E,EUR/kg carcasse,2.01,0.03,COT-VBL-porc-A25-S27.csv
2025,27,,2025-06-27,2025-07-03,BRETAGNE,Rennes,S,EUR/kg carcasse,2.09,0.02,COT-VBL-porc-A25-S27.csv
2025,27,,2025-06-27,2025-07-03,"HAUTE ET BASSE NORMANDIE, PAYS DE LOIRE, POITOU-CHARENTES, CENTRE",Nantes,E,EUR/kg carcasse,2.05,0.03,COT-VBL-porc-A25-S27.csv
2025,27,,2025-06-27,2025-07-03,"HAUTE ET BASSE NORMANDIE, PAYS DE LOIRE, POITOU-CHARENTES, CENTRE",Nantes,S,EUR/kg carcasse,2.12,0.03,COT-VBL-porc-A25-S27.csv
2025,27,,2025-06-27,2025-07-03,"NORD-PAS DE CALAIS,PICARDIE, ILE DE FRANCE, LORRAINE,ALSACE, CHAMPAGNE-ARDENNES",Lille,E,EUR/kg carcasse,2.05,0.05,COT-VBL-porc-A25-S27.csv
2025,27,,2025-06-27,2025-07-03,"NORD-PAS DE CALAIS,PICARDIE, ILE DE FRANCE, LORRAINE,ALSACE, CHAMPAGNE-ARDENNES",Lille,S,EUR/kg carcasse,2.1,0.02,COT-VBL-porc-A25-S27.csv
2025,27,,2025-06-27,2025-07-03,"BOURGOGNE,FRANCHE-COMTE, RHONE-ALPES, PROVENCE-ALPES COTE D'AZUR,CORSE",Lyon,E,EUR/kg carcasse,2.14,0.02,COT-VBL-porc-A25-S27.csv
2025,27,,2025-06-27,2025-07-03,"BOURGOGNE,FRANCHE-COMTE, RHONE-ALPES, PROVENCE-ALPES COTE D'AZUR,CORSE",Lyon,S,EUR/kg carcasse,2.14,0.02,COT-VBL-porc-A25-S27.csv
2025,27,,2025-06-27,2025-07-03,"MIDI-PYRENEES, AQUITAINE LANGUEDOC-ROUSSILLON, AUVERGNE,LIMOUSIN",Toulouse,E,EUR/kg carcasse,2.02,0.02,COT-VBL-porc-A25-S27.csv
2025,27,,2025-06-27,2025-07-03,"MIDI-PYRENEES, AQUITAINE LANGUEDOC-ROUSSILLON, AUVERGNE,LIMOUSIN",Toulouse,S,EUR/kg carcasse,2.09,0.03,COT-VBL-porc-A25-S27.csv
2025,27,,2025-06-27,2025-07-03,RÉFÉRENCE NATIONALE,,E,EUR/kg carcasse,2.03,0.03,COT-VBL-porc-A25-S27.csv
2025,27,,2025-06-27,2025-07-03,RÉFÉRENCE NATIONALE,,S,EUR/kg carcasse,2.1,0.03,COT-VBL-porc-A25-S27.csv
2025,28,,2025-07-04,2025-07-10,BRETAGNE,Rennes,E,EUR/kg carcasse,2.03,0.02,COT-VBL-porc-A25-S28.csv
2025,28,,2025-07-04,2025-07-10,BRETAGNE,Rennes,S,EUR/kg carcasse,2.11,0.02,COT-VBL-porc-A25-S28.csv
2025,28,,2025-07-04,2025-07-10,"HAUTE ET BASSE NORMANDIE, PAYS DE LOIRE, POITOU-CHARENTES, CENTRE",Nantes,E,EUR/kg carcasse,2.07,0.02,COT-VBL-porc-A25-S28.csv
2025,28,,2025-07-04,2025-07-10,"HAUTE ET BASSE NORMANDIE, PAYS DE LOIRE, POITOU-CHARENTES, CENTRE",Nantes,S,EUR/kg carcasse,2.14,0.02,COT-VBL-porc-A25-S28.csv
2025,28,,2025-07-04,2025-07-10,"NORD-PAS DE CALAIS,PICARDIE, ILE DE FRANCE, LORRAINE,ALSACE, CHAMPAGNE-ARDENNES",Lille,E,EUR/kg carcasse,2.07,0.02,COT-VBL-porc-A25-S28.csv
2025,28,,2025-07-04,2025-07-10,"NORD-PAS DE CALAIS,PICARDIE, ILE DE FRANCE, LORRAINE,ALSACE, CHAMPAGNE-ARDENNES",Lille,S,EUR/kg carcasse,2.14,0.04,COT-VBL-porc-A25-S28.csv
2025,28,,2025-07-04,2025-07-10,"BOURGOGNE,FRANCHE-COMTE, RHONE-ALPES, PROVENCE-ALPES COTE D'AZUR,CORSE",Lyon,E,EUR/kg carcasse,2.16,0.02,COT-VBL-porc-A25-S28.csv
2025,28,,2025-07-04,2025-07-10,"BOURGOGNE,FRANCHE-COMTE, RHONE-ALPES, PROVENCE-ALPES COTE D'AZUR,CORSE",Lyon,S,EUR/kg carcasse,2.16,0.02,COT-VBL-porc-A25-S28.csv
2025,28,,2025-07-04,2025-07-10,"MIDI-PYRENEES, AQUITAINE LANGUEDOC-ROUSSILLON, AUVERGNE,LIMOUSIN",Toulouse,E,EUR/kg carcasse,2.06,0.04,COT-VBL-porc-A25-S28.csv
2025,28,,2025-07-04,2025-07-10,"MIDI-PYRENEES, AQUITAINE LANGUEDOC-ROUSSILLON, AUVERGNE,LIMOUSIN",Toulouse,S,EUR/kg carcasse,2.11,0.02,COT-VBL-porc-A25-S28.csv
2025,28,,2025-07-04,2025-07-10,RÉFÉRENCE NATIONALE,,E,EUR/kg carcasse,2.05,0.02,COT-VBL-porc-A25-S28.csv
2025,28,,2025-07-04,2025-07-10,RÉFÉRENCE NATIONALE,,S,EUR/kg carcasse,2.12,0.02,COT-VBL-porc-A25-S28.csv
2025,29,,2025-07-11,2025-07-17,BRETAGNE,Rennes,E,EUR/kg carcasse,2.04,0.01,COT-VBL-porc-A25-S29.csv
2025,29,,2025-07-11,2025-07-17,BRETAGNE,Rennes,S,EUR/kg carcasse,2.12,0.01,COT-VBL-porc-A25-S29.csv
2025,29,,2025-07-11,2025-07-17,"HAUTE ET BASSE NORMANDIE, PAYS DE LOIRE, POITOU-CHARENTES, CENTRE",Nantes,E,EUR/kg carcasse,2.09,0.02,COT-VBL-porc-A25-S29.csv
2025,29,,2025-07-11,2025-07-17,"HAUTE ET BASSE NORMANDIE, PAYS DE LOIRE, POITOU-CHARENTES, CENTRE",Nantes,S,EUR/kg carcasse,2.15,0.01,COT-VBL-porc-A25-S29.csv
2025,29,,2025-07-11,2025-07-17,"NORD-PAS DE CALAIS,PICARDIE, ILE DE FRANCE, LORRAINE,ALSACE, CHAMPAGNE-ARDENNES",Lille,E,EUR/kg carcasse,2.07,0,COT-VBL-porc-A25-S29.csv
2025,29,,2025-07-11,2025-07-17,"NORD-PAS DE CALAIS,PICARDIE, ILE DE FRANCE, LORRAINE,ALSACE, CHAMPAGNE-ARDENNES",Lille,S,EUR/kg carcasse,2.13,-0.01,COT-VBL-porc-A25-S29.csv
2025,29,,2025-07-11,2025-07-17,"BOURGOGNE,FRANCHE-COMTE, RHONE-ALPES, PROVENCE-ALPES COTE D'AZUR,CORSE",Lyon,E,EUR/kg carcasse,2.16,0,COT-VBL-porc-A25-S29.csv
2025,29,,2025-07-11,2025-07-17,"BOURGOGNE,FRANCHE-COMTE, RHONE-ALPES, PROVENCE-ALPES COTE D'AZUR,CORSE",Lyon,S,EUR/kg carcasse,2.17,0.01,COT-VBL-porc-A25-S29.csv
2025,29,,2025-07-11,2025-07-17,"MIDI-PYRENEES, AQUITAINE LANGUEDOC-ROUSSILLON, AUVERGNE,LIMOUSIN",Toulouse,E,EUR/kg carcasse,2.07,0.01,COT-VBL-porc-A25-S29.csv
2025,29,,2025-07-11,2025-07-17,"MIDI-PYRENEES, AQUITAINE LANGUEDOC-ROUSSILLON, AUVERGNE,LIMOUSIN",Toulouse,S,EUR/kg carcasse,2.12,0.01,COT-VBL-porc-A25-S29.csv
2025,29,,2025-07-11,2025-07-17,RÉFÉRENCE NATIONALE,,E,EUR/kg carcasse,2.06,0.01,COT-VBL-porc-A25-S29.csv
2025,29,,2025-07-11,2025-07-17,RÉFÉRENCE NATIONALE,,S,EUR/kg carcasse,2.13,0.01,COT-VBL-porc-A25-S29.csv
2025,30,,2025-07-18,2025-07-24,BRETAGNE,Rennes,E,EUR/kg carcasse,2.03,-0.01,COT-VBL-porc-A25-S30.csv
2025,30,,2025-07-18,2025-07-24,BRETAGNE,Rennes,S,EUR/kg carcasse,2.11,-0.01,COT-VBL-porc-A25-S30.csv
2025,30,,2025-07-18,2025-07-24,"HAUTE ET BASSE NORMANDIE, PAYS DE LOIRE, POITOU-CHARENTES, CENTRE",Nantes,E,EUR/kg carcasse,2.08,-0.01,COT-VBL-porc-A25-S30.csv
2025,30,,2025-07-18,2025-07-24,"HAUTE ET BASSE NORMANDIE, PAYS DE LOIRE, POITOU-CHARENTES, CENTRE",Nantes,S,EUR/kg carcasse,2.14,-0.01,COT-VBL-porc-A25-S30.csv
2025,30,,2025-07-18,2025-07-24,"NORD-PAS DE CALAIS,PICARDIE, ILE DE FRANCE, LORRAINE,ALSACE, CHAMPAGNE-ARDENNES",Lille,E,EUR/kg carcasse,2.06,-0.01,COT-VBL-porc-A25-S30.csv
2025,30,,2025-07-18,2025-07-24,"NORD-PAS DE CALAIS,PICARDIE, ILE DE FRANCE, LORRAINE,ALSACE, CHAMPAGNE-ARDENNES",Lille,S,EUR/kg carcasse,2.13,0,COT-VBL-porc-A25-S30.csv
2025,30,,2025-07-18,2025-07-24,"BOURGOGNE,FRANCHE-COMTE, RHONE-ALPES, PROVENCE-ALPES COTE D'AZUR,CORSE",Lyon,E,EUR/kg carcasse,2.16,0,COT-VBL-porc-A25-S30.csv
2025,30,,2025-07-18,2025-07-24,"BOURGOGNE,FRANCHE-COMTE, RHONE-ALPES, PROVENCE-ALPES COTE D'AZUR,CORSE",Lyon,S,EUR/kg carcasse,2.17,0,COT-VBL-porc-A25-S30.csv
2025,30,,2025-07-18,2025-07-24,"MIDI-PYRENEES, AQUITAINE LANGUEDOC-ROUSSILLON, AUVERGNE,LIMOUSIN",Toulouse,E,EUR/kg carcasse,2.07,0,COT-VBL-porc-A25-S30.csv
2025,30,,2025-07-18,2025-07-24,"MIDI-PYRENEES, AQUITAINE LANGUEDOC-ROUSSILLON, AUVERGNE,LIMOUSIN",Toulouse,S,EUR/kg carcasse,2.13,0.01,COT-VBL-porc-A25-S30.csv
2025,30,,2025-07-18,2025-07-24,RÉFÉRENCE NATIONALE,,E,EUR/kg carcasse,2.05,-0.01,COT-VBL-porc-A25-S30.csv
2025,30,,2025-07-18,2025-07-24,RÉFÉRENCE NATIONALE,,S,EUR/kg carcasse,2.12,-0.01,COT-VBL-porc-A25-S30.csv
2025,31,,2025-07-25,2025-07-31,BRETAGNE,Rennes,E,EUR/kg carcasse,2.02,-0.01,COT-VBL-porc-A25-S31.csv
2025,31,,2025-07-25,2025-07-31,BRETAGNE,Rennes,S,EUR/kg carcasse,2.11,0,COT-VBL-porc-A25-S31.csv
2025,31,,2025-07-25,2025-07-31,"HAUTE ET BASSE NORMANDIE, PAYS DE LOIRE, POITOU-CHARENTES, CENTRE",Nantes,E,EUR/kg carcasse,2.07,-0.01,COT-VBL-porc-A25-S31.csv
2025,31,,2025-07-25,2025-07-31,"HAUTE ET BASSE NORMANDIE, PAYS DE LOIRE, POITOU-CHARENTES, CENTRE",Nantes,S,EUR/kg carcasse,2.14,0,COT-VBL-porc-A25-S31.csv
2025,31,,2025-07-25,2025-07-31,"NORD-PAS DE CALAIS,PICARDIE, ILE DE FRANCE, LORRAINE,ALSACE, CHAMPAGNE-ARDENNES",Lille,E,EUR/kg carcasse,2.06,0,COT-VBL-porc-A25-S31.csv
2025,31,,2025-07-25,2025-07-31,"NORD-PAS DE CALAIS,PICARDIE, ILE DE FRANCE, LORRAINE,ALSACE, CHAMPAGNE-ARDENNES",Lille,S,EUR/kg carcasse,2.13,0,COT-VBL-porc-A25-S31.csv
2025,31,,2025-07-25,2025-07-31,"BOURGOGNE,FRANCHE-COMTE, RHONE-ALPES, PROVENCE-ALPES COTE D'AZUR,CORSE",Lyon,E,EUR/kg carcasse,2.16,0,COT-VBL-porc-A25-S31.csv
2025,31,,2025-07-25,2025-07-31,"BOURGOGNE,FRANCHE-COMTE, RHONE-ALPES, PROVENCE-ALPES COTE D'AZUR,CORSE",Lyon,S,EUR/kg carcasse,2.17,0,COT-VBL-porc-A25-S31.csv
2025,31,,2025-07-25,2025-07-31,"MIDI-PYRENEES, AQUITAINE LANGUEDOC-ROUSSILLON, AUVERGNE,LIMOUSIN",Toulouse,E,EUR/kg carcasse,2.17,0.1,COT-VBL-porc-A25-S31.csv
2025,31,,2025-07-25,2025-07-31,"MIDI-PYRENEES, AQUITAINE LANGUEDOC-ROUSSILLON, AUVERGNE,LIMOUSIN",Toulouse,S,EUR/kg carcasse,2.17,0.04,COT-VBL-porc-A25-S31.csv
2025,31,,2025-07-25,2025-07-31,RÉFÉRENCE NATIONALE,,E,EUR/kg carcasse,2.06,0.01,COT-VBL-porc-A25-S31.csv
2025,31,,2025-07-25,2025-07-31,RÉFÉRENCE NATIONALE,,S,EUR/kg carcasse,2.13,0.01,COT-VBL-porc-A25-S31.csv
2025,32,,2025-08-01,2025-08-07,BRETAGNE,Rennes,E,EUR/kg carcasse,2.01,-0.01,COT-VBL-porc-A25-S32.csv
2025,32,,2025-08-01,2025-08-07,BRETAGNE,Rennes,S,EUR/kg carcasse,2.09,-0.02,COT-VBL-porc-A25-S32.csv
2025,32,,2025-08-01,2025-08-07,"HAUTE ET BASSE NORMANDIE, PAYS DE LOIRE, POITOU-CHARENTES, CENTRE",Nantes,E,EUR/kg carcasse,2.05,-0.02,COT-VBL-porc-A25-S32.csv
2025,32,,2025-08-01,2025-08-07,"HAUTE ET BASSE NORMANDIE, PAYS DE LOIRE, POITOU-CHARENTES, CENTRE",Nantes,S,EUR/kg carcasse,2.12,-0.02,COT-VBL-porc-A25-S32.csv
2025,32,,2025-08-01,2025-08-07,"NORD-PAS DE CALAIS,PICARDIE, ILE DE FRANCE, LORRAINE,ALSACE, CHAMPAGNE-ARDENNES",Lille,E,EUR/kg carcasse,2.03,-0.03,COT-VBL-porc-A25-S32.csv
2025,32,,2025-08-01,2025-08-07,"NORD-PAS DE CALAIS,PICARDIE, ILE DE FRANCE, LORRAINE,ALSACE, CHAMPAGNE-ARDENNES",Lille,S,EUR/kg carcasse,2.11,-0.02,COT-VBL-porc-A25-S32.csv
2025,32,,2025-08-01,2025-08-07,"BOURGOGNE,FRANCHE-COMTE, RHONE-ALPES, PROVENCE-ALPES COTE D'AZUR,CORSE",Lyon,E,EUR/kg carcasse,2.14,-0.02,COT-VBL-porc-A25-S32.csv
2025,32,,2025-08-01,2025-08-07,"BOURGOGNE,FRANCHE-COMTE, RHONE-ALPES, PROVENCE-ALPES COTE D'AZUR,CORSE",Lyon,S,EUR/kg carcasse,2.15,-0.02,COT-VBL-porc-A25-S32.csv
2025,32,,2025-08-01,2025-08-07,"MIDI-PYRENEES, AQUITAINE LANGUEDOC-ROUSSILLON, AUVERGNE,LIMOUSIN",Toulouse,E,EUR/kg carcasse,2.18,0.01,COT-VBL-porc-A25-S32.csv
2025,32,,2025-08-01,2025-08-07,"MIDI-PYRENEES, AQUITAINE LANGUEDOC-ROUSSILLON, AUVERGNE,LIMOUSIN",Toulouse,S,EUR/kg carcasse,2.16,-0.01,COT-VBL-porc-A25-S32.csv
2025,32,,2025-08-01,2025-08-07,RÉFÉRENCE NATIONALE,,E,EUR/kg carcasse,2.04,-0.02,COT-VBL-porc-A25-S32.csv
2025,32,,2025-08-01,2025-08-07,RÉFÉRENCE NATIONALE,,S,EUR/kg carcasse,2.11,-0.02,COT-VBL-porc-A25-S32.csv
2025,33,,2025-08-08,2025-08-14,BRETAGNE,Rennes,E,EUR/kg carcasse,1.98,-0.03,COT-VBL-porc-A25-S33.csv
2025,33,,2025-08-08,2025-08-14,BRETAGNE,Rennes,S,EUR/kg carcasse,2.06,-0.03,COT-VBL-porc-A25-S33.csv
2025,33,,2025-08-08,2025-08-14,"HAUTE ET BASSE NORMANDIE, PAYS DE LOIRE, POITOU-CHARENTES, CENTRE",Nantes,E,EUR/kg carcasse,2.04,-0.01,COT-VBL-porc-A25-S33.csv
2025,33,,2025-08-08,2025-08-14,"HAUTE ET BASSE NORMANDIE, PAYS DE LOIRE, POITOU-CHARENTES, CENTRE",Nantes,S,EUR/kg carcasse,2.09,-0.03,COT-VBL-porc-A25-S33.csv
2025,33,,2025-08-08,2025-08-14,"NORD-PAS DE CALAIS,PICARDIE, ILE DE FRANCE, LORRAINE,ALSACE, CHAMPAGNE-ARDENNES",Lille,E,EUR/kg carcasse,1.99,-0.04,COT-VBL-porc-A25-S33.csv
2025,33,,2025-08-08,2025-08-14,"NORD-PAS DE CALAIS,PICARDIE, ILE DE FRANCE, LORRAINE,ALSACE, CHAMPAGNE-ARDENNES",Lille,S,EUR/kg carcasse,2.07,-0.04,COT-VBL-porc-A25-S33.csv
2025,33,,2025-08-08,2025-08-14,"BOURGOGNE,FRANCHE-COMTE, RHONE-ALPES, PROVENCE-ALPES COTE D'AZUR,CORSE",Lyon,E,EUR/kg carcasse,2.1,-0.04,COT-VBL-porc-A25-S33.csv
2025,33,,2025-08-08,2025-08-14,"BOURGOGNE,FRANCHE-COMTE, RHONE-ALPES, PROVENCE-ALPES COTE D'AZUR,CORSE",Lyon,S,EUR/kg carcasse,2.11,-0.04,COT-VBL-porc-A25-S33.csv
2025,33,,2025-08-08,2025-08-14,"MIDI-PYRENEES, AQUITAINE LANGUEDOC-ROUSSILLON, AUVERGNE,LIMOUSIN",Toulouse,E,EUR/kg carcasse,2.02,-0.16,COT-VBL-porc-A25-S33.csv
2025,33,,2025-08-08,2025-08-14,"MIDI-PYRENEES, AQUITAINE LANGUEDOC-ROUSSILLON, AUVERGNE,LIMOUSIN",Toulouse,S,EUR/kg carcasse,2.07,-0.09,COT-VBL-porc-A25-S33.csv
2025,33,,2025-08-08,2025-08-14,RÉFÉRENCE NATIONALE,,E,EUR/kg carcasse,2,-0.04,COT-VBL-porc-A25-S33.csv
2025,33,,2025-08-08,2025-08-14,RÉFÉRENCE NATIONALE,,S,EUR/kg carcasse,2.07,-0.04,COT-VBL-porc-A25-S33.csv
2025,34,,2025-08-15,2025-08-21,BRETAGNE,Rennes,E,EUR/kg carcasse,1.96,-0.02,COT-VBL-porc-A25-S34.csv
2025,34,,2025-08-15,2025-08-21,BRETAGNE,Rennes,S,EUR/kg carcasse,2.05,-0.01,COT-VBL-porc-A25-S34.csv
2025,34,,2025-08-15,2025-08-21,"HAUTE ET BASSE NORMANDIE, PAYS DE LOIRE, POITOU-CHARENTES, CENTRE",Nantes,E,EUR/kg carcasse,2,-0.04,COT-VBL-porc-A25-S34.csv
2025,34,,2025-08-15,2025-08-21,"HAUTE ET BASSE NORMANDIE, PAYS DE LOIRE, POITOU-CHARENTES, CENTRE",Nantes,S,EUR/kg carcasse,2.07,-0.02,COT-VBL-porc-A25-S34.csv
2025,34,,2025-08-15,2025-08-21,"NORD-PAS DE CALAIS,PICARDIE, ILE DE FRANCE, LORRAINE,ALSACE, CHAMPAGNE-ARDENNES",Lille,E,EUR/kg carcasse,1.98,-0.01,COT-VBL-porc-A25-S34.csv
2025,34,,2025-08-15,2025-08-21,"NORD-PAS DE CALAIS,PICARDIE, ILE DE FRANCE, LORRAINE,ALSACE, CHAMPAGNE-ARDENNES",Lille,S,EUR/kg carcasse,2.05,-0.02,COT-VBL-porc-A25-S34.csv
2025,34,,2025-08-15,2025-08-21,"BOURGOGNE,FRANCHE-COMTE, RHONE-ALPES, PROVENCE-ALPES COTE D'AZUR,CORSE",Lyon,E,EUR/kg carcasse,2.08,-0.02,COT-VBL-porc-A25-S34.csv
2025,34,,2025-08-15,2025-08-21,"BOURGOGNE,FRANCHE-COMTE, RHONE-ALPES, PROVENCE-ALPES COTE D'AZUR,CORSE",Lyon,S,EUR/kg carcasse,2.09,-0.02,COT-VBL-porc-A25-S34.csv
2025,34,,2025-08-15,2025-08-21,"MIDI-PYRENEES, AQUITAINE LANGUEDOC-ROUSSILLON, AUVERGNE,LIMOUSIN",Toulouse,E,EUR/kg carcasse,2,-0.02,COT-VBL-porc-A25-S34.csv
2025,34,,2025-08-15,2025-08-21,"MIDI-PYRENEES, AQUITAINE LANGUEDOC-ROUSSILLON, AUVERGNE,LIMOUSIN",Toulouse,S,EUR/kg carcasse,2.05,-0.02,COT-VBL-porc-A25-S34.csv
2025,34,,2025-08-15,2025-08-21,RÉFÉRENCE NATIONALE,,E,EUR/kg carcasse,1.98,-0.02,COT-VBL-porc-A25-S34.csv
2025,34,,2025-08-15,2025-08-21,RÉFÉRENCE NATIONALE,,S,EUR/kg carcasse,2.06,-0.01,COT-VBL-porc-A25-S34.csv
2025,35,,2025-08-22,2025-08-28,BRETAGNE,Rennes,E,EUR/kg carcasse,1.93,-0.03,COT-VBL-porc-A25-S35.csv
2025,35,,2025-08-22,2025-08-28,BRETAGNE,Rennes,S,EUR/kg carcasse,2.02,-0.03,COT-VBL-porc-A25-S35.csv
2025,35,,2025-08-22,2025-08-28,"HAUTE ET BASSE NORMANDIE, PAYS DE LOIRE, POITOU-CHARENTES, CENTRE",Nantes,E,EUR/kg carcasse,1.98,-0.02,COT-VBL-porc-A25-S35.csv
2025,35,,2025-08-22,2025-08-28,"HAUTE ET BASSE NORMANDIE, PAYS DE LOIRE, POITOU-CHARENTES, CENTRE",Nantes,S,EUR/kg carcasse,2.05,-0.02,COT-VBL-porc-A25-S35.csv
2025,35,,2025-08-22,2025-08-28,"NORD-PAS DE CALAIS,PICARDIE, ILE DE FRANCE, LORRAINE,ALSACE, CHAMPAGNE-ARDENNES",Lille,E,EUR/kg carcasse,1.93,-0.05,COT-VBL-porc-A25-S35.csv
2025,35,,2025-08-22,2025-08-28,"NORD-PAS DE CALAIS,PICARDIE, ILE DE FRANCE, LORRAINE,ALSACE, CHAMPAGNE-ARDENNES",Lille,S,EUR/kg carcasse,2.01,-0.04,COT-VBL-porc-A25-S35.csv
2025,35,,2025-08-22,2025-08-28,"BOURGOGNE,FRANCHE-COMTE, RHONE-ALPES, PROVENCE-ALPES COTE D'AZUR,CORSE",Lyon,E,EUR/kg carcasse,2.06,-0.02,COT-VBL-porc-A25-S35.csv
2025,35,,2025-08-22,2025-08-28,"BOURGOGNE,FRANCHE-COMTE, RHONE-ALPES, PROVENCE-ALPES COTE D'AZUR,CORSE",Lyon,S,EUR/kg carcasse,2.07,-0.02,COT-VBL-porc-A25-S35.csv
2025,35,,2025-08-22,2025-08-28,"MIDI-PYRENEES, AQUITAINE LANGUEDOC-ROUSSILLON, AUVERGNE,LIMOUSIN",Toulouse,E,EUR/kg carcasse,1.94,-0.06,COT-VBL-porc-A25-S35.csv
2025,35,,2025-08-22,2025-08-28,"MIDI-PYRENEES, AQUITAINE LANGUEDOC-ROUSSILLON, AUVERGNE,LIMOUSIN",Toulouse,S,EUR/kg carcasse,2.02,-0.03,COT-VBL-porc-A25-S35.csv
2025,35,,2025-08-22,2025-08-28,RÉFÉRENCE NATIONALE,,E,EUR/kg carcasse,1.95,-0.03,COT-VBL-porc-A25-S35.csv
2025,35,,2025-08-22,2025-08-28,RÉFÉRENCE NATIONALE,,S,EUR/kg carcasse,2.03,-0.03,COT-VBL-porc-A25-S35.csv
2025,36,,2025-08-29,2025-09-04,BRETAGNE,Rennes,E,EUR/kg carcasse,1.91,-0.02,COT-VBL-porc-A25-S36.csv
2025,36,,2025-08-29,2025-09-04,BRETAGNE,Rennes,S,EUR/kg carcasse,2,-0.02,COT-VBL-porc-A25-S36.csv
2025,36,,2025-08-29,2025-09-04,"HAUTE ET BASSE NORMANDIE, PAYS DE LOIRE, POITOU-CHARENTES, CENTRE",Nantes,E,EUR/kg carcasse,1.92,-0.06,COT-VBL-porc-A25-S36.csv
2025,36,,2025-08-29,2025-09-04,"HAUTE ET BASSE NORMANDIE, PAYS DE LOIRE, POITOU-CHARENTES, CENTRE",Nantes,S,EUR/kg carcasse,2.01,-0.04,COT-VBL-porc-A25-S36.csv
2025,36,,2025-08-29,2025-09-04,"NORD-PAS DE CALAIS,PICARDIE, ILE DE FRANCE, LORRAINE,ALSACE, CHAMPAGNE-ARDENNES",Lille,E,EUR/kg carcasse,1.94,0.01,COT-VBL-porc-A25-S36.csv
2025,36,,2025-08-29,2025-09-04,"NORD-PAS DE CALAIS,PICARDIE, ILE DE FRANCE, LORRAINE,ALSACE, CHAMPAGNE-ARDENNES",Lille,S,EUR/kg carcasse,2,-0.01,COT-VBL-porc-A25-S36.csv
2025,36,,2025-08-29,2025-09-04,"BOURGOGNE,FRANCHE-COMTE, RHONE-ALPES, PROVENCE-ALPES COTE D'AZUR,CORSE",Lyon,E,EUR/kg carcasse,2.02,-0.04,COT-VBL-porc-A25-S36.csv
2025,36,,2025-08-29,2025-09-04,"BOURGOGNE,FRANCHE-COMTE, RHONE-ALPES, PROVENCE-ALPES COTE D'AZUR,CORSE",Lyon,S,EUR/kg carcasse,2.03,-0.04,COT-VBL-porc-A25-S36.csv
2025,36,,2025-08-29,2025-09-04,"MIDI-PYRENEES, AQUITAINE LANGUEDOC-ROUSSILLON, AUVERGNE,LIMOUSIN",Toulouse,E,EUR/kg carcasse,1.98,0.04,COT-VBL-porc-A25-S36.csv
2025,36,,2025-08-29,2025-09-04,"MIDI-PYRENEES, AQUITAINE LANGUEDOC-ROUSSILLON, AUVERGNE,LIMOUSIN",Toulouse,S,EUR/kg carcasse,2,-0.02,COT-VBL-porc-A25-S36.csv
2025,36,,2025-08-29,2025-09-04,RÉFÉRENCE NATIONALE,,E,EUR/kg carcasse,1.93,-0.02,COT-VBL-porc-A25-S36.csv
2025,36,,2025-08-29,2025-09-04,RÉFÉRENCE NATIONALE,,S,EUR/kg carcasse,2,-0.03,COT-VBL-porc-A25-S36.csv
2025,37,,2025-09-05,2025-09-11,BRETAGNE,Rennes,E,EUR/kg carcasse,1.87,-0.04,COT-VBL-porc-A25-S37.csv
2025,37,,2025-09-05,2025-09-11,BRETAGNE,Rennes,S,EUR/kg carcasse,1.95,-0.05,COT-VBL-porc-A25-S37.csv
2025,37,,2025-09-05,2025-09-11,"HAUTE ET BASSE NORMANDIE, PAYS DE LOIRE, POITOU-CHARENTES, CENTRE",Nantes,E,EUR/kg carcasse,1.93,0.01,COT-VBL-porc-A25-S37.csv
2025,37,,2025-09-05,2025-09-11,"HAUTE ET BASSE NORMANDIE, PAYS DE LOIRE, POITOU-CHARENTES, CENTRE",Nantes,S,EUR/kg carcasse,1.98,-0.03,COT-VBL-porc-A25-S37.csv
2025,37,,2025-09-05,2025-09-11,"NORD-PAS DE CALAIS,PICARDIE, ILE DE FRANCE, LORRAINE,ALSACE, CHAMPAGNE-ARDENNES",Lille,E,EUR/kg carcasse,1.89,-0.05,COT-VBL-porc-A25-S37.csv
2025,37,,2025-09-05,2025-09-11,"NORD-PAS DE CALAIS,PICARDIE, ILE DE FRANCE, LORRAINE,ALSACE, CHAMPAGNE-ARDENNES",Lille,S,EUR/kg carcasse,1.97,-0.03,COT-VBL-porc-A25-S37.csv
2025,37,,2025-09-05,2025-09-11,"BOURGOGNE,FRANCHE-COMTE, RHONE-ALPES, PROVENCE-ALPES COTE D'AZUR,CORSE",Lyon,E,EUR/kg carcasse,1.99,-0.03,COT-VBL-porc-A25-S37.csv
2025,37,,2025-09-05,2025-09-11,"BOURGOGNE,FRANCHE-COMTE, RHONE-ALPES, PROVENCE-ALPES COTE D'AZUR,CORSE",Lyon,S,EUR/kg carcasse,2.01,-0.02,COT-VBL-porc-A25-S37.csv
2025,37,,2025-09-05,2025-09-11,"MIDI-PYRENEES, AQUITAINE LANGUEDOC-ROUSSILLON, AUVERGNE,LIMOUSIN",Toulouse,E,EUR/kg carcasse,1.93,-0.05,COT-VBL-porc-A25-S37.csv
2025,37,,2025-09-05,2025-09-11,"MIDI-PYRENEES, AQUITAINE LANGUEDOC-ROUSSILLON, AUVERGNE,LIMOUSIN",Toulouse,S,EUR/kg carcasse,1.97,-0.03,COT-VBL-porc-A25-S37.csv
2025,37,,2025-09-05,2025-09-11,RÉFÉRENCE NATIONALE,,E,EUR/kg carcasse,1.9,-0.03,COT-VBL-porc-A25-S37.csv
2025,37,,2025-09-05,2025-09-11,RÉFÉRENCE NATIONALE,,S,EUR/kg carcasse,1.96,-0.04,COT-VBL-porc-A25-S37.csv
2025,38,,2025-09-12,2025-09-18,BRETAGNE,Rennes,E,EUR/kg carcasse,1.81,-0.06,COT-VBL-porc-A25-S38.csv
2025,38,,2025-09-12,2025-09-18,BRETAGNE,Rennes,S,EUR/kg carcasse,1.89,-0.06,COT-VBL-porc-A25-S38.csv
2025,38,,2025-09-12,2025-09-18,"HAUTE ET BASSE NORMANDIE, PAYS DE LOIRE, POITOU-CHARENTES, CENTRE",Nantes,E,EUR/kg carcasse,1.86,-0.07,COT-VBL-porc-A25-S38.csv
2025,38,,2025-09-12,2025-09-18,"HAUTE ET BASSE NORMANDIE, PAYS DE LOIRE, POITOU-CHARENTES, CENTRE",Nantes,S,EUR/kg carcasse,1.93,-0.05,COT-VBL-porc-A25-S38.csv
2025,38,,2025-09-12,2025-09-18,"NORD-PAS DE CALAIS,PICARDIE, ILE DE FRANCE, LORRAINE,ALSACE, CHAMPAGNE-ARDENNES",Lille,E,EUR/kg carcasse,1.83,-0.06,COT-VBL-porc-A25-S38.csv
2025,38,,2025-09-12,2025-09-18,"NORD-PAS DE CALAIS,PICARDIE, ILE DE FRANCE, LORRAINE,ALSACE, CHAMPAGNE-ARDENNES",Lille,S,EUR/kg carcasse,1.89,-0.08,COT-VBL-porc-A25-S38.csv
2025,38,,2025-09-12,2025-09-18,"BOURGOGNE,FRANCHE-COMTE, RHONE-ALPES, PROVENCE-ALPES COTE D'AZUR,CORSE",Lyon,E,EUR/kg carcasse,1.95,-0.04,COT-VBL-porc-A25-S38.csv
2025,38,,2025-09-12,2025-09-18,"BOURGOGNE,FRANCHE-COMTE, RHONE-ALPES, PROVENCE-ALPES COTE D'AZUR,CORSE",Lyon,S,EUR/kg carcasse,1.96,-0.05,COT-VBL-porc-A25-S38.csv
2025,38,,2025-09-12,2025-09-18,"MIDI-PYRENEES, AQUITAINE LANGUEDOC-ROUSSILLON, AUVERGNE,LIMOUSIN",Toulouse,E,EUR/kg carcasse,1.86,-0.07,COT-VBL-porc-A25-S38.csv
2025,38,,2025-09-12,2025-09-18,"MIDI-PYRENEES, AQUITAINE LANGUEDOC-ROUSSILLON, AUVERGNE,LIMOUSIN",Toulouse,S,EUR/kg carcasse,1.91,-0.06,COT-VBL-porc-A25-S38.csv
2025,38,,2025-09-12,2025-09-18,RÉFÉRENCE NATIONALE,,E,EUR/kg carcasse,1.84,-0.06,COT-VBL-porc-A25-S38.csv
2025,38,,2025-09-12,2025-09-18,RÉFÉRENCE NATIONALE,,S,EUR/kg carcasse,1.9,-0.06,COT-VBL-porc-A25-S38.csv
2025,39,,2025-09-19,2025-09-25,BRETAGNE,Rennes,E,EUR/kg carcasse,1.77,-0.04,COT-VBL-porc-A25-S39.csv
2025,39,,2025-09-19,2025-09-25,BRETAGNE,Rennes,S,EUR/kg carcasse,1.84,-0.05,COT-VBL-porc-A25-S39.csv
2025,39,,2025-09-19,2025-09-25,"HAUTE ET BASSE NORMANDIE, PAYS DE LOIRE, POITOU-CHARENTES, CENTRE",Nantes,E,EUR/kg carcasse,1.82,-0.04,COT-VBL-porc-A25-S39.csv
2025,39,,2025-09-19,2025-09-25,"HAUTE ET BASSE NORMANDIE, PAYS DE LOIRE, POITOU-CHARENTES, CENTRE",Nantes,S,EUR/kg carcasse,1.88,-0.05,COT-VBL-porc-A25-S39.csv
2025,39,,2025-09-19,2025-09-25,"NORD-PAS DE CALAIS,PICARDIE, ILE DE FRANCE, LORRAINE,ALSACE, CHAMPAGNE-ARDENNES",Lille,E,EUR/kg carcasse,1.8,-0.03,COT-VBL-porc-A25-S39.csv
2025,39,,2025-09-19,2025-09-25,"NORD-PAS DE CALAIS,PICARDIE, ILE DE FRANCE, LORRAINE,ALSACE, CHAMPAGNE-ARDENNES",Lille,S,EUR/kg carcasse,1.87,-0.02,COT-VBL-porc-A25-S39.csv
2025,39,,2025-09-19,2025-09-25,"BOURGOGNE,FRANCHE-COMTE, RHONE-ALPES, PROVENCE-ALPES COTE D'AZUR,CORSE",Lyon,E,EUR/kg carcasse,1.9,-0.05,COT-VBL-porc-A25-S39.csv
2025,39,,2025-09-19,2025-09-25,"BOURGOGNE,FRANCHE-COMTE, RHONE-ALPES, PROVENCE-ALPES COTE D'AZUR,CORSE",Lyon,S,EUR/kg carcasse,1.91,-0.05,COT-VBL-porc-A25-S39.csv
2025,39,,2025-09-19,2025-09-25,"MIDI-PYRENEES, AQUITAINE LANGUEDOC-ROUSSILLON, AUVERGNE,LIMOUSIN",Toulouse,E,EUR/kg carcasse,1.81,-0.05,COT-VBL-porc-A25-S39.csv
2025,39,,2025-09-19,2025-09-25,"MIDI-PYRENEES, AQUITAINE LANGUEDOC-ROUSSILLON, AUVERGNE,LIMOUSIN",Toulouse,S,EUR/kg carcasse,1.88,-0.03,COT-VBL-porc-A25-S39.csv
2025,39,,2025-09-19,2025-09-25,RÉFÉRENCE NATIONALE,,E,EUR/kg carcasse,1.79,-0.05,COT-VBL-porc-A25-S39.csv
2025,39,,2025-09-19,2025-09-25,RÉFÉRENCE NATIONALE,,S,EUR/kg carcasse,1.86,-0.04,COT-VBL-porc-A25-S39.csv
2025,40,,2025-09-26,2025-10-02,BRETAGNE,Rennes,E,EUR/kg carcasse,1.74,-0.03,COT-VBL-porc-A25-S40.csv
2025,40,,2025-09-26,2025-10-02,BRETAGNE,Rennes,S,EUR/kg carcasse,1.82,-0.02,COT-VBL-porc-A25-S40.csv
2025,40,,2025-09-26,2025-10-02,"HAUTE ET BASSE NORMANDIE, PAYS DE LOIRE, POITOU-CHARENTES, CENTRE",Nantes,E,EUR/kg carcasse,1.8,-0.02,COT-VBL-porc-A25-S40.csv
2025,40,,2025-09-26,2025-10-02,"HAUTE ET BASSE NORMANDIE, PAYS DE LOIRE, POITOU-CHARENTES, CENTRE",Nantes,S,EUR/kg carcasse,1.87,-0.01,COT-VBL-porc-A25-S40.csv
2025,40,,2025-09-26,2025-10-02,"NORD-PAS DE CALAIS,PICARDIE, ILE DE FRANCE, LORRAINE,ALSACE, CHAMPAGNE-ARDENNES",Lille,E,EUR/kg carcasse,1.79,-0.01,COT-VBL-porc-A25-S40.csv
2025,40,,2025-09-26,2025-10-02,"NORD-PAS DE CALAIS,PICARDIE, ILE DE FRANCE, LORRAINE,ALSACE, CHAMPAGNE-ARDENNES",Lille,S,EUR/kg carcasse,1.85,-0.02,COT-VBL-porc-A25-S40.csv
2025,40,,2025-09-26,2025-10-02,"BOURGOGNE,FRANCHE-COMTE, RHONE-ALPES, PROVENCE-ALPES COTE D'AZUR,CORSE",Lyon,E,EUR/kg carcasse,1.9,0,COT-VBL-porc-A25-S40.csv
2025,40,,2025-09-26,2025-10-02,"BOURGOGNE,FRANCHE-COMTE, RHONE-ALPES, PROVENCE-ALPES COTE D'AZUR,CORSE",Lyon,S,EUR/kg carcasse,1.91,0,COT-VBL-porc-A25-S40.csv
2025,40,,2025-09-26,2025-10-02,"MIDI-PYRENEES, AQUITAINE LANGUEDOC-ROUSSILLON, AUVERGNE,LIMOUSIN",Toulouse,E,EUR/kg carcasse,1.81,0,COT-VBL-porc-A25-S40.csv
2025,40,,2025-09-26,2025-10-02,"MIDI-PYRENEES, AQUITAINE LANGUEDOC-ROUSSILLON, AUVERGNE,LIMOUSIN",Toulouse,S,EUR/kg carcasse,1.84,-0.04,COT-VBL-porc-A25-S40.csv
2025,40,,2025-09-26,2025-10-02,RÉFÉRENCE NATIONALE,,E,EUR/kg carcasse,1.77,-0.02,COT-VBL-porc-A25-S40.csv
2025,40,,2025-09-26,2025-10-02,RÉFÉRENCE NATIONALE,,S,EUR/kg carcasse,1.84,-0.02,COT-VBL-porc-A25-S40.csv
2025,41,,2025-10-03,2025-10-09,BRETAGNE,Rennes,E,EUR/kg carcasse,1.73,-0.01,COT-VBL-porc-A25-S41.csv
2025,41,,2025-10-03,2025-10-09,BRETAGNE,Rennes,S,EUR/kg carcasse,1.81,-0.01,COT-VBL-porc-A25-S41.csv
2025,41,,2025-10-03,2025-10-09,"HAUTE ET BASSE NORMANDIE, PAYS DE LOIRE, POITOU-CHARENTES, CENTRE",Nantes,E,EUR/kg carcasse,1.78,-0.02,COT-VBL-porc-A25-S41.csv
2025,41,,2025-10-03,2025-10-09,"HAUTE ET BASSE NORMANDIE, PAYS DE LOIRE, POITOU-CHARENTES, CENTRE",Nantes,S,EUR/kg carcasse,1.85,-0.02,COT-VBL-porc-A25-S41.csv
2025,41,,2025-10-03,2025-10-09,"NORD-PAS DE CALAIS,PICARDIE, ILE DE FRANCE, LORRAINE,ALSACE, CHAMPAGNE-ARDENNES",Lille,E,EUR/kg carcasse,1.75,-0.04,COT-VBL-porc-A25-S41.csv
2025,41,,2025-10-03,2025-10-09,"NORD-PAS DE CALAIS,PICARDIE, ILE DE FRANCE, LORRAINE,ALSACE, CHAMPAGNE-ARDENNES",Lille,S,EUR/kg carcasse,1.83,-0.02,COT-VBL-porc-A25-S41.csv
2025,41,,2025-10-03,2025-10-09,"BOURGOGNE,FRANCHE-COMTE, RHONE-ALPES, PROVENCE-ALPES COTE D'AZUR,CORSE",Lyon,E,EUR/kg carcasse,1.89,-0.01,COT-VBL-porc-A25-S41.csv
2025,41,,2025-10-03,2025-10-09,"BOURGOGNE,FRANCHE-COMTE, RHONE-ALPES, PROVENCE-ALPES COTE D'AZUR,CORSE",Lyon,S,EUR/kg carcasse,1.89,-0.02,COT-VBL-porc-A25-S41.csv
2025,41,,2025-10-03,2025-10-09,"MIDI-PYRENEES, AQUITAINE LANGUEDOC-ROUSSILLON, AUVERGNE,LIMOUSIN",Toulouse,E,EUR/kg carcasse,1.77,-0.04,COT-VBL-porc-A25-S41.csv
2025,41,,2025-10-03,2025-10-09,"MIDI-PYRENEES, AQUITAINE LANGUEDOC-ROUSSILLON, AUVERGNE,LIMOUSIN",Toulouse,S,EUR/kg carcasse,1.83,-0.01,COT-VBL-porc-A25-S41.csv
2025,41,,2025-10-03,2025-10-09,RÉFÉRENCE NATIONALE,,E,EUR/kg carcasse,1.76,-0.01,COT-VBL-porc-A25-S41.csv
2025,41,,2025-10-03,2025-10-09,RÉFÉRENCE NATIONALE,,S,EUR/kg carcasse,1.83,-0.01,COT-VBL-porc-A25-S41.csv
2025,42,,2025-10-10,2025-10-16,BRETAGNE,Rennes,E,EUR/kg carcasse,1.7,-0.03,COT-VBL-porc-A25-S42.csv
2025,42,,2025-10-10,2025-10-16,BRETAGNE,Rennes,S,EUR/kg carcasse,1.78,-0.03,COT-VBL-porc-A25-S42.csv
2025,42,,2025-10-10,2025-10-16,"HAUTE ET BASSE NORMANDIE, PAYS DE LOIRE, POITOU-CHARENTES, CENTRE",Nantes,E,EUR/kg carcasse,1.75,-0.03,COT-VBL-porc-A25-S42.csv
2025,42,,2025-10-10,2025-10-16,"HAUTE ET BASSE NORMANDIE, PAYS DE LOIRE, POITOU-CHARENTES, CENTRE",Nantes,S,EUR/kg carcasse,1.82,-0.03,COT-VBL-porc-A25-S42.csv
2025,42,,2025-10-10,2025-10-16,"NORD-PAS DE CALAIS,PICARDIE, ILE DE FRANCE, LORRAINE,ALSACE, CHAMPAGNE-ARDENNES",Lille,E,EUR/kg carcasse,1.71,-0.04,COT-VBL-porc-A25-S42.csv
2025,42,,2025-10-10,2025-10-16,"NORD-PAS DE CALAIS,PICARDIE, ILE DE FRANCE, LORRAINE,ALSACE, CHAMPAGNE-ARDENNES",Lille,S,EUR/kg carcasse,1.78,-0.05,COT-VBL-porc-A25-S42.csv
2025,42,,2025-10-10,2025-10-16,"BOURGOGNE,FRANCHE-COMTE, RHONE-ALPES, PROVENCE-ALPES COTE D'AZUR,CORSE",Lyon,E,EUR/kg carcasse,1.84,-0.05,COT-VBL-porc-A25-S42.csv
2025,42,,2025-10-10,2025-10-16,"BOURGOGNE,FRANCHE-COMTE, RHONE-ALPES, PROVENCE-ALPES COTE D'AZUR,CORSE",Lyon,S,EUR/kg carcasse,1.86,-0.03,COT-VBL-porc-A25-S42.csv
2025,42,,2025-10-10,2025-10-16,"MIDI-PYRENEES, AQUITAINE LANGUEDOC-ROUSSILLON, AUVERGNE,LIMOUSIN",Toulouse,E,EUR/kg carcasse,1.73,-0.04,COT-VBL-porc-A25-S42.csv
2025,42,,2025-10-10,2025-10-16,"MIDI-PYRENEES, AQUITAINE LANGUEDOC-ROUSSILLON, AUVERGNE,LIMOUSIN",Toulouse,S,EUR/kg carcasse,1.79,-0.04,COT-VBL-porc-A25-S42.csv
2025,42,,2025-10-10,2025-10-16,RÉFÉRENCE NATIONALE,,E,EUR/kg carcasse,1.72,-0.04,COT-VBL-porc-A25-S42.csv
2025,42,,2025-10-10,2025-10-16,RÉFÉRENCE NATIONALE,,S,EUR/kg carcasse,1.79,-0.04,COT-VBL-porc-A25-S42.csv
2025,43,,2025-10-17,2025-10-23,BRETAGNE,Rennes,E,EUR/kg carcasse,1.68,-0.02,COT-VBL-porc-A25-S43.csv
2025,43,,2025-10-17,2025-10-23,BRETAGNE,Rennes,S,EUR/kg carcasse,1.76,-0.02,COT-VBL-porc-A25-S43.csv
2025,43,,2025-10-17,2025-10-23,"HAUTE ET BASSE NORMANDIE, PAYS DE LOIRE, POITOU-CHARENTES, CENTRE",Nantes,E,EUR/kg carcasse,1.74,-0.01,COT-VBL-porc-A25-S43.csv
2025,43,,2025-10-17,2025-10-23,"HAUTE ET BASSE NORMANDIE, PAYS DE LOIRE, POITOU-CHARENTES, CENTRE",Nantes,S,EUR/kg carcasse,1.8,-0.02,COT-VBL-porc-A25-S43.csv
2025,43,,2025-10-17,2025-10-23,"NORD-PAS DE CALAIS,PICARDIE, ILE DE FRANCE, LORRAINE,ALSACE, CHAMPAGNE-ARDENNES",Lille,E,EUR/kg carcasse,1.7,-0.01,COT-VBL-porc-A25-S43.csv
2025,43,,2025-10-17,2025-10-23,"NORD-PAS DE CALAIS,PICARDIE, ILE DE FRANCE, LORRAINE,ALSACE, CHAMPAGNE-ARDENNES",Lille,S,EUR/kg carcasse,1.78,0,COT-VBL-porc-A25-S43.csv
2025,43,,2025-10-17,2025-10-23,"BOURGOGNE,FRANCHE-COMTE, RHONE-ALPES, PROVENCE-ALPES COTE D'AZUR,CORSE",Lyon,E,EUR/kg carcasse,1.83,-0.01,COT-VBL-porc-A25-S43.csv
2025,43,,2025-10-17,2025-10-23,"BOURGOGNE,FRANCHE-COMTE, RHONE-ALPES, PROVENCE-ALPES COTE D'AZUR,CORSE",Lyon,S,EUR/kg carcasse,1.84,-0.02,COT-VBL-porc-A25-S43.csv
2025,43,,2025-10-17,2025-10-23,"MIDI-PYRENEES, AQUITAINE LANGUEDOC-ROUSSILLON, AUVERGNE,LIMOUSIN",Toulouse,E,EUR/kg carcasse,1.69,-0.04,COT-VBL-porc-A25-S43.csv
2025,43,,2025-10-17,2025-10-23,"MIDI-PYRENEES, AQUITAINE LANGUEDOC-ROUSSILLON, AUVERGNE,LIMOUSIN",Toulouse,S,EUR/kg carcasse,1.77,-0.02,COT-VBL-porc-A25-S43.csv
2025,43,,2025-10-17,2025-10-23,RÉFÉRENCE NATIONALE,,E,EUR/kg carcasse,1.7,-0.02,COT-VBL-porc-A25-S43.csv
2025,43,,2025-10-17,2025-10-23,RÉFÉRENCE NATIONALE,,S,EUR/kg carcasse,1.78,-0.01,COT-VBL-porc-A25-S43.csv
2025,44,,2025-10-24,2025-10-30,BRETAGNE,Rennes,E,EUR/kg carcasse,1.68,0,COT-VBL-porc-A25-S44.csv
2025,44,,2025-10-24,2025-10-30,BRETAGNE,Rennes,S,EUR/kg carcasse,1.76,0,COT-VBL-porc-A25-S44.csv
2025,44,,2025-10-24,2025-10-30,"HAUTE ET BASSE NORMANDIE, PAYS DE LOIRE, POITOU-CHARENTES, CENTRE",Nantes,E,EUR/kg carcasse,1.74,0,COT-VBL-porc-A25-S44.csv
2025,44,,2025-10-24,2025-10-30,"HAUTE ET BASSE NORMANDIE, PAYS DE LOIRE, POITOU-CHARENTES, CENTRE",Nantes,S,EUR/kg carcasse,1.8,0,COT-VBL-porc-A25-S44.csv
2025,44,,2025-10-24,2025-10-30,"NORD-PAS DE CALAIS,PICARDIE, ILE DE FRANCE, LORRAINE,ALSACE, CHAMPAGNE-ARDENNES",Lille,E,EUR/kg carcasse,1.7,0,COT-VBL-porc-A25-S44.csv
2025,44,,2025-10-24,2025-10-30,"NORD-PAS DE CALAIS,PICARDIE, ILE DE FRANCE, LORRAINE,ALSACE, CHAMPAGNE-ARDENNES",Lille,S,EUR/kg carcasse,1.77,-0.01,COT-VBL-porc-A25-S44.csv
2025,44,,2025-10-24,2025-10-30,"BOURGOGNE,FRANCHE-COMTE, RHONE-ALPES, PROVENCE-ALPES COTE D'AZUR,CORSE",Lyon,E,EUR/kg carcasse,1.82,-0.01,COT-VBL-porc-A25-S44.csv
2025,44,,2025-10-24,2025-10-30,"BOURGOGNE,FRANCHE-COMTE, RHONE-ALPES, PROVENCE-ALPES COTE D'AZUR,CORSE",Lyon,S,EUR/kg carcasse,1.82,-0.02,COT-VBL-porc-A25-S44.csv
2025,44,,2025-10-24,2025-10-30,"MIDI-PYRENEES, AQUITAINE LANGUEDOC-ROUSSILLON, AUVERGNE,LIMOUSIN",Toulouse,E,EUR/kg carcasse,1.71,0.02,COT-VBL-porc-A25-S44.csv
2025,44,,2025-10-24,2025-10-30,"MIDI-PYRENEES, AQUITAINE LANGUEDOC-ROUSSILLON, AUVERGNE,LIMOUSIN",Toulouse,S,EUR/kg carcasse,1.77,0,COT-VBL-porc-A25-S44.csv
2025,44,,2025-10-24,2025-10-30,RÉFÉRENCE NATIONALE,,E,EUR/kg carcasse,1.71,0.01,COT-VBL-porc-A25-S44.csv
2025,44,,2025-10-24,2025-10-30,RÉFÉRENCE NATIONALE,,S,EUR/kg carcasse,1.77,-0.01,COT-VBL-porc-A25-S44.csv
2025,45,,2025-10-31,2025-11-06,BRETAGNE,Rennes,E,EUR/kg carcasse,1.67,-0.01,COT-VBL-porc-A25-S45.csv
2025,45,,2025-10-31,2025-11-06,BRETAGNE,Rennes,S,EUR/kg carcasse,1.75,-0.01,COT-VBL-porc-A25-S45.csv
2025,45,,2025-10-31,2025-11-06,"HAUTE ET BASSE NORMANDIE, PAYS DE LOIRE, POITOU-CHARENTES, CENTRE",Nantes,E,EUR/kg carcasse,1.72,-0.02,COT-VBL-porc-A25-S45.csv
2025,45,,2025-10-31,2025-11-06,"HAUTE ET BASSE NORMANDIE, PAYS DE LOIRE, POITOU-CHARENTES, CENTRE",Nantes,S,EUR/kg carcasse,1.79,-0.01,COT-VBL-porc-A25-S45.csv
2025,45,,2025-10-31,2025-11-06,"NORD-PAS DE CALAIS,PICARDIE, ILE DE FRANCE, LORRAINE,ALSACE, CHAMPAGNE-ARDENNES",Lille,E,EUR/kg carcasse,1.68,-0.02,COT-VBL-porc-A25-S45.csv
2025,45,,2025-10-31,2025-11-06,"NORD-PAS DE CALAIS,PICARDIE, ILE DE FRANCE, LORRAINE,ALSACE, CHAMPAGNE-ARDENNES",Lille,S,EUR/kg carcasse,1.75,-0.02,COT-VBL-porc-A25-S45.csv
2025,45,,2025-10-31,2025-11-06,"BOURGOGNE,FRANCHE-COMTE, RHONE-ALPES, PROVENCE-ALPES COTE D'AZUR,CORSE",Lyon,E,EUR/kg carcasse,1.8,-0.02,COT-VBL-porc-A25-S45.csv
2025,45,,2025-10-31,2025-11-06,"BOURGOGNE,FRANCHE-COMTE, RHONE-ALPES, PROVENCE-ALPES COTE D'AZUR,CORSE",Lyon,S,EUR/kg carcasse,1.82,0,COT-VBL-porc-A25-S45.csv
2025,45,,2025-10-31,2025-11-06,"MIDI-PYRENEES, AQUITAINE LANGUEDOC-ROUSSILLON, AUVERGNE,LIMOUSIN",Toulouse,E,EUR/kg carcasse,1.7,-0.01,COT-VBL-porc-A25-S45.csv
2025,45,,2025-10-31,2025-11-06,"MIDI-PYRENEES, AQUITAINE LANGUEDOC-ROUSSILLON, AUVERGNE,LIMOUSIN",Toulouse,S,EUR/kg carcasse,1.75,-0.02,COT-VBL-porc-A25-S45.csv
2025,45,,2025-10-31,2025-11-06,RÉFÉRENCE NATIONALE,,E,EUR/kg carcasse,1.69,-0.02,COT-VBL-porc-A25-S45.csv
2025,45,,2025-10-31,2025-11-06,RÉFÉRENCE NATIONALE,,S,EUR/kg carcasse,1.76,-0.01,COT-VBL-porc-A25-S45.csv
2025,46,,2025-11-07,2025-11-13,BRETAGNE,Rennes,E,EUR/kg carcasse,1.67,0,COT-VBL-porc-A25-S46.csv
2025,46,,2025-11-07,2025-11-13,BRETAGNE,Rennes,S,EUR/kg carcasse,1.75,0,COT-VBL-porc-A25-S46.csv
2025,46,,2025-11-07,2025-11-13,"HAUTE ET BASSE NORMANDIE, PAYS DE LOIRE, POITOU-CHARENTES, CENTRE",Nantes,E,EUR/kg carcasse,1.73,0.01,COT-VBL-porc-A25-S46.csv
2025,46,,2025-11-07,2025-11-13,"HAUTE ET BASSE NORMANDIE, PAYS DE LOIRE, POITOU-CHARENTES, CENTRE",Nantes,S,EUR/kg carcasse,1.8,0.01,COT-VBL-porc-A25-S46.csv
2025,46,,2025-11-07,2025-11-13,"NORD-PAS DE CALAIS,PICARDIE, ILE DE FRANCE, LORRAINE,ALSACE, CHAMPAGNE-ARDENNES",Lille,E,EUR/kg carcasse,1.67,-0.01,COT-VBL-porc-A25-S46.csv
2025,46,,2025-11-07,2025-11-13,"NORD-PAS DE CALAIS,PICARDIE, ILE DE FRANCE, LORRAINE,ALSACE, CHAMPAGNE-ARDENNES",Lille,S,EUR/kg carcasse,1.75,0,COT-VBL-porc-A25-S46.csv
2025,46,,2025-11-07,2025-11-13,"BOURGOGNE,FRANCHE-COMTE, RHONE-ALPES, PROVENCE-ALPES COTE D'AZUR,CORSE",Lyon,E,EUR/kg carcasse,1.8,0,COT-VBL-porc-A25-S46.csv
2025,46,,2025-11-07,2025-11-13,"BOURGOGNE,FRANCHE-COMTE, RHONE-ALPES, PROVENCE-ALPES COTE D'AZUR,CORSE",Lyon,S,EUR/kg carcasse,1.81,-0.01,COT-VBL-porc-A25-S46.csv
2025,46,,2025-11-07,2025-11-13,"MIDI-PYRENEES, AQUITAINE LANGUEDOC-ROUSSILLON, AUVERGNE,LIMOUSIN",Toulouse,E,EUR/kg carcasse,1.62,-0.08,COT-VBL-porc-A25-S46.csv
2025,46,,2025-11-07,2025-11-13,"MIDI-PYRENEES, AQUITAINE LANGUEDOC-ROUSSILLON, AUVERGNE,LIMOUSIN",Toulouse,S,EUR/kg carcasse,1.72,-0.03,COT-VBL-porc-A25-S46.csv
2025,46,,2025-11-07,2025-11-13,RÉFÉRENCE NATIONALE,,E,EUR/kg carcasse,1.69,0,COT-VBL-porc-A25-S46.csv
2025,46,,2025-11-07,2025-11-13,RÉFÉRENCE NATIONALE,,S,EUR/kg carcasse,1.76,0,COT-VBL-porc-A25-S46.csv
2025,47,,2025-11-14,2025-11-20,BRETAGNE,Rennes,E,EUR/kg carcasse,1.66,-0.01,COT-VBL-porc-A25-S47.csv
2025,47,,2025-11-14,2025-11-20,BRETAGNE,Rennes,S,EUR/kg carcasse,1.74,-0.01,COT-VBL-porc-A25-S47.csv
2025,47,,2025-11-14,2025-11-20,"HAUTE ET BASSE NORMANDIE, PAYS DE LOIRE, POITOU-CHARENTES, CENTRE",Nantes,E,EUR/kg carcasse,1.73,0,COT-VBL-porc-A25-S47.csv
2025,47,,2025-11-14,2025-11-20,"HAUTE ET BASSE NORMANDIE, PAYS DE LOIRE, POITOU-CHARENTES, CENTRE",Nantes,S,EUR/kg carcasse,1.78,-0.02,COT-VBL-porc-A25-S47.csv
2025,47,,2025-11-14,2025-11-20,"NORD-PAS DE CALAIS,PICARDIE, ILE DE FRANCE, LORRAINE,ALSACE, CHAMPAGNE-ARDENNES",Lille,E,EUR/kg carcasse,1.66,-0.01,COT-VBL-porc-A25-S47.csv
2025,47,,2025-11-14,2025-11-20,"NORD-PAS DE CALAIS,PICARDIE, ILE DE FRANCE, LORRAINE,ALSACE, CHAMPAGNE-ARDENNES",Lille,S,EUR/kg carcasse,1.73,-0.02,COT-VBL-porc-A25-S47.csv
2025,47,,2025-11-14,2025-11-20,"BOURGOGNE,FRANCHE-COMTE, RHONE-ALPES, PROVENCE-ALPES COTE D'AZUR,CORSE",Lyon,E,EUR/kg carcasse,1.79,-0.01,COT-VBL-porc-A25-S47.csv
2025,47,,2025-11-14,2025-11-20,"BOURGOGNE,FRANCHE-COMTE, RHONE-ALPES, PROVENCE-ALPES COTE D'AZUR,CORSE",Lyon,S,EUR/kg carcasse,1.8,-0.01,COT-VBL-porc-A25-S47.csv
2025,47,,2025-11-14,2025-11-20,"MIDI-PYRENEES, AQUITAINE LANGUEDOC-ROUSSILLON, AUVERGNE,LIMOUSIN",Toulouse,E,EUR/kg carcasse,1.66,0.04,COT-VBL-porc-A25-S47.csv
2025,47,,2025-11-14,2025-11-20,"MIDI-PYRENEES, AQUITAINE LANGUEDOC-ROUSSILLON, AUVERGNE,LIMOUSIN",Toulouse,S,EUR/kg carcasse,1.73,0.01,COT-VBL-porc-A25-S47.csv
2025,47,,2025-11-14,2025-11-20,RÉFÉRENCE NATIONALE,,E,EUR/kg carcasse,1.68,-0.01,COT-VBL-porc-A25-S47.csv
2025,47,,2025-11-14,2025-11-20,RÉFÉRENCE NATIONALE,,S,EUR/kg carcasse,1.75,-0.01,COT-VBL-porc-A25-S47.csv
2025,48,,2025-11-21,2025-11-27,BRETAGNE,Rennes,E,EUR/kg carcasse,1.65,-0.01,COT-VBL-porc-A25-S48.csv
2025,48,,2025-11-21,2025-11-27,BRETAGNE,Rennes,S,EUR/kg carcasse,1.73,-0.01,COT-VBL-porc-A25-S48.csv
2025,48,,2025-11-21,2025-11-27,"HAUTE ET BASSE NORMANDIE, PAYS DE LOIRE, POITOU-CHARENTES, CENTRE",Nantes,E,EUR/kg carcasse,1.72,-0.01,COT-VBL-porc-A25-S48.csv
2025,48,,2025-11-21,2025-11-27,"HAUTE ET BASSE NORMANDIE, PAYS DE LOIRE, POITOU-CHARENTES, CENTRE",Nantes,S,EUR/kg carcasse,1.77,-0.01,COT-VBL-porc-A25-S48.csv
2025,48,,2025-11-21,2025-11-27,"NORD-PAS DE CALAIS,PICARDIE, ILE DE FRANCE, LORRAINE,ALSACE, CHAMPAGNE-ARDENNES",Lille,E,EUR/kg carcasse,1.64,-0.02,COT-VBL-porc-A25-S48.csv
2025,48,,2025-11-21,2025-11-27,"NORD-PAS DE CALAIS,PICARDIE, ILE DE FRANCE, LORRAINE,ALSACE, CHAMPAGNE-ARDENNES",Lille,S,EUR/kg carcasse,1.72,-0.01,COT-VBL-porc-A25-S48.csv
2025,48,,2025-11-21,2025-11-27,"BOURGOGNE,FRANCHE-COMTE, RHONE-ALPES, PROVENCE-ALPES COTE D'AZUR,CORSE",Lyon,E,EUR/kg carcasse,1.78,-0.01,COT-VBL-porc-A25-S48.csv
2025,48,,2025-11-21,2025-11-27,"BOURGOGNE,FRANCHE-COMTE, RHONE-ALPES, PROVENCE-ALPES COTE D'AZUR,CORSE",Lyon,S,EUR/kg carcasse,1.79,-0.01,COT-VBL-porc-A25-S48.csv
2025,48,,2025-11-21,2025-11-27,"MIDI-PYRENEES, AQUITAINE LANGUEDOC-ROUSSILLON, AUVERGNE,LIMOUSIN",Toulouse,E,EUR/kg carcasse,1.63,-0.03,COT-VBL-porc-A25-S48.csv
2025,48,,2025-11-21,2025-11-27,"MIDI-PYRENEES, AQUITAINE LANGUEDOC-ROUSSILLON, AUVERGNE,LIMOUSIN",Toulouse,S,EUR/kg carcasse,1.71,-0.02,COT-VBL-porc-A25-S48.csv
2025,48,,2025-11-21,2025-11-27,RÉFÉRENCE NATIONALE,,E,EUR/kg carcasse,1.67,-0.01,COT-VBL-porc-A25-S48.csv
2025,48,,2025-11-21,2025-11-27,RÉFÉRENCE NATIONALE,,S,EUR/kg carcasse,1.74,-0.01,COT-VBL-porc-A25-S48.csv
2025,49,,2025-11-28,2025-12-04,BRETAGNE,Rennes,E,EUR/kg carcasse,1.64,-0.01,COT-VBL-porc-A25-S49.csv
2025,49,,2025-11-28,2025-12-04,BRETAGNE,Rennes,S,EUR/kg carcasse,1.73,0,COT-VBL-porc-A25-S49.csv
2025,49,,2025-11-28,2025-12-04,"HAUTE ET BASSE NORMANDIE, PAYS DE LOIRE, POITOU-CHARENTES, CENTRE",Nantes,E,EUR/kg carcasse,1.7,-0.02,COT-VBL-porc-A25-S49.csv
2025,49,,2025-11-28,2025-12-04,"HAUTE ET BASSE NORMANDIE, PAYS DE LOIRE, POITOU-CHARENTES, CENTRE",Nantes,S,EUR/kg carcasse,1.77,0,COT-VBL-porc-A25-S49.csv
2025,49,,2025-11-28,2025-12-04,"NORD-PAS DE CALAIS,PICARDIE, ILE DE FRANCE, LORRAINE,ALSACE, CHAMPAGNE-ARDENNES",Lille,E,EUR/kg carcasse,1.64,0,COT-VBL-porc-A25-S49.csv
2025,49,,2025-11-28,2025-12-04,"NORD-PAS DE CALAIS,PICARDIE, ILE DE FRANCE, LORRAINE,ALSACE, CHAMPAGNE-ARDENNES",Lille,S,EUR/kg carcasse,1.72,0,COT-VBL-porc-A25-S49.csv
2025,49,,2025-11-28,2025-12-04,"BOURGOGNE,FRANCHE-COMTE, RHONE-ALPES, PROVENCE-ALPES COTE D'AZUR,CORSE",Lyon,E,EUR/kg carcasse,1.77,-0.01,COT-VBL-porc-A25-S49.csv
2025,49,,2025-11-28,2025-12-04,"BOURGOGNE,FRANCHE-COMTE, RHONE-ALPES, PROVENCE-ALPES COTE D'AZUR,CORSE",Lyon,S,EUR/kg carcasse,1.78,-0.01,COT-VBL-porc-A25-S49.csv
2025,49,,2025-11-28,2025-12-04,"MIDI-PYRENEES, AQUITAINE LANGUEDOC-ROUSSILLON, AUVERGNE,LIMOUSIN",Toulouse,E,EUR/kg carcasse,1.66,0.03,COT-VBL-porc-A25-S49.csv
2025,49,,2025-11-28,2025-12-04,"MIDI-PYRENEES, AQUITAINE LANGUEDOC-ROUSSILLON, AUVERGNE,LIMOUSIN",Toulouse,S,EUR/kg carcasse,1.73,0.02,COT-VBL-porc-A25-S49.csv
2025,49,,2025-11-28,2025-12-04,RÉFÉRENCE NATIONALE,,E,EUR/kg carcasse,1.66,-0.01,COT-VBL-porc-A25-S49.csv
2025,49,,2025-11-28,2025-12-04,RÉFÉRENCE NATIONALE,,S,EUR/kg carcasse,1.74,0,COT-VBL-porc-A25-S49.csv
2025,50,,2025-12-05,2025-12-11,BRETAGNE,Rennes,E,EUR/kg carcasse,1.64,0,COT-VBL-porc-A25-S50.csv
2025,50,,2025-12-05,2025-12-11,BRETAGNE,Rennes,S,EUR/kg carcasse,1.73,0,COT-VBL-porc-A25-S50.csv
2025,50,,2025-12-05,2025-12-11,"HAUTE ET BASSE NORMANDIE, PAYS DE LOIRE, POITOU-CHARENTES, CENTRE",Nantes,E,EUR/kg carcasse,1.7,0,COT-VBL-porc-A25-S50.csv
2025,50,,2025-12-05,2025-12-11,"HAUTE ET BASSE NORMANDIE, PAYS DE LOIRE, POITOU-CHARENTES, CENTRE",Nantes,S,EUR/kg carcasse,1.77,0,COT-VBL-porc-A25-S50.csv
2025,50,,2025-12-05,2025-12-11,"NORD-PAS DE CALAIS,PICARDIE, ILE DE FRANCE, LORRAINE,ALSACE, CHAMPAGNE-ARDENNES",Lille,E,EUR/kg carcasse,1.64,0,COT-VBL-porc-A25-S50.csv
2025,50,,2025-12-05,2025-12-11,"NORD-PAS DE CALAIS,PICARDIE, ILE DE FRANCE, LORRAINE,ALSACE, CHAMPAGNE-ARDENNES",Lille,S,EUR/kg carcasse,1.72,0,COT-VBL-porc-A25-S50.csv
2025,50,,2025-12-05,2025-12-11,"BOURGOGNE,FRANCHE-COMTE, RHONE-ALPES, PROVENCE-ALPES COTE D'AZUR,CORSE",Lyon,E,EUR/kg carcasse,1.77,0,COT-VBL-porc-A25-S50.csv
2025,50,,2025-12-05,2025-12-11,"BOURGOGNE,FRANCHE-COMTE, RHONE-ALPES, PROVENCE-ALPES COTE D'AZUR,CORSE",Lyon,S,EUR/kg carcasse,1.78,0,COT-VBL-porc-A25-S50.csv
2025,50,,2025-12-05,2025-12-11,"MIDI-PYRENEES, AQUITAINE LANGUEDOC-ROUSSILLON, AUVERGNE,LIMOUSIN",Toulouse,E,EUR/kg carcasse,1.65,-0.01,COT-VBL-porc-A25-S50.csv
2025,50,,2025-12-05,2025-12-11,"MIDI-PYRENEES, AQUITAINE LANGUEDOC-ROUSSILLON, AUVERGNE,LIMOUSIN",Toulouse,S,EUR/kg carcasse,1.72,-0.01,COT-VBL-porc-A25-S50.csv
2025,50,,2025-12-05,2025-12-11,RÉFÉRENCE NATIONALE,,E,EUR/kg carcasse,1.66,0,COT-VBL-porc-A25-S50.csv
2025,50,,2025-12-05,2025-12-11,RÉFÉRENCE NATIONALE,,S,EUR/kg carcasse,1.74,0,COT-VBL-porc-A25-S50.csv
2025,51,,2025-12-12,2025-12-18,BRETAGNE,Rennes,E,EUR/kg carcasse,1.63,-0.01,COT-VBL-porc-A25-S51.csv
2025,51,,2025-12-12,2025-12-18,BRETAGNE,Rennes,S,EUR/kg carcasse,1.71,-0.02,COT-VBL-porc-A25-S51.csv
2025,51,,2025-12-12,2025-12-18,"HAUTE ET BASSE NORMANDIE, PAYS DE LOIRE, POITOU-CHARENTES, CENTRE",Nantes,E,EUR/kg carcasse,1.7,0,COT-VBL-porc-A25-S51.csv
2025,51,,2025-12-12,2025-12-18,"HAUTE ET BASSE NORMANDIE, PAYS DE LOIRE, POITOU-CHARENTES, CENTRE",Nantes,S,EUR/kg carcasse,1.75,-0.02,COT-VBL-porc-A25-S51.csv
2025,51,,2025-12-12,2025-12-18,"NORD-PAS DE CALAIS,PICARDIE, ILE DE FRANCE, LORRAINE,ALSACE, CHAMPAGNE-ARDENNES",Lille,E,EUR/kg carcasse,1.63,-0.01,COT-VBL-porc-A25-S51.csv
2025,51,,2025-12-12,2025-12-18,"NORD-PAS DE CALAIS,PICARDIE, ILE DE FRANCE, LORRAINE,ALSACE, CHAMPAGNE-ARDENNES",Lille,S,EUR/kg carcasse,1.69,-0.03,COT-VBL-porc-A25-S51.csv
2025,51,,2025-12-12,2025-12-18,"BOURGOGNE,FRANCHE-COMTE, RHONE-ALPES, PROVENCE-ALPES COTE D'AZUR,CORSE",Lyon,E,EUR/kg carcasse,1.76,-0.01,COT-VBL-porc-A25-S51.csv
2025,51,,2025-12-12,2025-12-18,"BOURGOGNE,FRANCHE-COMTE, RHONE-ALPES, PROVENCE-ALPES COTE D'AZUR,CORSE",Lyon,S,EUR/kg carcasse,1.78,0,COT-VBL-porc-A25-S51.csv
2025,51,,2025-12-12,2025-12-18,"MIDI-PYRENEES, AQUITAINE LANGUEDOC-ROUSSILLON, AUVERGNE,LIMOUSIN",Toulouse,E,EUR/kg carcasse,1.65,0,COT-VBL-porc-A25-S51.csv
2025,51,,2025-12-12,2025-12-18,"MIDI-PYRENEES, AQUITAINE LANGUEDOC-ROUSSILLON, AUVERGNE,LIMOUSIN",Toulouse,S,EUR/kg carcasse,1.71,-0.01,COT-VBL-porc-A25-S51.csv
2025,51,,2025-12-12,2025-12-18,RÉFÉRENCE NATIONALE,,E,EUR/kg carcasse,1.65,-0.01,COT-VBL-porc-A25-S51.csv
2025,51,,2025-12-12,2025-12-18,RÉFÉRENCE NATIONALE,,S,EUR/kg carcasse,1.72,-0.02,COT-VBL-porc-A25-S51.csv
2025,52,,2025-12-19,2025-12-25,BRETAGNE,Rennes,E,EUR/kg carcasse,1.61,-0.02,COT-VBL-porc-A25-S52.csv
2025,52,,2025-12-19,2025-12-25,BRETAGNE,Rennes,S,EUR/kg carcasse,1.7,-0.01,COT-VBL-porc-A25-S52.csv
2025,52,,2025-12-19,2025-12-25,"HAUTE ET BASSE NORMANDIE, PAYS DE LOIRE, POITOU-CHARENTES, CENTRE",Nantes,E,EUR/kg carcasse,1.69,-0.01,COT-VBL-porc-A25-S52.csv
2025,52,,2025-12-19,2025-12-25,"HAUTE ET BASSE NORMANDIE, PAYS DE LOIRE, POITOU-CHARENTES, CENTRE",Nantes,S,EUR/kg carcasse,1.74,-0.01,COT-VBL-porc-A25-S52.csv
2025,52,,2025-12-19,2025-12-25,"NORD-PAS DE CALAIS,PICARDIE, ILE DE FRANCE, LORRAINE,ALSACE, CHAMPAGNE-ARDENNES",Lille,E,EUR/kg carcasse,1.63,0,COT-VBL-porc-A25-S52.csv
2025,52,,2025-12-19,2025-12-25,"NORD-PAS DE CALAIS,PICARDIE, ILE DE FRANCE, LORRAINE,ALSACE, CHAMPAGNE-ARDENNES",Lille,S,EUR/kg carcasse,1.7,0.01,COT-VBL-porc-A25-S52.csv
2025,52,,2025-12-19,2025-12-25,"BOURGOGNE,FRANCHE-COMTE, RHONE-ALPES, PROVENCE-ALPES COTE D'AZUR,CORSE",Lyon,E,EUR/kg carcasse,1.75,-0.01,COT-VBL-porc-A25-S52.csv
2025,52,,2025-12-19,2025-12-25,"BOURGOGNE,FRANCHE-COMTE, RHONE-ALPES, PROVENCE-ALPES COTE D'AZUR,CORSE",Lyon,S,EUR/kg carcasse,1.77,-0.01,COT-VBL-porc-A25-S52.csv
2025,52,,2025-12-19,2025-12-25,"MIDI-PYRENEES, AQUITAINE LANGUEDOC-ROUSSILLON, AUVERGNE,LIMOUSIN",Toulouse,E,EUR/kg carcasse,1.64,-0.01,COT-VBL-porc-A25-S52.csv
2025,52,,2025-12-19,2025-12-25,"MIDI-PYRENEES, AQUITAINE LANGUEDOC-ROUSSILLON, AUVERGNE,LIMOUSIN",Toulouse,S,EUR/kg carcasse,1.69,-0.02,COT-VBL-porc-A25-S52.csv
2025,52,,2025-12-19,2025-12-25,RÉFÉRENCE NATIONALE,,E,EUR/kg carcasse,1.64,-0.01,COT-VBL-porc-A25-S52.csv
2025,52,,2025-12-19,2025-12-25,RÉFÉRENCE NATIONALE,,S,EUR/kg carcasse,1.71,-0.01,COT-VBL-porc-A25-S52.csv
2026,1,,2025-12-26,2026-01-01,BRETAGNE,Rennes,E,EUR/kg carcasse,1.6,-0.01,COT-VBL-porc-A26-S01.csv
2026,1,,2025-12-26,2026-01-01,BRETAGNE,Rennes,S,EUR/kg carcasse,1.68,-0.02,COT-VBL-porc-A26-S01.csv
2026,1,,2025-12-26,2026-01-01,"HAUTE ET BASSE NORMANDIE, PAYS DE LOIRE, POITOU-CHARENTES, CENTRE",Nantes,E,EUR/kg carcasse,1.66,-0.03,COT-VBL-porc-A26-S01.csv
2026,1,,2025-12-26,2026-01-01,"HAUTE ET BASSE NORMANDIE, PAYS DE LOIRE, POITOU-CHARENTES, CENTRE",Nantes,S,EUR/kg carcasse,1.71,-0.03,COT-VBL-porc-A26-S01.csv
2026,1,,2025-12-26,2026-01-01,"NORD-PAS DE CALAIS,PICARDIE, ILE DE FRANCE, LORRAINE,ALSACE, CHAMPAGNE-ARDENNES",Lille,E,EUR/kg carcasse,1.59,-0.04,COT-VBL-porc-A26-S01.csv
2026,1,,2025-12-26,2026-01-01,"NORD-PAS DE CALAIS,PICARDIE, ILE DE FRANCE, LORRAINE,ALSACE, CHAMPAGNE-ARDENNES",Lille,S,EUR/kg carcasse,1.67,-0.03,COT-VBL-porc-A26-S01.csv
2026,1,,2025-12-26,2026-01-01,"BOURGOGNE,FRANCHE-COMTE, RHONE-ALPES, PROVENCE-ALPES COTE D'AZUR,CORSE",Lyon,E,EUR/kg carcasse,1.74,-0.01,COT-VBL-porc-A26-S01.csv
2026,1,,2025-12-26,2026-01-01,"BOURGOGNE,FRANCHE-COMTE, RHONE-ALPES, PROVENCE-ALPES COTE D'AZUR,CORSE",Lyon,S,EUR/kg carcasse,1.74,-0.03,COT-VBL-porc-A26-S01.csv
2026,1,,2025-12-26,2026-01-01,"MIDI-PYRENEES, AQUITAINE LANGUEDOC-ROUSSILLON, AUVERGNE,LIMOUSIN",Toulouse,E,EUR/kg carcasse,1.61,-0.03,COT-VBL-porc-A26-S01.csv
2026,1,,2025-12-26,2026-01-01,"MIDI-PYRENEES, AQUITAINE LANGUEDOC-ROUSSILLON, AUVERGNE,LIMOUSIN",Toulouse,S,EUR/kg carcasse,1.68,-0.01,COT-VBL-porc-A26-S01.csv
2026,1,,2025-12-26,2026-01-01,RÉFÉRENCE NATIONALE,,E,EUR/kg carcasse,1.62,-0.02,COT-VBL-porc-A26-S01.csv
2026,1,,2025-12-26,2026-01-01,RÉFÉRENCE NATIONALE,,S,EUR/kg carcasse,1.69,-0.02,COT-VBL-porc-A26-S01.csv
2026,2,,2026-01-02,2026-01-08,BRETAGNE,Rennes,E,EUR/kg carcasse,1.57,-0.03,COT-VBL-porc-A27-S02.csv
2026,2,,2026-01-02,2026-01-08,BRETAGNE,Rennes,S,EUR/kg carcasse,1.66,-0.02,COT-VBL-porc-A27-S02.csv
2026,2,,2026-01-02,2026-01-08,"HAUTE ET BASSE NORMANDIE, PAYS DE LOIRE, POITOU-CHARENTES, CENTRE",Nantes,E,EUR/kg carcasse,1.63,-0.03,COT-VBL-porc-A27-S02.csv
2026,2,,2026-01-02,2026-01-08,"HAUTE ET BASSE NORMANDIE, PAYS DE LOIRE, POITOU-CHARENTES, CENTRE",Nantes,S,EUR/kg carcasse,1.69,-0.02,COT-VBL-porc-A27-S02.csv
2026,2,,2026-01-02,2026-01-08,"NORD-PAS DE CALAIS,PICARDIE, ILE DE FRANCE, LORRAINE,ALSACE, CHAMPAGNE-ARDENNES",Lille,E,EUR/kg carcasse,1.56,-0.03,COT-VBL-porc-A27-S02.csv
2026,2,,2026-01-02,2026-01-08,"NORD-PAS DE CALAIS,PICARDIE, ILE DE FRANCE, LORRAINE,ALSACE, CHAMPAGNE-ARDENNES",Lille,S,EUR/kg carcasse,1.65,-0.02,COT-VBL-porc-A27-S02.csv
2026,2,,2026-01-02,2026-01-08,"BOURGOGNE,FRANCHE-COMTE, RHONE-ALPES, PROVENCE-ALPES COTE D'AZUR,CORSE",Lyon,E,EUR/kg carcasse,1.73,-0.01,COT-VBL-porc-A27-S02.csv
2026,2,,2026-01-02,2026-01-08,"BOURGOGNE,FRANCHE-COMTE, RHONE-ALPES, PROVENCE-ALPES COTE D'AZUR,CORSE",Lyon,S,EUR/kg carcasse,1.74,0,COT-VBL-porc-A27-S02.csv
2026,2,,2026-01-02,2026-01-08,"MIDI-PYRENEES, AQUITAINE LANGUEDOC-ROUSSILLON, AUVERGNE,LIMOUSIN",Toulouse,E,EUR/kg carcasse,1.6,-0.01,COT-VBL-porc-A27-S02.csv
2026,2,,2026-01-02,2026-01-08,"MIDI-PYRENEES, AQUITAINE LANGUEDOC-ROUSSILLON, AUVERGNE,LIMOUSIN",Toulouse,S,EUR/kg carcasse,1.66,-0.02,COT-VBL-porc-A27-S02.csv
2026,2,,2026-01-02,2026-01-08,RÉFÉRENCE NATIONALE,,E,EUR/kg carcasse,1.6,-0.02,COT-VBL-porc-A27-S02.csv
2026,2,,2026-01-02,2026-01-08,RÉFÉRENCE NATIONALE,,S,EUR/kg carcasse,1.67,-0.02,COT-VBL-porc-A27-S02.csv
2026,3,,2026-01-09,2026-01-15,BRETAGNE,Rennes,E,EUR/kg carcasse,1.56,-0.01,COT-VBL-porc-A26-S03.csv
2026,3,,2026-01-09,2026-01-15,BRETAGNE,Rennes,S,EUR/kg carcasse,1.64,-0.02,COT-VBL-porc-A26-S03.csv
2026,3,,2026-01-09,2026-01-15,"HAUTE ET BASSE NORMANDIE, PAYS DE LOIRE, POITOU-CHARENTES, CENTRE",Nantes,E,EUR/kg carcasse,1.62,-0.01,COT-VBL-porc-A26-S03.csv
2026,3,,2026-01-09,2026-01-15,"HAUTE ET BASSE NORMANDIE, PAYS DE LOIRE, POITOU-CHARENTES, CENTRE",Nantes,S,EUR/kg carcasse,1.68,-0.01,COT-VBL-porc-A26-S03.csv
2026,3,,2026-01-09,2026-01-15,"NORD-PAS DE CALAIS,PICARDIE, ILE DE FRANCE, LORRAINE,ALSACE, CHAMPAGNE-ARDENNES",Lille,E,EUR/kg carcasse,1.57,0.01,COT-VBL-porc-A26-S03.csv
2026,3,,2026-01-09,2026-01-15,"NORD-PAS DE CALAIS,PICARDIE, ILE DE FRANCE, LORRAINE,ALSACE, CHAMPAGNE-ARDENNES",Lille,S,EUR/kg carcasse,1.65,0,COT-VBL-porc-A26-S03.csv
2026,3,,2026-01-09,2026-01-15,"BOURGOGNE,FRANCHE-COMTE, RHONE-ALPES, PROVENCE-ALPES COTE D'AZUR,CORSE",Lyon,E,EUR/kg carcasse,1.72,-0.01,COT-VBL-porc-A26-S03.csv
2026,3,,2026-01-09,2026-01-15,"BOURGOGNE,FRANCHE-COMTE, RHONE-ALPES, PROVENCE-ALPES COTE D'AZUR,CORSE",Lyon,S,EUR/kg carcasse,1.73,-0.01,COT-VBL-porc-A26-S03.csv
2026,3,,2026-01-09,2026-01-15,"MIDI-PYRENEES, AQUITAINE LANGUEDOC-ROUSSILLON, AUVERGNE,LIMOUSIN",Toulouse,E,EUR/kg carcasse,1.59,-0.01,COT-VBL-porc-A26-S03.csv
2026,3,,2026-01-09,2026-01-15,"MIDI-PYRENEES, AQUITAINE LANGUEDOC-ROUSSILLON, AUVERGNE,LIMOUSIN",Toulouse,S,EUR/kg carcasse,1.65,-0.01,COT-VBL-porc-A26-S03.csv
2026,3,,2026-01-09,2026-01-15,RÉFÉRENCE NATIONALE,,E,EUR/kg carcasse,1.59,-0.01,COT-VBL-porc-A26-S03.csv
2026,3,,2026-01-09,2026-01-15,RÉFÉRENCE NATIONALE,,S,EUR/kg carcasse,1.66,-0.01,COT-VBL-porc-A26-S03.csv
2026,4,,2026-01-16,2026-01-22,BRETAGNE,Rennes,E,EUR/kg carcasse,1.55,-0.01,COT-VBL-porc-A26-S04.csv
2026,4,,2026-01-16,2026-01-22,BRETAGNE,Rennes,S,EUR/kg carcasse,1.63,-0.01,COT-VBL-porc-A26-S04.csv
2026,4,,2026-01-16,2026-01-22,"HAUTE ET BASSE NORMANDIE, PAYS DE LOIRE, POITOU-CHARENTES, CENTRE",Nantes,E,EUR/kg carcasse,1.62,0,COT-VBL-porc-A26-S04.csv
2026,4,,2026-01-16,2026-01-22,"HAUTE ET BASSE NORMANDIE, PAYS DE LOIRE, POITOU-CHARENTES, CENTRE",Nantes,S,EUR/kg carcasse,1.66,-0.02,COT-VBL-porc-A26-S04.csv
2026,4,,2026-01-16,2026-01-22,"NORD-PAS DE CALAIS,PICARDIE, ILE DE FRANCE, LORRAINE,ALSACE, CHAMPAGNE-ARDENNES",Lille,E,EUR/kg carcasse,1.57,0,COT-VBL-porc-A26-S04.csv
2026,4,,2026-01-16,2026-01-22,"NORD-PAS DE CALAIS,PICARDIE, ILE DE FRANCE, LORRAINE,ALSACE, CHAMPAGNE-ARDENNES",Lille,S,EUR/kg carcasse,1.63,-0.02,COT-VBL-porc-A26-S04.csv
2026,4,,2026-01-16,2026-01-22,"BOURGOGNE,FRANCHE-COMTE, RHONE-ALPES, PROVENCE-ALPES COTE D'AZUR,CORSE",Lyon,E,EUR/kg carcasse,1.72,0,COT-VBL-porc-A26-S04.csv
2026,4,,2026-01-16,2026-01-22,"BOURGOGNE,FRANCHE-COMTE, RHONE-ALPES, PROVENCE-ALPES COTE D'AZUR,CORSE",Lyon,S,EUR/kg carcasse,1.73,0,COT-VBL-porc-A26-S04.csv
2026,4,,2026-01-16,2026-01-22,"MIDI-PYRENEES, AQUITAINE LANGUEDOC-ROUSSILLON, AUVERGNE,LIMOUSIN",Toulouse,E,EUR/kg carcasse,1.59,0,COT-VBL-porc-A26-S04.csv
2026,4,,2026-01-16,2026-01-22,"MIDI-PYRENEES, AQUITAINE LANGUEDOC-ROUSSILLON, AUVERGNE,LIMOUSIN",Toulouse,S,EUR/kg carcasse,1.65,0,COT-VBL-porc-A26-S04.csv
2026,4,,2026-01-16,2026-01-22,RÉFÉRENCE NATIONALE,,E,EUR/kg carcasse,1.58,-0.01,COT-VBL-porc-A26-S04.csv
2026,4,,2026-01-16,2026-01-22,RÉFÉRENCE NATIONALE,,S,EUR/kg carcasse,1.65,-0.01,COT-VBL-porc-A26-S04.csv
2026,5,,2026-01-23,2026-01-29,BRETAGNE,Rennes,E,EUR/kg carcasse,1.55,0,COT-VBL-porc-A26-S05.csv
2026,5,,2026-01-23,2026-01-29,BRETAGNE,Rennes,S,EUR/kg carcasse,1.63,0,COT-VBL-porc-A26-S05.csv
2026,5,,2026-01-23,2026-01-29,"HAUTE ET BASSE NORMANDIE, PAYS DE LOIRE, POITOU-CHARENTES, CENTRE",Nantes,E,EUR/kg carcasse,1.63,0.01,COT-VBL-porc-A26-S05.csv
2026,5,,2026-01-23,2026-01-29,"HAUTE ET BASSE NORMANDIE, PAYS DE LOIRE, POITOU-CHARENTES, CENTRE",Nantes,S,EUR/kg carcasse,1.67,0.01,COT-VBL-porc-A26-S05.csv
2026,5,,2026-01-23,2026-01-29,"NORD-PAS DE CALAIS,PICARDIE, ILE DE FRANCE, LORRAINE,ALSACE, CHAMPAGNE-ARDENNES",Lille,E,EUR/kg carcasse,1.57,0,COT-VBL-porc-A26-S05.csv
2026,5,,2026-01-23,2026-01-29,"NORD-PAS DE CALAIS,PICARDIE, ILE DE FRANCE, LORRAINE,ALSACE, CHAMPAGNE-ARDENNES",Lille,S,EUR/kg carcasse,1.64,0.01,COT-VBL-porc-A26-S05.csv
2026,5,,2026-01-23,2026-01-29,"BOURGOGNE,FRANCHE-COMTE, RHONE-ALPES, PROVENCE-ALPES COTE D'AZUR,CORSE",Lyon,E,EUR/kg carcasse,1.7,-0.02,COT-VBL-porc-A26-S05.csv
2026,5,,2026-01-23,2026-01-29,"BOURGOGNE,FRANCHE-COMTE, RHONE-ALPES, PROVENCE-ALPES COTE D'AZUR,CORSE",Lyon,S,EUR/kg carcasse,1.72,-0.01,COT-VBL-porc-A26-S05.csv
2026,5,,2026-01-23,2026-01-29,"MIDI-PYRENEES, AQUITAINE LANGUEDOC-ROUSSILLON, AUVERGNE,LIMOUSIN",Toulouse,E,EUR/kg carcasse,1.62,0.03,COT-VBL-porc-A26-S05.csv
2026,5,,2026-01-23,2026-01-29,"MIDI-PYRENEES, AQUITAINE LANGUEDOC-ROUSSILLON, AUVERGNE,LIMOUSIN",Toulouse,S,EUR/kg carcasse,1.65,0,COT-VBL-porc-A26-S05.csv
2026,5,,2026-01-23,2026-01-29,RÉFÉRENCE NATIONALE,,E,EUR/kg carcasse,1.58,0,COT-VBL-porc-A26-S05.csv
2026,5,,2026-01-23,2026-01-29,RÉFÉRENCE NATIONALE,,S,EUR/kg carcasse,1.65,0,COT-VBL-porc-A26-S05.csv
2026,6,,2026-01-30,2026-02-05,BRETAGNE,Rennes,E,EUR/kg carcasse,1.55,0,COT-VBL-porc-A26-S06.csv
2026,6,,2026-01-30,2026-02-05,BRETAGNE,Rennes,S,EUR/kg carcasse,1.63,0,COT-VBL-porc-A26-S06.csv
2026,6,,2026-01-30,2026-02-05,"HAUTE ET BASSE NORMANDIE, PAYS DE LOIRE, POITOU-CHARENTES, CENTRE",Nantes,E,EUR/kg carcasse,1.64,0.01,COT-VBL-porc-A26-S06.csv
2026,6,,2026-01-30,2026-02-05,"HAUTE ET BASSE NORMANDIE, PAYS DE LOIRE, POITOU-CHARENTES, CENTRE",Nantes,S,EUR/kg carcasse,1.67,0,COT-VBL-porc-A26-S06.csv
2026,6,,2026-01-30,2026-02-05,"NORD-PAS DE CALAIS,PICARDIE, ILE DE FRANCE, LORRAINE,ALSACE, CHAMPAGNE-ARDENNES",Lille,E,EUR/kg carcasse,1.57,0,COT-VBL-porc-A26-S06.csv
2026,6,,2026-01-30,2026-02-05,"NORD-PAS DE CALAIS,PICARDIE, ILE DE FRANCE, LORRAINE,ALSACE, CHAMPAGNE-ARDENNES",Lille,S,EUR/kg carcasse,1.64,0,COT-VBL-porc-A26-S06.csv
2026,6,,2026-01-30,2026-02-05,"BOURGOGNE,FRANCHE-COMTE, RHONE-ALPES, PROVENCE-ALPES COTE D'AZUR,CORSE",Lyon,E,EUR/kg carcasse,1.7,0,COT-VBL-porc-A26-S06.csv
2026,6,,2026-01-30,2026-02-05,"BOURGOGNE,FRANCHE-COMTE, RHONE-ALPES, PROVENCE-ALPES COTE D'AZUR,CORSE",Lyon,S,EUR/kg carcasse,1.72,0,COT-VBL-porc-A26-S06.csv
2026,6,,2026-01-30,2026-02-05,"MIDI-PYRENEES, AQUITAINE LANGUEDOC-ROUSSILLON, AUVERGNE,LIMOUSIN",Toulouse,E,EUR/kg carcasse,1.61,-0.01,COT-VBL-porc-A26-S06.csv
2026,6,,2026-01-30,2026-02-05,"MIDI-PYRENEES, AQUITAINE LANGUEDOC-ROUSSILLON, AUVERGNE,LIMOUSIN",Toulouse,S,EUR/kg carcasse,1.64,-0.01,COT-VBL-porc-A26-S06.csv
2026,6,,2026-01-30,2026-02-05,RÉFÉRENCE NATIONALE,,E,EUR/kg carcasse,1.58,0,COT-VBL-porc-A26-S06.csv
2026,6,,2026-01-30,2026-02-05,RÉFÉRENCE NATIONALE,,S,EUR/kg carcasse,1.65,0,COT-VBL-porc-A26-S06.csv
2026,7,,2026-02-06,2026-02-12,BRETAGNE,Rennes,E,EUR/kg carcasse,1.54,-0.01,COT-VBL-porc-A26-S07.csv
2026,7,,2026-02-06,2026-02-12,BRETAGNE,Rennes,S,EUR/kg carcasse,1.63,0,COT-VBL-porc-A26-S07.csv
2026,7,,2026-02-06,2026-02-12,"HAUTE ET BASSE NORMANDIE, PAYS DE LOIRE, POITOU-CHARENTES, CENTRE",Nantes,E,EUR/kg carcasse,1.62,-0.02,COT-VBL-porc-A26-S07.csv
2026,7,,2026-02-06,2026-02-12,"HAUTE ET BASSE NORMANDIE, PAYS DE LOIRE, POITOU-CHARENTES, CENTRE",Nantes,S,EUR/kg carcasse,1.67,0,COT-VBL-porc-A26-S07.csv
2026,7,,2026-02-06,2026-02-12,"NORD-PAS DE CALAIS,PICARDIE, ILE DE FRANCE, LORRAINE,ALSACE, CHAMPAGNE-ARDENNES",Lille,E,EUR/kg carcasse,1.56,-0.01,COT-VBL-porc-A26-S07.csv
2026,7,,2026-02-06,2026-02-12,"NORD-PAS DE CALAIS,PICARDIE, ILE DE FRANCE, LORRAINE,ALSACE, CHAMPAGNE-ARDENNES",Lille,S,EUR/kg carcasse,1.63,-0.01,COT-VBL-porc-A26-S07.csv
2026,7,,2026-02-06,2026-02-12,"BOURGOGNE,FRANCHE-COMTE, RHONE-ALPES, PROVENCE-ALPES COTE D'AZUR,CORSE",Lyon,E,EUR/kg carcasse,1.7,0,COT-VBL-porc-A26-S07.csv
2026,7,,2026-02-06,2026-02-12,"BOURGOGNE,FRANCHE-COMTE, RHONE-ALPES, PROVENCE-ALPES COTE D'AZUR,CORSE",Lyon,S,EUR/kg carcasse,1.71,-0.01,COT-VBL-porc-A26-S07.csv
2026,7,,2026-02-06,2026-02-12,"MIDI-PYRENEES, AQUITAINE LANGUEDOC-ROUSSILLON, AUVERGNE,LIMOUSIN",Toulouse,E,EUR/kg carcasse,1.59,-0.02,COT-VBL-porc-A26-S07.csv
2026,7,,2026-02-06,2026-02-12,"MIDI-PYRENEES, AQUITAINE LANGUEDOC-ROUSSILLON, AUVERGNE,LIMOUSIN",Toulouse,S,EUR/kg carcasse,1.64,0,COT-VBL-porc-A26-S07.csv
2026,7,,2026-02-06,2026-02-12,RÉFÉRENCE NATIONALE,,E,EUR/kg carcasse,1.57,-0.01,COT-VBL-porc-A26-S07.csv
2026,7,,2026-02-06,2026-02-12,RÉFÉRENCE NATIONALE,,S,EUR/kg carcasse,1.64,-0.01,COT-VBL-porc-A26-S07.csv
2026,8,,2026-02-13,2026-02-19,BRETAGNE,Rennes,E,EUR/kg carcasse,1.54,0,COT-VBL-porc-A26-S08.csv
2026,8,,2026-02-13,2026-02-19,BRETAGNE,Rennes,S,EUR/kg carcasse,1.63,0,COT-VBL-porc-A26-S08.csv
2026,8,,2026-02-13,2026-02-19,"HAUTE ET BASSE NORMANDIE, PAYS DE LOIRE, POITOU-CHARENTES, CENTRE",Nantes,E,EUR/kg carcasse,1.61,-0.01,COT-VBL-porc-A26-S08.csv
2026,8,,2026-02-13,2026-02-19,"HAUTE ET BASSE NORMANDIE, PAYS DE LOIRE, POITOU-CHARENTES, CENTRE",Nantes,S,EUR/kg carcasse,1.66,-0.01,COT-VBL-porc-A26-S08.csv
2026,8,,2026-02-13,2026-02-19,"NORD-PAS DE CALAIS,PICARDIE, ILE DE FRANCE, LORRAINE,ALSACE, CHAMPAGNE-ARDENNES",Lille,E,EUR/kg carcasse,1.57,0.01,COT-VBL-porc-A26-S08.csv
2026,8,,2026-02-13,2026-02-19,"NORD-PAS DE CALAIS,PICARDIE, ILE DE FRANCE, LORRAINE,ALSACE, CHAMPAGNE-ARDENNES",Lille,S,EUR/kg carcasse,1.64,0.01,COT-VBL-porc-A26-S08.csv
2026,8,,2026-02-13,2026-02-19,"BOURGOGNE,FRANCHE-COMTE, RHONE-ALPES, PROVENCE-ALPES COTE D'AZUR,CORSE",Lyon,E,EUR/kg carcasse,1.7,0,COT-VBL-porc-A26-S08.csv
2026,8,,2026-02-13,2026-02-19,"BOURGOGNE,FRANCHE-COMTE, RHONE-ALPES, PROVENCE-ALPES COTE D'AZUR,CORSE",Lyon,S,EUR/kg carcasse,1.71,0,COT-VBL-porc-A26-S08.csv
2026,8,,2026-02-13,2026-02-19,"MIDI-PYRENEES, AQUITAINE LANGUEDOC-ROUSSILLON, AUVERGNE,LIMOUSIN",Toulouse,E,EUR/kg carcasse,1.58,-0.01,COT-VBL-porc-A26-S08.csv
2026,8,,2026-02-13,2026-02-19,"MIDI-PYRENEES, AQUITAINE LANGUEDOC-ROUSSILLON, AUVERGNE,LIMOUSIN",Toulouse,S,EUR/kg carcasse,1.64,0,COT-VBL-porc-A26-S08.csv
2026,8,,2026-02-13,2026-02-19,RÉFÉRENCE NATIONALE,,E,EUR/kg carcasse,1.57,0,COT-VBL-porc-A26-S08.csv
2026,8,,2026-02-13,2026-02-19,RÉFÉRENCE NATIONALE,,S,EUR/kg carcasse,1.64,0,COT-VBL-porc-A26-S08.csv
2026,9,,2026-02-20,2026-02-26,BRETAGNE,Rennes,E,EUR/kg carcasse,1.54,0,COT-VBL-porc-A26-S09.csv
2026,9,,2026-02-20,2026-02-26,BRETAGNE,Rennes,S,EUR/kg carcasse,1.63,0,COT-VBL-porc-A26-S09.csv
2026,9,,2026-02-20,2026-02-26,"HAUTE ET BASSE NORMANDIE, PAYS DE LOIRE, POITOU-CHARENTES, CENTRE",Nantes,E,EUR/kg carcasse,1.61,0,COT-VBL-porc-A26-S09.csv
2026,9,,2026-02-20,2026-02-26,"HAUTE ET BASSE NORMANDIE, PAYS DE LOIRE, POITOU-CHARENTES, CENTRE",Nantes,S,EUR/kg carcasse,1.66,0,COT-VBL-porc-A26-S09.csv
2026,9,,2026-02-20,2026-02-26,"NORD-PAS DE CALAIS,PICARDIE, ILE DE FRANCE, LORRAINE,ALSACE, CHAMPAGNE-ARDENNES",Lille,E,EUR/kg carcasse,1.56,-0.01,COT-VBL-porc-A26-S09.csv
2026,9,,2026-02-20,2026-02-26,"NORD-PAS DE CALAIS,PICARDIE, ILE DE FRANCE, LORRAINE,ALSACE, CHAMPAGNE-ARDENNES",Lille,S,EUR/kg carcasse,1.63,-0.01,COT-VBL-porc-A26-S09.csv
2026,9,,2026-02-20,2026-02-26,"BOURGOGNE,FRANCHE-COMTE, RHONE-ALPES, PROVENCE-ALPES COTE D'AZUR,CORSE",Lyon,E,EUR/kg carcasse,1.69,-0.01,COT-VBL-porc-A26-S09.csv
2026,9,,2026-02-20,2026-02-26,"BOURGOGNE,FRANCHE-COMTE, RHONE-ALPES, PROVENCE-ALPES COTE D'AZUR,CORSE",Lyon,S,EUR/kg carcasse,1.71,0,COT-VBL-porc-A26-S09.csv
2026,9,,2026-02-20,2026-02-26,"MIDI-PYRENEES, AQUITAINE LANGUEDOC-ROUSSILLON, AUVERGNE,LIMOUSIN",Toulouse,E,EUR/kg carcasse,1.59,0.01,COT-VBL-porc-A26-S09.csv
2026,9,,2026-02-20,2026-02-26,"MIDI-PYRENEES, AQUITAINE LANGUEDOC-ROUSSILLON, AUVERGNE,LIMOUSIN",Toulouse,S,EUR/kg carcasse,1.63,-0.01,COT-VBL-porc-A26-S09.csv
2026,9,,2026-02-20,2026-02-26,RÉFÉRENCE NATIONALE,,E,EUR/kg carcasse,1.57,0,COT-VBL-porc-A26-S09.csv
2026,9,,2026-02-20,2026-02-26,RÉFÉRENCE NATIONALE,,S,EUR/kg carcasse,1.64,0,COT-VBL-porc-A26-S09.csv
2026,10,,2026-02-27,2026-03-05,BRETAGNE,Rennes,E,EUR/kg carcasse,1.55,0.01,COT-VBL-porc-A26-S10.csv
2026,10,,2026-02-27,2026-03-05,BRETAGNE,Rennes,S,EUR/kg carcasse,1.63,0,COT-VBL-porc-A26-S10.csv
2026,10,,2026-02-27,2026-03-05,"HAUTE ET BASSE NORMANDIE, PAYS DE LOIRE, POITOU-CHARENTES, CENTRE",Nantes,E,EUR/kg carcasse,1.61,0,COT-VBL-porc-A26-S10.csv
2026,10,,2026-02-27,2026-03-05,"HAUTE ET BASSE NORMANDIE, PAYS DE LOIRE, POITOU-CHARENTES, CENTRE",Nantes,S,EUR/kg carcasse,1.66,0,COT-VBL-porc-A26-S10.csv
2026,10,,2026-02-27,2026-03-05,"NORD-PAS DE CALAIS,PICARDIE, ILE DE FRANCE, LORRAINE,ALSACE, CHAMPAGNE-ARDENNES",Lille,E,EUR/kg carcasse,1.56,0,COT-VBL-porc-A26-S10.csv
2026,10,,2026-02-27,2026-03-05,"NORD-PAS DE CALAIS,PICARDIE, ILE DE FRANCE, LORRAINE,ALSACE, CHAMPAGNE-ARDENNES",Lille,S,EUR/kg carcasse,1.63,0,COT-VBL-porc-A26-S10.csv
2026,10,,2026-02-27,2026-03-05,"BOURGOGNE,FRANCHE-COMTE, RHONE-ALPES, PROVENCE-ALPES COTE D'AZUR,CORSE",Lyon,E,EUR/kg carcasse,1.7,0.01,COT-VBL-porc-A26-S10.csv
2026,10,,2026-02-27,2026-03-05,"BOURGOGNE,FRANCHE-COMTE, RHONE-ALPES, PROVENCE-ALPES COTE D'AZUR,CORSE",Lyon,S,EUR/kg carcasse,1.72,0.01,COT-VBL-porc-A26-S10.csv
2026,10,,2026-02-27,2026-03-05,"MIDI-PYRENEES, AQUITAINE LANGUEDOC-ROUSSILLON, AUVERGNE,LIMOUSIN",Toulouse,E,EUR/kg carcasse,1.57,-0.02,COT-VBL-porc-A26-S10.csv
2026,10,,2026-02-27,2026-03-05,"MIDI-PYRENEES, AQUITAINE LANGUEDOC-ROUSSILLON, AUVERGNE,LIMOUSIN",Toulouse,S,EUR/kg carcasse,1.64,0.01,COT-VBL-porc-A26-S10.csv
2026,10,,2026-02-27,2026-03-05,RÉFÉRENCE NATIONALE,,E,EUR/kg carcasse,1.58,0.01,COT-VBL-porc-A26-S10.csv
2026,10,,2026-02-27,2026-03-05,RÉFÉRENCE NATIONALE,,S,EUR/kg carcasse,1.64,0,COT-VBL-porc-A26-S10.csv
2026,11,,2026-03-06,2026-03-12,BRETAGNE,Rennes,E,EUR/kg carcasse,1.54,-0.01,COT-VBL-porc-A26-S11.csv
2026,11,,2026-03-06,2026-03-12,BRETAGNE,Rennes,S,EUR/kg carcasse,1.63,0,COT-VBL-porc-A26-S11.csv
2026,11,,2026-03-06,2026-03-12,"HAUTE ET BASSE NORMANDIE, PAYS DE LOIRE, POITOU-CHARENTES, CENTRE",Nantes,E,EUR/kg carcasse,1.61,0,COT-VBL-porc-A26-S11.csv
2026,11,,2026-03-06,2026-03-12,"HAUTE ET BASSE NORMANDIE, PAYS DE LOIRE, POITOU-CHARENTES, CENTRE",Nantes,S,EUR/kg carcasse,1.66,0,COT-VBL-porc-A26-S11.csv
2026,11,,2026-03-06,2026-03-12,"NORD-PAS DE CALAIS,PICARDIE, ILE DE FRANCE, LORRAINE,ALSACE, CHAMPAGNE-ARDENNES",Lille,E,EUR/kg carcasse,1.57,0.01,COT-VBL-porc-A26-S11.csv
2026,11,,2026-03-06,2026-03-12,"NORD-PAS DE CALAIS,PICARDIE, ILE DE FRANCE, LORRAINE,ALSACE, CHAMPAGNE-ARDENNES",Lille,S,EUR/kg carcasse,1.64,0.01,COT-VBL-porc-A26-S11.csv
2026,11,,2026-03-06,2026-03-12,"BOURGOGNE,FRANCHE-COMTE, RHONE-ALPES, PROVENCE-ALPES COTE D'AZUR,CORSE",Lyon,E,EUR/kg carcasse,1.7,0,COT-VBL-porc-A26-S11.csv
2026,11,,2026-03-06,2026-03-12,"BOURGOGNE,FRANCHE-COMTE, RHONE-ALPES, PROVENCE-ALPES COTE D'AZUR,CORSE",Lyon,S,EUR/kg carcasse,1.71,-0.01,COT-VBL-porc-A26-S11.csv
2026,11,,2026-03-06,2026-03-12,"MIDI-PYRENEES, AQUITAINE LANGUEDOC-ROUSSILLON, AUVERGNE,LIMOUSIN",Toulouse,E,EUR/kg carcasse,1.58,0.01,COT-VBL-porc-A26-S11.csv
2026,11,,2026-03-06,2026-03-12,"MIDI-PYRENEES, AQUITAINE LANGUEDOC-ROUSSILLON, AUVERGNE,LIMOUSIN",Toulouse,S,EUR/kg carcasse,1.64,0,COT-VBL-porc-A26-S11.csv
2026,11,,2026-03-06,2026-03-12,RÉFÉRENCE NATIONALE,,E,EUR/kg carcasse,1.57,-0.01,COT-VBL-porc-A26-S11.csv
2026,11,,2026-03-06,2026-03-12,RÉFÉRENCE NATIONALE,,S,EUR/kg carcasse,1.64,0,COT-VBL-porc-A26-S11.csv
2026,12,,2026-03-13,2026-03-19,BRETAGNE,Rennes,E,EUR/kg carcasse,1.56,0.02,COT-VBL-porc-A26-S12.csv
2026,12,,2026-03-13,2026-03-19,BRETAGNE,Rennes,S,EUR/kg carcasse,1.64,0.01,COT-VBL-porc-A26-S12.csv
2026,12,,2026-03-13,2026-03-19,"HAUTE ET BASSE NORMANDIE, PAYS DE LOIRE, POITOU-CHARENTES, CENTRE",Nantes,E,EUR/kg carcasse,1.62,0.01,COT-VBL-porc-A26-S12.csv
2026,12,,2026-03-13,2026-03-19,"HAUTE ET BASSE NORMANDIE, PAYS DE LOIRE, POITOU-CHARENTES, CENTRE",Nantes,S,EUR/kg carcasse,1.67,0.01,COT-VBL-porc-A26-S12.csv
2026,12,,2026-03-13,2026-03-19,"NORD-PAS DE CALAIS,PICARDIE, ILE DE FRANCE, LORRAINE,ALSACE, CHAMPAGNE-ARDENNES",Lille,E,EUR/kg carcasse,1.58,0.01,COT-VBL-porc-A26-S12.csv
2026,12,,2026-03-13,2026-03-19,"NORD-PAS DE CALAIS,PICARDIE, ILE DE FRANCE, LORRAINE,ALSACE, CHAMPAGNE-ARDENNES",Lille,S,EUR/kg carcasse,1.64,0,COT-VBL-porc-A26-S12.csv
2026,12,,2026-03-13,2026-03-19,"BOURGOGNE,FRANCHE-COMTE, RHONE-ALPES, PROVENCE-ALPES COTE D'AZUR,CORSE",Lyon,E,EUR/kg carcasse,1.71,0.01,COT-VBL-porc-A26-S12.csv
2026,12,,2026-03-13,2026-03-19,"BOURGOGNE,FRANCHE-COMTE, RHONE-ALPES, PROVENCE-ALPES COTE D'AZUR,CORSE",Lyon,S,EUR/kg carcasse,1.73,0.02,COT-VBL-porc-A26-S12.csv
2026,12,,2026-03-13,2026-03-19,"MIDI-PYRENEES, AQUITAINE LANGUEDOC-ROUSSILLON, AUVERGNE,LIMOUSIN",Toulouse,E,EUR/kg carcasse,1.59,0.01,COT-VBL-porc-A26-S12.csv
2026,12,,2026-03-13,2026-03-19,"MIDI-PYRENEES, AQUITAINE LANGUEDOC-ROUSSILLON, AUVERGNE,LIMOUSIN",Toulouse,S,EUR/kg carcasse,1.65,0.01,COT-VBL-porc-A26-S12.csv
2026,12,,2026-03-13,2026-03-19,RÉFÉRENCE NATIONALE,,E,EUR/kg carcasse,1.59,0.02,COT-VBL-porc-A26-S12.csv
2026,12,,2026-03-13,2026-03-19,RÉFÉRENCE NATIONALE,,S,EUR/kg carcasse,1.65,0.01,COT-VBL-porc-A26-S12.csv
2026,13,,2026-03-20,2026-03-26,BRETAGNE,Rennes,E,EUR/kg carcasse,1.56,0,COT-VBL-porc-A26-S13.csv
2026,13,,2026-03-20,2026-03-26,BRETAGNE,Rennes,S,EUR/kg carcasse,1.64,0,COT-VBL-porc-A26-S13.csv
2026,13,,2026-03-20,2026-03-26,"HAUTE ET BASSE NORMANDIE, PAYS DE LOIRE, POITOU-CHARENTES, CENTRE",Nantes,E,EUR/kg carcasse,1.61,-0.01,COT-VBL-porc-A26-S13.csv
2026,13,,2026-03-20,2026-03-26,"HAUTE ET BASSE NORMANDIE, PAYS DE LOIRE, POITOU-CHARENTES, CENTRE",Nantes,S,EUR/kg carcasse,1.67,0,COT-VBL-porc-A26-S13.csv
2026,13,,2026-03-20,2026-03-26,"NORD-PAS DE CALAIS,PICARDIE, ILE DE FRANCE, LORRAINE,ALSACE, CHAMPAGNE-ARDENNES",Lille,E,EUR/kg carcasse,1.57,-0.01,COT-VBL-porc-A26-S13.csv
2026,13,,2026-03-20,2026-03-26,"NORD-PAS DE CALAIS,PICARDIE, ILE DE FRANCE, LORRAINE,ALSACE, CHAMPAGNE-ARDENNES",Lille,S,EUR/kg carcasse,1.65,0.01,COT-VBL-porc-A26-S13.csv
2026,13,,2026-03-20,2026-03-26,"BOURGOGNE,FRANCHE-COMTE, RHONE-ALPES, PROVENCE-ALPES COTE D'AZUR,CORSE",Lyon,E,EUR/kg carcasse,1.71,0,COT-VBL-porc-A26-S13.csv
2026,13,,2026-03-20,2026-03-26,"BOURGOGNE,FRANCHE-COMTE, RHONE-ALPES, PROVENCE-ALPES COTE D'AZUR,CORSE",Lyon,S,EUR/kg carcasse,1.71,-0.02,COT-VBL-porc-A26-S13.csv
2026,13,,2026-03-20,2026-03-26,"MIDI-PYRENEES, AQUITAINE LANGUEDOC-ROUSSILLON, AUVERGNE,LIMOUSIN",Toulouse,E,EUR/kg carcasse,1.61,0.02,COT-VBL-porc-A26-S13.csv
2026,13,,2026-03-20,2026-03-26,"MIDI-PYRENEES, AQUITAINE LANGUEDOC-ROUSSILLON, AUVERGNE,LIMOUSIN",Toulouse,S,EUR/kg carcasse,1.65,0,COT-VBL-porc-A26-S13.csv
2026,13,,2026-03-20,2026-03-26,RÉFÉRENCE NATIONALE,,E,EUR/kg carcasse,1.59,0,COT-VBL-porc-A26-S13.csv
2026,13,,2026-03-20,2026-03-26,RÉFÉRENCE NATIONALE,,S,EUR/kg carcasse,1.65,0,COT-VBL-porc-A26-S13.csv
2026,14,,2026-03-27,2026-04-02,BRETAGNE,Rennes,E,EUR/kg carcasse,1.56,0,COT-VBL-porc-A26-S14.csv
2026,14,,2026-03-27,2026-04-02,BRETAGNE,Rennes,S,EUR/kg carcasse,1.64,0,COT-VBL-porc-A26-S14.csv
2026,14,,2026-03-27,2026-04-02,"HAUTE ET BASSE NORMANDIE, PAYS DE LOIRE, POITOU-CHARENTES, CENTRE",Nantes,E,EUR/kg carcasse,1.62,0.01,COT-VBL-porc-A26-S14.csv
2026,14,,2026-03-27,2026-04-02,"HAUTE ET BASSE NORMANDIE, PAYS DE LOIRE, POITOU-CHARENTES, CENTRE",Nantes,S,EUR/kg carcasse,1.67,0,COT-VBL-porc-A26-S14.csv
2026,14,,2026-03-27,2026-04-02,"NORD-PAS DE CALAIS,PICARDIE, ILE DE FRANCE, LORRAINE,ALSACE, CHAMPAGNE-ARDENNES",Lille,E,EUR/kg carcasse,1.57,0,COT-VBL-porc-A26-S14.csv
2026,14,,2026-03-27,2026-04-02,"NORD-PAS DE CALAIS,PICARDIE, ILE DE FRANCE, LORRAINE,ALSACE, CHAMPAGNE-ARDENNES",Lille,S,EUR/kg carcasse,1.64,-0.01,COT-VBL-porc-A26-S14.csv
2026,14,,2026-03-27,2026-04-02,"BOURGOGNE,FRANCHE-COMTE, RHONE-ALPES, PROVENCE-ALPES COTE D'AZUR,CORSE",Lyon,E,EUR/kg carcasse,1.7,-0.01,COT-VBL-porc-A26-S14.csv
2026,14,,2026-03-27,2026-04-02,"BOURGOGNE,FRANCHE-COMTE, RHONE-ALPES, PROVENCE-ALPES COTE D'AZUR,CORSE",Lyon,S,EUR/kg carcasse,1.71,0,COT-VBL-porc-A26-S14.csv
2026,14,,2026-03-27,2026-04-02,"MIDI-PYRENEES, AQUITAINE LANGUEDOC-ROUSSILLON, AUVERGNE,LIMOUSIN",Toulouse,E,EUR/kg carcasse,1.59,-0.02,COT-VBL-porc-A26-S14.csv
2026,14,,2026-03-27,2026-04-02,"MIDI-PYRENEES, AQUITAINE LANGUEDOC-ROUSSILLON, AUVERGNE,LIMOUSIN",Toulouse,S,EUR/kg carcasse,1.66,0.01,COT-VBL-porc-A26-S14.csv
2026,14,,2026-03-27,2026-04-02,RÉFÉRENCE NATIONALE,,E,EUR/kg carcasse,1.59,0,COT-VBL-porc-A26-S14.csv
2026,14,,2026-03-27,2026-04-02,RÉFÉRENCE NATIONALE,,S,EUR/kg carcasse,1.65,0,COT-VBL-porc-A26-S14.csv
2026,15,,2026-04-03,2026-04-09,BRETAGNE,Rennes,E,EUR/kg carcasse,1.56,0,COT-VBL-porc-A26-S15.csv
2026,15,,2026-04-03,2026-04-09,BRETAGNE,Rennes,S,EUR/kg carcasse,1.64,0,COT-VBL-porc-A26-S15.csv
2026,15,,2026-04-03,2026-04-09,"HAUTE ET BASSE NORMANDIE, PAYS DE LOIRE, POITOU-CHARENTES, CENTRE",Nantes,E,EUR/kg carcasse,1.64,0.02,COT-VBL-porc-A26-S15.csv
2026,15,,2026-04-03,2026-04-09,"HAUTE ET BASSE NORMANDIE, PAYS DE LOIRE, POITOU-CHARENTES, CENTRE",Nantes,S,EUR/kg carcasse,1.68,0.01,COT-VBL-porc-A26-S15.csv
2026,15,,2026-04-03,2026-04-09,"NORD-PAS DE CALAIS,PICARDIE, ILE DE FRANCE, LORRAINE,ALSACE, CHAMPAGNE-ARDENNES",Lille,E,EUR/kg carcasse,1.57,0,COT-VBL-porc-A26-S15.csv
2026,15,,2026-04-03,2026-04-09,"NORD-PAS DE CALAIS,PICARDIE, ILE DE FRANCE, LORRAINE,ALSACE, CHAMPAGNE-ARDENNES",Lille,S,EUR/kg carcasse,1.64,0,COT-VBL-porc-A26-S15.csv
2026,15,,2026-04-03,2026-04-09,"BOURGOGNE,FRANCHE-COMTE, RHONE-ALPES, PROVENCE-ALPES COTE D'AZUR,CORSE",Lyon,E,EUR/kg carcasse,1.71,0.01,COT-VBL-porc-A26-S15.csv
2026,15,,2026-04-03,2026-04-09,"BOURGOGNE,FRANCHE-COMTE, RHONE-ALPES, PROVENCE-ALPES COTE D'AZUR,CORSE",Lyon,S,EUR/kg carcasse,1.72,0.01,COT-VBL-porc-A26-S15.csv
2026,15,,2026-04-03,2026-04-09,"MIDI-PYRENEES, AQUITAINE LANGUEDOC-ROUSSILLON, AUVERGNE,LIMOUSIN",Toulouse,E,EUR/kg carcasse,1.57,-0.02,COT-VBL-porc-A26-S15.csv
2026,15,,2026-04-03,2026-04-09,"MIDI-PYRENEES, AQUITAINE LANGUEDOC-ROUSSILLON, AUVERGNE,LIMOUSIN",Toulouse,S,EUR/kg carcasse,1.64,-0.02,COT-VBL-porc-A26-S15.csv
2026,15,,2026-04-03,2026-04-09,RÉFÉRENCE NATIONALE,,E,EUR/kg carcasse,1.59,0,COT-VBL-porc-A26-S15.csv
2026,15,,2026-04-03,2026-04-09,RÉFÉRENCE NATIONALE,,S,EUR/kg carcasse,1.65,0,COT-VBL-porc-A26-S15.csv
2026,16,,2026-04-10,2026-04-16,BRETAGNE,Rennes,E,EUR/kg carcasse,1.57,0.01,COT-VBL-porc-A26-S16.csv
2026,16,,2026-04-10,2026-04-16,BRETAGNE,Rennes,S,EUR/kg carcasse,1.66,0.02,COT-VBL-porc-A26-S16.csv
2026,16,,2026-04-10,2026-04-16,"HAUTE ET BASSE NORMANDIE, PAYS DE LOIRE, POITOU-CHARENTES, CENTRE",Nantes,E,EUR/kg carcasse,1.64,0,COT-VBL-porc-A26-S16.csv
2026,16,,2026-04-10,2026-04-16,"HAUTE ET BASSE NORMANDIE, PAYS DE LOIRE, POITOU-CHARENTES, CENTRE",Nantes,S,EUR/kg carcasse,1.69,0.01,COT-VBL-porc-A26-S16.csv
2026,16,,2026-04-10,2026-04-16,"NORD-PAS DE CALAIS,PICARDIE, ILE DE FRANCE, LORRAINE,ALSACE, CHAMPAGNE-ARDENNES",Lille,E,EUR/kg carcasse,1.59,0.02,COT-VBL-porc-A26-S16.csv
2026,16,,2026-04-10,2026-04-16,"NORD-PAS DE CALAIS,PICARDIE, ILE DE FRANCE, LORRAINE,ALSACE, CHAMPAGNE-ARDENNES",Lille,S,EUR/kg carcasse,1.66,0.02,COT-VBL-porc-A26-S16.csv
2026,16,,2026-04-10,2026-04-16,"BOURGOGNE,FRANCHE-COMTE, RHONE-ALPES, PROVENCE-ALPES COTE D'AZUR,CORSE",Lyon,E,EUR/kg carcasse,1.71,0,COT-VBL-porc-A26-S16.csv
2026,16,,2026-04-10,2026-04-16,"BOURGOGNE,FRANCHE-COMTE, RHONE-ALPES, PROVENCE-ALPES COTE D'AZUR,CORSE",Lyon,S,EUR/kg carcasse,1.72,0,COT-VBL-porc-A26-S16.csv
2026,16,,2026-04-10,2026-04-16,"MIDI-PYRENEES, AQUITAINE LANGUEDOC-ROUSSILLON, AUVERGNE,LIMOUSIN",Toulouse,E,EUR/kg carcasse,1.58,0.01,COT-VBL-porc-A26-S16.csv
2026,16,,2026-04-10,2026-04-16,"MIDI-PYRENEES, AQUITAINE LANGUEDOC-ROUSSILLON, AUVERGNE,LIMOUSIN",Toulouse,S,EUR/kg carcasse,1.65,0.01,COT-VBL-porc-A26-S16.csv
2026,16,,2026-04-10,2026-04-16,RÉFÉRENCE NATIONALE,,E,EUR/kg carcasse,1.6,0.01,COT-VBL-porc-A26-S16.csv
2026,16,,2026-04-10,2026-04-16,RÉFÉRENCE NATIONALE,,S,EUR/kg carcasse,1.67,0.02,COT-VBL-porc-A26-S16.csv
2026,17,,2026-04-17,2026-04-23,BRETAGNE,Rennes,E,EUR/kg carcasse,1.58,0.01,COT-VBL-porc-A26-S17.csv
2026,17,,2026-04-17,2026-04-23,BRETAGNE,Rennes,S,EUR/kg carcasse,1.66,0,COT-VBL-porc-A26-S17.csv
2026,17,,2026-04-17,2026-04-23,"HAUTE ET BASSE NORMANDIE, PAYS DE LOIRE, POITOU-CHARENTES, CENTRE",Nantes,E,EUR/kg carcasse,1.64,0,COT-VBL-porc-A26-S17.csv
2026,17,,2026-04-17,2026-04-23,"HAUTE ET BASSE NORMANDIE, PAYS DE LOIRE, POITOU-CHARENTES, CENTRE",Nantes,S,EUR/kg carcasse,1.69,0,COT-VBL-porc-A26-S17.csv
2026,17,,2026-04-17,2026-04-23,"NORD-PAS DE CALAIS,PICARDIE, ILE DE FRANCE, LORRAINE,ALSACE, CHAMPAGNE-ARDENNES",Lille,E,EUR/kg carcasse,1.59,0,COT-VBL-porc-A26-S17.csv
2026,17,,2026-04-17,2026-04-23,"NORD-PAS DE CALAIS,PICARDIE, ILE DE FRANCE, LORRAINE,ALSACE, CHAMPAGNE-ARDENNES",Lille,S,EUR/kg carcasse,1.66,0,COT-VBL-porc-A26-S17.csv
2026,17,,2026-04-17,2026-04-23,"BOURGOGNE,FRANCHE-COMTE, RHONE-ALPES, PROVENCE-ALPES COTE D'AZUR,CORSE",Lyon,E,EUR/kg carcasse,1.72,0.01,COT-VBL-porc-A26-S17.csv
2026,17,,2026-04-17,2026-04-23,"BOURGOGNE,FRANCHE-COMTE, RHONE-ALPES, PROVENCE-ALPES COTE D'AZUR,CORSE",Lyon,S,EUR/kg carcasse,1.73,0.01,COT-VBL-porc-A26-S17.csv
2026,17,,2026-04-17,2026-04-23,"MIDI-PYRENEES, AQUITAINE LANGUEDOC-ROUSSILLON, AUVERGNE,LIMOUSIN",Toulouse,E,EUR/kg carcasse,1.6,0.02,COT-VBL-porc-A26-S17.csv
2026,17,,2026-04-17,2026-04-23,"MIDI-PYRENEES, AQUITAINE LANGUEDOC-ROUSSILLON, AUVERGNE,LIMOUSIN",Toulouse,S,EUR/kg carcasse,1.66,0.01,COT-VBL-porc-A26-S17.csv
2026,17,,2026-04-17,2026-04-23,RÉFÉRENCE NATIONALE,,E,EUR/kg carcasse,1.6,0,COT-VBL-porc-A26-S17.csv
2026,17,,2026-04-17,2026-04-23,RÉFÉRENCE NATIONALE,,S,EUR/kg carcasse,1.67,0,COT-VBL-porc-A26-S17.csv
2026,18,,2026-04-24,2026-04-30,BRETAGNE,Rennes,E,EUR/kg carcasse,1.58,0,COT-VBL-porc-A26-S18.csv
2026,18,,2026-04-24,2026-04-30,BRETAGNE,Rennes,S,EUR/kg carcasse,1.66,0,COT-VBL-porc-A26-S18.csv
2026,18,,2026-04-24,2026-04-30,"HAUTE ET BASSE NORMANDIE, PAYS DE LOIRE, POITOU-CHARENTES, CENTRE",Nantes,E,EUR/kg carcasse,1.64,0,COT-VBL-porc-A26-S18.csv
2026,18,,2026-04-24,2026-04-30,"HAUTE ET BASSE NORMANDIE, PAYS DE LOIRE, POITOU-CHARENTES, CENTRE",Nantes,S,EUR/kg carcasse,1.7,0.01,COT-VBL-porc-A26-S18.csv
2026,18,,2026-04-24,2026-04-30,"NORD-PAS DE CALAIS,PICARDIE, ILE DE FRANCE, LORRAINE,ALSACE, CHAMPAGNE-ARDENNES",Lille,E,EUR/kg carcasse,1.59,0,COT-VBL-porc-A26-S18.csv
2026,18,,2026-04-24,2026-04-30,"NORD-PAS DE CALAIS,PICARDIE, ILE DE FRANCE, LORRAINE,ALSACE, CHAMPAGNE-ARDENNES",Lille,S,EUR/kg carcasse,1.67,0.01,COT-VBL-porc-A26-S18.csv
2026,18,,2026-04-24,2026-04-30,"BOURGOGNE,FRANCHE-COMTE, RHONE-ALPES, PROVENCE-ALPES COTE D'AZUR,CORSE",Lyon,E,EUR/kg carcasse,1.71,-0.01,COT-VBL-porc-A26-S18.csv
2026,18,,2026-04-24,2026-04-30,"BOURGOGNE,FRANCHE-COMTE, RHONE-ALPES, PROVENCE-ALPES COTE D'AZUR,CORSE",Lyon,S,EUR/kg carcasse,1.73,0,COT-VBL-porc-A26-S18.csv
2026,18,,2026-04-24,2026-04-30,"MIDI-PYRENEES, AQUITAINE LANGUEDOC-ROUSSILLON, AUVERGNE,LIMOUSIN",Toulouse,E,EUR/kg carcasse,1.6,0,COT-VBL-porc-A26-S18.csv
2026,18,,2026-04-24,2026-04-30,"MIDI-PYRENEES, AQUITAINE LANGUEDOC-ROUSSILLON, AUVERGNE,LIMOUSIN",Toulouse,S,EUR/kg carcasse,1.65,-0.01,COT-VBL-porc-A26-S18.csv
2026,18,,2026-04-24,2026-04-30,RÉFÉRENCE NATIONALE,,E,EUR/kg carcasse,1.6,0,COT-VBL-porc-A26-S18.csv
2026,18,,2026-04-24,2026-04-30,RÉFÉRENCE NATIONALE,,S,EUR/kg carcasse,1.67,0,COT-VBL-porc-A26-S18.csv
2026,19,,2026-05-01,2026-05-07,BRETAGNE,Rennes,E,EUR/kg carcasse,1.58,0,COT-VBL-porc-A26-S19.csv
2026,19,,2026-05-01,2026-05-07,BRETAGNE,Rennes,S,EUR/kg carcasse,1.66,0,COT-VBL-porc-A26-S19.csv
2026,19,,2026-05-01,2026-05-07,"HAUTE ET BASSE NORMANDIE, PAYS DE LOIRE, POITOU-CHARENTES, CENTRE",Nantes,E,EUR/kg carcasse,1.65,0.01,COT-VBL-porc-A26-S19.csv
2026,19,,2026-05-01,2026-05-07,"HAUTE ET BASSE NORMANDIE, PAYS DE LOIRE, POITOU-CHARENTES, CENTRE",Nantes,S,EUR/kg carcasse,1.7,0,COT-VBL-porc-A26-S19.csv
2026,19,,2026-05-01,2026-05-07,"NORD-PAS DE CALAIS,PICARDIE, ILE DE FRANCE, LORRAINE,ALSACE, CHAMPAGNE-ARDENNES",Lille,E,EUR/kg carcasse,1.59,0,COT-VBL-porc-A26-S19.csv
2026,19,,2026-05-01,2026-05-07,"NORD-PAS DE CALAIS,PICARDIE, ILE DE FRANCE, LORRAINE,ALSACE, CHAMPAGNE-ARDENNES",Lille,S,EUR/kg carcasse,1.65,-0.02,COT-VBL-porc-A26-S19.csv
2026,19,,2026-05-01,2026-05-07,"BOURGOGNE,FRANCHE-COMTE, RHONE-ALPES, PROVENCE-ALPES COTE D'AZUR,CORSE",Lyon,E,EUR/kg carcasse,1.72,0.01,COT-VBL-porc-A26-S19.csv
2026,19,,2026-05-01,2026-05-07,"BOURGOGNE,FRANCHE-COMTE, RHONE-ALPES, PROVENCE-ALPES COTE D'AZUR,CORSE",Lyon,S,EUR/kg carcasse,1.73,0,COT-VBL-porc-A26-S19.csv
2026,19,,2026-05-01,2026-05-07,"MIDI-PYRENEES, AQUITAINE LANGUEDOC-ROUSSILLON, AUVERGNE,LIMOUSIN",Toulouse,E,EUR/kg carcasse,1.6,0,COT-VBL-porc-A26-S19.csv
2026,19,,2026-05-01,2026-05-07,"MIDI-PYRENEES, AQUITAINE LANGUEDOC-ROUSSILLON, AUVERGNE,LIMOUSIN",Toulouse,S,EUR/kg carcasse,1.65,0,COT-VBL-porc-A26-S19.csv
2026,19,,2026-05-01,2026-05-07,RÉFÉRENCE NATIONALE,,E,EUR/kg carcasse,1.61,0.01,COT-VBL-porc-A26-S19.csv
2026,19,,2026-05-01,2026-05-07,RÉFÉRENCE NATIONALE,,S,EUR/kg carcasse,1.67,0,COT-VBL-porc-A26-S19.csv
2026,20,,2026-05-08,2026-05-14,BRETAGNE,Rennes,E,EUR/kg carcasse,1.57,-0.01,COT-VBL-porc-A26-S20.csv
2026,20,,2026-05-08,2026-05-14,BRETAGNE,Rennes,S,EUR/kg carcasse,1.66,0,COT-VBL-porc-A26-S20.csv
2026,20,,2026-05-08,2026-05-14,"HAUTE ET BASSE NORMANDIE, PAYS DE LOIRE, POITOU-CHARENTES, CENTRE",Nantes,E,EUR/kg carcasse,1.66,0.01,COT-VBL-porc-A26-S20.csv
2026,20,,2026-05-08,2026-05-14,"HAUTE ET BASSE NORMANDIE, PAYS DE LOIRE, POITOU-CHARENTES, CENTRE",Nantes,S,EUR/kg carcasse,1.7,0,COT-VBL-porc-A26-S20.csv
2026,20,,2026-05-08,2026-05-14,"NORD-PAS DE CALAIS,PICARDIE, ILE DE FRANCE, LORRAINE,ALSACE, CHAMPAGNE-ARDENNES",Lille,E,EUR/kg carcasse,1.59,0,COT-VBL-porc-A26-S20.csv
2026,20,,2026-05-08,2026-05-14,"NORD-PAS DE CALAIS,PICARDIE, ILE DE FRANCE, LORRAINE,ALSACE, CHAMPAGNE-ARDENNES",Lille,S,EUR/kg carcasse,1.65,0,COT-VBL-porc-A26-S20.csv
2026,20,,2026-05-08,2026-05-14,"BOURGOGNE,FRANCHE-COMTE, RHONE-ALPES, PROVENCE-ALPES COTE D'AZUR,CORSE",Lyon,E,EUR/kg carcasse,1.71,-0.01,COT-VBL-porc-A26-S20.csv
2026,20,,2026-05-08,2026-05-14,"BOURGOGNE,FRANCHE-COMTE, RHONE-ALPES, PROVENCE-ALPES COTE D'AZUR,CORSE",Lyon,S,EUR/kg carcasse,1.72,-0.01,COT-VBL-porc-A26-S20.csv
2026,20,,2026-05-08,2026-05-14,"MIDI-PYRENEES, AQUITAINE LANGUEDOC-ROUSSILLON, AUVERGNE,LIMOUSIN",Toulouse,E,EUR/kg carcasse,1.6,0,COT-VBL-porc-A26-S20.csv
2026,20,,2026-05-08,2026-05-14,"MIDI-PYRENEES, AQUITAINE LANGUEDOC-ROUSSILLON, AUVERGNE,LIMOUSIN",Toulouse,S,EUR/kg carcasse,1.65,0,COT-VBL-porc-A26-S20.csv
2026,20,,2026-05-08,2026-05-14,RÉFÉRENCE NATIONALE,,E,EUR/kg carcasse,1.6,-0.01,COT-VBL-porc-A26-S20.csv
2026,20,,2026-05-08,2026-05-14,RÉFÉRENCE NATIONALE,,S,EUR/kg carcasse,1.67,0,COT-VBL-porc-A26-S20.csv
2026,21,,2026-05-15,2026-05-21,BRETAGNE,Rennes,E,EUR/kg carcasse,1.57,0,COT-VBL-porc-A26-S21.csv
2026,21,,2026-05-15,2026-05-21,BRETAGNE,Rennes,S,EUR/kg carcasse,1.66,0,COT-VBL-porc-A26-S21.csv
2026,21,,2026-05-15,2026-05-21,"HAUTE ET BASSE NORMANDIE, PAYS DE LOIRE, POITOU-CHARENTES, CENTRE",Nantes,E,EUR/kg carcasse,1.63,-0.03,COT-VBL-porc-A26-S21.csv
2026,21,,2026-05-15,2026-05-21,"HAUTE ET BASSE NORMANDIE, PAYS DE LOIRE, POITOU-CHARENTES, CENTRE",Nantes,S,EUR/kg carcasse,1.69,-0.01,COT-VBL-porc-A26-S21.csv
2026,21,,2026-05-15,2026-05-21,"NORD-PAS DE CALAIS,PICARDIE, ILE DE FRANCE, LORRAINE,ALSACE, CHAMPAGNE-ARDENNES",Lille,E,EUR/kg carcasse,1.58,-0.01,COT-VBL-porc-A26-S21.csv
2026,21,,2026-05-15,2026-05-21,"NORD-PAS DE CALAIS,PICARDIE, ILE DE FRANCE, LORRAINE,ALSACE, CHAMPAGNE-ARDENNES",Lille,S,EUR/kg carcasse,1.65,0,COT-VBL-porc-A26-S21.csv
2026,21,,2026-05-15,2026-05-21,"BOURGOGNE,FRANCHE-COMTE, RHONE-ALPES, PROVENCE-ALPES COTE D'AZUR,CORSE",Lyon,E,EUR/kg carcasse,1.71,0,COT-VBL-porc-A26-S21.csv
2026,21,,2026-05-15,2026-05-21,"BOURGOGNE,FRANCHE-COMTE, RHONE-ALPES, PROVENCE-ALPES COTE D'AZUR,CORSE",Lyon,S,EUR/kg carcasse,1.72,0,COT-VBL-porc-A26-S21.csv
2026,21,,2026-05-15,2026-05-21,"MIDI-PYRENEES, AQUITAINE LANGUEDOC-ROUSSILLON, AUVERGNE,LIMOUSIN",Toulouse,E,EUR/kg carcasse,1.6,0,COT-VBL-porc-A26-S21.csv
2026,21,,2026-05-15,2026-05-21,"MIDI-PYRENEES, AQUITAINE LANGUEDOC-ROUSSILLON, AUVERGNE,LIMOUSIN",Toulouse,S,EUR/kg carcasse,1.65,0,COT-VBL-porc-A26-S21.csv
2026,21,,2026-05-15,2026-05-21,RÉFÉRENCE NATIONALE,,E,EUR/kg carcasse,1.6,0,COT-VBL-porc-A26-S21.csv
2026,21,,2026-05-15,2026-05-21,RÉFÉRENCE NATIONALE,,S,EUR/kg carcasse,1.67,0,COT-VBL-porc-A26-S21.csv
2026,22,,2026-05-22,2026-05-28,BRETAGNE,Rennes,E,EUR/kg carcasse,1.58,0.01,COT-VBL-porc-A26-S22.csv
2026,22,,2026-05-22,2026-05-28,BRETAGNE,Rennes,S,EUR/kg carcasse,1.66,0,COT-VBL-porc-A26-S22.csv
2026,22,,2026-05-22,2026-05-28,"HAUTE ET BASSE NORMANDIE, PAYS DE LOIRE, POITOU-CHARENTES, CENTRE",Nantes,E,EUR/kg carcasse,1.65,0.02,COT-VBL-porc-A26-S22.csv
2026,22,,2026-05-22,2026-05-28,"HAUTE ET BASSE NORMANDIE, PAYS DE LOIRE, POITOU-CHARENTES, CENTRE",Nantes,S,EUR/kg carcasse,1.69,0,COT-VBL-porc-A26-S22.csv
2026,22,,2026-05-22,2026-05-28,"NORD-PAS DE CALAIS,PICARDIE, ILE DE FRANCE, LORRAINE,ALSACE, CHAMPAGNE-ARDENNES",Lille,E,EUR/kg carcasse,1.58,0,COT-VBL-porc-A26-S22.csv
2026,22,,2026-05-22,2026-05-28,"NORD-PAS DE CALAIS,PICARDIE, ILE DE FRANCE, LORRAINE,ALSACE, CHAMPAGNE-ARDENNES",Lille,S,EUR/kg carcasse,1.66,0.01,COT-VBL-porc-A26-S22.csv
2026,22,,2026-05-22,2026-05-28,"BOURGOGNE,FRANCHE-COMTE, RHONE-ALPES, PROVENCE-ALPES COTE D'AZUR,CORSE",Lyon,E,EUR/kg carcasse,1.71,0,COT-VBL-porc-A26-S22.csv
2026,22,,2026-05-22,2026-05-28,"BOURGOGNE,FRANCHE-COMTE, RHONE-ALPES, PROVENCE-ALPES COTE D'AZUR,CORSE",Lyon,S,EUR/kg carcasse,1.72,0,COT-VBL-porc-A26-S22.csv
2026,22,,2026-05-22,2026-05-28,"MIDI-PYRENEES, AQUITAINE LANGUEDOC-ROUSSILLON, AUVERGNE,LIMOUSIN",Toulouse,E,EUR/kg carcasse,1.6,0,COT-VBL-porc-A26-S22.csv
2026,22,,2026-05-22,2026-05-28,"MIDI-PYRENEES, AQUITAINE LANGUEDOC-ROUSSILLON, AUVERGNE,LIMOUSIN",Toulouse,S,EUR/kg carcasse,1.65,0,COT-VBL-porc-A26-S22.csv
2026,22,,2026-05-22,2026-05-28,RÉFÉRENCE NATIONALE,,E,EUR/kg carcasse,1.61,0.01,COT-VBL-porc-A26-S22.csv
2026,22,,2026-05-22,2026-05-28,RÉFÉRENCE NATIONALE,,S,EUR/kg carcasse,1.67,0,COT-VBL-porc-A26-S22.csv
2026,23,,2026-05-29,2026-06-04,BRETAGNE,Rennes,E,EUR/kg carcasse,1.57,-0.01,COT-VBL-porc-A26-S23.csv
2026,23,,2026-05-29,2026-06-04,BRETAGNE,Rennes,S,EUR/kg carcasse,1.66,0,COT-VBL-porc-A26-S23.csv
2026,23,,2026-05-29,2026-06-04,"HAUTE ET BASSE NORMANDIE, PAYS DE LOIRE, POITOU-CHARENTES, CENTRE",Nantes,E,EUR/kg carcasse,1.64,-0.01,COT-VBL-porc-A26-S23.csv
2026,23,,2026-05-29,2026-06-04,"HAUTE ET BASSE NORMANDIE, PAYS DE LOIRE, POITOU-CHARENTES, CENTRE",Nantes,S,EUR/kg carcasse,1.7,0.01,COT-VBL-porc-A26-S23.csv
2026,23,,2026-05-29,2026-06-04,"NORD-PAS DE CALAIS,PICARDIE, ILE DE FRANCE, LORRAINE,ALSACE, CHAMPAGNE-ARDENNES",Lille,E,EUR/kg carcasse,1.58,0,COT-VBL-porc-A26-S23.csv
2026,23,,2026-05-29,2026-06-04,"NORD-PAS DE CALAIS,PICARDIE, ILE DE FRANCE, LORRAINE,ALSACE, CHAMPAGNE-ARDENNES",Lille,S,EUR/kg carcasse,1.66,0,COT-VBL-porc-A26-S23.csv
2026,23,,2026-05-29,2026-06-04,"BOURGOGNE,FRANCHE-COMTE, RHONE-ALPES, PROVENCE-ALPES COTE D'AZUR,CORSE",Lyon,E,EUR/kg carcasse,1.72,0.01,COT-VBL-porc-A26-S23.csv
2026,23,,2026-05-29,2026-06-04,"BOURGOGNE,FRANCHE-COMTE, RHONE-ALPES, PROVENCE-ALPES COTE D'AZUR,CORSE",Lyon,S,EUR/kg carcasse,1.73,0.01,COT-VBL-porc-A26-S23.csv
2026,23,,2026-05-29,2026-06-04,"MIDI-PYRENEES, AQUITAINE LANGUEDOC-ROUSSILLON, AUVERGNE,LIMOUSIN",Toulouse,E,EUR/kg carcasse,1.59,-0.01,COT-VBL-porc-A26-S23.csv
2026,23,,2026-05-29,2026-06-04,"MIDI-PYRENEES, AQUITAINE LANGUEDOC-ROUSSILLON, AUVERGNE,LIMOUSIN",Toulouse,S,EUR/kg carcasse,1.66,0.01,COT-VBL-porc-A26-S23.csv
2026,23,,2026-05-29,2026-06-04,RÉFÉRENCE NATIONALE,,E,EUR/kg carcasse,1.6,-0.01,COT-VBL-porc-A26-S23.csv
2026,23,,2026-05-29,2026-06-04,RÉFÉRENCE NATIONALE,,S,EUR/kg carcasse,1.67,0,COT-VBL-porc-A26-S23.csv
2026,24,,2026-06-05,2026-06-11,BRETAGNE,Rennes,E,EUR/kg carcasse,1.58,0.01,COT-VBL-porc-A26-S24.csv
2026,24,,2026-06-05,2026-06-11,BRETAGNE,Rennes,S,EUR/kg carcasse,1.68,0.02,COT-VBL-porc-A26-S24.csv
2026,24,,2026-06-05,2026-06-11,"HAUTE ET BASSE NORMANDIE, PAYS DE LOIRE, POITOU-CHARENTES, CENTRE",Nantes,E,EUR/kg carcasse,1.64,0,COT-VBL-porc-A26-S24.csv
2026,24,,2026-06-05,2026-06-11,"HAUTE ET BASSE NORMANDIE, PAYS DE LOIRE, POITOU-CHARENTES, CENTRE",Nantes,S,EUR/kg carcasse,1.7,0,COT-VBL-porc-A26-S24.csv
2026,24,,2026-06-05,2026-06-11,"NORD-PAS DE CALAIS,PICARDIE, ILE DE FRANCE, LORRAINE,ALSACE, CHAMPAGNE-ARDENNES",Lille,E,EUR/kg carcasse,1.59,0.01,COT-VBL-porc-A26-S24.csv
2026,24,,2026-06-05,2026-06-11,"NORD-PAS DE CALAIS,PICARDIE, ILE DE FRANCE, LORRAINE,ALSACE, CHAMPAGNE-ARDENNES",Lille,S,EUR/kg carcasse,1.66,0,COT-VBL-porc-A26-S24.csv
2026,24,,2026-06-05,2026-06-11,"BOURGOGNE,FRANCHE-COMTE, RHONE-ALPES, PROVENCE-ALPES COTE D'AZUR,CORSE",Lyon,E,EUR/kg carcasse,1.72,0,COT-VBL-porc-A26-S24.csv
2026,24,,2026-06-05,2026-06-11,"BOURGOGNE,FRANCHE-COMTE, RHONE-ALPES, PROVENCE-ALPES COTE D'AZUR,CORSE",Lyon,S,EUR/kg carcasse,1.73,0,COT-VBL-porc-A26-S24.csv
2026,24,,2026-06-05,2026-06-11,"MIDI-PYRENEES, AQUITAINE LANGUEDOC-ROUSSILLON, AUVERGNE,LIMOUSIN",Toulouse,E,EUR/kg carcasse,1.59,0,COT-VBL-porc-A26-S24.csv
2026,24,,2026-06-05,2026-06-11,"MIDI-PYRENEES, AQUITAINE LANGUEDOC-ROUSSILLON, AUVERGNE,LIMOUSIN",Toulouse,S,EUR/kg carcasse,1.65,-0.01,COT-VBL-porc-A26-S24.csv
2026,25,,2026-06-12,2026-06-18,BRETAGNE,Rennes,E,EUR/kg carcasse,1.59,0.01,COT-VBL-porc-A26-S25.csv
2026,25,,2026-06-12,2026-06-18,BRETAGNE,Rennes,S,EUR/kg carcasse,1.67,-0.01,COT-VBL-porc-A26-S25.csv
2026,25,,2026-06-12,2026-06-18,"HAUTE ET BASSE NORMANDIE, PAYS DE LOIRE, POITOU-CHARENTES, CENTRE",Nantes,E,EUR/kg carcasse,1.65,0.01,COT-VBL-porc-A26-S25.csv
2026,25,,2026-06-12,2026-06-18,"HAUTE ET BASSE NORMANDIE, PAYS DE LOIRE, POITOU-CHARENTES, CENTRE",Nantes,S,EUR/kg carcasse,1.7,0,COT-VBL-porc-A26-S25.csv
2026,25,,2026-06-12,2026-06-18,"NORD-PAS DE CALAIS,PICARDIE, ILE DE FRANCE, LORRAINE,ALSACE, CHAMPAGNE-ARDENNES",Lille,E,EUR/kg carcasse,1.59,0,COT-VBL-porc-A26-S25.csv
2026,25,,2026-06-12,2026-06-18,"NORD-PAS DE CALAIS,PICARDIE, ILE DE FRANCE, LORRAINE,ALSACE, CHAMPAGNE-ARDENNES",Lille,S,EUR/kg carcasse,1.67,0.01,COT-VBL-porc-A26-S25.csv
2026,25,,2026-06-12,2026-06-18,"BOURGOGNE,FRANCHE-COMTE, RHONE-ALPES, PROVENCE-ALPES COTE D'AZUR,CORSE",Lyon,E,EUR/kg carcasse,1.72,0,COT-VBL-porc-A26-S25.csv
2026,25,,2026-06-12,2026-06-18,"BOURGOGNE,FRANCHE-COMTE, RHONE-ALPES, PROVENCE-ALPES COTE D'AZUR,CORSE",Lyon,S,EUR/kg carcasse,1.74,0.01,COT-VBL-porc-A26-S25.csv
2026,25,,2026-06-12,2026-06-18,"MIDI-PYRENEES, AQUITAINE LANGUEDOC-ROUSSILLON, AUVERGNE,LIMOUSIN",Toulouse,E,EUR/kg carcasse,1.59,0,COT-VBL-porc-A26-S25.csv
2026,25,,2026-06-12,2026-06-18,"MIDI-PYRENEES, AQUITAINE LANGUEDOC-ROUSSILLON, AUVERGNE,LIMOUSIN",Toulouse,S,EUR/kg carcasse,1.64,-0.01,COT-VBL-porc-A26-S25.csv
2026,25,,2026-06-12,2026-06-18,RÉFÉRENCE NATIONALE,,E,EUR/kg carcasse,1.61,0.01,COT-VBL-porc-A26-S25.csv
2026,25,,2026-06-12,2026-06-18,RÉFÉRENCE NATIONALE,,S,EUR/kg carcasse,1.68,0,COT-VBL-porc-A26-S25.csv
2026,26,,2026-06-19,2026-06-25,BRETAGNE,Rennes,E,EUR/kg carcasse,1.61,0.02,COT-VBL-porc-A26-S26.csv
2026,26,,2026-06-19,2026-06-25,BRETAGNE,Rennes,S,EUR/kg carcasse,1.7,0.03,COT-VBL-porc-A26-S26.csv
2026,26,,2026-06-19,2026-06-25,"HAUTE ET BASSE NORMANDIE, PAYS DE LOIRE, POITOU-CHARENTES, CENTRE",Nantes,E,EUR/kg carcasse,1.69,0.04,COT-VBL-porc-A26-S26.csv
2026,26,,2026-06-19,2026-06-25,"HAUTE ET BASSE NORMANDIE, PAYS DE LOIRE, POITOU-CHARENTES, CENTRE",Nantes,S,EUR/kg carcasse,1.73,0.03,COT-VBL-porc-A26-S26.csv
2026,26,,2026-06-19,2026-06-25,"NORD-PAS DE CALAIS,PICARDIE, ILE DE FRANCE, LORRAINE,ALSACE, CHAMPAGNE-ARDENNES",Lille,E,EUR/kg carcasse,1.62,0.03,COT-VBL-porc-A26-S26.csv
2026,26,,2026-06-19,2026-06-25,"NORD-PAS DE CALAIS,PICARDIE, ILE DE FRANCE, LORRAINE,ALSACE, CHAMPAGNE-ARDENNES",Lille,S,EUR/kg carcasse,1.7,0.03,COT-VBL-porc-A26-S26.csv
2026,26,,2026-06-19,2026-06-25,"BOURGOGNE,FRANCHE-COMTE, RHONE-ALPES, PROVENCE-ALPES COTE D'AZUR,CORSE",Lyon,E,EUR/kg carcasse,1.75,0.03,COT-VBL-porc-A26-S26.csv
2026,26,,2026-06-19,2026-06-25,"BOURGOGNE,FRANCHE-COMTE, RHONE-ALPES, PROVENCE-ALPES COTE D'AZUR,CORSE",Lyon,S,EUR/kg carcasse,1.76,0.02,COT-VBL-porc-A26-S26.csv
2026,26,,2026-06-19,2026-06-25,"MIDI-PYRENEES, AQUITAINE LANGUEDOC-ROUSSILLON, AUVERGNE,LIMOUSIN",Toulouse,E,EUR/kg carcasse,1.62,0.03,COT-VBL-porc-A26-S26.csv
2026,26,,2026-06-19,2026-06-25,"MIDI-PYRENEES, AQUITAINE LANGUEDOC-ROUSSILLON, AUVERGNE,LIMOUSIN",Toulouse,S,EUR/kg carcasse,1.67,0.03,COT-VBL-porc-A26-S26.csv
2026,26,,2026-06-19,2026-06-25,RÉFÉRENCE NATIONALE,,E,EUR/kg carcasse,1.64,0.03,COT-VBL-porc-A26-S26.csv
2026,26,,2026-06-19,2026-06-25,RÉFÉRENCE NATIONALE,,S,EUR/kg carcasse,1.71,0.03,COT-VBL-porc-A26-S26.csv
2026,27,,2026-06-26,2026-07-02,BRETAGNE,Rennes,E,EUR/kg carcasse,1.63,0.02,COT-VBL-porc-A26-S27.csv
2026,27,,2026-06-26,2026-07-02,BRETAGNE,Rennes,S,EUR/kg carcasse,1.71,0.01,COT-VBL-porc-A26-S27.csv
2026,27,,2026-06-26,2026-07-02,"HAUTE ET BASSE NORMANDIE, PAYS DE LOIRE, POITOU-CHARENTES, CENTRE",Nantes,E,EUR/kg carcasse,1.68,-0.01,COT-VBL-porc-A26-S27.csv
2026,27,,2026-06-26,2026-07-02,"HAUTE ET BASSE NORMANDIE, PAYS DE LOIRE, POITOU-CHARENTES, CENTRE",Nantes,S,EUR/kg carcasse,1.73,0,COT-VBL-porc-A26-S27.csv
2026,27,,2026-06-26,2026-07-02,"NORD-PAS DE CALAIS,PICARDIE, ILE DE FRANCE, LORRAINE,ALSACE, CHAMPAGNE-ARDENNES",Lille,E,EUR/kg carcasse,1.62,0,COT-VBL-porc-A26-S27.csv
2026,27,,2026-06-26,2026-07-02,"NORD-PAS DE CALAIS,PICARDIE, ILE DE FRANCE, LORRAINE,ALSACE, CHAMPAGNE-ARDENNES",Lille,S,EUR/kg carcasse,1.7,0,COT-VBL-porc-A26-S27.csv
2026,27,,2026-06-26,2026-07-02,"BOURGOGNE,FRANCHE-COMTE, RHONE-ALPES, PROVENCE-ALPES COTE D'AZUR,CORSE",Lyon,E,EUR/kg carcasse,1.76,0.01,COT-VBL-porc-A26-S27.csv
2026,27,,2026-06-26,2026-07-02,"BOURGOGNE,FRANCHE-COMTE, RHONE-ALPES, PROVENCE-ALPES COTE D'AZUR,CORSE",Lyon,S,EUR/kg carcasse,1.78,0.02,COT-VBL-porc-A26-S27.csv
2026,27,,2026-06-26,2026-07-02,"MIDI-PYRENEES, AQUITAINE LANGUEDOC-ROUSSILLON, AUVERGNE,LIMOUSIN",Toulouse,E,EUR/kg carcasse,1.65,0.03,COT-VBL-porc-A26-S27.csv
2026,27,,2026-06-26,2026-07-02,"MIDI-PYRENEES, AQUITAINE LANGUEDOC-ROUSSILLON, AUVERGNE,LIMOUSIN",Toulouse,S,EUR/kg carcasse,1.69,0.02,COT-VBL-porc-A26-S27.csv
2026,27,,2026-06-26,2026-07-02,RÉFÉRENCE NATIONALE,,E,EUR/kg carcasse,1.65,0.01,COT-VBL-porc-A26-S27.csv
2026,27,,2026-06-26,2026-07-02,RÉFÉRENCE NATIONALE,,S,EUR/kg carcasse,1.72,0.01,COT-VBL-porc-A26-S27.csv
2026,28,,2026-07-03,2026-07-09,BRETAGNE,Rennes,E,EUR/kg carcasse,1.65,0.02,COT-VBL-porc-A26-S28.csv
2026,28,,2026-07-03,2026-07-09,BRETAGNE,Rennes,S,EUR/kg carcasse,1.73,0.02,COT-VBL-porc-A26-S28.csv
2026,28,,2026-07-03,2026-07-09,"HAUTE ET BASSE NORMANDIE, PAYS DE LOIRE, POITOU-CHARENTES, CENTRE",Nantes,E,EUR/kg carcasse,1.71,0.03,COT-VBL-porc-A26-S28.csv
2026,28,,2026-07-03,2026-07-09,"HAUTE ET BASSE NORMANDIE, PAYS DE LOIRE, POITOU-CHARENTES, CENTRE",Nantes,S,EUR/kg carcasse,1.76,0.03,COT-VBL-porc-A26-S28.csv
2026,28,,2026-07-03,2026-07-09,"NORD-PAS DE CALAIS,PICARDIE, ILE DE FRANCE, LORRAINE,ALSACE, CHAMPAGNE-ARDENNES",Lille,E,EUR/kg carcasse,1.68,0.06,COT-VBL-porc-A26-S28.csv
2026,28,,2026-07-03,2026-07-09,"NORD-PAS DE CALAIS,PICARDIE, ILE DE FRANCE, LORRAINE,ALSACE, CHAMPAGNE-ARDENNES",Lille,S,EUR/kg carcasse,1.74,0.04,COT-VBL-porc-A26-S28.csv
2026,28,,2026-07-03,2026-07-09,"BOURGOGNE,FRANCHE-COMTE, RHONE-ALPES, PROVENCE-ALPES COTE D'AZUR,CORSE",Lyon,E,EUR/kg carcasse,1.79,0.03,COT-VBL-porc-A26-S28.csv
2026,28,,2026-07-03,2026-07-09,"BOURGOGNE,FRANCHE-COMTE, RHONE-ALPES, PROVENCE-ALPES COTE D'AZUR,CORSE",Lyon,S,EUR/kg carcasse,1.81,0.03,COT-VBL-porc-A26-S28.csv
2026,28,,2026-07-03,2026-07-09,"MIDI-PYRENEES, AQUITAINE LANGUEDOC-ROUSSILLON, AUVERGNE,LIMOUSIN",Toulouse,E,EUR/kg carcasse,1.69,0.04,COT-VBL-porc-A26-S28.csv
2026,28,,2026-07-03,2026-07-09,"MIDI-PYRENEES, AQUITAINE LANGUEDOC-ROUSSILLON, AUVERGNE,LIMOUSIN",Toulouse,S,EUR/kg carcasse,1.72,0.03,COT-VBL-porc-A26-S28.csv
2026,28,,2026-07-03,2026-07-09,RÉFÉRENCE NATIONALE,,E,EUR/kg carcasse,1.68,0.03,COT-VBL-porc-A26-S28.csv
2026,28,,2026-07-03,2026-07-09,RÉFÉRENCE NATIONALE,,S,EUR/kg carcasse,1.74,0.02,COT-VBL-porc-A26-S28.csv
2026,29,,2026-07-10,2026-07-16,BRETAGNE,Rennes,E,EUR/kg carcasse,1.66,0.01,COT-VBL-porc-A26-S29.csv
2026,29,,2026-07-10,2026-07-16,BRETAGNE,Rennes,S,EUR/kg carcasse,1.74,0.01,COT-VBL-porc-A26-S29.csv
2026,29,,2026-07-10,2026-07-16,"HAUTE ET BASSE NORMANDIE, PAYS DE LOIRE, POITOU-CHARENTES, CENTRE",Nantes,E,EUR/kg carcasse,1.71,0,COT-VBL-porc-A26-S29.csv
2026,29,,2026-07-10,2026-07-16,"HAUTE ET BASSE NORMANDIE, PAYS DE LOIRE, POITOU-CHARENTES, CENTRE",Nantes,S,EUR/kg carcasse,1.77,0.01,COT-VBL-porc-A26-S29.csv
2026,29,,2026-07-10,2026-07-16,"NORD-PAS DE CALAIS,PICARDIE, ILE DE FRANCE, LORRAINE,ALSACE, CHAMPAGNE-ARDENNES",Lille,E,EUR/kg carcasse,1.69,0.01,COT-VBL-porc-A26-S29.csv
2026,29,,2026-07-10,2026-07-16,"NORD-PAS DE CALAIS,PICARDIE, ILE DE FRANCE, LORRAINE,ALSACE, CHAMPAGNE-ARDENNES",Lille,S,EUR/kg carcasse,1.74,0,COT-VBL-porc-A26-S29.csv
2026,29,,2026-07-10,2026-07-16,"BOURGOGNE,FRANCHE-COMTE, RHONE-ALPES, PROVENCE-ALPES COTE D'AZUR,CORSE",Lyon,E,EUR/kg carcasse,1.79,0,COT-VBL-porc-A26-S29.csv
2026,29,,2026-07-10,2026-07-16,"BOURGOGNE,FRANCHE-COMTE, RHONE-ALPES, PROVENCE-ALPES COTE D'AZUR,CORSE",Lyon,S,EUR/kg carcasse,1.8,-0.01,COT-VBL-porc-A26-S29.csv
2026,29,,2026-07-10,2026-07-16,"MIDI-PYRENEES, AQUITAINE LANGUEDOC-ROUSSILLON, AUVERGNE,LIMOUSIN",Toulouse,E,EUR/kg carcasse,1.7,0.01,COT-VBL-porc-A26-S29.csv
2026,29,,2026-07-10,2026-07-16,"MIDI-PYRENEES, AQUITAINE LANGUEDOC-ROUSSILLON, AUVERGNE,LIMOUSIN",Toulouse,S,EUR/kg carcasse,1.73,0.01,COT-VBL-porc-A26-S29.csv
2026,29,,2026-07-10,2026-07-16,RÉFÉRENCE NATIONALE,,E,EUR/kg carcasse,1.68,0,COT-VBL-porc-A26-S29.csv
2026,29,,2026-07-10,2026-07-16,RÉFÉRENCE NATIONALE,,S,EUR/kg carcasse,1.75,0.01,COT-VBL-porc-A26-S29.csv
2026,30,,2026-07-17,2026-07-23,BRETAGNE,Rennes,E,EUR/kg carcasse,1.67,0.01,COT-VBL-porc-A26-S30.csv
2026,30,,2026-07-17,2026-07-23,BRETAGNE,Rennes,S,EUR/kg carcasse,1.74,0,COT-VBL-porc-A26-S30.csv
2026,30,,2026-07-17,2026-07-23,"HAUTE ET BASSE NORMANDIE, PAYS DE LOIRE, POITOU-CHARENTES, CENTRE",Nantes,E,EUR/kg carcasse,1.72,0.01,COT-VBL-porc-A26-S30.csv
2026,30,,2026-07-17,2026-07-23,"HAUTE ET BASSE NORMANDIE, PAYS DE LOIRE, POITOU-CHARENTES, CENTRE",Nantes,S,EUR/kg carcasse,1.77,0,COT-VBL-porc-A26-S30.csv
2026,30,,2026-07-17,2026-07-23,"NORD-PAS DE CALAIS,PICARDIE, ILE DE FRANCE, LORRAINE,ALSACE, CHAMPAGNE-ARDENNES",Lille,E,EUR/kg carcasse,1.69,0,COT-VBL-porc-A26-S30.csv
2026,30,,2026-07-17,2026-07-23,"NORD-PAS DE CALAIS,PICARDIE, ILE DE FRANCE, LORRAINE,ALSACE, CHAMPAGNE-ARDENNES",Lille,S,EUR/kg carcasse,1.75,0.01,COT-VBL-porc-A26-S30.csv
2026,30,,2026-07-17,2026-07-23,"BOURGOGNE,FRANCHE-COMTE, RHONE-ALPES, PROVENCE-ALPES COTE D'AZUR,CORSE",Lyon,E,EUR/kg carcasse,1.8,0.01,COT-VBL-porc-A26-S30.csv
2026,30,,2026-07-17,2026-07-23,"BOURGOGNE,FRANCHE-COMTE, RHONE-ALPES, PROVENCE-ALPES COTE D'AZUR,CORSE",Lyon,S,EUR/kg carcasse,1.82,0.02,COT-VBL-porc-A26-S30.csv
2026,30,,2026-07-17,2026-07-23,"MIDI-PYRENEES, AQUITAINE LANGUEDOC-ROUSSILLON, AUVERGNE,LIMOUSIN",Toulouse,E,EUR/kg carcasse,1.69,-0.01,COT-VBL-porc-A26-S30.csv
2026,30,,2026-07-17,2026-07-23,"MIDI-PYRENEES, AQUITAINE LANGUEDOC-ROUSSILLON, AUVERGNE,LIMOUSIN",Toulouse,S,EUR/kg carcasse,1.74,0.01,COT-VBL-porc-A26-S30.csv
2026,30,,2026-07-17,2026-07-23,RÉFÉRENCE NATIONALE,,E,EUR/kg carcasse,1.69,0.01,COT-VBL-porc-A26-S30.csv
2026,30,,2026-07-17,2026-07-23,RÉFÉRENCE NATIONALE,,S,EUR/kg carcasse,1.75,0,COT-VBL-porc-A26-S30.csv
2026,31,,2026-07-24,2026-07-30,BRETAGNE,Rennes,E,EUR/kg carcasse,1.68,0.01,COT-VBL-porc-A26-S31.csv
2026,31,,2026-07-24,2026-07-30,BRETAGNE,Rennes,S,EUR/kg carcasse,1.76,0.02,COT-VBL-porc-A26-S31.csv
2026,31,,2026-07-24,2026-07-30,"HAUTE ET BASSE NORMANDIE, PAYS DE LOIRE, POITOU-CHARENTES, CENTRE",Nantes,E,EUR/kg carcasse,1.74,0.02,COT-VBL-porc-A26-S31.csv
2026,31,,2026-07-24,2026-07-30,"HAUTE ET BASSE NORMANDIE, PAYS DE LOIRE, POITOU-CHARENTES, CENTRE",Nantes,S,EUR/kg carcasse,1.78,0.01,COT-VBL-porc-A26-S31.csv
2026,31,,2026-07-24,2026-07-30,"NORD-PAS DE CALAIS,PICARDIE, ILE DE FRANCE, LORRAINE,ALSACE, CHAMPAGNE-ARDENNES",Lille,E,EUR/kg carcasse,1.7,0.01,COT-VBL-porc-A26-S31.csv
2026,31,,2026-07-24,2026-07-30,"NORD-PAS DE CALAIS,PICARDIE, ILE DE FRANCE, LORRAINE,ALSACE, CHAMPAGNE-ARDENNES",Lille,S,EUR/kg carcasse,1.77,0.02,COT-VBL-porc-A26-S31.csv
2026,31,,2026-07-24,2026-07-30,"BOURGOGNE,FRANCHE-COMTE, RHONE-ALPES, PROVENCE-ALPES COTE D'AZUR,CORSE",Lyon,E,EUR/kg carcasse,1.82,0.02,COT-VBL-porc-A26-S31.csv
2026,31,,2026-07-24,2026-07-30,"BOURGOGNE,FRANCHE-COMTE, RHONE-ALPES, PROVENCE-ALPES COTE D'AZUR,CORSE",Lyon,S,EUR/kg carcasse,1.84,0.02,COT-VBL-porc-A26-S31.csv
2026,31,,2026-07-24,2026-07-30,"MIDI-PYRENEES, AQUITAINE LANGUEDOC-ROUSSILLON, AUVERGNE,LIMOUSIN",Toulouse,E,EUR/kg carcasse,1.7,0.01,COT-VBL-porc-A26-S31.csv
2026,31,,2026-07-24,2026-07-30,"MIDI-PYRENEES, AQUITAINE LANGUEDOC-ROUSSILLON, AUVERGNE,LIMOUSIN",Toulouse,S,EUR/kg carcasse,1.75,0.01,COT-VBL-porc-A26-S31.csv
2026,31,,2026-07-24,2026-07-30,RÉFÉRENCE NATIONALE,,E,EUR/kg carcasse,1.7,0.01,COT-VBL-porc-A26-S31.csv
2026,31,,2026-07-24,2026-07-30,RÉFÉRENCE NATIONALE,,S,EUR/kg carcasse,1.77,0.02,COT-VBL-porc-A26-S31.csv
2026,32,,2026-07-31,2026-08-06,BRETAGNE,Rennes,E,EUR/kg carcasse,1.73,0.05,COT-VBL-porc-A26-S32.csv
2026,32,,2026-07-31,2026-08-06,BRETAGNE,Rennes,S,EUR/kg carcasse,1.81,0.05,COT-VBL-porc-A26-S32.csv
2026,32,,2026-07-31,2026-08-06,"HAUTE ET BASSE NORMANDIE, PAYS DE LOIRE, POITOU-CHARENTES, CENTRE",Nantes,E,EUR/kg carcasse,1.78,0.04,COT-VBL-porc-A26-S32.csv
2026,32,,2026-07-31,2026-08-06,"HAUTE ET BASSE NORMANDIE, PAYS DE LOIRE, POITOU-CHARENTES, CENTRE",Nantes,S,EUR/kg carcasse,1.83,0.05,COT-VBL-porc-A26-S32.csv
2026,32,,2026-07-31,2026-08-06,"NORD-PAS DE CALAIS,PICARDIE, ILE DE FRANCE, LORRAINE,ALSACE, CHAMPAGNE-ARDENNES",Lille,E,EUR/kg carcasse,1.77,0.07,COT-VBL-porc-A26-S32.csv
2026,32,,2026-07-31,2026-08-06,"NORD-PAS DE CALAIS,PICARDIE, ILE DE FRANCE, LORRAINE,ALSACE, CHAMPAGNE-ARDENNES",Lille,S,EUR/kg carcasse,1.83,0.06,COT-VBL-porc-A26-S32.csv
2026,32,,2026-07-31,2026-08-06,"BOURGOGNE,FRANCHE-COMTE, RHONE-ALPES, PROVENCE-ALPES COTE D'AZUR,CORSE",Lyon,E,EUR/kg carcasse,1.87,0.05,COT-VBL-porc-A26-S32.csv
2026,32,,2026-07-31,2026-08-06,"BOURGOGNE,FRANCHE-COMTE, RHONE-ALPES, PROVENCE-ALPES COTE D'AZUR,CORSE",Lyon,S,EUR/kg carcasse,1.88,0.04,COT-VBL-porc-A26-S32.csv
2026,32,,2026-07-31,2026-08-06,"MIDI-PYRENEES, AQUITAINE LANGUEDOC-ROUSSILLON, AUVERGNE,LIMOUSIN",Toulouse,E,EUR/kg carcasse,1.73,0.03,COT-VBL-porc-A26-S32.csv
2026,32,,2026-07-31,2026-08-06,"MIDI-PYRENEES, AQUITAINE LANGUEDOC-ROUSSILLON, AUVERGNE,LIMOUSIN",Toulouse,S,EUR/kg carcasse,1.8,0.05,COT-VBL-porc-A26-S32.csv
2026,32,,2026-07-31,2026-08-06,RÉFÉRENCE NATIONALE,,E,EUR/kg carcasse,1.75,0.05,COT-VBL-porc-A26-S32.csv
2026,32,,2026-07-31,2026-08-06,RÉFÉRENCE NATIONALE,,S,EUR/kg carcasse,1.82,0.05,COT-VBL-porc-A26-S32.csv
2026,33,,2026-08-07,2026-08-13,BRETAGNE,Rennes,E,EUR/kg carcasse,1.77,0.04,COT-VBL-porc-A26-S33.csv
2026,33,,2026-08-07,2026-08-13,BRETAGNE,Rennes,S,EUR/kg carcasse,1.85,0.04,COT-VBL-porc-A26-S33.csv
2026,33,,2026-08-07,2026-08-13,"HAUTE ET BASSE NORMANDIE, PAYS DE LOIRE, POITOU-CHARENTES, CENTRE",Nantes,E,EUR/kg carcasse,1.82,0.04,COT-VBL-porc-A26-S33.csv
2026,33,,2026-08-07,2026-08-13,"HAUTE ET BASSE NORMANDIE, PAYS DE LOIRE, POITOU-CHARENTES, CENTRE",Nantes,S,EUR/kg carcasse,1.87,0.04,COT-VBL-porc-A26-S33.csv
2026,33,,2026-08-07,2026-08-13,"NORD-PAS DE CALAIS,PICARDIE, ILE DE FRANCE, LORRAINE,ALSACE, CHAMPAGNE-ARDENNES",Lille,E,EUR/kg carcasse,1.82,0.05,COT-VBL-porc-A26-S33.csv
2026,33,,2026-08-07,2026-08-13,"NORD-PAS DE CALAIS,PICARDIE, ILE DE FRANCE, LORRAINE,ALSACE, CHAMPAGNE-ARDENNES",Lille,S,EUR/kg carcasse,1.87,0.04,COT-VBL-porc-A26-S33.csv
2026,33,,2026-08-07,2026-08-13,"BOURGOGNE,FRANCHE-COMTE, RHONE-ALPES, PROVENCE-ALPES COTE D'AZUR,CORSE",Lyon,E,EUR/kg carcasse,1.88,0.01,COT-VBL-porc-A26-S33.csv
2026,33,,2026-08-07,2026-08-13,"BOURGOGNE,FRANCHE-COMTE, RHONE-ALPES, PROVENCE-ALPES COTE D'AZUR,CORSE",Lyon,S,EUR/kg carcasse,1.9,0.02,COT-VBL-porc-A26-S33.csv
2026,33,,2026-08-07,2026-08-13,"MIDI-PYRENEES, AQUITAINE LANGUEDOC-ROUSSILLON, AUVERGNE,LIMOUSIN",Toulouse,E,EUR/kg carcasse,1.78,0.05,COT-VBL-porc-A26-S33.csv
2026,33,,2026-08-07,2026-08-13,"MIDI-PYRENEES, AQUITAINE LANGUEDOC-ROUSSILLON, AUVERGNE,LIMOUSIN",Toulouse,S,EUR/kg carcasse,1.86,0.06,COT-VBL-porc-A26-S33.csv
2026,33,,2026-08-07,2026-08-13,RÉFÉRENCE NATIONALE,,E,EUR/kg carcasse,1.79,0.04,COT-VBL-porc-A26-S33.csv
2026,33,,2026-08-07,2026-08-13,RÉFÉRENCE NATIONALE,,S,EUR/kg carcasse,1.86,0.04,COT-VBL-porc-A26-S33.csv
2026,34,,2026-08-14,2026-08-20,BRETAGNE,Rennes,E,EUR/kg carcasse,1.83,0.06,COT-VBL-porc-A26-S34.csv
2026,34,,2026-08-14,2026-08-20,BRETAGNE,Rennes,S,EUR/kg carcasse,1.91,0.06,COT-VBL-porc-A26-S34.csv
2026,34,,2026-08-14,2026-08-20,"HAUTE ET BASSE NORMANDIE, PAYS DE LOIRE, POITOU-CHARENTES, CENTRE",Nantes,E,EUR/kg carcasse,1.89,0.07,COT-VBL-porc-A26-S34.csv
2026,34,,2026-08-14,2026-08-20,"HAUTE ET BASSE NORMANDIE, PAYS DE LOIRE, POITOU-CHARENTES, CENTRE",Nantes,S,EUR/kg carcasse,1.93,0.06,COT-VBL-porc-A26-S34.csv
2026,34,,2026-08-14,2026-08-20,"NORD-PAS DE CALAIS,PICARDIE, ILE DE FRANCE, LORRAINE,ALSACE, CHAMPAGNE-ARDENNES",Lille,E,EUR/kg carcasse,1.89,0.07,COT-VBL-porc-A26-S34.csv
2026,34,,2026-08-14,2026-08-20,"NORD-PAS DE CALAIS,PICARDIE, ILE DE FRANCE, LORRAINE,ALSACE, CHAMPAGNE-ARDENNES",Lille,S,EUR/kg carcasse,1.95,0.08,COT-VBL-porc-A26-S34.csv
2026,34,,2026-08-14,2026-08-20,"BOURGOGNE,FRANCHE-COMTE, RHONE-ALPES, PROVENCE-ALPES COTE D'AZUR,CORSE",Lyon,E,EUR/kg carcasse,1.98,0.1,COT-VBL-porc-A26-S34.csv
2026,34,,2026-08-14,2026-08-20,"BOURGOGNE,FRANCHE-COMTE, RHONE-ALPES, PROVENCE-ALPES COTE D'AZUR,CORSE",Lyon,S,EUR/kg carcasse,1.99,0.09,COT-VBL-porc-A26-S34.csv
2026,34,,2026-08-14,2026-08-20,"MIDI-PYRENEES, AQUITAINE LANGUEDOC-ROUSSILLON, AUVERGNE,LIMOUSIN",Toulouse,E,EUR/kg carcasse,1.83,0.05,COT-VBL-porc-A26-S34.csv
2026,34,,2026-08-14,2026-08-20,"MIDI-PYRENEES, AQUITAINE LANGUEDOC-ROUSSILLON, AUVERGNE,LIMOUSIN",Toulouse,S,EUR/kg carcasse,1.91,0.05,COT-VBL-porc-A26-S34.csv
2026,34,,2026-08-14,2026-08-20,RÉFÉRENCE NATIONALE,,E,EUR/kg carcasse,1.86,0.07,COT-VBL-porc-A26-S34.csv
2026,34,,2026-08-14,2026-08-20,RÉFÉRENCE NATIONALE,,S,EUR/kg carcasse,1.92,0.06,COT-VBL-porc-A26-S34.csv
2026,35,,2026-08-21,2026-08-27,BRETAGNE,Rennes,E,EUR/kg carcasse,1.89,0.06,COT-VBL-porc-A26-S35.csv
2026,35,,2026-08-21,2026-08-27,BRETAGNE,Rennes,S,EUR/kg carcasse,1.97,0.06,COT-VBL-porc-A26-S35.csv
2026,35,,2026-08-21,2026-08-27,"HAUTE ET BASSE NORMANDIE, PAYS DE LOIRE, POITOU-CHARENTES, CENTRE",Nantes,E,EUR/kg carcasse,1.93,0.04,COT-VBL-porc-A26-S35.csv
2026,35,,2026-08-21,2026-08-27,"HAUTE ET BASSE NORMANDIE, PAYS DE LOIRE, POITOU-CHARENTES, CENTRE",Nantes,S,EUR/kg carcasse,1.99,0.06,COT-VBL-porc-A26-S35.csv
2026,35,,2026-08-21,2026-08-27,"NORD-PAS DE CALAIS,PICARDIE, ILE DE FRANCE, LORRAINE,ALSACE, CHAMPAGNE-ARDENNES",Lille,E,EUR/kg carcasse,1.91,0.02,COT-VBL-porc-A26-S35.csv
2026,35,,2026-08-21,2026-08-27,"NORD-PAS DE CALAIS,PICARDIE, ILE DE FRANCE, LORRAINE,ALSACE, CHAMPAGNE-ARDENNES",Lille,S,EUR/kg carcasse,1.98,0.03,COT-VBL-porc-A26-S35.csv
2026,35,,2026-08-21,2026-08-27,"BOURGOGNE,FRANCHE-COMTE, RHONE-ALPES, PROVENCE-ALPES COTE D'AZUR,CORSE",Lyon,E,EUR/kg carcasse,2.08,0.1,COT-VBL-porc-A26-S35.csv
2026,35,,2026-08-21,2026-08-27,"BOURGOGNE,FRANCHE-COMTE, RHONE-ALPES, PROVENCE-ALPES COTE D'AZUR,CORSE",Lyon,S,EUR/kg carcasse,2.09,0.1,COT-VBL-porc-A26-S35.csv
2026,35,,2026-08-21,2026-08-27,"MIDI-PYRENEES, AQUITAINE LANGUEDOC-ROUSSILLON, AUVERGNE,LIMOUSIN",Toulouse,E,EUR/kg carcasse,2.01,0.18,COT-VBL-porc-A26-S35.csv
2026,35,,2026-08-21,2026-08-27,"MIDI-PYRENEES, AQUITAINE LANGUEDOC-ROUSSILLON, AUVERGNE,LIMOUSIN",Toulouse,S,EUR/kg carcasse,2.02,0.11,COT-VBL-porc-A26-S35.csv
2026,35,,2026-08-21,2026-08-27,RÉFÉRENCE NATIONALE,,E,EUR/kg carcasse,1.92,0.06,COT-VBL-porc-A26-S35.csv
2026,35,,2026-08-21,2026-08-27,RÉFÉRENCE NATIONALE,,S,EUR/kg carcasse,1.99,0.07,COT-VBL-porc-A26-S35.csv
2026,36,,2026-08-28,2026-09-03,BRETAGNE,Rennes,E,EUR/kg carcasse,1.95,0.06,COT-VBL-porc-A26-S36.csv
2026,36,,2026-08-28,2026-09-03,BRETAGNE,Rennes,S,EUR/kg carcasse,2.03,0.06,COT-VBL-porc-A26-S36.csv
2026,36,,2026-08-28,2026-09-03,"HAUTE ET BASSE NORMANDIE, PAYS DE LOIRE, POITOU-CHARENTES, CENTRE",Nantes,E,EUR/kg carcasse,2,0.07,COT-VBL-porc-A26-S36.csv
2026,36,,2026-08-28,2026-09-03,"HAUTE ET BASSE NORMANDIE, PAYS DE LOIRE, POITOU-CHARENTES, CENTRE",Nantes,S,EUR/kg carcasse,2.05,0.06,COT-VBL-porc-A26-S36.csv
2026,36,,2026-08-28,2026-09-03,"NORD-PAS DE CALAIS,PICARDIE, ILE DE FRANCE, LORRAINE,ALSACE, CHAMPAGNE-ARDENNES",Lille,E,EUR/kg carcasse,1.98,0.07,COT-VBL-porc-A26-S36.csv
2026,36,,2026-08-28,2026-09-03,"NORD-PAS DE CALAIS,PICARDIE, ILE DE FRANCE, LORRAINE,ALSACE, CHAMPAGNE-ARDENNES",Lille,S,EUR/kg carcasse,2.04,0.06,COT-VBL-porc-A26-S36.csv
2026,36,,2026-08-28,2026-09-03,"BOURGOGNE,FRANCHE-COMTE, RHONE-ALPES, PROVENCE-ALPES COTE D'AZUR,CORSE",Lyon,E,EUR/kg carcasse,2.08,0,COT-VBL-porc-A26-S36.csv
2026,36,,2026-08-28,2026-09-03,"BOURGOGNE,FRANCHE-COMTE, RHONE-ALPES, PROVENCE-ALPES COTE D'AZUR,CORSE",Lyon,S,EUR/kg carcasse,2.09,0,COT-VBL-porc-A26-S36.csv
2026,36,,2026-08-28,2026-09-03,"MIDI-PYRENEES, AQUITAINE LANGUEDOC-ROUSSILLON, AUVERGNE,LIMOUSIN",Toulouse,E,EUR/kg carcasse,1.94,-0.07,COT-VBL-porc-A26-S36.csv
2026,36,,2026-08-28,2026-09-03,"MIDI-PYRENEES, AQUITAINE LANGUEDOC-ROUSSILLON, AUVERGNE,LIMOUSIN",Toulouse,S,EUR/kg carcasse,2.01,-0.01,COT-VBL-porc-A26-S36.csv
2026,36,,2026-08-28,2026-09-03,RÉFÉRENCE NATIONALE,,E,EUR/kg carcasse,1.97,0.05,COT-VBL-porc-A26-S36.csv
2026,36,,2026-08-28,2026-09-03,RÉFÉRENCE NATIONALE,,S,EUR/kg carcasse,2.04,0.05,COT-VBL-porc-A26-S36.csv
2026,37,,2026-09-04,2026-09-10,BRETAGNE,Rennes,E,EUR/kg carcasse,2.01,0.06,COT-VBL-porc-A26-S37.csv
2026,37,,2026-09-04,2026-09-10,BRETAGNE,Rennes,S,EUR/kg carcasse,2.09,0.06,COT-VBL-porc-A26-S37.csv
2026,37,,2026-09-04,2026-09-10,"HAUTE ET BASSE NORMANDIE, PAYS DE LOIRE, POITOU-CHARENTES, CENTRE",Nantes,E,EUR/kg carcasse,2.06,0.06,COT-VBL-porc-A26-S37.csv
2026,37,,2026-09-04,2026-09-10,"HAUTE ET BASSE NORMANDIE, PAYS DE LOIRE, POITOU-CHARENTES, CENTRE",Nantes,S,EUR/kg carcasse,2.12,0.07,COT-VBL-porc-A26-S37.csv
2026,37,,2026-09-04,2026-09-10,"NORD-PAS DE CALAIS,PICARDIE, ILE DE FRANCE, LORRAINE,ALSACE, CHAMPAGNE-ARDENNES",Lille,E,EUR/kg carcasse,2.03,0.05,COT-VBL-porc-A26-S37.csv
2026,37,,2026-09-04,2026-09-10,"NORD-PAS DE CALAIS,PICARDIE, ILE DE FRANCE, LORRAINE,ALSACE, CHAMPAGNE-ARDENNES",Lille,S,EUR/kg carcasse,2.09,0.05,COT-VBL-porc-A26-S37.csv
2026,37,,2026-09-04,2026-09-10,"BOURGOGNE,FRANCHE-COMTE, RHONE-ALPES, PROVENCE-ALPES COTE D'AZUR,CORSE",Lyon,E,EUR/kg carcasse,2.13,0.05,COT-VBL-porc-A26-S37.csv
2026,37,,2026-09-04,2026-09-10,"BOURGOGNE,FRANCHE-COMTE, RHONE-ALPES, PROVENCE-ALPES COTE D'AZUR,CORSE",Lyon,S,EUR/kg carcasse,2.15,0.06,COT-VBL-porc-A26-S37.csv
2026,37,,2026-09-04,2026-09-10,"MIDI-PYRENEES, AQUITAINE LANGUEDOC-ROUSSILLON, AUVERGNE,LIMOUSIN",Toulouse,E,EUR/kg carcasse,2.02,0.08,COT-VBL-porc-A26-S37.csv
2026,37,,2026-09-04,2026-09-10,"MIDI-PYRENEES, AQUITAINE LANGUEDOC-ROUSSILLON, AUVERGNE,LIMOUSIN",Toulouse,S,EUR/kg carcasse,2.08,0.07,COT-VBL-porc-A26-S37.csv
2026,37,,2026-09-04,2026-09-10,RÉFÉRENCE NATIONALE,,E,EUR/kg carcasse,2.03,0.06,COT-VBL-porc-A26-S37.csv
2026,37,,2026-09-04,2026-09-10,RÉFÉRENCE NATIONALE,,S,EUR/kg carcasse,2.1,0.06,COT-VBL-porc-A26-S37.csv
