annee,semaine,mois,date_debut,date_fin,marche,date_marche,effectif,variation_effectif,tendance,source
2023,1,,2023-01-02,2023-01-08,AGEN,04/01/2023,225,,COURS RECONDUITS EN CE MARCHÉ DE REPRISE.,COT-VRO-veaux14j_synthese-A23-S01.csv
2023,1,,2023-01-02,2023-01-08,BOURG-EN-BRESSE,03/01/2023,506,,MARCHÉ DE RENTRÉE NON REPRÉSENTATIF. COURS RECONDUITS POUR INFORMATION.,COT-VRO-veaux14j_synthese-A23-S01.csv
2023,1,,2023-01-02,2023-01-08,CADRAN D'ARMOR,02/01/2023,285,,"LES COURS SONT RECONDUITS EN CE DÉBUT D'ANNÉE, DANS L'ENSEMBLE DES CROISÉS ET DES HOLSTEINS.",COT-VRO-veaux14j_synthese-A23-S01.csv
2023,1,,2023-01-02,2023-01-08,CARENTAN,03/01/2023,233,,"LÉGÈRE AUGMENTATION DANS LES CROISÉS MIXTES / VIANDES SUPÉRIEURS, RECONDUCTION DANS LES AUTRES CATÉGORIES.",COT-VRO-veaux14j_synthese-A23-S01.csv
2023,1,,2023-01-02,2023-01-08,CHATEAUGONTIER,05/01/2023,775,,VENTE RÉGULIÈRE AVEC PLUS DE VEAUX ET PLUS DE BESOINS. LA PRÉSENTATION EST DE MEILLEURE QUALITÉ.,COT-VRO-veaux14j_synthese-A23-S01.csv
2023,1,,2023-01-02,2023-01-08,LA TALAUDIERE,02/01/2023,580,,"COURS RECONDUITS. ATTENTION, LA MARCHANDISE LÉGÈRE EST PLUS DIFFICILE À COMMERCIALISER.",COT-VRO-veaux14j_synthese-A23-S01.csv
2023,1,,2023-01-02,2023-01-08,LAMBALLE,03/01/2023,307,,/,COT-VRO-veaux14j_synthese-A23-S01.csv
2023,1,,2023-01-02,2023-01-08,LEZAY,03/01/2023,1567,,"COURS SENSIBLEMENT RECONDUITS, DEMANDE STABLE.",COT-VRO-veaux14j_synthese-A23-S01.csv
2023,1,,2023-01-02,2023-01-08,RETHEL,02/01/2023,246,,MARCHÉ UN PEU PLUS ACTIF DANS LA BONNE MARCHANDISE.,COT-VRO-veaux14j_synthese-A23-S01.csv
2023,1,,2023-01-02,2023-01-08,TOTAL,,4724,,,COT-VRO-veaux14j_synthese-A23-S01.csv
2023,2,,2023-01-09,2023-01-15,AGEN,11/01/2023,227,2,TRI TOUJOURS SÉLECTIF. COURS RECONDUITS.,COT-VRO-veaux14j_synthese-A23-S02.csv
2023,2,,2023-01-09,2023-01-15,BOURG-EN-BRESSE,10/01/2023,260,-246,L'AMBIANCE COMMERCIALE EST MEILLEURE DUE À DES APPORTS PLUS MODÉRÉS. LE TRI EST MOINS SÉVÈRE ET PERMET LA RECONDUCTION.,COT-VRO-veaux14j_synthese-A23-S02.csv
2023,2,,2023-01-09,2023-01-15,CADRAN D'ARMOR,09/01/2023,239,-46,LES PRIX SONT RECONDUITS DANS L' ENSEMBLE DES VEAUX HOLSTEINS ET CROISÉS.,COT-VRO-veaux14j_synthese-A23-S02.csv
2023,2,,2023-01-09,2023-01-15,CARENTAN,10/01/2023,187,-46,RECONDUCTION DES COURS MALGRÉ UNE OFFRE RESTREINTE.,COT-VRO-veaux14j_synthese-A23-S02.csv
2023,2,,2023-01-09,2023-01-15,CHATEAUGONTIER,12/01/2023,600,-175,COMMERCE REGULIER AVEC DES APPORTS QUI REVIENNENT A LA NORMALE .,COT-VRO-veaux14j_synthese-A23-S02.csv
2023,2,,2023-01-09,2023-01-15,LA TALAUDIERE,09/01/2023,410,-170,"MOINS D'APPORTS, VENTE STABLE.",COT-VRO-veaux14j_synthese-A23-S02.csv
2023,2,,2023-01-09,2023-01-15,LAMBALLE,10/01/2023,228,-79,.,COT-VRO-veaux14j_synthese-A23-S02.csv
2023,2,,2023-01-09,2023-01-15,LEZAY,10/01/2023,1404,-163,"COURS RECONDUITS, COMMERCE CALME.",COT-VRO-veaux14j_synthese-A23-S02.csv
2023,2,,2023-01-09,2023-01-15,RETHEL,09/01/2023,248,2,VENTES PLUS FACILES DANS LA BONNE MARCHANDISE.,COT-VRO-veaux14j_synthese-A23-S02.csv
2023,2,,2023-01-09,2023-01-15,TOTAL,,3803,-921,,COT-VRO-veaux14j_synthese-A23-S02.csv
2023,3,,2023-01-16,2023-01-22,AGEN,18/01/2023,243,16,MARCHÉ ÉQUILIBRÉ AVEC TOUJOURS UN FORT TRI DES ANIMAUX SUR LEUR POIDS.,COT-VRO-veaux14j_synthese-A23-S03.csv
2023,3,,2023-01-16,2023-01-22,BOURG-EN-BRESSE,17/01/2023,378,118,LE COMMERCE PLUS FLUIDE PERMET UNE HAUSSE DES COURS.,COT-VRO-veaux14j_synthese-A23-S03.csv
2023,3,,2023-01-16,2023-01-22,CADRAN D'ARMOR,16/01/2023,223,-16,"LA VENTE EST UN PEU PLUS ACTIVE, DANS LES VEAUX D'ENGRAISSEMENTS.",COT-VRO-veaux14j_synthese-A23-S03.csv
2023,3,,2023-01-16,2023-01-22,CARENTAN,17/01/2023,166,-21,RECONDUCTION DES COURS.,COT-VRO-veaux14j_synthese-A23-S03.csv
2023,3,,2023-01-16,2023-01-22,CHATEAUGONTIER,19/01/2023,550,-50,PRÉSENTATION DE QUALITÉ CORRESPONDANT AUX BESOINS AVEC DES COURS INCHANGÉS DANS TOUTES LES CATÉGORIES.,COT-VRO-veaux14j_synthese-A23-S03.csv
2023,3,,2023-01-16,2023-01-22,LA TALAUDIERE,16/01/2023,410,0,BONNE DEMANDE EN MARCHANDISE DE QUALITÉ.,COT-VRO-veaux14j_synthese-A23-S03.csv
2023,3,,2023-01-16,2023-01-22,LAMBALLE,17/01/2023,221,-7,/,COT-VRO-veaux14j_synthese-A23-S03.csv
2023,3,,2023-01-16,2023-01-22,LEZAY,17/01/2023,1221,-183,"COURS RECONDUITS EN TOUTES CATÉGORIES, AMBIANCE COMMERCIALE ""TENDUE"".",COT-VRO-veaux14j_synthese-A23-S03.csv
2023,3,,2023-01-16,2023-01-22,RETHEL,16/01/2023,155,-93,VENTES PLUS FACILES.,COT-VRO-veaux14j_synthese-A23-S03.csv
2023,3,,2023-01-16,2023-01-22,TOTAL,,3567,-236,,COT-VRO-veaux14j_synthese-A23-S03.csv
2023,4,,2023-01-23,2023-01-29,AGEN,25/01/2023,189,-54,"ÉCOULEMENT UN PEU PLUS FACILE DANS LES FRISONS. TRI TOUJOURS SÉLECTIF SUR LE POIDS DES VEAUX, ACCENTUÉ PAR LE FROID.",COT-VRO-veaux14j_synthese-A23-S04.csv
2023,4,,2023-01-23,2023-01-29,BOURG-EN-BRESSE,24/01/2023,278,-100,LES APPORTS RESTREINTS FLUIDIFIENT LA VENTE DANS TOUTES LES CATÉGORIES.,COT-VRO-veaux14j_synthese-A23-S04.csv
2023,4,,2023-01-23,2023-01-29,CADRAN D'ARMOR,23/01/2023,230,7,LA VENTE EST PLUS FLUIDE. LES COURS SONT ORIENTÉS À LA HAUSSE AUSSI BIEN EN VEAUX D'ENGRAISSEMENT COMME EN ÉLEVAGE.,COT-VRO-veaux14j_synthese-A23-S04.csv
2023,4,,2023-01-23,2023-01-29,CARENTAN,24/01/2023,165,-1,COURS EN HAUSSE DANS TOUTES LES CATÉGORIES.,COT-VRO-veaux14j_synthese-A23-S04.csv
2023,4,,2023-01-23,2023-01-29,CHATEAUGONTIER,26/01/2023,466,-84,L'OFFRE CORRESPOND À LA DEMANDE. L'ÉCOULEMENT EST FLUIDE AVEC DES COURS FACILEMENT RECONDUITS.,COT-VRO-veaux14j_synthese-A23-S04.csv
2023,4,,2023-01-23,2023-01-29,LA TALAUDIERE,23/01/2023,356,-54,"MOINS D'APPORTS, VENTE STABLE.",COT-VRO-veaux14j_synthese-A23-S04.csv
2023,4,,2023-01-23,2023-01-29,LAMBALLE,24/01/2023,218,-3,/,COT-VRO-veaux14j_synthese-A23-S04.csv
2023,4,,2023-01-23,2023-01-29,LEZAY,24/01/2023,1029,-192,"APPORT EN BAISSE, RÉAJUSTEMENT. ATTENTION AUX APPORTS QUI NE CORRESPONDENT PAS AUX CRITÈRES DE COMMERCIALISATION.",COT-VRO-veaux14j_synthese-A23-S04.csv
2023,4,,2023-01-23,2023-01-29,RETHEL,23/01/2023,229,74,BONNE DEMANDE EN TOUTES CATÉGORIES.,COT-VRO-veaux14j_synthese-A23-S04.csv
2023,4,,2023-01-23,2023-01-29,TOTAL,,3160,-407,,COT-VRO-veaux14j_synthese-A23-S04.csv
2023,5,,2023-01-30,2023-02-05,AGEN,01/02/2023,204,15,LA BAISSE DE L'OFFRE ACCENTUE LA DEMANDE SUR LES VEAUX FRISONS.,COT-VRO-veaux14j_synthese-A23-S05.csv
2023,5,,2023-01-30,2023-02-05,BOURG-EN-BRESSE,31/01/2023,332,54,"LES COURS PROGRESSENT DANS TOUTES LES CATÉGORIES, LA VENTE EST PLUS FACILE.",COT-VRO-veaux14j_synthese-A23-S05.csv
2023,5,,2023-01-30,2023-02-05,CADRAN D'ARMOR,30/01/2023,231,1,LA VENTE EST PLUS ACTIVE DANS LES HOLSTEINS COMME DANS LES CROISÉS. UNE HAUSSE ENTRE 10 ET 20 € EN TOUTES CATÉGORIES.,COT-VRO-veaux14j_synthese-A23-S05.csv
2023,5,,2023-01-30,2023-02-05,CARENTAN,31/01/2023,189,24,"OFFRE RESTREINTE, COURS EN HAUSSE DANS TOUTES LES CATÉGORIES.",COT-VRO-veaux14j_synthese-A23-S05.csv
2023,5,,2023-01-30,2023-02-05,CHATEAUGONTIER,02/02/2023,580,114,COMMERCE FLUIDE AVEC DES COURS MIEUX VALORISÉS.,COT-VRO-veaux14j_synthese-A23-S05.csv
2023,5,,2023-01-30,2023-02-05,LA TALAUDIERE,30/01/2023,420,64,VENTE PLUS FACILE EN VEAUX ISSUS DE TROUPEAU LAITIER.,COT-VRO-veaux14j_synthese-A23-S05.csv
2023,5,,2023-01-30,2023-02-05,LAMBALLE,31/01/2023,225,7,/,COT-VRO-veaux14j_synthese-A23-S05.csv
2023,5,,2023-01-30,2023-02-05,LEZAY,31/01/2023,1081,52,"LÉGÈRE HAUSSE EN LAITIERS ET NORMANDS, COURS RECONDUITS DANS LES AUTRES. COMMERCE NORMAL.",COT-VRO-veaux14j_synthese-A23-S05.csv
2023,5,,2023-01-30,2023-02-05,RETHEL,30/01/2023,227,-2,VENTES PLUS FACILES EN TOUTES CATÉGORIES.,COT-VRO-veaux14j_synthese-A23-S05.csv
2023,5,,2023-01-30,2023-02-05,TOTAL,,3489,329,,COT-VRO-veaux14j_synthese-A23-S05.csv
2023,6,,2023-02-06,2023-02-12,AGEN,08/02/2023,166,-38,OFFRE PEU ABONDANTE QUI RENFORCE LE POSITIONNEMENT DES VEAUX LAITIERS LES PLUS LOURDS.,COT-VRO-veaux14j_synthese-A23-S06.csv
2023,6,,2023-02-06,2023-02-12,BOURG-EN-BRESSE,07/02/2023,305,-27,LES APPORTS RESTREINTS FACILITENT LA VENTE.,COT-VRO-veaux14j_synthese-A23-S06.csv
2023,6,,2023-02-06,2023-02-12,CADRAN D'ARMOR,06/02/2023,242,11,LA HAUSSE DE LA SEMAINE DERNIÈRE SE CONFIRME.,COT-VRO-veaux14j_synthese-A23-S06.csv
2023,6,,2023-02-06,2023-02-12,CARENTAN,07/02/2023,170,-19,"OFFRE TRES RESTREINTE, HAUSSE DANS TOUTES LES CATEGORIES",COT-VRO-veaux14j_synthese-A23-S06.csv
2023,6,,2023-02-06,2023-02-12,CHATEAUGONTIER,09/02/2023,562,-18,COURS RECONDUITS.,COT-VRO-veaux14j_synthese-A23-S06.csv
2023,6,,2023-02-06,2023-02-12,LA TALAUDIERE,06/02/2023,401,-19,LE MANQUE D'APPORT FAVORISE LES VENTES,COT-VRO-veaux14j_synthese-A23-S06.csv
2023,6,,2023-02-06,2023-02-12,LAMBALLE,07/02/2023,267,42,,COT-VRO-veaux14j_synthese-A23-S06.csv
2023,6,,2023-02-06,2023-02-12,LEZAY,07/02/2023,1119,38,"COURS RECONDUITS DANS L'ENSEMBLE, VENTE FLUIDE.",COT-VRO-veaux14j_synthese-A23-S06.csv
2023,6,,2023-02-06,2023-02-12,RETHEL,06/02/2023,240,13,COURS DIFFICILEMENT RECONDUITS.,COT-VRO-veaux14j_synthese-A23-S06.csv
2023,6,,2023-02-06,2023-02-12,TOTAL,,3472,-17,,COT-VRO-veaux14j_synthese-A23-S06.csv
2023,7,,2023-02-13,2023-02-19,AGEN,15/02/2023,183,17,LES APPORTS SONT MODÉRÉS EN PHASE AVEC LA DEMANDE. COURS RECONDUITS.,COT-VRO-veaux14j_synthese-A23-S07.csv
2023,7,,2023-02-13,2023-02-19,BOURG-EN-BRESSE,14/02/2023,200,-105,LA VENTE EST FACILE DANS TOUTES LES CATÉGORIES.,COT-VRO-veaux14j_synthese-A23-S07.csv
2023,7,,2023-02-13,2023-02-19,CADRAN D'ARMOR,13/02/2023,219,-23,"LA VENTE EST TOTALE, LES COURS SONT DANS L'ENSEMBLE RECONDUITS PAR RAPPORT À LA SEMAINE DERNIÈRE.",COT-VRO-veaux14j_synthese-A23-S07.csv
2023,7,,2023-02-13,2023-02-19,CARENTAN,14/02/2023,169,-1,COURS FACILEMENT RECONDUITS.,COT-VRO-veaux14j_synthese-A23-S07.csv
2023,7,,2023-02-13,2023-02-19,CHATEAUGONTIER,16/02/2023,518,-44,VENTE FLUIDE AVEC DES COURS FACILEMENT RECONDUITS MALGRÉ UNE QUALITÉ MOINDRE.,COT-VRO-veaux14j_synthese-A23-S07.csv
2023,7,,2023-02-13,2023-02-19,LA TALAUDIERE,13/02/2023,375,-26,LE MANQUE D'APPORT FAVORISE TOUJOURS LA VENTE.,COT-VRO-veaux14j_synthese-A23-S07.csv
2023,7,,2023-02-13,2023-02-19,LAMBALLE,14/02/2023,242,-25,/,COT-VRO-veaux14j_synthese-A23-S07.csv
2023,7,,2023-02-13,2023-02-19,LEZAY,14/02/2023,991,-128,"APPORTS PLUS FAIBLES, COURS RECONDUITS.",COT-VRO-veaux14j_synthese-A23-S07.csv
2023,7,,2023-02-13,2023-02-19,RETHEL,13/02/2023,168,-72,VENTES PLUS ACTIVES.,COT-VRO-veaux14j_synthese-A23-S07.csv
2023,7,,2023-02-13,2023-02-19,TOTAL,,3065,-407,,COT-VRO-veaux14j_synthese-A23-S07.csv
2023,8,,2023-02-20,2023-02-26,AGEN,22/02/2023,192,9,MARCHÉ ÉQUILIBRÉ MALGRÉ DES APPORTS MODESTES.,COT-VRO-veaux14j_synthese-A23-S08.csv
2023,8,,2023-02-20,2023-02-26,BOURG-EN-BRESSE,21/02/2023,259,59,"TRÈS PEU DE VEAUX PRÉSENTS SUR LE MARCHÉ, VENTE FACILE. LES COURS SONT STABLES À HAUSSIER DANS TOUTES LES CATÉGORIES.",COT-VRO-veaux14j_synthese-A23-S08.csv
2023,8,,2023-02-20,2023-02-26,CADRAN D'ARMOR,20/02/2023,235,16,L'OFFRE EST BIEN FOURNIE. LA DEMANDE EST SOUTENUE AUSSI BIEN DANS LES VEAUX D'ENGRAISSEMENT COMME DANS L'ÉLEVAGE.,COT-VRO-veaux14j_synthese-A23-S08.csv
2023,8,,2023-02-20,2023-02-26,CARENTAN,21/02/2023,178,9,"OFFRE RESTREINTE, COURS FACILEMENT RECONDUITS.",COT-VRO-veaux14j_synthese-A23-S08.csv
2023,8,,2023-02-20,2023-02-26,CHATEAUGONTIER,23/02/2023,532,14,COURS RECONDUITS AVEC TRI MOINS SÉVÈRE.,COT-VRO-veaux14j_synthese-A23-S08.csv
2023,8,,2023-02-20,2023-02-26,LA TALAUDIERE,20/02/2023,350,-25,PEU D'APPORT. VENTE FACILE EN TOUTES CATÉGORIES.,COT-VRO-veaux14j_synthese-A23-S08.csv
2023,8,,2023-02-20,2023-02-26,LAMBALLE,21/02/2023,225,-17,/,COT-VRO-veaux14j_synthese-A23-S08.csv
2023,8,,2023-02-20,2023-02-26,LEZAY,21/02/2023,1073,82,"COURS RECONDUITS, VEAUX DE MOYENNE QUALITÉ.",COT-VRO-veaux14j_synthese-A23-S08.csv
2023,8,,2023-02-20,2023-02-26,RETHEL,20/02/2023,208,40,VENTES TOUJOURS ACTIVES.,COT-VRO-veaux14j_synthese-A23-S08.csv
2023,8,,2023-02-20,2023-02-26,TOTAL,,3252,187,,COT-VRO-veaux14j_synthese-A23-S08.csv
2023,9,,2023-02-27,2023-03-05,AGEN,01/03/2023,161,-31,MARCHÉ ÉQUILIBRÉ QUI PRIVILÉGIE TOUJOURS LES VEAUX LES PLUS LOURDS POUR LE DÉBOUCHÉ ESPAGNOL.,COT-VRO-veaux14j_synthese-A23-S09.csv
2023,9,,2023-02-27,2023-03-05,BOURG-EN-BRESSE,28/02/2023,271,12,"BONNE DEMANDE, LES COURS SONT EN HAUSSE DANS TOUTES LES CATÉGORIES.",COT-VRO-veaux14j_synthese-A23-S09.csv
2023,9,,2023-02-27,2023-03-05,CADRAN D'ARMOR,27/02/2023,219,-16,"LA VENTE EST COMPLÈTE, LES PRIX SONT RECONDUITS DANS L'ENSEMBLE DES VEAUX D'ÉLEVAGE ET D'ENGRAISSEMENT.",COT-VRO-veaux14j_synthese-A23-S09.csv
2023,9,,2023-02-27,2023-03-05,CARENTAN,28/02/2023,167,-11,"OFFRE RESTREINTE, RECONDUCTION DES COURS.",COT-VRO-veaux14j_synthese-A23-S09.csv
2023,9,,2023-02-27,2023-03-05,CHATEAUGONTIER,02/03/2023,569,37,L'OFFRE EST ADAPTÉE À LA DEMANDE AVEC DES COURS INCHANGÉS.,COT-VRO-veaux14j_synthese-A23-S09.csv
2023,9,,2023-02-27,2023-03-05,LA TALAUDIERE,27/02/2023,360,10,LE MANQUE D'APPORT FACILITE LES VENTES.,COT-VRO-veaux14j_synthese-A23-S09.csv
2023,9,,2023-02-27,2023-03-05,LAMBALLE,28/02/2023,265,40,/,COT-VRO-veaux14j_synthese-A23-S09.csv
2023,9,,2023-02-27,2023-03-05,LEZAY,28/02/2023,985,-88,COURS RECONDUITS MALGRÉ UN APPORT INFÉRIEUR.,COT-VRO-veaux14j_synthese-A23-S09.csv
2023,9,,2023-02-27,2023-03-05,RETHEL,27/02/2023,201,-7,VENTES FACILES.,COT-VRO-veaux14j_synthese-A23-S09.csv
2023,9,,2023-02-27,2023-03-05,TOTAL,,3198,-54,,COT-VRO-veaux14j_synthese-A23-S09.csv
2023,10,,2023-03-06,2023-03-12,AGEN,08/03/2023,186,25,LE MARCHÉ SE CRISPE SUR LES VEAUX RACE LIMOUSINE DESTINÉS À L'ENGRAISSEMENT EN FRANCE. ÉCOULEMENT FLUIDE SUR L'ESPAGNE.,COT-VRO-veaux14j_synthese-A23-S10.csv
2023,10,,2023-03-06,2023-03-12,BOURG-EN-BRESSE,07/03/2023,335,64,"LES APPORTS RESTREINTS FACILITENT LA VENTE, ENTRAÎNANT UNE HAUSSE DES COURS DANS TOUTES LES CATÉGORIES.",COT-VRO-veaux14j_synthese-A23-S10.csv
2023,10,,2023-03-06,2023-03-12,CADRAN D'ARMOR,06/03/2023,285,66,"L'OFFRE EST PLUS IMPORTANTE. LA VENTE EST TOTALE, LES PRIX SONT LARGEMENT RECONDUITS PAR RAPPORT À LA SEMAINE PASSÉE.",COT-VRO-veaux14j_synthese-A23-S10.csv
2023,10,,2023-03-06,2023-03-12,CARENTAN,07/03/2023,176,9,"COURS RECONDUITS, AMBIANCE PLUS CALME.",COT-VRO-veaux14j_synthese-A23-S10.csv
2023,10,,2023-03-06,2023-03-12,CHATEAUGONTIER,09/03/2023,558,-11,ACTIVITÉ COMMERCIALE NORMALE AVEC DES COURS RECONDUITS.,COT-VRO-veaux14j_synthese-A23-S10.csv
2023,10,,2023-03-06,2023-03-12,LA TALAUDIERE,06/03/2023,340,-20,COURS FACILEMENTS RECONDUITS.,COT-VRO-veaux14j_synthese-A23-S10.csv
2023,10,,2023-03-06,2023-03-12,LAMBALLE,07/03/2023,246,-19,/,COT-VRO-veaux14j_synthese-A23-S10.csv
2023,10,,2023-03-06,2023-03-12,LEZAY,07/03/2023,1072,87,COURS RECONDUITS.,COT-VRO-veaux14j_synthese-A23-S10.csv
2023,10,,2023-03-06,2023-03-12,RETHEL,06/03/2023,277,76,VENTES ACTIVES.,COT-VRO-veaux14j_synthese-A23-S10.csv
2023,10,,2023-03-06,2023-03-12,TOTAL,,3475,277,,COT-VRO-veaux14j_synthese-A23-S10.csv
2023,11,,2023-03-13,2023-03-19,AGEN,15/03/2023,187,1,APPORTS MODÉRÉS. ÉCOULEMENTS RÉGULIERS.,COT-VRO-veaux14j_synthese-A23-S11.csv
2023,11,,2023-03-13,2023-03-19,BOURG-EN-BRESSE,14/03/2023,303,-32,"MALGRÉ LA PRESSION DES ACHETEURS, LES APPORTS RESTREINTS PERMETTENT DE MAINTENIR LES COURS.",COT-VRO-veaux14j_synthese-A23-S11.csv
2023,11,,2023-03-13,2023-03-19,CADRAN D'ARMOR,13/03/2023,223,-62,L'OFFRE EST MOINS IMPORTANTE QUE LA SEMAINE PASSÉE. LES PRIX PRATIQUÉS SONT EN HAUSSE PAR RAPPORT À LA SEMAINE DERNIÈRE.,COT-VRO-veaux14j_synthese-A23-S11.csv
2023,11,,2023-03-13,2023-03-19,CARENTAN,14/03/2023,197,21,"COURS PLUS DIFFICILEMENT RECONDUITS, AVEC UN TRI PLUS SÉLECTIF.",COT-VRO-veaux14j_synthese-A23-S11.csv
2023,11,,2023-03-13,2023-03-19,CHATEAUGONTIER,16/03/2023,546,-12,COURS STABLES.,COT-VRO-veaux14j_synthese-A23-S11.csv
2023,11,,2023-03-13,2023-03-19,LA TALAUDIERE,13/03/2023,388,48,PLAFONNEMENT DES COURS.,COT-VRO-veaux14j_synthese-A23-S11.csv
2023,11,,2023-03-13,2023-03-19,LAMBALLE,14/03/2023,298,52,/,COT-VRO-veaux14j_synthese-A23-S11.csv
2023,11,,2023-03-13,2023-03-19,LEZAY,14/03/2023,1016,-56,COURS RECONDUITS MALGRÉ UN APPORT DE VEAUX DE QUALITÉ MOYENNE EN LAITIERS.,COT-VRO-veaux14j_synthese-A23-S11.csv
2023,11,,2023-03-13,2023-03-19,RETHEL,13/03/2023,231,-46,MARCHÉ PLUS CALME.,COT-VRO-veaux14j_synthese-A23-S11.csv
2023,11,,2023-03-13,2023-03-19,TOTAL,,3389,-86,,COT-VRO-veaux14j_synthese-A23-S11.csv
2023,12,,2023-03-20,2023-03-26,AGEN,22/03/2023,207,20,"APPORTS MODÉRÉS, VENTES RAPIDES.",COT-VRO-veaux14j_synthese-A23-S12.csv
2023,12,,2023-03-20,2023-03-26,BOURG-EN-BRESSE,21/03/2023,310,7,LA MODESTIE DES APPORTS CONTINUE D'ORIENTER LES COURS À LA HAUSSE. LE COMMERCE EST FACILE.,COT-VRO-veaux14j_synthese-A23-S12.csv
2023,12,,2023-03-20,2023-03-26,CADRAN D'ARMOR,20/03/2023,254,31,L'APPORT EST COMPARABLE À CELUI DE LA SEMAINE DERNIÈRE. PRIX IDENTIQUES AUSSI BIEN DANS LES CROISÉS ET HOLSTEINS.,COT-VRO-veaux14j_synthese-A23-S12.csv
2023,12,,2023-03-20,2023-03-26,CARENTAN,21/03/2023,193,-4,"COURS RECONDUITS, COMMERCE UN PEU PLUS ACTIF.",COT-VRO-veaux14j_synthese-A23-S12.csv
2023,12,,2023-03-20,2023-03-26,CHATEAUGONTIER,23/03/2023,470,-76,BAISSE DES VOLUMES PRÉSENTÉS. COURS INCHANGÉS DANS L'ENSEMBLE DES CATÉGORIES.,COT-VRO-veaux14j_synthese-A23-S12.csv
2023,12,,2023-03-20,2023-03-26,LA TALAUDIERE,20/03/2023,280,-108,LE MANQUE D'APPORT FAVORISE LES VENTES.,COT-VRO-veaux14j_synthese-A23-S12.csv
2023,12,,2023-03-20,2023-03-26,LAMBALLE,21/03/2023,284,-14,/,COT-VRO-veaux14j_synthese-A23-S12.csv
2023,12,,2023-03-20,2023-03-26,LEZAY,21/03/2023,921,-95,"OFFRE CORRESPONDANT À LA DEMANDE MALGRÉ UN APPORT LIMITÉ, COURS RECONDUITS.",COT-VRO-veaux14j_synthese-A23-S12.csv
2023,12,,2023-03-20,2023-03-26,RETHEL,20/03/2023,211,-20,COURS RECONDUITS.,COT-VRO-veaux14j_synthese-A23-S12.csv
2023,12,,2023-03-20,2023-03-26,TOTAL,,3130,-259,,COT-VRO-veaux14j_synthese-A23-S12.csv
2023,13,,2023-03-27,2023-04-02,AGEN,29/03/2023,189,-18,MARCHÉ ÉQUILIBRÉ.,COT-VRO-veaux14j_synthese-A23-S13.csv
2023,13,,2023-03-27,2023-04-02,BOURG-EN-BRESSE,28/03/2023,305,-5,LE COMMERCE EST FLUIDE EN VEAUX MIXTES ET LAITIERS ORIENTANT LES COURS À LA HAUSSE DANS CES CATEGORIES.,COT-VRO-veaux14j_synthese-A23-S13.csv
2023,13,,2023-03-27,2023-04-02,CADRAN D'ARMOR,27/03/2023,268,14,LES COURS SONT RECONDUITS PAR RAPPORT À LA SEMAINE DERNIÈRE. LES APPORTS SONT STABLES.,COT-VRO-veaux14j_synthese-A23-S13.csv
2023,13,,2023-03-27,2023-04-02,CARENTAN,28/03/2023,171,-22,COURS RECONDUITS.,COT-VRO-veaux14j_synthese-A23-S13.csv
2023,13,,2023-03-27,2023-04-02,CHATEAUGONTIER,30/03/2023,529,59,RECONDUCTION DES COURS.,COT-VRO-veaux14j_synthese-A23-S13.csv
2023,13,,2023-03-27,2023-04-02,LA TALAUDIERE,27/03/2023,300,20,"APPORTS MODERÉS, VENTE RAPIDE ET DEMANDE SOUTENUE.",COT-VRO-veaux14j_synthese-A23-S13.csv
2023,13,,2023-03-27,2023-04-02,LAMBALLE,28/03/2023,301,17,/,COT-VRO-veaux14j_synthese-A23-S13.csv
2023,13,,2023-03-27,2023-04-02,LEZAY,28/03/2023,1060,139,COURS FACILEMENT RECONDUITS - APPORTS RÉGULIERS.,COT-VRO-veaux14j_synthese-A23-S13.csv
2023,13,,2023-03-27,2023-04-02,RETHEL,27/03/2023,184,-27,VENTES ACTIVES.,COT-VRO-veaux14j_synthese-A23-S13.csv
2023,13,,2023-03-27,2023-04-02,TOTAL,,3307,177,,COT-VRO-veaux14j_synthese-A23-S13.csv
2023,14,,2023-04-03,2023-04-09,AGEN,05/04/2023,167,-22,"RÉAJUSTEMENT DE LA GRILLE DES VEAUX CROISÉS, QUI NE REFLÈTE PAS LA TENDANCE DU JOUR. APPORTS TOUJOURS LIMITÉS.",COT-VRO-veaux14j_synthese-A23-S14.csv
2023,14,,2023-04-03,2023-04-09,BOURG-EN-BRESSE,04/04/2023,307,2,LE COMMERCE RESTE DYNAMIQUE ET LES COURS SONT FACILEMENT RECONDUITS.,COT-VRO-veaux14j_synthese-A23-S14.csv
2023,14,,2023-04-03,2023-04-09,CADRAN D'ARMOR,03/04/2023,300,32,"L'OFFRE EST PLUS IMPORTANTE. LA VENTE EST RAPIDE ET TOTALE, LES COURS SONT LARGEMENT RECONDUITS.",COT-VRO-veaux14j_synthese-A23-S14.csv
2023,14,,2023-04-03,2023-04-09,CARENTAN,04/04/2023,191,20,"MARCHÉ UN PEU PLUS ACTIF DANS LES CROISÉS, RECONDUITS DANS LES MIXTES ET LES LAITIERS.",COT-VRO-veaux14j_synthese-A23-S14.csv
2023,14,,2023-04-03,2023-04-09,CHATEAUGONTIER,06/04/2023,603,74,BELLE PRÉSENTATION ET MARCHÉ ÉQUILIBRÉ. LA VENTE EST RÉGULIÈRE AVEC DES COURS FACILEMENT RECONDUITS.,COT-VRO-veaux14j_synthese-A23-S14.csv
2023,14,,2023-04-03,2023-04-09,LA TALAUDIERE,03/04/2023,312,12,COURS RECONDUITS.,COT-VRO-veaux14j_synthese-A23-S14.csv
2023,14,,2023-04-03,2023-04-09,LAMBALLE,04/04/2023,292,-9,/,COT-VRO-veaux14j_synthese-A23-S14.csv
2023,14,,2023-04-03,2023-04-09,LEZAY,04/04/2023,974,-86,"LÉGÈRE HAUSSE EN LAITIERS. APPORTS PLUS IMPORTANTS EN LIMOUSINS, COURS RECONDUITS.",COT-VRO-veaux14j_synthese-A23-S14.csv
2023,14,,2023-04-03,2023-04-09,RETHEL,03/04/2023,162,-22,COURS RECONDUITS.,COT-VRO-veaux14j_synthese-A23-S14.csv
2023,14,,2023-04-03,2023-04-09,TOTAL,,3308,1,,COT-VRO-veaux14j_synthese-A23-S14.csv
2023,15,,2023-04-10,2023-04-16,AGEN,12/04/2023,152,-15,"APPORTS LIMITÉS, COURS RECONDUITS.",COT-VRO-veaux14j_synthese-A23-S15.csv
2023,15,,2023-04-10,2023-04-16,BOURG-EN-BRESSE,11/04/2023,190,-117,LES COURS RESTENT FERMES.,COT-VRO-veaux14j_synthese-A23-S15.csv
2023,15,,2023-04-10,2023-04-16,CADRAN D'ARMOR,10/04/2023,267,-33,"L'OFFRE EST RELATIVEMENT IMPORTANTE. LA VENTE EST RAPIDE, LES COURS SONT LARGEMENT RECONDUITS.",COT-VRO-veaux14j_synthese-A23-S15.csv
2023,15,,2023-04-10,2023-04-16,CARENTAN,11/04/2023,160,-31,COURS RECONDUITS.,COT-VRO-veaux14j_synthese-A23-S15.csv
2023,15,,2023-04-10,2023-04-16,CHATEAUGONTIER,13/04/2023,683,80,BONNE DEMANDE AVEC DES COURS FACILEMENT RECONDUITS.;;;;;; ;;;;;; ;;;;;;,COT-VRO-veaux14j_synthese-A23-S15.csv
2023,15,,2023-04-10,2023-04-16,LA TALAUDIERE,10/04/2023,190,-122,"MARCHÉ DÉCALÉ, PEU D'APPORTS AVEC DES COURS FACILEMENT RECONDUITS.",COT-VRO-veaux14j_synthese-A23-S15.csv
2023,15,,2023-04-10,2023-04-16,LAMBALLE,11/04/2023,276,-16,/,COT-VRO-veaux14j_synthese-A23-S15.csv
2023,15,,2023-04-10,2023-04-16,LEZAY,11/04/2023,845,-129,OFFRE LIMITÉE POUR CE MARCHÉ DÉCALÉ. COURS RECONDUITS. COMMERCE STABLE.,COT-VRO-veaux14j_synthese-A23-S15.csv
2023,15,,2023-04-10,2023-04-16,RETHEL,10/04/2023,4,-158,LENDEMAIN DE PÂQUES. PAS D'EFFECTIF DONC PAS DE COTATIONS.,COT-VRO-veaux14j_synthese-A23-S15.csv
2023,15,,2023-04-10,2023-04-16,TOTAL,,2767,-541,,COT-VRO-veaux14j_synthese-A23-S15.csv
2023,16,,2023-04-17,2023-04-23,AGEN,19/04/2023,169,17,APPORTS TOUJOURS LIMITÉS.,COT-VRO-veaux14j_synthese-A23-S16.csv
2023,16,,2023-04-17,2023-04-23,BOURG-EN-BRESSE,18/04/2023,264,74,LES COURS SONT STABLES.,COT-VRO-veaux14j_synthese-A23-S16.csv
2023,16,,2023-04-17,2023-04-23,CADRAN D'ARMOR,17/04/2023,265,-2,"L'OFFRE EST IMPORTANTE, LA VENTE EST TOTALE, LES PRIX SONT LARGEMENT RECONDUITS PAR RAPPORT À LA SEMAINE DERNIÈRE.",COT-VRO-veaux14j_synthese-A23-S16.csv
2023,16,,2023-04-17,2023-04-23,CARENTAN,18/04/2023,156,-4,COURS RECONDUITS MALGRÉ UN FAIBLE EFFECTIF.,COT-VRO-veaux14j_synthese-A23-S16.csv
2023,16,,2023-04-17,2023-04-23,CHATEAUGONTIER,20/04/2023,640,-43,"BELLE PRÉSENTATION, VENTE RÉGULIÈRE AVEC DES COURS FACILEMENT RECONDUITS.",COT-VRO-veaux14j_synthese-A23-S16.csv
2023,16,,2023-04-17,2023-04-23,LA TALAUDIERE,17/04/2023,330,140,LE MANQUE D'APPORT FAVORISE LES VENTES.,COT-VRO-veaux14j_synthese-A23-S16.csv
2023,16,,2023-04-17,2023-04-23,LAMBALLE,18/04/2023,306,30,/,COT-VRO-veaux14j_synthese-A23-S16.csv
2023,16,,2023-04-17,2023-04-23,LEZAY,18/04/2023,972,127,RÉAJUSTEMENT DES COURS POUR TOUS LES CROISÉS ET BAISSE EN LIMOUSINS DÛ À UN APPROVISIONNEMENT PLUS IMPORTANT.,COT-VRO-veaux14j_synthese-A23-S16.csv
2023,16,,2023-04-17,2023-04-23,RETHEL,17/04/2023,214,210,COURS IDENTIQUES AU MARCHÉ DU 03 AVRIL 2023.,COT-VRO-veaux14j_synthese-A23-S16.csv
2023,16,,2023-04-17,2023-04-23,TOTAL,,3316,549,,COT-VRO-veaux14j_synthese-A23-S16.csv
2023,17,,2023-04-24,2023-04-30,AGEN,26/04/2023,178,9,OFFRE PEU ABONDANTE. MARCHÉ RAPIDE. LÉGÈRES PLUS-VALUES EN VEAUX FRISONS.,COT-VRO-veaux14j_synthese-A23-S17.csv
2023,17,,2023-04-24,2023-04-30,BOURG-EN-BRESSE,25/04/2023,302,38,LE COMMERCE EST FLUIDE ET LES COURS SONT RECONDUITS SANS DIFFICULTÉ.,COT-VRO-veaux14j_synthese-A23-S17.csv
2023,17,,2023-04-24,2023-04-30,CADRAN D'ARMOR,24/04/2023,282,17,L'OFFRE EST PLUS IMPORTANTE. LES PRIX SONT EN HAUSSE PAR RAPPORT À LA SEMAINE DERNIÈRE.,COT-VRO-veaux14j_synthese-A23-S17.csv
2023,17,,2023-04-24,2023-04-30,CARENTAN,25/04/2023,208,52,COMMERCE UN PEU PLUS ACTIF DANS LE HAUT DE GAMME.,COT-VRO-veaux14j_synthese-A23-S17.csv
2023,17,,2023-04-24,2023-04-30,CHATEAUGONTIER,27/04/2023,510,-130,TRI MOINS SÉVÈRE AVEC RECONDUCTION DES COURS.,COT-VRO-veaux14j_synthese-A23-S17.csv
2023,17,,2023-04-24,2023-04-30,LA TALAUDIERE,24/04/2023,349,19,COURS RECONDUITS.,COT-VRO-veaux14j_synthese-A23-S17.csv
2023,17,,2023-04-24,2023-04-30,LAMBALLE,25/04/2023,265,-41,/,COT-VRO-veaux14j_synthese-A23-S17.csv
2023,17,,2023-04-24,2023-04-30,LEZAY,25/04/2023,1008,36,"APPORTS STABLES, COURS RECONDUITS.",COT-VRO-veaux14j_synthese-A23-S17.csv
2023,17,,2023-04-24,2023-04-30,RETHEL,24/04/2023,143,-71,"VENTES NORMALES, COURS RECONDUITS.",COT-VRO-veaux14j_synthese-A23-S17.csv
2023,17,,2023-04-24,2023-04-30,TOTAL,,3245,-71,,COT-VRO-veaux14j_synthese-A23-S17.csv
2023,18,,2023-05-01,2023-05-07,AGEN,03/05/2023,110,-68,"APPORTS TRÈS LIMITÉS, COURS RECONDUITS.",COT-VRO-veaux14j_synthese-A23-S18.csv
2023,18,,2023-05-01,2023-05-07,BOURG-EN-BRESSE,02/05/2023,187,-115,TRÈS PEU D'APPORTS EN RAISON DU LUNDI 1ER MAI. LES COURS SONT REPRODUITS POUR INFORMATION.,COT-VRO-veaux14j_synthese-A23-S18.csv
2023,18,,2023-05-01,2023-05-07,CADRAN D'ARMOR,01/05/2023,245,-37,"LA VENTE EST TOTALE, LES PRIX SONT LARGEMENT RECONDUITS PAR RAPPORT À LA SEMAINE DERNIÈRE.",COT-VRO-veaux14j_synthese-A23-S18.csv
2023,18,,2023-05-01,2023-05-07,CARENTAN,02/05/2023,229,21,"COURS RECONDUITS, MARCHÉ UN PEU PLUS ACTIF.",COT-VRO-veaux14j_synthese-A23-S18.csv
2023,18,,2023-05-01,2023-05-07,CHATEAUGONTIER,04/05/2023,718,208,OFFRE PLUS IMPORTANTE CORRESPONDANT AUX BESOINS DES ACHETEURS SANS CHANGEMENT TARIFAIRE. ;;;;;; ;;;;;;,COT-VRO-veaux14j_synthese-A23-S18.csv
2023,18,,2023-05-01,2023-05-07,LA TALAUDIERE,01/05/2023,212,-137,"MARCHÉ DÉCALÉ, PEU D'APPORTS, COURS RECONDUITS.",COT-VRO-veaux14j_synthese-A23-S18.csv
2023,18,,2023-05-01,2023-05-07,LAMBALLE,02/05/2023,241,-24,/,COT-VRO-veaux14j_synthese-A23-S18.csv
2023,18,,2023-05-01,2023-05-07,LEZAY,02/05/2023,887,-121,"COURS RECONDUITS, MARCHÉ DÉCALÉ.",COT-VRO-veaux14j_synthese-A23-S18.csv
2023,18,,2023-05-01,2023-05-07,RETHEL,01/05/2023,,,PAS DE MARCHÉ EN RAISON DU LUNDI 1ER MAI FÉRIÉ.,COT-VRO-veaux14j_synthese-A23-S18.csv
2023,18,,2023-05-01,2023-05-07,TOTAL,,2829,-416,,COT-VRO-veaux14j_synthese-A23-S18.csv
2023,19,,2023-05-08,2023-05-14,AGEN,10/05/2023,166,56,COURS RECONDUITS.,COT-VRO-veaux14j_synthese-A23-S19.csv
2023,19,,2023-05-08,2023-05-14,BOURG-EN-BRESSE,09/05/2023,188,1,LES COURS SONT FACILEMENT RECONDUITS.,COT-VRO-veaux14j_synthese-A23-S19.csv
2023,19,,2023-05-08,2023-05-14,CADRAN D'ARMOR,08/05/2023,219,-26,"LA VENTE EST COMPLÈTE, LES PRIX SONT LARGEMENT RECONDUITS.",COT-VRO-veaux14j_synthese-A23-S19.csv
2023,19,,2023-05-08,2023-05-14,CARENTAN,09/05/2023,236,7,COURS RECONDUITS.,COT-VRO-veaux14j_synthese-A23-S19.csv
2023,19,,2023-05-08,2023-05-14,CHATEAUGONTIER,11/05/2023,640,-78,BELLE PRÉSENTATION DE QUALITÉ AVEC DES COURS INCHANGÉS.,COT-VRO-veaux14j_synthese-A23-S19.csv
2023,19,,2023-05-08,2023-05-14,LA TALAUDIERE,08/05/2023,190,-22,"MARCHÉ DÉCALÉ DU LUNDI FÉRIÉ, COURS FACILEMENT RECONDUITS.",COT-VRO-veaux14j_synthese-A23-S19.csv
2023,19,,2023-05-08,2023-05-14,LAMBALLE,09/05/2023,278,37,/,COT-VRO-veaux14j_synthese-A23-S19.csv
2023,19,,2023-05-08,2023-05-14,LEZAY,09/05/2023,834,-53,"COTATION RÉALISÉE SANS LES REPRÉSENTANTS DES VENDEURS. RECONDUITS SAUF DANS LES BONS LIMOUSINS, APPORT PLUS IMPORTANT.",COT-VRO-veaux14j_synthese-A23-S19.csv
2023,19,,2023-05-08,2023-05-14,RETHEL,08/05/2023,,,PAS DE MARCHÉ EN RAISON DU LUNDI 08 MAI FÉRIÉ.,COT-VRO-veaux14j_synthese-A23-S19.csv
2023,19,,2023-05-08,2023-05-14,TOTAL,,2751,-78,,COT-VRO-veaux14j_synthese-A23-S19.csv
2023,20,,2023-05-15,2023-05-21,AGEN,17/05/2023,132,-34,APPORTS LIMITÉS EN CETTE SEMAINE TRONQUÉE. COURS RECONDUITS.,COT-VRO-veaux14j_synthese-A23-S20.csv
2023,20,,2023-05-15,2023-05-21,BOURG-EN-BRESSE,16/05/2023,252,64,"LE COMMERCE EST FLUIDE, LA VENTE EST FACILE.",COT-VRO-veaux14j_synthese-A23-S20.csv
2023,20,,2023-05-15,2023-05-21,CADRAN D'ARMOR,15/05/2023,207,-12,"LA VENTE EST TOTALE, LES PRIX SONT RECONDUITS PAR RAPPORT À LA SEMAINE DERNIÈRE.",COT-VRO-veaux14j_synthese-A23-S20.csv
2023,20,,2023-05-15,2023-05-21,CARENTAN,16/05/2023,226,-10,COURS RECONDUITS.,COT-VRO-veaux14j_synthese-A23-S20.csv
2023,20,,2023-05-15,2023-05-21,CHATEAUGONTIER,18/05/2023,302,-338,MARCHÉ DÉCALÉ POUR CAUSE DE JEUDI DE L'ASCENSION. COURS RECONDUITS POUR INFORMATION. ;;;;;; ;;;;;;,COT-VRO-veaux14j_synthese-A23-S20.csv
2023,20,,2023-05-15,2023-05-21,LA TALAUDIERE,15/05/2023,325,135,"PEU D'APPORTS, COURS FACILEMENT RECONDUITS.",COT-VRO-veaux14j_synthese-A23-S20.csv
2023,20,,2023-05-15,2023-05-21,LAMBALLE,16/05/2023,262,-16,/,COT-VRO-veaux14j_synthese-A23-S20.csv
2023,20,,2023-05-15,2023-05-21,LEZAY,16/05/2023,1001,167,COURS RECONDUITS AVEC UNE AMBIANCE COMMERCIALE CALME. APPORT SUFFISANT PAR RAPPORT À LA DEMANDE.,COT-VRO-veaux14j_synthese-A23-S20.csv
2023,20,,2023-05-15,2023-05-21,RETHEL,15/05/2023,160,,"BONNES DEMANDES, VENTES TRÈS ACTIVES. COURS RECONDUITS.",COT-VRO-veaux14j_synthese-A23-S20.csv
2023,20,,2023-05-15,2023-05-21,TOTAL,,2867,116,,COT-VRO-veaux14j_synthese-A23-S20.csv
2023,21,,2023-05-22,2023-05-28,AGEN,24/05/2023,226,94,MARCHÉ FLUIDE MALGRÉ DES EFFECTIFS EN HAUSSE APRÈS REPORTS DE LA SEMAINE DERNIÈRE. OFFRE MODÉRÉE.,COT-VRO-veaux14j_synthese-A23-S21.csv
2023,21,,2023-05-22,2023-05-28,BOURG-EN-BRESSE,23/05/2023,153,-99,LE COMMERCE EST ACTIF DANS TOUTES LES CATÉGORIES. COURS EN HAUSSE.,COT-VRO-veaux14j_synthese-A23-S21.csv
2023,21,,2023-05-22,2023-05-28,CADRAN D'ARMOR,22/05/2023,220,13,LA VENTE EST ACTIVE ET LES PRIX SONT PLUS FERMES QUE LA SEMAINE DERNIÈRE.,COT-VRO-veaux14j_synthese-A23-S21.csv
2023,21,,2023-05-22,2023-05-28,CARENTAN,23/05/2023,227,1,COURS RECONDUITS.,COT-VRO-veaux14j_synthese-A23-S21.csv
2023,21,,2023-05-22,2023-05-28,CHATEAUGONTIER,25/05/2023,567,265,BONNE DEMANDE. VENTE ACTIVE DANS LES CROISÉS.,COT-VRO-veaux14j_synthese-A23-S21.csv
2023,21,,2023-05-22,2023-05-28,LA TALAUDIERE,22/05/2023,340,15,VENTE FACILE EN TOUTES CATÉGORIES.,COT-VRO-veaux14j_synthese-A23-S21.csv
2023,21,,2023-05-22,2023-05-28,LAMBALLE,23/05/2023,273,11,/,COT-VRO-veaux14j_synthese-A23-S21.csv
2023,21,,2023-05-22,2023-05-28,LEZAY,23/05/2023,775,-226,"COURS RECONDUITS AVEC UN APPORT À PEINE SUFFISANT PAR RAPPORT À LA DEMANDE. BONNE DEMANDE EN LIMOUSINS, COURS EN HAUSSE.",COT-VRO-veaux14j_synthese-A23-S21.csv
2023,21,,2023-05-22,2023-05-28,RETHEL,22/05/2023,138,-22,COURS RECONDUITS.,COT-VRO-veaux14j_synthese-A23-S21.csv
2023,21,,2023-05-22,2023-05-28,TOTAL,,2919,52,,COT-VRO-veaux14j_synthese-A23-S21.csv
2023,22,,2023-05-29,2023-06-04,AGEN,31/05/2023,110,-116,APPORTS TRÈS LIMITÉS EN CETTE SEMAINE RÉDUITE. ÉCOULEMENT FLUIDE ET RAPIDE.,COT-VRO-veaux14j_synthese-A23-S22.csv
2023,22,,2023-05-29,2023-06-04,BOURG-EN-BRESSE,30/05/2023,188,35,MARCHÉ PERTURBÉ PAR LE LUNDI DE PENTECÔTE. LES COURS DE LA SEMAINE DERNIÈRE SONT COMMUNIQUÉS POUR INFORMATION.,COT-VRO-veaux14j_synthese-A23-S22.csv
2023,22,,2023-05-29,2023-06-04,CADRAN D'ARMOR,29/05/2023,242,22,"LA VENTE EST TOTALE, LES VEAUX D'ENGRAISSEMENT SONT À LA HAUSSE DE 10 € ENVIRON.",COT-VRO-veaux14j_synthese-A23-S22.csv
2023,22,,2023-05-29,2023-06-04,CARENTAN,30/05/2023,181,-46,"EFFECTIF RESTREINT, COMMERCE PLUS ACTIF.",COT-VRO-veaux14j_synthese-A23-S22.csv
2023,22,,2023-05-29,2023-06-04,CHATEAUGONTIER,01/06/2023,640,73,"VENTE ACTIVE, COURS FACILEMENT RECONDUITS.;;;;;; ;;;;;; ;;;;;;",COT-VRO-veaux14j_synthese-A23-S22.csv
2023,22,,2023-05-29,2023-06-04,LA TALAUDIERE,29/05/2023,170,-170,PEU D'APPORTS POUR CAUSE MARCHÉ DÉCALÉ.,COT-VRO-veaux14j_synthese-A23-S22.csv
2023,22,,2023-05-29,2023-06-04,LAMBALLE,30/05/2023,265,-8,/,COT-VRO-veaux14j_synthese-A23-S22.csv
2023,22,,2023-05-29,2023-06-04,LEZAY,30/05/2023,785,10,RÉAJUSTEMENT DES COURS EN CROISÉS. COURS RECONDUITS DANS LES AUTRES CATÉGORIES.,COT-VRO-veaux14j_synthese-A23-S22.csv
2023,22,,2023-05-29,2023-06-04,RETHEL,29/05/2023,,,PAS DE MARCHÉ.,COT-VRO-veaux14j_synthese-A23-S22.csv
2023,22,,2023-05-29,2023-06-04,TOTAL,,2581,-338,,COT-VRO-veaux14j_synthese-A23-S22.csv
2023,23,,2023-06-05,2023-06-11,AGEN,07/06/2023,168,58,COURS RECONDUITS EN VEAUX CROISÉS ET LIMOUSINS. LA FAIBLESSE DE L'OFFRE VALORISE LES VEAUX LAITIERS LES PLUS LOURDS.,COT-VRO-veaux14j_synthese-A23-S23.csv
2023,23,,2023-06-05,2023-06-11,BOURG-EN-BRESSE,06/06/2023,288,100,PEU D'APPORTS. LE COMMERCE EST FLUIDE ET LES COURS SONT FACILEMENT RECONDUITS.,COT-VRO-veaux14j_synthese-A23-S23.csv
2023,23,,2023-06-05,2023-06-11,CADRAN D'ARMOR,05/06/2023,235,-7,"LA VENTE EST TOTALE, LES PRIX SONT LES MÊMES QUE LA SEMAINE PASSÉE.",COT-VRO-veaux14j_synthese-A23-S23.csv
2023,23,,2023-06-05,2023-06-11,CARENTAN,06/06/2023,234,53,COMMERCE UN PEU PLUS ACTIF.,COT-VRO-veaux14j_synthese-A23-S23.csv
2023,23,,2023-06-05,2023-06-11,CHATEAUGONTIER,08/06/2023,500,-140,"APPORTS MODÉRÉS, TRÈS BONNE DEMANDE POUR DES SORTIES AUTOMNALES. HAUSSE DES COURS EN RACES LAITIÈRES ET MIXTES.",COT-VRO-veaux14j_synthese-A23-S23.csv
2023,23,,2023-06-05,2023-06-11,LA TALAUDIERE,05/06/2023,314,144,"PEU D'APPORTS, VENTE FACILE.",COT-VRO-veaux14j_synthese-A23-S23.csv
2023,23,,2023-06-05,2023-06-11,LAMBALLE,06/06/2023,240,-25,/,COT-VRO-veaux14j_synthese-A23-S23.csv
2023,23,,2023-06-05,2023-06-11,LEZAY,06/06/2023,839,54,"COURS RECONDUITS TOUTES CATÉGORIES, SAUF EN BONS LAITIERS.",COT-VRO-veaux14j_synthese-A23-S23.csv
2023,23,,2023-06-05,2023-06-11,RETHEL,05/06/2023,175,,VENTES UN PEU PLUS FACILES EN TOUTES CATÉGORIES.,COT-VRO-veaux14j_synthese-A23-S23.csv
2023,23,,2023-06-05,2023-06-11,TOTAL,,2993,412,,COT-VRO-veaux14j_synthese-A23-S23.csv
2023,24,,2023-06-12,2023-06-18,AGEN,14/06/2023,153,-15,"RÉAJUSTEMENT DES COURS. OFFRE MODÉRÉE, MARCHÉ RAPIDE.",COT-VRO-veaux14j_synthese-A23-S24.csv
2023,24,,2023-06-12,2023-06-18,BOURG-EN-BRESSE,13/06/2023,240,-48,LES TRANSACTIONS SONT RAPIDES ET LES COURS FACILEMENT RECONDUITS. L'OFFRE RESTE MODESTE.,COT-VRO-veaux14j_synthese-A23-S24.csv
2023,24,,2023-06-12,2023-06-18,CADRAN D'ARMOR,12/06/2023,215,-20,LA VENTE EST TOTALE ET LES PRIX SONT RECONDUITS.,COT-VRO-veaux14j_synthese-A23-S24.csv
2023,24,,2023-06-12,2023-06-18,CARENTAN,13/06/2023,191,-43,MARCHÉ ACTIF.,COT-VRO-veaux14j_synthese-A23-S24.csv
2023,24,,2023-06-12,2023-06-18,CHATEAUGONTIER,15/06/2023,498,-2,APPORTS MODÉRÉS. COURS RECONDUITS.,COT-VRO-veaux14j_synthese-A23-S24.csv
2023,24,,2023-06-12,2023-06-18,LA TALAUDIERE,12/06/2023,360,46,LA VENTE RESTE FACILE EN TOUTES CATÉGORIES.,COT-VRO-veaux14j_synthese-A23-S24.csv
2023,24,,2023-06-12,2023-06-18,LAMBALLE,13/06/2023,257,17,/,COT-VRO-veaux14j_synthese-A23-S24.csv
2023,24,,2023-06-12,2023-06-18,LEZAY,13/06/2023,838,-1,COURS RECONDUITS TOUTES CATÉGORIES. TRIS PLUS SÉVÈRES EN LAITIERS AINSI QU'EN LIMOUSINS CAR APPORTS PLUS IMPORTANTS.,COT-VRO-veaux14j_synthese-A23-S24.csv
2023,24,,2023-06-12,2023-06-18,RETHEL,12/06/2023,133,-42,VENTE FACILE EN TOUTES CATÉGORIES.,COT-VRO-veaux14j_synthese-A23-S24.csv
2023,24,,2023-06-12,2023-06-18,TOTAL,,2885,-108,,COT-VRO-veaux14j_synthese-A23-S24.csv
2023,25,,2023-06-19,2023-06-25,AGEN,21/06/2023,186,33,"APPORTS LIMITÉS, DEMANDE PLUS ACTIVE SE PORTANT SUR LES VEAUX FRISONS ADAPTÉS AUX BESOINS ACTUELS.",COT-VRO-veaux14j_synthese-A23-S25.csv
2023,25,,2023-06-19,2023-06-25,BOURG-EN-BRESSE,20/06/2023,279,39,LES APPORTS SONT TOUJOURS MODÉRÉS ET LE COMMERCE EST FLUIDE.,COT-VRO-veaux14j_synthese-A23-S25.csv
2023,25,,2023-06-19,2023-06-25,CADRAN D'ARMOR,19/06/2023,212,-3,LES PRIX SONT RECONDUITS PAR RAPPORT À LA SEMAINE PASSÉE.,COT-VRO-veaux14j_synthese-A23-S25.csv
2023,25,,2023-06-19,2023-06-25,CARENTAN,20/06/2023,184,-7,"COMMERCE ACTIF, EFFECTIF EN LÉGÈRE BAISSE.",COT-VRO-veaux14j_synthese-A23-S25.csv
2023,25,,2023-06-19,2023-06-25,CHATEAUGONTIER,22/06/2023,505,7,OFFRE RÉDUITE PAR RAPPORT À UNE BONNE DEMANDE. LES TARIFS DEMEURENT INCHANGÉS.,COT-VRO-veaux14j_synthese-A23-S25.csv
2023,25,,2023-06-19,2023-06-25,LA TALAUDIERE,19/06/2023,350,-10,LA VENTE EST TOUJOURS FACILE EN TOUTES CATÉGORIES.,COT-VRO-veaux14j_synthese-A23-S25.csv
2023,25,,2023-06-19,2023-06-25,LAMBALLE,20/06/2023,247,-10,/,COT-VRO-veaux14j_synthese-A23-S25.csv
2023,25,,2023-06-19,2023-06-25,LEZAY,20/06/2023,867,29,"COMMERCE CALME EN VIANDE DE VEAU EN FRANCE, CE QUI ENTRAÎNE DES COURS FLUCTUANTS.",COT-VRO-veaux14j_synthese-A23-S25.csv
2023,25,,2023-06-19,2023-06-25,RETHEL,19/06/2023,123,-10,COURS RECONDUITS.,COT-VRO-veaux14j_synthese-A23-S25.csv
2023,25,,2023-06-19,2023-06-25,TOTAL,,2953,68,,COT-VRO-veaux14j_synthese-A23-S25.csv
2023,26,,2023-06-26,2023-07-02,AGEN,28/06/2023,158,-28,LES APPORTS LIMITÉS PERMETTENT LA RECONDUCTION FACILE DES COURS.,COT-VRO-veaux14j_synthese-A23-S26.csv
2023,26,,2023-06-26,2023-07-02,BOURG-EN-BRESSE,27/06/2023,287,8,LA DEMANDE RESTE BONNE EN TOUTES CATÉGORIES. LES COURS SONT FACILEMENT RECONDUITS.,COT-VRO-veaux14j_synthese-A23-S26.csv
2023,26,,2023-06-26,2023-07-02,CADRAN D'ARMOR,26/06/2023,223,11,LES PRIX SONT RECONDUITS DANS L'ENSEMBLE DES VEAUX D'ENGRAISSEMENT AINSI QUE D'ÉLEVAGE.,COT-VRO-veaux14j_synthese-A23-S26.csv
2023,26,,2023-06-26,2023-07-02,CARENTAN,27/06/2023,187,3,COURS RECONDUITS DANS L'ENSEMBLE.,COT-VRO-veaux14j_synthese-A23-S26.csv
2023,26,,2023-06-26,2023-07-02,CHATEAUGONTIER,29/06/2023,580,75,VENTE FLUIDE. COURS RECONDUITS.,COT-VRO-veaux14j_synthese-A23-S26.csv
2023,26,,2023-06-26,2023-07-02,LA TALAUDIERE,26/06/2023,370,20,"VENTE PLUS DIFFICILE, PLAFONNEMENT DES COURS.",COT-VRO-veaux14j_synthese-A23-S26.csv
2023,26,,2023-06-26,2023-07-02,LAMBALLE,27/06/2023,261,14,/,COT-VRO-veaux14j_synthese-A23-S26.csv
2023,26,,2023-06-26,2023-07-02,LEZAY,27/06/2023,928,61,"BONNE DEMANDE, COURS RECONDUITS TOUTES CATÉGORIES.",COT-VRO-veaux14j_synthese-A23-S26.csv
2023,26,,2023-06-26,2023-07-02,RETHEL,26/06/2023,114,-9,VENTES ACTIVES.,COT-VRO-veaux14j_synthese-A23-S26.csv
2023,26,,2023-06-26,2023-07-02,TOTAL,,3108,155,,COT-VRO-veaux14j_synthese-A23-S26.csv
2023,27,,2023-07-03,2023-07-09,AGEN,05/07/2023,187,29,MARCHÉ ÉQUILIBRÉ. COURS RECONDUITS.,COT-VRO-veaux14j_synthese-A23-S27.csv
2023,27,,2023-07-03,2023-07-09,BOURG-EN-BRESSE,04/07/2023,252,-35,LA VENTE EST PLUS DIFFICILE SUR LA MARCHANDISE MOYENNE. LES COURS BAISSENT POUR CES CATÉGORIES,COT-VRO-veaux14j_synthese-A23-S27.csv
2023,27,,2023-07-03,2023-07-09,CADRAN D'ARMOR,03/07/2023,240,17,"LA QUALITÉ EST MEILLEURE, MAIS LES PRIX SONT LES MÊMES QUE LA SEMAINE PASSÉE.",COT-VRO-veaux14j_synthese-A23-S27.csv
2023,27,,2023-07-03,2023-07-09,CARENTAN,04/07/2023,207,20,COURS DIFFICILEMENT RECONDUITS.,COT-VRO-veaux14j_synthese-A23-S27.csv
2023,27,,2023-07-03,2023-07-09,CHATEAUGONTIER,06/07/2023,604,24,TRI PLUS SÉVÈRES ET COURS PLUS DISCUTÉS.,COT-VRO-veaux14j_synthese-A23-S27.csv
2023,27,,2023-07-03,2023-07-09,LA TALAUDIERE,03/07/2023,381,11,"VENTE PLUS CALME, TENDANCE À LA BAISSE AVEC UN TRI PLUS SÉVÈRE",COT-VRO-veaux14j_synthese-A23-S27.csv
2023,27,,2023-07-03,2023-07-09,LAMBALLE,04/07/2023,220,-41,/,COT-VRO-veaux14j_synthese-A23-S27.csv
2023,27,,2023-07-03,2023-07-09,LEZAY,04/07/2023,1015,87,"DEMANDE CALME, COURS RECONDUITS TOUTES CATÉGORIES.",COT-VRO-veaux14j_synthese-A23-S27.csv
2023,27,,2023-07-03,2023-07-09,RETHEL,03/07/2023,122,8,"COURS RECONDUITS DANS L'ENSEMBLE, SURTOUT DANS LA BONNE MARCHANDISE.",COT-VRO-veaux14j_synthese-A23-S27.csv
2023,27,,2023-07-03,2023-07-09,TOTAL,,3228,120,,COT-VRO-veaux14j_synthese-A23-S27.csv
2023,28,,2023-07-10,2023-07-16,AGEN,12/07/2023,145,-42,"APPORTS LIMITÉS, COURS RECONDUITS.",COT-VRO-veaux14j_synthese-A23-S28.csv
2023,28,,2023-07-10,2023-07-16,BOURG-EN-BRESSE,11/07/2023,240,-12,LES FORTES CHALEURS NE FAVORISENT PAS LES SORTIES D'ATELIER. MISES EN PLACE LIMITÉES ET TRI TRÈS SÈVÈRE.,COT-VRO-veaux14j_synthese-A23-S28.csv
2023,28,,2023-07-10,2023-07-16,CADRAN D'ARMOR,10/07/2023,256,16,LA VENTE EST RAPIDE ET TOTALE. L'OFFRE EST UN PEU PLUS IMPORTANTE.,COT-VRO-veaux14j_synthese-A23-S28.csv
2023,28,,2023-07-10,2023-07-16,CARENTAN,11/07/2023,210,3,COURS RECONDUITS AVEC UN TRI PLUS SÉLECTIF.,COT-VRO-veaux14j_synthese-A23-S28.csv
2023,28,,2023-07-10,2023-07-16,CHATEAUGONTIER,13/07/2023,554,-50,OFFRE RÉGULIÈRE POUR DES MISES EN PLACE LIMITÉES. TRI PLUS SÉVÈRE ET LÉGER REPLI DES COURS EN RACES MIXTES ET LAITIÈRES.,COT-VRO-veaux14j_synthese-A23-S28.csv
2023,28,,2023-07-10,2023-07-16,LA TALAUDIERE,10/07/2023,309,-72,LES COURS SONT EN BAISSE EN TOUTES CATÉGORIES MALGRÉ LA FAIBLESSE DES APPORTS.,COT-VRO-veaux14j_synthese-A23-S28.csv
2023,28,,2023-07-10,2023-07-16,LAMBALLE,11/07/2023,259,39,/,COT-VRO-veaux14j_synthese-A23-S28.csv
2023,28,,2023-07-10,2023-07-16,LEZAY,11/07/2023,920,-95,"MARCHÉ CALME, TRIS PLUS SÉVÈRES, COURS RECONDUITS TOUTES CATÉGORIES.",COT-VRO-veaux14j_synthese-A23-S28.csv
2023,28,,2023-07-10,2023-07-16,RETHEL,10/07/2023,143,21,VENTES TRÈS LOURDES.,COT-VRO-veaux14j_synthese-A23-S28.csv
2023,28,,2023-07-10,2023-07-16,TOTAL,,3036,-192,,COT-VRO-veaux14j_synthese-A23-S28.csv
2023,29,,2023-07-17,2023-07-23,AGEN,19/07/2023,176,31,"MARCHÉ TENDU FAUTE DE PLACE DANS LES ÉLEVAGES FRANÇAIS, DÉBOUCHÉ ESPAGNOL MOROSE ET ATTENTISTE.",COT-VRO-veaux14j_synthese-A23-S29.csv
2023,29,,2023-07-17,2023-07-23,BOURG-EN-BRESSE,18/07/2023,288,48,LES CONDITIONS CLIMATIQUES EN ESPAGNE ET ITALIE COMPLIQUENT L'EXPORT. LA PRESSION DES ACHETEURS FAIT BAISSER LES COURS.,COT-VRO-veaux14j_synthese-A23-S29.csv
2023,29,,2023-07-17,2023-07-23,CADRAN D'ARMOR,17/07/2023,244,-12,LES MARCHÉS SONT TOUJOURS BIEN FOURNIS. LA VENTE EST UN PEU MOINS RAPIDE QUE LA SEMAINE DERNIÈRE.,COT-VRO-veaux14j_synthese-A23-S29.csv
2023,29,,2023-07-17,2023-07-23,CARENTAN,18/07/2023,205,-5,"BAISSE DANS TOUTES LES CATÉGORIES, COMMERCE MOROSE.",COT-VRO-veaux14j_synthese-A23-S29.csv
2023,29,,2023-07-17,2023-07-23,CHATEAUGONTIER,20/07/2023,530,-24,BAISSE GÉNÉRALE AVEC MISE EN PLACE DE QUOTAS.,COT-VRO-veaux14j_synthese-A23-S29.csv
2023,29,,2023-07-17,2023-07-23,LA TALAUDIERE,17/07/2023,338,29,TRI PLUS SÉLECTIF ET BAISSE EN MARCHANDISE LÉGÈRE.,COT-VRO-veaux14j_synthese-A23-S29.csv
2023,29,,2023-07-17,2023-07-23,LAMBALLE,18/07/2023,276,17,/,COT-VRO-veaux14j_synthese-A23-S29.csv
2023,29,,2023-07-17,2023-07-23,LEZAY,18/07/2023,1045,125,"BAISSES TOUTES CATÉGORIES MALGRÉ UNE OFFRE PLUS IMPORTANTE, TRI PLUS SÉVÈRE.",COT-VRO-veaux14j_synthese-A23-S29.csv
2023,29,,2023-07-17,2023-07-23,RETHEL,17/07/2023,184,41,"TRI PLUS SÉVÈRE, BAISSE GÉNÉRALE EN TOUTES CATÉGORIES.",COT-VRO-veaux14j_synthese-A23-S29.csv
2023,29,,2023-07-17,2023-07-23,TOTAL,,3286,250,,COT-VRO-veaux14j_synthese-A23-S29.csv
2023,30,,2023-07-24,2023-07-30,AGEN,26/07/2023,183,7,"LA PRESSION À LA BAISSE SE MAINTIENT. FAUTE DE DÉBOUCHÉS EN ATELIERS D'ENGRAISSEMENT, LE TRI DES ANIMAUX S'INTENSIFIE.",COT-VRO-veaux14j_synthese-A23-S30.csv
2023,30,,2023-07-24,2023-07-30,BOURG-EN-BRESSE,25/07/2023,229,-59,"LES DÉBOUCHÉS EN FRANCE ET À L'EXPORT SONT CONTINGENTÉS. MALGRÉ DES APPORTS LIMITÉS, TRI TRÈS SÉVÉRE, COURS EN BAISSE.",COT-VRO-veaux14j_synthese-A23-S30.csv
2023,30,,2023-07-24,2023-07-30,CADRAN D'ARMOR,24/07/2023,245,1,LA VENTE EST TOTALE. LES PRIX SONT EN BAISSE D'ENVIRON 10 € EN TOUTE CATÉGORIE.,COT-VRO-veaux14j_synthese-A23-S30.csv
2023,30,,2023-07-24,2023-07-30,CARENTAN,25/07/2023,212,7,"COMMERCE DIFFICILE, COURS EN BAISSE EN TOUTE CATÉGORIE.",COT-VRO-veaux14j_synthese-A23-S30.csv
2023,30,,2023-07-24,2023-07-30,CHATEAUGONTIER,27/07/2023,548,18,LE MANQUE DE MISES EN PLACES DISPONIBLES DANS LES ÉLEVAGES PERTUBE LE MARCHÉ ET PROVOQUE UNE NOUVELLE BAISSE DES COURS.,COT-VRO-veaux14j_synthese-A23-S30.csv
2023,30,,2023-07-24,2023-07-30,LA TALAUDIERE,24/07/2023,335,-3,"LA BAISSE SE POURSUIT, SURTOUT EN MARCHANDISE MOYENNE ET INFÉRIEURE.",COT-VRO-veaux14j_synthese-A23-S30.csv
2023,30,,2023-07-24,2023-07-30,LAMBALLE,25/07/2023,293,17,/,COT-VRO-veaux14j_synthese-A23-S30.csv
2023,30,,2023-07-24,2023-07-30,LEZAY,25/07/2023,1016,-29,BAISSE DES COURS LIÉE AU TRI TRÈS SÉLECTIF DANS TOUTES LES CATÉGORIES.,COT-VRO-veaux14j_synthese-A23-S30.csv
2023,30,,2023-07-24,2023-07-30,RETHEL,24/07/2023,144,-40,VENTES PLUS CALMES EN TOUTES CATÉGORIES.,COT-VRO-veaux14j_synthese-A23-S30.csv
2023,30,,2023-07-24,2023-07-30,TOTAL,,3205,-81,,COT-VRO-veaux14j_synthese-A23-S30.csv
2023,32,,2023-08-07,2023-08-13,AGEN,09/08/2023,188,14,"SEMAINE DE TRANSITION, COURS RECONDUITS.",COT-VRO-veaux14j_synthese-A23-S32.csv
2023,32,,2023-08-07,2023-08-13,BOURG-EN-BRESSE,08/08/2023,339,65,LES COURS SONT RECONDUITS AVEC UN TRI TOUJOURS TRÈS SÉVÈRE. LES INTÉGRATEURS ET LES EXPORTATEURS SONT LIMITÉS EN PLACES.,COT-VRO-veaux14j_synthese-A23-S32.csv
2023,32,,2023-08-07,2023-08-13,CADRAN D'ARMOR,07/08/2023,264,44,"L'OFFRE EST TOUJOURS IMPORTANTE, LES PRIX SONT EN BAISSE DANS LES HOLSTEINS COMME DANS LES CROISÉS.",COT-VRO-veaux14j_synthese-A23-S32.csv
2023,32,,2023-08-07,2023-08-13,CARENTAN,08/08/2023,205,19,COURS RECONDUITS.,COT-VRO-veaux14j_synthese-A23-S32.csv
2023,32,,2023-08-07,2023-08-13,CHATEAUGONTIER,10/08/2023,460,10,QUOTAS IMPOSÉS À RESPECTER SOUS PEINE DE REFUS. TRI PLUS SÉVÈRE AVEC DES TARIFS TRÈS DISCUTÉS.,COT-VRO-veaux14j_synthese-A23-S32.csv
2023,32,,2023-08-07,2023-08-13,LA TALAUDIERE,07/08/2023,480,137,"PLUS D'APPORTS, LA VENTE EST DIFFICILE, SURTOUT EN MARCHANDISE INFÉRIEURE. PAS DE MARCHÉ LA SEMAINE PROCHAINE (15 AOÛT).",COT-VRO-veaux14j_synthese-A23-S32.csv
2023,32,,2023-08-07,2023-08-13,LAMBALLE,08/08/2023,321,29,/,COT-VRO-veaux14j_synthese-A23-S32.csv
2023,32,,2023-08-07,2023-08-13,LEZAY,08/08/2023,1058,89,APPORTS EN HAUSSE ET LÉGÈRE BAISSE DES PRIX.,COT-VRO-veaux14j_synthese-A23-S32.csv
2023,32,,2023-08-07,2023-08-13,RETHEL,07/08/2023,109,-49,COURS DIFFICILEMENT RECONDUITS.,COT-VRO-veaux14j_synthese-A23-S32.csv
2023,32,,2023-08-07,2023-08-13,TOTAL,,3424,358,,COT-VRO-veaux14j_synthese-A23-S32.csv
2023,33,,2023-08-14,2023-08-20,AGEN,16/08/2023,,,PAS DE MARCHÉ.,COT-VRO-veaux14j_synthese-A23-S33.csv
2023,33,,2023-08-14,2023-08-20,BOURG-EN-BRESSE,15/08/2023,,,PAS DE MARCHÉ.,COT-VRO-veaux14j_synthese-A23-S33.csv
2023,33,,2023-08-14,2023-08-20,CADRAN D'ARMOR,14/08/2023,,,PAS DE MARCHÉ.,COT-VRO-veaux14j_synthese-A23-S33.csv
2023,33,,2023-08-14,2023-08-20,CARENTAN,15/08/2023,40,-165,FAIBLE EFFECTIF EN RAISON DU 15 AOÛT. RECONDUCTION DES COURS.,COT-VRO-veaux14j_synthese-A23-S33.csv
2023,33,,2023-08-14,2023-08-20,CHATEAUGONTIER,17/08/2023,,,PAS DE MARCHÉ.,COT-VRO-veaux14j_synthese-A23-S33.csv
2023,33,,2023-08-14,2023-08-20,LA TALAUDIERE,14/08/2023,,,PAS DE MARCHÉ.,COT-VRO-veaux14j_synthese-A23-S33.csv
2023,33,,2023-08-14,2023-08-20,LAMBALLE,15/08/2023,,,PAS DE MARCHÉ.,COT-VRO-veaux14j_synthese-A23-S33.csv
2023,33,,2023-08-14,2023-08-20,LEZAY,15/08/2023,,,PAS DE MARCHÉ.,COT-VRO-veaux14j_synthese-A23-S33.csv
2023,33,,2023-08-14,2023-08-20,RETHEL,14/08/2023,,,PAS DE MARCHÉ.,COT-VRO-veaux14j_synthese-A23-S33.csv
2023,33,,2023-08-14,2023-08-20,TOTAL,,,,,COT-VRO-veaux14j_synthese-A23-S33.csv
2023,34,,2023-08-21,2023-08-27,AGEN,23/08/2023,240,,ÉCOULEMENT COMPLIQUÉ AVEC QUELQUES REPORTS APRÈS SEMAINE FÉRIÉE. MARCHÉ ESPAGNOL TOUJOURS TRÈS SÉLECTIF.,COT-VRO-veaux14j_synthese-A23-S34.csv
2023,34,,2023-08-21,2023-08-27,BOURG-EN-BRESSE,22/08/2023,488,,LE REPORT DES APPORTS CETTE SEMAINE ASSOCIÉ AUX FORTES CHALEURS ENTRAÎNE UN RECUL DES COURS DANS TOUTES LES CATÉGORIES.,COT-VRO-veaux14j_synthese-A23-S34.csv
2023,34,,2023-08-21,2023-08-27,CADRAN D'ARMOR,21/08/2023,393,,"BEAUCOUP PLUS DE VEAUX, CAR IL Y AVAIT UN MARCHÉ REPORTÉ. FORTE BAISSE DES PRIX DANS LES HOLSTEINS ET DANS LES CROISÉS.",COT-VRO-veaux14j_synthese-A23-S34.csv
2023,34,,2023-08-21,2023-08-27,CARENTAN,22/08/2023,295,255,"MARCHÉ PLUS SÉLECTIF, DIFFICILE RECONDUCTION.",COT-VRO-veaux14j_synthese-A23-S34.csv
2023,34,,2023-08-21,2023-08-27,CHATEAUGONTIER,24/08/2023,640,,FORTE PRESSION SUR LES PRIX APRÈS UNE SEMAINE SANS MARCHÉ. VEAUX LAITIERS ET MIXTES IMPACTÉS AVEC UNE RELÈVE IMPORTANTE.,COT-VRO-veaux14j_synthese-A23-S34.csv
2023,34,,2023-08-21,2023-08-27,LA TALAUDIERE,21/08/2023,601,,"PLUS D'APPORTS, LA VENTE RESTE DIFFICILE, LA MARCHANDISE LÉGÈRE RESTE INVENDABLE.",COT-VRO-veaux14j_synthese-A23-S34.csv
2023,34,,2023-08-21,2023-08-27,LAMBALLE,22/08/2023,396,,/,COT-VRO-veaux14j_synthese-A23-S34.csv
2023,34,,2023-08-21,2023-08-27,LEZAY,22/08/2023,1349,,"APPORTS PLUS IMPORTANTS APRÈS LA FERMETURE DU 15 AOÛT, TENDANCE À LA BAISSE EN TOUTES CATÉGORIES.",COT-VRO-veaux14j_synthese-A23-S34.csv
2023,34,,2023-08-21,2023-08-27,RETHEL,21/08/2023,228,,VENTES PLUS DIFFICILES AVEC BAISSES EN TOUTES CATÉGORIES.,COT-VRO-veaux14j_synthese-A23-S34.csv
2023,34,,2023-08-21,2023-08-27,TOTAL,,4630,,,COT-VRO-veaux14j_synthese-A23-S34.csv
2023,35,,2023-08-28,2023-09-03,AGEN,30/08/2023,183,-57,COURS DIFFICILEMENT RECONDUITS FAUTE DE DÉBOUCHÉS SUFFISANTS EN VOLUMES. LES VEAUX FRISONS TROP LÉGERS SONT INVENDABLES.,COT-VRO-veaux14j_synthese-A23-S35.csv
2023,35,,2023-08-28,2023-09-03,BOURG-EN-BRESSE,29/08/2023,288,-200,"SUITE À LA PRESSION DES INTÉGRATEURS, LES PRIX SONT DIFFICILEMENT RECONDUITS.",COT-VRO-veaux14j_synthese-A23-S35.csv
2023,35,,2023-08-28,2023-09-03,CADRAN D'ARMOR,28/08/2023,257,-136,LES PRIX SONT PLUS FERMES QUE LA SEMAINE PASSÉE (10 À 20 €) EN MOYENNE DANS TOUTES LES CATÉGORIES.,COT-VRO-veaux14j_synthese-A23-S35.csv
2023,35,,2023-08-28,2023-09-03,CARENTAN,29/08/2023,208,-87,FACILE RECONDUCTION DES COURS.,COT-VRO-veaux14j_synthese-A23-S35.csv
2023,35,,2023-08-28,2023-09-03,CHATEAUGONTIER,31/08/2023,560,-80,COMMERCE NORMAL AVEC UN AJUSTEMENT DES COURS DANS LES LAITIERS ET LES MIXTES. FORTE PRESSION DE L'INTÉGRATEUR.,COT-VRO-veaux14j_synthese-A23-S35.csv
2023,35,,2023-08-28,2023-09-03,LA TALAUDIERE,28/08/2023,360,-241,LA VENTE EST TOUJOURS CALME ET LA PETITE MARCHANDISE INVENDABLE.,COT-VRO-veaux14j_synthese-A23-S35.csv
2023,35,,2023-08-28,2023-09-03,LAMBALLE,29/08/2023,299,-97,/,COT-VRO-veaux14j_synthese-A23-S35.csv
2023,35,,2023-08-28,2023-09-03,LEZAY,29/08/2023,1134,-215,"BAISSE EN RACES LAITIÈRES, TARIFS DIFFICILEMENT RECONDUITS SUR LES AUTRES CATÉGORIES. VEAUX INFÉRIEURS INVENDABLES.",COT-VRO-veaux14j_synthese-A23-S35.csv
2023,35,,2023-08-28,2023-09-03,RETHEL,28/08/2023,176,-52,COURS RECONDUITS DANS LA BONNE MARCHANDISE.,COT-VRO-veaux14j_synthese-A23-S35.csv
2023,35,,2023-08-28,2023-09-03,TOTAL,,3465,-1165,,COT-VRO-veaux14j_synthese-A23-S35.csv
2023,36,,2023-09-04,2023-09-10,AGEN,06/09/2023,108,-75,MARCHÉ QUI SEMBLE S' ÉQUILIBRER.,COT-VRO-veaux14j_synthese-A23-S36.csv
2023,36,,2023-09-04,2023-09-10,BOURG-EN-BRESSE,05/09/2023,338,50,LES COURS SONT RECONDUITS.,COT-VRO-veaux14j_synthese-A23-S36.csv
2023,36,,2023-09-04,2023-09-10,CADRAN D'ARMOR,04/09/2023,235,-22,"LE COMMERCE SE RAFFERMIT, À CONFIRMER LA SEMAINE PROCHAINE.",COT-VRO-veaux14j_synthese-A23-S36.csv
2023,36,,2023-09-04,2023-09-10,CARENTAN,05/09/2023,242,34,AMBIANCE COMMERCIALE CALME.,COT-VRO-veaux14j_synthese-A23-S36.csv
2023,36,,2023-09-04,2023-09-10,CHATEAUGONTIER,07/09/2023,560,0,MARCHÉ ÉQUILIBRÉ. COURS RECONDUITS.,COT-VRO-veaux14j_synthese-A23-S36.csv
2023,36,,2023-09-04,2023-09-10,LA TALAUDIERE,04/09/2023,400,40,VENTE PLUS FACILE ET RAPIDE. COURS RECONDUITS DANS LA MARCHANDISE DE QUALITÉ. LA PETITE MARCHANDISE RESTE INVENDABLE.,COT-VRO-veaux14j_synthese-A23-S36.csv
2023,36,,2023-09-04,2023-09-10,LAMBALLE,05/09/2023,282,-17,,COT-VRO-veaux14j_synthese-A23-S36.csv
2023,36,,2023-09-04,2023-09-10,LEZAY,05/09/2023,1148,14,"COURS RECONDUITS, BONNE DEMANDE.",COT-VRO-veaux14j_synthese-A23-S36.csv
2023,36,,2023-09-04,2023-09-10,RETHEL,04/09/2023,118,-58,COURS RECONDUITS.,COT-VRO-veaux14j_synthese-A23-S36.csv
2023,36,,2023-09-04,2023-09-10,TOTAL,,3431,-34,,COT-VRO-veaux14j_synthese-A23-S36.csv
2023,37,,2023-09-11,2023-09-17,AGEN,13/09/2023,199,91,COURS RECONDUITS. LE MARCHÉ RESTE TRÈS SÉLECTIF SUR LE POIDS ET LA QUALITÉ DES ANIMAUX.,COT-VRO-veaux14j_synthese-A23-S37.csv
2023,37,,2023-09-11,2023-09-17,BOURG-EN-BRESSE,12/09/2023,455,117,LES DÉBOUCHÉS VERS L'ESPAGNE SEMBLENT LIMITÉS. LA VENTE EST DIFFICILE ET LE TRI PLUS SÉVÈRE.,COT-VRO-veaux14j_synthese-A23-S37.csv
2023,37,,2023-09-11,2023-09-17,CADRAN D'ARMOR,11/09/2023,288,53,MARCHÉ STABLE.,COT-VRO-veaux14j_synthese-A23-S37.csv
2023,37,,2023-09-11,2023-09-17,CARENTAN,12/09/2023,222,-20,COURS RECONDUITS.,COT-VRO-veaux14j_synthese-A23-S37.csv
2023,37,,2023-09-11,2023-09-17,CHATEAUGONTIER,14/09/2023,670,110,LES QUOTAS ÉQUILIBRENT L'OFFRE ET LA DEMANDE. COURS INCHANGÉS.,COT-VRO-veaux14j_synthese-A23-S37.csv
2023,37,,2023-09-11,2023-09-17,LA TALAUDIERE,11/09/2023,490,90,"VENTE FACILE EN BONNE MARCHANDISE, TOUJOURS DIFFICILE EN MARCHANDISE LÉGÈRE ET INFÉRIEURE.",COT-VRO-veaux14j_synthese-A23-S37.csv
2023,37,,2023-09-11,2023-09-17,LAMBALLE,12/09/2023,282,0,/,COT-VRO-veaux14j_synthese-A23-S37.csv
2023,37,,2023-09-11,2023-09-17,LEZAY,12/09/2023,1279,131,"COURS RECONDUITS, BONNE DEMANDE.",COT-VRO-veaux14j_synthese-A23-S37.csv
2023,37,,2023-09-11,2023-09-17,RETHEL,11/09/2023,111,-7,VENTE PLUS FACILE DANS LA BONNE MARCHANDISE.,COT-VRO-veaux14j_synthese-A23-S37.csv
2023,37,,2023-09-11,2023-09-17,TOTAL,,3996,565,,COT-VRO-veaux14j_synthese-A23-S37.csv
2023,38,,2023-09-18,2023-09-24,AGEN,20/09/2023,192,-7,RECONDUCTION DES COURS MALGRÉ LES DIFFICULTÉS ET L'APPARITION BRUTALE DE LA MHE AU SUD OUEST.,COT-VRO-veaux14j_synthese-A23-S38.csv
2023,38,,2023-09-18,2023-09-24,BOURG-EN-BRESSE,19/09/2023,479,24,LE TRI DEMEURE SÉVÈRE ET LE PRIX DES VEAUX LÉGERS EST TRÈS DISCUTÉ.,COT-VRO-veaux14j_synthese-A23-S38.csv
2023,38,,2023-09-18,2023-09-24,CADRAN D'ARMOR,18/09/2023,244,-44,COMMERCE UN PEU PLUS TASSÉ DANS LES PRIX.,COT-VRO-veaux14j_synthese-A23-S38.csv
2023,38,,2023-09-18,2023-09-24,CARENTAN,19/09/2023,232,10,MARCHÉ UN PEU PLUS ACTIF.,COT-VRO-veaux14j_synthese-A23-S38.csv
2023,38,,2023-09-18,2023-09-24,CHATEAUGONTIER,21/09/2023,710,40,OFFRE PLUS IMPORTANTE ADAPTÉE À LA DEMANDE. VENTE RÉGULIÈRE AVEC DES COURS RECONDUITS.,COT-VRO-veaux14j_synthese-A23-S38.csv
2023,38,,2023-09-18,2023-09-24,LA TALAUDIERE,18/09/2023,390,-100,"MOINS D'APPORTS, LA BONNE MARCHANDISE EST RECHERCHÉE, VENTE DIFFICILE EN MARCHANDISE LÉGÈRE ET INFÉRIEURE.",COT-VRO-veaux14j_synthese-A23-S38.csv
2023,38,,2023-09-18,2023-09-24,LAMBALLE,19/09/2023,306,24,/,COT-VRO-veaux14j_synthese-A23-S38.csv
2023,38,,2023-09-18,2023-09-24,LEZAY,19/09/2023,1303,24,"OFFRE SUFFISANTE POUR LA DEMANDE, VENTE FLUIDE POUR LES BONS SUJETS. COURS RECONDUITS. PEU D'ÉCHANGE LORS DE LA RÉUNION.",COT-VRO-veaux14j_synthese-A23-S38.csv
2023,38,,2023-09-18,2023-09-24,RETHEL,18/09/2023,132,21,COURS RECONDUITS.,COT-VRO-veaux14j_synthese-A23-S38.csv
2023,38,,2023-09-18,2023-09-24,TOTAL,,3988,-8,,COT-VRO-veaux14j_synthese-A23-S38.csv
2023,39,,2023-09-25,2023-10-01,AGEN,27/09/2023,161,-31,LES TENDANCES DE PRIX REFLÈTENT LES DIFFICULTÉS DE PLACEMENT SUR LE MARCHÉ INTÉRIEUR.,COT-VRO-veaux14j_synthese-A23-S39.csv
2023,39,,2023-09-25,2023-10-01,BOURG-EN-BRESSE,26/09/2023,469,-10,LES ACHETEURS FONT PRESSION FACE À UNE OFFRE IMPORTANTE. LE TRI RESTE TRÈS SÉVÈRE ET LES COURS BAISSENT.,COT-VRO-veaux14j_synthese-A23-S39.csv
2023,39,,2023-09-25,2023-10-01,CADRAN D'ARMOR,25/09/2023,251,7,COTATIONS DE LA SEMAINE DERNIÈRE RECONDUITES.,COT-VRO-veaux14j_synthese-A23-S39.csv
2023,39,,2023-09-25,2023-10-01,CARENTAN,26/09/2023,251,19,"AMBIANCE CALME, MARCHÉ SÉLECTIF.",COT-VRO-veaux14j_synthese-A23-S39.csv
2023,39,,2023-09-25,2023-10-01,CHATEAUGONTIER,28/09/2023,740,30,TRI PLUS SÉVÈRE. LÉGER REPLI DES COURS EN LAITIERS ET MIXTES. BAISSE PLUS MARQUÉE EN CROISÉS ALLAITANTS LÉGERS.,COT-VRO-veaux14j_synthese-A23-S39.csv
2023,39,,2023-09-25,2023-10-01,LA TALAUDIERE,25/09/2023,430,40,LA VENTE RESTE TRÈS DIFFICILE SURTOUT EN MARCHANDISE INFÈRIEURE.,COT-VRO-veaux14j_synthese-A23-S39.csv
2023,39,,2023-09-25,2023-10-01,LAMBALLE,26/09/2023,294,-12,/,COT-VRO-veaux14j_synthese-A23-S39.csv
2023,39,,2023-09-25,2023-10-01,LEZAY,26/09/2023,1393,90,"BAISSE DES COURS EN LAITIERS, TRI PLUS SÉLECTIF DANS LES AUTRES RACES. EFFECTIF TROP IMPORTANT EN VEAUX LAITIERS.",COT-VRO-veaux14j_synthese-A23-S39.csv
2023,39,,2023-09-25,2023-10-01,RETHEL,25/09/2023,137,5,BAISSE DANS TOUTES LES CATÉGORIES.,COT-VRO-veaux14j_synthese-A23-S39.csv
2023,39,,2023-09-25,2023-10-01,TOTAL,,4126,138,,COT-VRO-veaux14j_synthese-A23-S39.csv
2023,40,,2023-10-02,2023-10-08,AGEN,04/10/2023,216,55,"MALGRÉ LES CONTRAINTES ET RESTRICTIONS LIÉES AU ZONAGE MHE, LES OPÉRATEURS S'ORGANISENT POUR PLACER LES ANIMAUX.",COT-VRO-veaux14j_synthese-A23-S40.csv
2023,40,,2023-10-02,2023-10-08,BOURG-EN-BRESSE,03/10/2023,527,58,L'OFFRE EST TRÈS ABONDANTE CETTE SEMAINE. LES ACHETEURS TRIENT SÉVÈREMENT CAR LES DEBOUCHÉS SONT RESTREINTS.,COT-VRO-veaux14j_synthese-A23-S40.csv
2023,40,,2023-10-02,2023-10-08,CADRAN D'ARMOR,02/10/2023,271,20,"BAISSE GÉNERALE EN VEAUX LAITIERS. LES PETITS VEAUX SONT INVENDABLES EN CROISÉS, LES VEAUX R BAISSENT AUSSI.",COT-VRO-veaux14j_synthese-A23-S40.csv
2023,40,,2023-10-02,2023-10-08,CARENTAN,03/10/2023,221,-30,AMBIANCE COMMERCIALE TRÈS MAUVAISE DUE AU MANQUE DE MISE EN PLACE EN ENGRAISSEMENT.,COT-VRO-veaux14j_synthese-A23-S40.csv
2023,40,,2023-10-02,2023-10-08,CHATEAUGONTIER,05/10/2023,580,-160,COMMERCE COMPLIQUÉ AVEC UN TRI TRÈS SÉVÈRE. POURSUITE DE LA BAISSE.,COT-VRO-veaux14j_synthese-A23-S40.csv
2023,40,,2023-10-02,2023-10-08,LA TALAUDIERE,02/10/2023,410,-20,VENTE TRÈS DIFFICILE SAUF EN TRÈS BONS SUJETS.,COT-VRO-veaux14j_synthese-A23-S40.csv
2023,40,,2023-10-02,2023-10-08,LAMBALLE,03/10/2023,340,46,/,COT-VRO-veaux14j_synthese-A23-S40.csv
2023,40,,2023-10-02,2023-10-08,LEZAY,03/10/2023,633,-760,"COURS EN BAISSE DANS LES VEAUX R,O,P. COMMERCE DIFFICILE EN ABSENCE DE DEUX ACHETEURS.",COT-VRO-veaux14j_synthese-A23-S40.csv
2023,40,,2023-10-02,2023-10-08,RETHEL,02/10/2023,174,37,VENTES MAUVAISES SURTOUT DANS LA MARCHANDISE MOYENNE.,COT-VRO-veaux14j_synthese-A23-S40.csv
2023,40,,2023-10-02,2023-10-08,TOTAL,,3372,-754,,COT-VRO-veaux14j_synthese-A23-S40.csv
2023,41,,2023-10-09,2023-10-15,AGEN,11/10/2023,323,107,"REPRISE DES DÉBOUCHÉS POUR L'ESPAGNE, APPORTS ALOURDIS. LES PLACEMENTS RESTENT COMPLIQUÉS. VEAUX LÉGERS INVENDABLES.",COT-VRO-veaux14j_synthese-A23-S41.csv
2023,41,,2023-10-09,2023-10-15,BOURG-EN-BRESSE,10/10/2023,465,-62,LES PLACES VIENNENT À MANQUER TANT À L'EXPORT QUE CHEZ LES INTÉGRATEURS FRANCAIS. LA CONSOMMATION EST EN BERNE.,COT-VRO-veaux14j_synthese-A23-S41.csv
2023,41,,2023-10-09,2023-10-15,CADRAN D'ARMOR,09/10/2023,235,-36,"OFFRE MOINS IMPORTANTE, LES CROISÉS SE VALORISENT UN PEU PLUS FACILEMENT.",COT-VRO-veaux14j_synthese-A23-S41.csv
2023,41,,2023-10-09,2023-10-15,CARENTAN,10/10/2023,179,-42,COURS RECONDUITS.,COT-VRO-veaux14j_synthese-A23-S41.csv
2023,41,,2023-10-09,2023-10-15,CHATEAUGONTIER,12/10/2023,570,-10,COMMERCE COMPLIQUÉ ENTRAÎNANT LA NON COMMERCIALISATION DES VEAUX LÉGERS EN RACES LAITIÈRES.,COT-VRO-veaux14j_synthese-A23-S41.csv
2023,41,,2023-10-09,2023-10-15,LA TALAUDIERE,09/10/2023,450,40,COURS DIFFICILEMENT RECONDUITS EN MARCHANDISE INFÉRIEURE PAR MANQUE DE PLACE.,COT-VRO-veaux14j_synthese-A23-S41.csv
2023,41,,2023-10-09,2023-10-15,LAMBALLE,10/10/2023,311,-29,/,COT-VRO-veaux14j_synthese-A23-S41.csv
2023,41,,2023-10-09,2023-10-15,LEZAY,10/10/2023,1257,624,"BAISSE DES COURS, TOUS LES VEAUX INFÉRIEURS À 45 KG SONT INVENDABLES.",COT-VRO-veaux14j_synthese-A23-S41.csv
2023,41,,2023-10-09,2023-10-15,RETHEL,09/10/2023,126,-48,BAISSE EN TOUTES CATÉGORIES. LES VEAUX ORDINAIRES NE TROUVENT PLUS PRENEURS.,COT-VRO-veaux14j_synthese-A23-S41.csv
2023,41,,2023-10-09,2023-10-15,TOTAL,,3916,544,,COT-VRO-veaux14j_synthese-A23-S41.csv
2023,42,,2023-10-16,2023-10-22,AGEN,18/10/2023,435,112,APPORTS EN HAUSSE AVEC DES INTÉGRATEURS QUI UTILISENT LE MARCHÉ COMME CENTRE DE TRANSIT EN ZONE RÉGLEMENTÉE MHE.,COT-VRO-veaux14j_synthese-A23-S42.csv
2023,42,,2023-10-16,2023-10-22,BOURG-EN-BRESSE,17/10/2023,502,37,CETTE SEMAINE LES PLACES EN ATELIERS FRANCAIS ET ESPAGNOLS FONT CRUELLEMENT DÉFAUT.,COT-VRO-veaux14j_synthese-A23-S42.csv
2023,42,,2023-10-16,2023-10-22,CADRAN D'ARMOR,16/10/2023,207,-28,"OFFRE MOINS IMPORTANTE, COURS BIEN RECONDUITS.",COT-VRO-veaux14j_synthese-A23-S42.csv
2023,42,,2023-10-16,2023-10-22,CARENTAN,17/10/2023,217,38,COMMERCE DIFFICILE DANS L'ENSEMBLE.,COT-VRO-veaux14j_synthese-A23-S42.csv
2023,42,,2023-10-16,2023-10-22,CHATEAUGONTIER,19/10/2023,489,-81,LE TRI RESTE SÉVÈRE AVEC DES COURS INCHANGÉS. L'OFFRE A ÉTÉ LIMITÉE FACE AU MANQUE DE PLACES DISPONIBLES.,COT-VRO-veaux14j_synthese-A23-S42.csv
2023,42,,2023-10-16,2023-10-22,LA TALAUDIERE,16/10/2023,448,-2,LA SITUATION INSTABLE DU FAIT DE LA CONJONCTURE SANITAIRE ACTUELLE PROVOQUE UNE BAISSE CONSÉQUENTE DES COURS.,COT-VRO-veaux14j_synthese-A23-S42.csv
2023,42,,2023-10-16,2023-10-22,LAMBALLE,17/10/2023,286,-25,/,COT-VRO-veaux14j_synthese-A23-S42.csv
2023,42,,2023-10-16,2023-10-22,LEZAY,17/10/2023,1255,-2,COURS RECONDUITS SUITE À UNE NON PARTICIPATION DES MEMBRES DE LA COMMISSION DE COTATION.,COT-VRO-veaux14j_synthese-A23-S42.csv
2023,42,,2023-10-16,2023-10-22,RETHEL,16/10/2023,159,33,"PAS DE DEMANDE, VENTES CATASTROPHIQUES.",COT-VRO-veaux14j_synthese-A23-S42.csv
2023,42,,2023-10-16,2023-10-22,TOTAL,,3998,82,,COT-VRO-veaux14j_synthese-A23-S42.csv
2023,43,,2023-10-23,2023-10-29,AGEN,25/10/2023,443,8,VEAUX LÉGERS TOUJOURS INVENDABLES. COURS GLOBALEMENT RECONDUITS À DES NIVEAUX FAIBLES EN FRISONS ET PETITS CROISÉS.,COT-VRO-veaux14j_synthese-A23-S43.csv
2023,43,,2023-10-23,2023-10-29,BOURG-EN-BRESSE,24/10/2023,229,-273,LEVÉE DES MESURES MHE DANS LA ZONE EST. LES APPORTS SONT LIMITÉS EN RAISON DU ZONAGE MHE. LES COURS SONT RECONDUITS.,COT-VRO-veaux14j_synthese-A23-S43.csv
2023,43,,2023-10-23,2023-10-29,CADRAN D'ARMOR,23/10/2023,108,-99,COTATIONS DE LA SEMAINE DERNIÈRE RECONDUITES.,COT-VRO-veaux14j_synthese-A23-S43.csv
2023,43,,2023-10-23,2023-10-29,CARENTAN,24/10/2023,220,3,RECONDUCTIONS DES COURS.,COT-VRO-veaux14j_synthese-A23-S43.csv
2023,43,,2023-10-23,2023-10-29,CHATEAUGONTIER,26/10/2023,697,208,APPORTS EN HAUSSE AVEC UNE VENTE PLUS RÉGULIÈRE DANS LA MARCHANDISE DE QUALITÉ. STABILISATION DES COURS.,COT-VRO-veaux14j_synthese-A23-S43.csv
2023,43,,2023-10-23,2023-10-29,LA TALAUDIERE,23/10/2023,465,17,"LES COURS RESTENT DIFFICILEMENT RECONDUITS, ATTENTION À LA MARCHANDISE LÉGÈRE QUI RESTE INVENDABLE.",COT-VRO-veaux14j_synthese-A23-S43.csv
2023,43,,2023-10-23,2023-10-29,LAMBALLE,24/10/2023,288,2,"LES PRIX SONT STABLES DANS L'ENSEMBLE POUR LES BONS SUJETS LAITIERS, LES PLUS LÉGERS SONT DÉLAISSÉS.",COT-VRO-veaux14j_synthese-A23-S43.csv
2023,43,,2023-10-23,2023-10-29,LEZAY,24/10/2023,1265,10,LES VEAUX INFÉRIEURS À 45 KG NE SONT PLUS COLLECTÉS EN FERME.,COT-VRO-veaux14j_synthese-A23-S43.csv
2023,43,,2023-10-23,2023-10-29,RETHEL,23/10/2023,134,-25,"AMBIANCE LOURDE, VENTES PLUS FACILES DANS LA BONNE MARCHANDISE.",COT-VRO-veaux14j_synthese-A23-S43.csv
2023,43,,2023-10-23,2023-10-29,TOTAL,,3849,-149,,COT-VRO-veaux14j_synthese-A23-S43.csv
2023,44,,2023-10-30,2023-11-05,AGEN,01/11/2023,,,PAS DE MARCHÉ (1ER NOVEMBRE FÉRIÉ). COURS RECONDUITS POUR INFORMATION.,COT-VRO-veaux14j_synthese-A23-S44.csv
2023,44,,2023-10-30,2023-11-05,BOURG-EN-BRESSE,31/10/2023,421,192,"LES ACHETEURS MANQUENT DE PLACE ET FONT UN TRI TRÈS SÉVÈRE. VENTE PLUS LONGUE, LES COURS S'ORIENTENT À LA BAISSE.",COT-VRO-veaux14j_synthese-A23-S44.csv
2023,44,,2023-10-30,2023-11-05,CADRAN D'ARMOR,30/10/2023,250,142,"COURS RECONDUITS FERMEMENT, LES FEMELLES CROISÉES TOUJOURS RECHERCHÉES POUR L'EXPORT.",COT-VRO-veaux14j_synthese-A23-S44.csv
2023,44,,2023-10-30,2023-11-05,CARENTAN,31/10/2023,183,-37,"RECONDUCTION DIFFICILE DES COURS, MARCHÉ CALME À LA VEILLE D'UN JOUR FÉRIÉ.",COT-VRO-veaux14j_synthese-A23-S44.csv
2023,44,,2023-10-30,2023-11-05,CHATEAUGONTIER,02/11/2023,,,PAS DE MARCHÉ. COURS RECONDUITS POUR INFORMATION.,COT-VRO-veaux14j_synthese-A23-S44.csv
2023,44,,2023-10-30,2023-11-05,LA TALAUDIERE,30/10/2023,382,-83,"MOINS D'APPORTS, LE MANQUE DE BONNE MARCHANDISE FAVORISE LA VENTE. VENTE TOUJOURS DIFFICILE EN MARCHANDISE LÉGÈRE.",COT-VRO-veaux14j_synthese-A23-S44.csv
2023,44,,2023-10-30,2023-11-05,LAMBALLE,31/10/2023,225,-63,OFFRE PLUS MODESTE ET QUALITÉ HÉTÉROGÈNE. VENTE PLUS CALME.,COT-VRO-veaux14j_synthese-A23-S44.csv
2023,44,,2023-10-30,2023-11-05,LEZAY,31/10/2023,1284,19,"COURS RECONDUITS MALGRÉ UN APPORT PLUS IMPORTANT, LES VEAUX INFÉRIEURS À 45 KG NE SONT PLUS COLLECTÉS EN FERME.",COT-VRO-veaux14j_synthese-A23-S44.csv
2023,44,,2023-10-30,2023-11-05,RETHEL,30/10/2023,142,8,COURS RECONDUITS DANS LA BONNE MARCHANDISE.,COT-VRO-veaux14j_synthese-A23-S44.csv
2023,44,,2023-10-30,2023-11-05,TOTAL,,2887,-962,,COT-VRO-veaux14j_synthese-A23-S44.csv
2023,45,,2023-11-06,2023-11-12,AGEN,08/11/2023,220,,VEAUX LÉGERS INVENDABLES. LES DÉBOUCHÉS INTÉRIEURS ET ESPAGNOLS RESTENT ENCOMBRÉS.,COT-VRO-veaux14j_synthese-A23-S45.csv
2023,45,,2023-11-06,2023-11-12,BOURG-EN-BRESSE,07/11/2023,369,-52,COURS RECONDUITS EN MARCHANDISE DE QUALITÉ ET DIFFICILEMENT EN MARCHANDISE INFÉRIEURE INSUFFISAMMENT CONFORMÉE.,COT-VRO-veaux14j_synthese-A23-S45.csv
2023,45,,2023-11-06,2023-11-12,CADRAN D'ARMOR,06/11/2023,242,-8,LES PRIX SONT IDENTIQUES À LA SEMAINE PASSÉE.,COT-VRO-veaux14j_synthese-A23-S45.csv
2023,45,,2023-11-06,2023-11-12,CARENTAN,07/11/2023,202,19,COURS RECONDUITS.,COT-VRO-veaux14j_synthese-A23-S45.csv
2023,45,,2023-11-06,2023-11-12,CHATEAUGONTIER,09/11/2023,570,,COURS INCHANGÉS DANS L'ENSEMBLE. TRI ET PRIX PLUS DISCUTÉS DANS LES CROISÉS DE MOINDRE QUALITÉ.,COT-VRO-veaux14j_synthese-A23-S45.csv
2023,45,,2023-11-06,2023-11-12,LA TALAUDIERE,06/11/2023,466,84,"COURS RECONDUITS, LA PETITE MARCHANDISE EST INVENDABLE.",COT-VRO-veaux14j_synthese-A23-S45.csv
2023,45,,2023-11-06,2023-11-12,LAMBALLE,07/11/2023,266,41,LA VENTE EST FLUIDE ET LA DEMANDE EST PRÉSENTE.,COT-VRO-veaux14j_synthese-A23-S45.csv
2023,45,,2023-11-06,2023-11-12,LEZAY,07/11/2023,1070,-214,"COURS RECONDUITS, LES VEAUX INFÉRIEURS À 45 KG NE SONT PLUS COLLECTÉS.",COT-VRO-veaux14j_synthese-A23-S45.csv
2023,45,,2023-11-06,2023-11-12,RETHEL,06/11/2023,140,-2,COURS RECONDUITS EN TOUTES CATÉGORIES.,COT-VRO-veaux14j_synthese-A23-S45.csv
2023,45,,2023-11-06,2023-11-12,TOTAL,,3545,658,,COT-VRO-veaux14j_synthese-A23-S45.csv
2023,46,,2023-11-13,2023-11-19,AGEN,15/11/2023,206,-14,MARCHÉ TOUJOURS LENT ET TRÈS SÉLECTIF FAUTE DE DÉBOUCHÉS EN VOLUME. LES VEAUX LÉGERS RESTENT INVENDABLES.,COT-VRO-veaux14j_synthese-A23-S46.csv
2023,46,,2023-11-13,2023-11-19,BOURG-EN-BRESSE,14/11/2023,426,57,PLAFONNEMENT DES COURS EN TOUTES CATÉGORIES FAUTE DE PLACE EN ATELIERS ET À L'EXPORT.,COT-VRO-veaux14j_synthese-A23-S46.csv
2023,46,,2023-11-13,2023-11-19,CADRAN D'ARMOR,13/11/2023,222,-20,OFFRE MOINS IMPORTANTE.,COT-VRO-veaux14j_synthese-A23-S46.csv
2023,46,,2023-11-13,2023-11-19,CARENTAN,14/11/2023,187,-15,COURS DIFFICILEMENT RECONDUITS.,COT-VRO-veaux14j_synthese-A23-S46.csv
2023,46,,2023-11-13,2023-11-19,CHATEAUGONTIER,16/11/2023,450,-120,APPORTS EN BAISSE COUVRANT LES BESOINS LIMITÉS DES ACHETEURS. RECONDUCTION DES COURS.,COT-VRO-veaux14j_synthese-A23-S46.csv
2023,46,,2023-11-13,2023-11-19,LA TALAUDIERE,13/11/2023,425,-41,VENTE FACILE EN TRÈS BONNE MARCHANDISE.,COT-VRO-veaux14j_synthese-A23-S46.csv
2023,46,,2023-11-13,2023-11-19,LAMBALLE,14/11/2023,240,-26,VENTE FLUIDE CETTE SEMAINE.,COT-VRO-veaux14j_synthese-A23-S46.csv
2023,46,,2023-11-13,2023-11-19,LEZAY,14/11/2023,1071,1,"COURS RECONDUITS, LES VEAUX INFÉRIEURS À 45 KG NE SONT PLUS COLLECTÉS EN FERME.",COT-VRO-veaux14j_synthese-A23-S46.csv
2023,46,,2023-11-13,2023-11-19,RETHEL,13/11/2023,159,19,COURS RECONDUITS EN TOUTES CATÉGORIES.,COT-VRO-veaux14j_synthese-A23-S46.csv
2023,46,,2023-11-13,2023-11-19,TOTAL,,3386,-159,,COT-VRO-veaux14j_synthese-A23-S46.csv
2023,47,,2023-11-20,2023-11-26,AGEN,22/11/2023,235,29,COMMERCE ÉQUILIBRÉ MAIS TOUJOURS SÉLECTIF SUR LE POIDS DES ANIMAUX. VEAUX TROP LÉGERS INCÔTÉS ET REFUSÉS À L'ACHAT.,COT-VRO-veaux14j_synthese-A23-S47.csv
2023,47,,2023-11-20,2023-11-26,BOURG-EN-BRESSE,21/11/2023,435,9,COURS RECONDUITS MALGRÉ UN APPORT TOUJOURS IMPORTANT.,COT-VRO-veaux14j_synthese-A23-S47.csv
2023,47,,2023-11-20,2023-11-26,CADRAN D'ARMOR,20/11/2023,208,-14,OFFRE MOINS IMPORTANTE.,COT-VRO-veaux14j_synthese-A23-S47.csv
2023,47,,2023-11-20,2023-11-26,CARENTAN,21/11/2023,,,"PAS DE MARCHÉ, COURS RECONDUITS POUR INFORMATION.",COT-VRO-veaux14j_synthese-A23-S47.csv
2023,47,,2023-11-20,2023-11-26,CHATEAUGONTIER,23/11/2023,1015,565,LA MHE REDISTRIBUE LES VOLUMES TRANSITANT PAR LE MARCHÉ. COMMERCE SANS CHANGEMENT TARIFAIRE AVEC UN ÉCOULEMENT RÉGULIER.,COT-VRO-veaux14j_synthese-A23-S47.csv
2023,47,,2023-11-20,2023-11-26,LA TALAUDIERE,20/11/2023,490,65,"PLUS D'APPORT, LA VENTE RESTE STABLE.",COT-VRO-veaux14j_synthese-A23-S47.csv
2023,47,,2023-11-20,2023-11-26,LAMBALLE,21/11/2023,260,20,"BONNE DEMANDE, VENTE FLUIDE.",COT-VRO-veaux14j_synthese-A23-S47.csv
2023,47,,2023-11-20,2023-11-26,LEZAY,21/11/2023,1176,105,"COMMERCE CALME, COURS RECONDUITS, LES VEAUX INFÉRIEURS À 45 KG NE SONT PLUS COLLECTÉS EN FERME.",COT-VRO-veaux14j_synthese-A23-S47.csv
2023,47,,2023-11-20,2023-11-26,RETHEL,20/11/2023,136,-23,COURS RECONDUITS DANS LA BONNE MARCHANDISE.,COT-VRO-veaux14j_synthese-A23-S47.csv
2023,47,,2023-11-20,2023-11-26,TOTAL,,3955,569,,COT-VRO-veaux14j_synthese-A23-S47.csv
2023,48,,2023-11-27,2023-12-03,AGEN,29/11/2023,118,-117,PEU D'APPORTS CETTE SEMAINE EN RAISON DE L'ABSENCE D'UN OPÉRATEUR MAJEUR. COURS RECONDUITS.,COT-VRO-veaux14j_synthese-A23-S48.csv
2023,48,,2023-11-27,2023-12-03,BOURG-EN-BRESSE,28/11/2023,379,-56,COURS RECONDUITS EN TOUTES CATÉGORIES. LA VENTE EST TOUJOURS DIFFICILE EN MARCHANDISE INFÉRIEURE ET LÉGÈRE.,COT-VRO-veaux14j_synthese-A23-S48.csv
2023,48,,2023-11-27,2023-12-03,CADRAN D'ARMOR,27/11/2023,213,5,PRIX RECONDUITS.,COT-VRO-veaux14j_synthese-A23-S48.csv
2023,48,,2023-11-27,2023-12-03,CARENTAN,28/11/2023,,,"PAS DE MARCHÉ, COURS RECONDUITS POUR INFORMATION.",COT-VRO-veaux14j_synthese-A23-S48.csv
2023,48,,2023-11-27,2023-12-03,CHATEAUGONTIER,30/11/2023,596,-419,COMMERCE RÉGULIER AVEC DES COURS RECONDUITS DANS LES VEAUX CONVENABLES.,COT-VRO-veaux14j_synthese-A23-S48.csv
2023,48,,2023-11-27,2023-12-03,LA TALAUDIERE,27/11/2023,450,-40,COURS RECONDUITS AVEC UNE BONNE DEMANDE EN TRÈS BONNE MARCHANDISE CROISÉE.,COT-VRO-veaux14j_synthese-A23-S48.csv
2023,48,,2023-11-27,2023-12-03,LAMBALLE,28/11/2023,249,-11,LA DEMANDE EST FERME DANS TOUS LES BONS SUJETS LAITIERS ET EN CROISÉS RACES À VIANDE.,COT-VRO-veaux14j_synthese-A23-S48.csv
2023,48,,2023-11-27,2023-12-03,LEZAY,28/11/2023,1244,68,"APPORT RÉGULIERS, COURS RECONDUITS EN LAITIERS ET CROISÉS. RÉAJUSTEMENT EN ALLAITANTS.",COT-VRO-veaux14j_synthese-A23-S48.csv
2023,48,,2023-11-27,2023-12-03,RETHEL,27/11/2023,132,-4,COURS RECONDUITS DANS L'ENSEMBLE.,COT-VRO-veaux14j_synthese-A23-S48.csv
2023,48,,2023-11-27,2023-12-03,TOTAL,,3381,-574,,COT-VRO-veaux14j_synthese-A23-S48.csv
2023,49,,2023-12-04,2023-12-10,AGEN,06/12/2023,179,61,MARCHÉ ÉQUILIBRÉ.,COT-VRO-veaux14j_synthese-A23-S49.csv
2023,49,,2023-12-04,2023-12-10,BOURG-EN-BRESSE,05/12/2023,373,-6,COURS FACILEMENT RECONDUITS DANS LA MARCHANDISE DE QUALITÉ. LE TRI EST MOINS SÉVÈRE.,COT-VRO-veaux14j_synthese-A23-S49.csv
2023,49,,2023-12-04,2023-12-10,CADRAN D'ARMOR,04/12/2023,225,12,"COURS RECONDUITS, BONNE DEMANDE EN FEMELLES POUR L'ESPAGNE.",COT-VRO-veaux14j_synthese-A23-S49.csv
2023,49,,2023-12-04,2023-12-10,CARENTAN,05/12/2023,,,"PAS DE MARCHÉ, COURS RECONDUITS POUR INFORMATION.",COT-VRO-veaux14j_synthese-A23-S49.csv
2023,49,,2023-12-04,2023-12-10,CHATEAUGONTIER,07/12/2023,632,36,COMMERCE PLUS RÉGULIER AVEC UN TRI MOINS SÉVÈRE. COURS FACILEMENT RECONDUITS.,COT-VRO-veaux14j_synthese-A23-S49.csv
2023,49,,2023-12-04,2023-12-10,LA TALAUDIERE,04/12/2023,460,10,TOUJOURS UNE BONNE DEMANDE EN MARCHANDISE CROISÉE.,COT-VRO-veaux14j_synthese-A23-S49.csv
2023,49,,2023-12-04,2023-12-10,LAMBALLE,05/12/2023,262,13,"VENTE FLUIDE, BONNE AMBIANCE COMMERCIALE. DEMANDE SUR LES BONS SUJETS CROISÉS AINSI QUE LES MÂLES LAITIERS CONFORMÉS.",COT-VRO-veaux14j_synthese-A23-S49.csv
2023,49,,2023-12-04,2023-12-10,LEZAY,05/12/2023,1194,-50,"COURS RECONDUITS, LES VEAUX INFÉRIEURS À 45 KG NE SONT PLUS COLLECTÉS.",COT-VRO-veaux14j_synthese-A23-S49.csv
2023,49,,2023-12-04,2023-12-10,RETHEL,04/12/2023,149,17,VENTES PLUS FACILES.,COT-VRO-veaux14j_synthese-A23-S49.csv
2023,49,,2023-12-04,2023-12-10,TOTAL,,3474,93,,COT-VRO-veaux14j_synthese-A23-S49.csv
2023,50,,2023-12-11,2023-12-17,AGEN,13/12/2023,198,19,LE MARCHÉ EST FLUIDE SANS EMBELLIE. LE TRI SUR LES VEAUX LÉGERS EST TOUJOURS TRÈS FORT.,COT-VRO-veaux14j_synthese-A23-S50.csv
2023,50,,2023-12-11,2023-12-17,BOURG-EN-BRESSE,12/12/2023,341,-32,"COURS MAINTENUS DANS LES VEAUX CONFORMÉS. EN REVANCHE, LES VEAUX MAIGRES ET LÉGERS TROUVENT DIFFICILEMENT PRENEUR.",COT-VRO-veaux14j_synthese-A23-S50.csv
2023,50,,2023-12-11,2023-12-17,CADRAN D'ARMOR,11/12/2023,248,23,"OFFRE PLUS IMPORTANTE, MEILLEURE DEMANDE.",COT-VRO-veaux14j_synthese-A23-S50.csv
2023,50,,2023-12-11,2023-12-17,CARENTAN,12/12/2023,,,"PAS DE MARCHÉ, COURS RECONDUITS POUR INFORMATION.",COT-VRO-veaux14j_synthese-A23-S50.csv
2023,50,,2023-12-11,2023-12-17,CHATEAUGONTIER,14/12/2023,594,-38,PRÉSENTATION EN NOMBRE ET EN QUALITÉ MOINDRE. RECONDUCTION DANS L'ENSEMBLE POUR LA MARCHANDISE CONFORME.,COT-VRO-veaux14j_synthese-A23-S50.csv
2023,50,,2023-12-11,2023-12-17,LA TALAUDIERE,11/12/2023,350,-110,"COURS RECONDUITS, LA VENTE RESTE CALME EN MARCHANDISE LÉGÈRE.",COT-VRO-veaux14j_synthese-A23-S50.csv
2023,50,,2023-12-11,2023-12-17,LAMBALLE,12/12/2023,276,14,/,COT-VRO-veaux14j_synthese-A23-S50.csv
2023,50,,2023-12-11,2023-12-17,LEZAY,12/12/2023,1181,-13,"COURS RECONDUITS, LES VEAUX DE MOINS DE 45 KG NE TROUVENT PAS PRENEUR.",COT-VRO-veaux14j_synthese-A23-S50.csv
2023,50,,2023-12-11,2023-12-17,RETHEL,11/12/2023,120,-29,COURS RECONDUITS.,COT-VRO-veaux14j_synthese-A23-S50.csv
2023,50,,2023-12-11,2023-12-17,TOTAL,,3308,-166,,COT-VRO-veaux14j_synthese-A23-S50.csv
2023,51,,2023-12-18,2023-12-24,AGEN,20/12/2023,218,20,LE MARCHÉ RESTE SÉLECTIF POUR LES ANIMAUX LÉGERS OU INFÉRIEURS EN CONFORMATION.,COT-VRO-veaux14j_synthese-A23-S51.csv
2023,51,,2023-12-18,2023-12-24,BOURG-EN-BRESSE,19/12/2023,301,-40,L'OFFRE EST TOUJOURS IMPORTANTE ET LES BONS VEAUX SE VENDENT À DES COURS FACILEMENT RECONDUITS.,COT-VRO-veaux14j_synthese-A23-S51.csv
2023,51,,2023-12-18,2023-12-24,CADRAN D'ARMOR,18/12/2023,280,32,OFFRE PLUS IMPORTANTE,COT-VRO-veaux14j_synthese-A23-S51.csv
2023,51,,2023-12-18,2023-12-24,CARENTAN,19/12/2023,,,"PAS DE MARCHÉ, COURS RECONDUITS POUR INFORMATION.",COT-VRO-veaux14j_synthese-A23-S51.csv
2023,51,,2023-12-18,2023-12-24,CHATEAUGONTIER,21/12/2023,530,-64,LES APPORTS SONT AJUSTÉS AUX BESOINS DES ACHETEURS HABITUELS. COURS RECONDUITS.,COT-VRO-veaux14j_synthese-A23-S51.csv
2023,51,,2023-12-18,2023-12-24,LA TALAUDIERE,18/12/2023,520,170,COURS FACILEMENT RECONDUITS EN BONNE MARCHANDISE. PAS DE MARCHE LA SEMAINE 52.,COT-VRO-veaux14j_synthese-A23-S51.csv
2023,51,,2023-12-18,2023-12-24,LAMBALLE,19/12/2023,307,31,/,COT-VRO-veaux14j_synthese-A23-S51.csv
2023,51,,2023-12-18,2023-12-24,LEZAY,19/12/2023,1371,190,"APPORTS PLUS IMPORTANTS AVANT FERMETURE POUR LES FÊTES. MAUVAIS COMMERCE EN VEAUX LAITIERS, COURS RECONDUITS.",COT-VRO-veaux14j_synthese-A23-S51.csv
2023,51,,2023-12-18,2023-12-24,RETHEL,18/12/2023,152,32,COURS RECONDUITS DANS LA BONNE MARCHANDISE.,COT-VRO-veaux14j_synthese-A23-S51.csv
2023,51,,2023-12-18,2023-12-24,TOTAL,,3679,371,,COT-VRO-veaux14j_synthese-A23-S51.csv
2023,52,,2023-12-25,2023-12-31,AGEN,27/12/2023,,,"PAS DE MARCHÉ, COURS RECONDUITS POUR INFORMATION.",COT-VRO-veaux14j_synthese-A23-S52.csv
2023,52,,2023-12-25,2023-12-31,BOURG-EN-BRESSE,26/12/2023,,,"PAS DE MARCHÉ, COURS RECONDUITS POUR INFORMATION.",COT-VRO-veaux14j_synthese-A23-S52.csv
2023,52,,2023-12-25,2023-12-31,CADRAN D'ARMOR,25/12/2023,,,"PAS DE MARCHÉ, COURS RECONDUITS POUR INFORMATION.",COT-VRO-veaux14j_synthese-A23-S52.csv
2023,52,,2023-12-25,2023-12-31,CARENTAN,26/12/2023,,,"PAS DE MARCHÉ, COURS RECONDUITS POUR INFORMATION.",COT-VRO-veaux14j_synthese-A23-S52.csv
2023,52,,2023-12-25,2023-12-31,CHATEAUGONTIER,28/12/2023,,,"PAS DE MARCHÉ, COURS RECONDUITS POUR INFORMATION.",COT-VRO-veaux14j_synthese-A23-S52.csv
2023,52,,2023-12-25,2023-12-31,LA TALAUDIERE,25/12/2023,,,"PAS DE MARCHÉ, COURS RECONDUITS POUR INFORMATION.",COT-VRO-veaux14j_synthese-A23-S52.csv
2023,52,,2023-12-25,2023-12-31,LAMBALLE,26/12/2023,,,"PAS DE MARCHÉ, COURS RECONDUITS POUR INFORMATION.",COT-VRO-veaux14j_synthese-A23-S52.csv
2023,52,,2023-12-25,2023-12-31,LEZAY,26/12/2023,,,"PAS DE MARCHÉ, COURS RECONDUITS POUR INFORMATION.",COT-VRO-veaux14j_synthese-A23-S52.csv
2023,52,,2023-12-25,2023-12-31,RETHEL,25/12/2023,,,"PAS DE MARCHÉ, COURS RECONDUITS POUR INFORMATION.",COT-VRO-veaux14j_synthese-A23-S52.csv
2023,52,,2023-12-25,2023-12-31,TOTAL,,,,,COT-VRO-veaux14j_synthese-A23-S52.csv
2024,1,,2024-01-01,2024-01-07,AGEN,03/01/2024,155,,"MALGRÉ QUELQUES APPORTEURS ABSENTS, LES REPORTS DE SORTIE CONFORTENT LES APPORTS. RECONDUCTION DES COURS.",COT-VRO-veaux14j_synthese-A24-S01.csv
2024,1,,2024-01-01,2024-01-07,BOURG-EN-BRESSE,02/01/2024,551,,APPORTS PLUS IMPORTANTS. LA VENTE EST FLUIDE ET LES COURS SONT RECONDUITS.,COT-VRO-veaux14j_synthese-A24-S01.csv
2024,1,,2024-01-01,2024-01-07,CADRAN D'ARMOR,01/01/2024,239,,"PEU D'OFFRE, COURS RECONDUITS.",COT-VRO-veaux14j_synthese-A24-S01.csv
2024,1,,2024-01-01,2024-01-07,CARENTAN,02/01/2024,,,MARCHÉ FERMÉ.,COT-VRO-veaux14j_synthese-A24-S01.csv
2024,1,,2024-01-01,2024-01-07,CHATEAUGONTIER,04/01/2024,975,,APPORTS IMPORTANTS. VENTE RÉGULIÈRE DANS LES BONS VEAUX. TRI PLUS SENSIBLE DANS LES VEAUX ORDINAIRES.,COT-VRO-veaux14j_synthese-A24-S01.csv
2024,1,,2024-01-01,2024-01-07,LA TALAUDIERE,01/01/2024,560,,COURS SOUTENUS EN BONNE MARCHANDISE.,COT-VRO-veaux14j_synthese-A24-S01.csv
2024,1,,2024-01-01,2024-01-07,LAMBALLE,02/01/2024,311,,LA VENTE EST DYNAMIQUE QUELQUE SOIT L'ORIGINE. LES SUJETS LAITIERS VIANDÉS SONT PRISÉS NOTAMMENT DANS LES RACES MIXTES.,COT-VRO-veaux14j_synthese-A24-S01.csv
2024,1,,2024-01-01,2024-01-07,LEZAY,02/01/2024,1251,,RÉAJUSTEMENT DES COURS POUR CE PREMIER MARCHÉ.,COT-VRO-veaux14j_synthese-A24-S01.csv
2024,1,,2024-01-01,2024-01-07,RETHEL,01/01/2024,180,,COURS RECONDUITS.,COT-VRO-veaux14j_synthese-A24-S01.csv
2024,1,,2024-01-01,2024-01-07,TOTAL,,4222,,,COT-VRO-veaux14j_synthese-A24-S01.csv
2024,2,,2024-01-08,2024-01-14,AGEN,10/01/2024,158,3,RECONDUCTION DES COURS.,COT-VRO-veaux14j_synthese-A24-S02.csv
2024,2,,2024-01-08,2024-01-14,BOURG-EN-BRESSE,09/01/2024,357,-194,"LES VEAUX LOURDS ET VIANDÉS SE VENDENT FACILEMENT, LES COURS SONT À LA HAUSSE. LES LÉGERS RESTENT DIFFICILE À PLACER.",COT-VRO-veaux14j_synthese-A24-S02.csv
2024,2,,2024-01-08,2024-01-14,CADRAN D'ARMOR,08/01/2024,268,29,PRIX IDENTIQUES. PLUS DE VEAUX.,COT-VRO-veaux14j_synthese-A24-S02.csv
2024,2,,2024-01-08,2024-01-14,CARENTAN,09/01/2024,,,MARCHÉ FERMÉ.,COT-VRO-veaux14j_synthese-A24-S02.csv
2024,2,,2024-01-08,2024-01-14,CHATEAUGONTIER,11/01/2024,510,-465,"COMMERCE RÉGULIER, COURS RECONDUITS.",COT-VRO-veaux14j_synthese-A24-S02.csv
2024,2,,2024-01-08,2024-01-14,LA TALAUDIERE,08/01/2024,450,-110,COURS MAINTENUS.,COT-VRO-veaux14j_synthese-A24-S02.csv
2024,2,,2024-01-08,2024-01-14,LAMBALLE,09/01/2024,320,9,"LES COURS DEMEURENT STABLES, AVEC UNE TENDANCE HAUSSIÈRE DANS LES MÂLES ET FEMELLES CROISÉS.",COT-VRO-veaux14j_synthese-A24-S02.csv
2024,2,,2024-01-08,2024-01-14,LEZAY,09/01/2024,1502,251,"LÉGÈRE BAISSE EN VEAUX CROISÉS LAITIERS, EN LIEN AVEC LES SORTIES D'ÉTÉ.",COT-VRO-veaux14j_synthese-A24-S02.csv
2024,2,,2024-01-08,2024-01-14,RETHEL,08/01/2024,127,-53,"VENTES PLUS FACILES, MOINS D'APPORT.",COT-VRO-veaux14j_synthese-A24-S02.csv
2024,2,,2024-01-08,2024-01-14,TOTAL,,3692,-530,,COT-VRO-veaux14j_synthese-A24-S02.csv
2024,3,,2024-01-15,2024-01-21,AGEN,17/01/2024,146,-12,REVALORISATION DES COURS SUR LA RACE LIMOUSINE ET SUR LES CROISÉS MIXTES. COURS RECONDUITS POUR LES VEAUX LAITIERS.,COT-VRO-veaux14j_synthese-A24-S03.csv
2024,3,,2024-01-15,2024-01-21,BOURG-EN-BRESSE,16/01/2024,333,-24,LES APPORTS RALENTISSENT CE QUI ENTRAÎNE UN TRI MOINS SÉVÈRE ET UNE LÉGÈRE AUGMENTATION DES COURS.,COT-VRO-veaux14j_synthese-A24-S03.csv
2024,3,,2024-01-15,2024-01-21,CADRAN D'ARMOR,15/01/2024,246,-22,COURS STABLES.,COT-VRO-veaux14j_synthese-A24-S03.csv
2024,3,,2024-01-15,2024-01-21,CARENTAN,16/01/2024,,,PAS DE MARCHÉ.,COT-VRO-veaux14j_synthese-A24-S03.csv
2024,3,,2024-01-15,2024-01-21,CHATEAUGONTIER,18/01/2024,468,-42,"APPORTS PLUS MODESTES, VENTE RÉGULIERE ET STABILITÉ DES COURS .",COT-VRO-veaux14j_synthese-A24-S03.csv
2024,3,,2024-01-15,2024-01-21,LA TALAUDIERE,15/01/2024,450,0,VENTE PLUS FACILE EN BONNE MARCHANDISE.,COT-VRO-veaux14j_synthese-A24-S03.csv
2024,3,,2024-01-15,2024-01-21,LAMBALLE,16/01/2024,261,-59,"L'OFFRE EST PLUS MODESTE AVEC DES VEAUX DE QUALITÉ IRRÉGULIÈRE, NOTAMMENT DANS LES SUJETS LAITIERS.",COT-VRO-veaux14j_synthese-A24-S03.csv
2024,3,,2024-01-15,2024-01-21,LEZAY,16/01/2024,1208,-294,COURS STABLES.,COT-VRO-veaux14j_synthese-A24-S03.csv
2024,3,,2024-01-15,2024-01-21,RETHEL,15/01/2024,97,-30,"MALGRÉ LE PETIT NOMBRE, COURS RECONDUITS.",COT-VRO-veaux14j_synthese-A24-S03.csv
2024,3,,2024-01-15,2024-01-21,TOTAL,,3209,-483,,COT-VRO-veaux14j_synthese-A24-S03.csv
2024,4,,2024-01-22,2024-01-28,AGEN,24/01/2024,170,24,"COMPTE TENU DU CONTEXTE ACTUEL, LES COURS SONT RECONDUITS.",COT-VRO-veaux14j_synthese-A24-S04.csv
2024,4,,2024-01-22,2024-01-28,BOURG-EN-BRESSE,23/01/2024,293,-40,LE COMMERCE EST FLUIDE AVEC UN TRI MOINS SÉVÈRE. COURS FACILEMENT RECONDUITS SAUF EN VEAUX INFÉRIEURS ET LÉGERS.,COT-VRO-veaux14j_synthese-A24-S04.csv
2024,4,,2024-01-22,2024-01-28,CADRAN D'ARMOR,22/01/2024,219,-27,"COURS STABLES, MOINS D'OFFRE ET DE QUALITÉ MOYENNE.",COT-VRO-veaux14j_synthese-A24-S04.csv
2024,4,,2024-01-22,2024-01-28,CARENTAN,23/01/2024,,,PAS DE MARCHÉ.,COT-VRO-veaux14j_synthese-A24-S04.csv
2024,4,,2024-01-22,2024-01-28,CHATEAUGONTIER,25/01/2024,409,-59,ABSENCE D'UN OPÉRATEUR ET RECONDUCTION DES COURS.,COT-VRO-veaux14j_synthese-A24-S04.csv
2024,4,,2024-01-22,2024-01-28,LA TALAUDIERE,22/01/2024,452,2,"COURS FACILEMENT RECONDUITS EN BONNE MARCHANDISE, PLUS DIFFICILE EN MARCHANDISE INFÉRIEURE.",COT-VRO-veaux14j_synthese-A24-S04.csv
2024,4,,2024-01-22,2024-01-28,LAMBALLE,23/01/2024,265,4,L'OFFRE EST CONSTANTE. LA DEMANDE RESTE SOUTENUE DANS LES DIFFÉRENTES CATÉGORIES LAITIÈRES.,COT-VRO-veaux14j_synthese-A24-S04.csv
2024,4,,2024-01-22,2024-01-28,LEZAY,23/01/2024,1107,-101,"COURS RECONDUITS, OFFRE SUFFISANTE À LA DEMANDE.",COT-VRO-veaux14j_synthese-A24-S04.csv
2024,4,,2024-01-22,2024-01-28,RETHEL,22/01/2024,108,11,COURS RECONDUITS.,COT-VRO-veaux14j_synthese-A24-S04.csv
2024,4,,2024-01-22,2024-01-28,TOTAL,,3023,-186,,COT-VRO-veaux14j_synthese-A24-S04.csv
2024,5,,2024-01-29,2024-02-04,AGEN,31/01/2024,110,-60,"VU LE CONTEXTE ET LE PEU D'APPORTS, LES COURS SONT RECONDUITS.",COT-VRO-veaux14j_synthese-A24-S05.csv
2024,5,,2024-01-29,2024-02-04,BOURG-EN-BRESSE,30/01/2024,235,-58,"LES SORTIES DE VEAUX SONT LIMITÉES, PERMETTANT D'ORIENTER LES COURS À LA HAUSSE.",COT-VRO-veaux14j_synthese-A24-S05.csv
2024,5,,2024-01-29,2024-02-04,CADRAN D'ARMOR,29/01/2024,260,41,"OFFRE PLUS IMPORTANTE, BONNE TENDANCE DANS LES PRIX QUI LAISSE ESPÉRER UNE HAUSSE DANS LES PROCHAINES SEMAINES.",COT-VRO-veaux14j_synthese-A24-S05.csv
2024,5,,2024-01-29,2024-02-04,CARENTAN,30/01/2024,,,PAS DE MARCHÉ.,COT-VRO-veaux14j_synthese-A24-S05.csv
2024,5,,2024-01-29,2024-02-04,CHATEAUGONTIER,01/02/2024,505,96,OFFRE INSUFFISANTE POUR LA DEMANDE. TRI MOINS SÉVÈRE QUI ENTRAÎNE UNE LÉGÈRE HAUSSE DES COURS.,COT-VRO-veaux14j_synthese-A24-S05.csv
2024,5,,2024-01-29,2024-02-04,LA TALAUDIERE,29/01/2024,415,-37,"COURS RECONDUITS, LA VENTE RESTE CALME EN PETITE MARCHANDISE.",COT-VRO-veaux14j_synthese-A24-S05.csv
2024,5,,2024-01-29,2024-02-04,LAMBALLE,30/01/2024,221,-44,L'OFFRE EST PLUS LIMITÉE. LA QUALITÉ EST HÉTÉROGÈNE. LES TARIFS SONT STABLES DANS TOUTES LES CATÉGORIES.,COT-VRO-veaux14j_synthese-A24-S05.csv
2024,5,,2024-01-29,2024-02-04,LEZAY,30/01/2024,1084,-23,APPORTS EN LÉGER REPLI CETTE SEMAINE. OFFRE TOUT DE MÊME SUFFISANTE POUR RÉPONDRE À LA DEMANDE.,COT-VRO-veaux14j_synthese-A24-S05.csv
2024,5,,2024-01-29,2024-02-04,RETHEL,29/01/2024,108,0,VENTES PLUS ACTIVES DANS LA BONNE MARCHANDISE.,COT-VRO-veaux14j_synthese-A24-S05.csv
2024,5,,2024-01-29,2024-02-04,TOTAL,,2938,-85,,COT-VRO-veaux14j_synthese-A24-S05.csv
2024,6,,2024-02-05,2024-02-11,AGEN,07/02/2024,135,25,"MARCHÉ ÉQUILIBRÉ, RÉAJUSTEMENT DES COURS.",COT-VRO-veaux14j_synthese-A24-S06.csv
2024,6,,2024-02-05,2024-02-11,BOURG-EN-BRESSE,06/02/2024,257,22,LES COURS POURSUIVENT LEUR HAUSSE. LA DEMANDE EST BIEN PRÉSENTE ET LE COMMERCE EST FACILE.,COT-VRO-veaux14j_synthese-A24-S06.csv
2024,6,,2024-02-05,2024-02-11,CADRAN D'ARMOR,05/02/2024,233,-27,BONNE TENUE DES PRIX. MOINS D'OFFRE.,COT-VRO-veaux14j_synthese-A24-S06.csv
2024,6,,2024-02-05,2024-02-11,CARENTAN,06/02/2024,,,PAS DE MARCHÉ.,COT-VRO-veaux14j_synthese-A24-S06.csv
2024,6,,2024-02-05,2024-02-11,CHATEAUGONTIER,08/02/2024,506,1,MARCHÉ À L'ÉQUILIBRE SANS CHANGEMENT TARIFAIRE.,COT-VRO-veaux14j_synthese-A24-S06.csv
2024,6,,2024-02-05,2024-02-11,LA TALAUDIERE,05/02/2024,345,-70,"MOINS D'APPORTS, VENTE FACILE EN TOUTES CATÉGORIES.",COT-VRO-veaux14j_synthese-A24-S06.csv
2024,6,,2024-02-05,2024-02-11,LAMBALLE,06/02/2024,255,34,LA QUALITÉ D'ENSEMBLE EST HOMOGÈNE. LA VENTE EST DYNAMIQUE ET LA DEMANDE SOUTENUE QUELQUE SOIT L'ORIGINE.,COT-VRO-veaux14j_synthese-A24-S06.csv
2024,6,,2024-02-05,2024-02-11,LEZAY,06/02/2024,1074,-10,LES VEAUX DE BONNE QUALITÉ TROUVENT FACILEMENT PRENEURS ET LE TRI RESTE SÉLECTIF DANS LES CATÉGORIES INFÉRIEURES.,COT-VRO-veaux14j_synthese-A24-S06.csv
2024,6,,2024-02-05,2024-02-11,RETHEL,05/02/2024,110,2,COURS RECONDUITS.,COT-VRO-veaux14j_synthese-A24-S06.csv
2024,6,,2024-02-05,2024-02-11,TOTAL,,2915,-23,,COT-VRO-veaux14j_synthese-A24-S06.csv
2024,7,,2024-02-12,2024-02-18,AGEN,14/02/2024,169,34,COURS RECONDUITS.,COT-VRO-veaux14j_synthese-A24-S07.csv
2024,7,,2024-02-12,2024-02-18,BOURG-EN-BRESSE,13/02/2024,307,50,UNE BONNE DEMANDE FACE À DES APPORTS TOUJOURS LIMITÉS CONFORTE LA HAUSSE DES COURS.,COT-VRO-veaux14j_synthese-A24-S07.csv
2024,7,,2024-02-12,2024-02-18,CADRAN D'ARMOR,12/02/2024,223,-10,"MOINS DE VEAUX À LA VENTE, LES PRIX SONT À LA HAUSSE DANS TOUTES LES CATÉGORIES.",COT-VRO-veaux14j_synthese-A24-S07.csv
2024,7,,2024-02-12,2024-02-18,CARENTAN,13/02/2024,,,,COT-VRO-veaux14j_synthese-A24-S07.csv
2024,7,,2024-02-12,2024-02-18,CHATEAUGONTIER,15/02/2024,525,19,LES APPORTS CORRESPONDENT À LA DEMANDE. COURS INCHANGÉS.,COT-VRO-veaux14j_synthese-A24-S07.csv
2024,7,,2024-02-12,2024-02-18,LA TALAUDIERE,12/02/2024,393,48,LA VENTE RESTE FACILE EN TOUTES CATÉGORIES AVEC DES COURS EN HAUSSE.,COT-VRO-veaux14j_synthese-A24-S07.csv
2024,7,,2024-02-12,2024-02-18,LAMBALLE,13/02/2024,236,-19,LA VENTE EST TOUJOURS DYNAMIQUE ET LA DEMANDE SOUTENUE NOTAMMENT EN MÂLES CROISÉS ISSUS DE BLANC BLEU BELGE OU INRA 95.,COT-VRO-veaux14j_synthese-A24-S07.csv
2024,7,,2024-02-12,2024-02-18,LEZAY,13/02/2024,1077,3,TRI MOINS SÉVÈRE EN LAITIERS. COURS RECONDUITS DANS L'ENSEMBLE.,COT-VRO-veaux14j_synthese-A24-S07.csv
2024,7,,2024-02-12,2024-02-18,RETHEL,12/02/2024,102,-8,COURS RECONDUITS.,COT-VRO-veaux14j_synthese-A24-S07.csv
2024,7,,2024-02-12,2024-02-18,TOTAL,,3032,117,,COT-VRO-veaux14j_synthese-A24-S07.csv
2024,8,,2024-02-19,2024-02-25,AGEN,21/02/2024,110,-59,COURS RECONDUITS.,COT-VRO-veaux14j_synthese-A24-S08.csv
2024,8,,2024-02-19,2024-02-25,BOURG-EN-BRESSE,20/02/2024,250,-57,"MALGRÉ DES APPORTS PLUS MODÉRÉS, LES COURS SONT RECONDUITS. LES ACHETEURS SONT PLUS PRUDENTS.",COT-VRO-veaux14j_synthese-A24-S08.csv
2024,8,,2024-02-19,2024-02-25,CADRAN D'ARMOR,19/02/2024,261,38,BONNE AMBIANCE COMMERCIALE. PLUS D'ANIMAUX PRÉSENTÉS À LA VENTE.,COT-VRO-veaux14j_synthese-A24-S08.csv
2024,8,,2024-02-19,2024-02-25,CARENTAN,20/02/2024,,,,COT-VRO-veaux14j_synthese-A24-S08.csv
2024,8,,2024-02-19,2024-02-25,CHATEAUGONTIER,22/02/2024,527,2,COMMERCE PLUS RÉGULIER AVEC UNE LÉGÈRE PLUS-VALUE.,COT-VRO-veaux14j_synthese-A24-S08.csv
2024,8,,2024-02-19,2024-02-25,LA TALAUDIERE,19/02/2024,359,-34,"MOINS D'APPORTS, COURS RECONDUITS AVEC UNE VENTE FACILE EN TOUTES CATÉGORIES.",COT-VRO-veaux14j_synthese-A24-S08.csv
2024,8,,2024-02-19,2024-02-25,LAMBALLE,20/02/2024,231,-5,TENDANCE HAUSSIÈRE DANS TOUTES LES CATÉGORIES. GROSSE DEMANDE.,COT-VRO-veaux14j_synthese-A24-S08.csv
2024,8,,2024-02-19,2024-02-25,LEZAY,20/02/2024,1205,128,COURS RECONDUITS DANS L'ENSEMBLE.,COT-VRO-veaux14j_synthese-A24-S08.csv
2024,8,,2024-02-19,2024-02-25,RETHEL,19/02/2024,86,-16,COURS RECONDUITS.,COT-VRO-veaux14j_synthese-A24-S08.csv
2024,8,,2024-02-19,2024-02-25,TOTAL,,3029,-3,,COT-VRO-veaux14j_synthese-A24-S08.csv
2024,9,,2024-02-26,2024-03-03,AGEN,28/02/2024,119,9,COURS RECONDUITS SAUF POUR LES PRIM'HOLSTEIN (PLUS 5 €).,COT-VRO-veaux14j_synthese-A24-S09.csv
2024,9,,2024-02-26,2024-03-03,BOURG-EN-BRESSE,27/02/2024,277,27,LES ACHETEURS ONT DU MAL À COUVRIR LEURS BESOINS. ILS DOIVENT FAIRE DES CONCESSIONS TARIFAIRES.,COT-VRO-veaux14j_synthese-A24-S09.csv
2024,9,,2024-02-26,2024-03-03,CADRAN D'ARMOR,26/02/2024,251,-10,"BONNE QUALITÉ DES VEAUX DANS L'ENSEMBLE, NOTAMMENT EN VEAUX CROISÉS.",COT-VRO-veaux14j_synthese-A24-S09.csv
2024,9,,2024-02-26,2024-03-03,CARENTAN,27/02/2024,,,,COT-VRO-veaux14j_synthese-A24-S09.csv
2024,9,,2024-02-26,2024-03-03,CHATEAUGONTIER,29/02/2024,530,3,VENTE FACILE AVEC TRI MOINS SÉVÈRE. COURS TRÈS FACILEMENT RECONDUITS.,COT-VRO-veaux14j_synthese-A24-S09.csv
2024,9,,2024-02-26,2024-03-03,LA TALAUDIERE,26/02/2024,371,12,"PEU D'APPORTS, VENTE TOUJOURS FACILE EN BONNE MARCHANDISE.",COT-VRO-veaux14j_synthese-A24-S09.csv
2024,9,,2024-02-26,2024-03-03,LAMBALLE,27/02/2024,287,56,VENTE DYNAMIQUE ET FLUIDE. QUALITÉ HÉTÉROGÈNE. LES PRIX RESTENT FERMES MALGRÉ DES SUJETS VIEILLIS ET LÉGERS.,COT-VRO-veaux14j_synthese-A24-S09.csv
2024,9,,2024-02-26,2024-03-03,LEZAY,27/02/2024,1116,-89,COURS RECONDUITS AVEC UN TRI MOINS SÉVÈRE.,COT-VRO-veaux14j_synthese-A24-S09.csv
2024,9,,2024-02-26,2024-03-03,RETHEL,26/02/2024,109,23,AMÉLIORATION DES COÛTS.,COT-VRO-veaux14j_synthese-A24-S09.csv
2024,9,,2024-02-26,2024-03-03,TOTAL,,3060,31,,COT-VRO-veaux14j_synthese-A24-S09.csv
2024,10,,2024-03-04,2024-03-10,AGEN,06/03/2024,121,2,COURS RECONDUITS POUR L'ENSEMBLE DES VEAUX À PART UNE AUGMENTATION POUR LES PRIM'HOLSTEIN.,COT-VRO-veaux14j_synthese-A24-S10.csv
2024,10,,2024-03-04,2024-03-10,BOURG-EN-BRESSE,05/03/2024,265,-12,LA DEMANDE RESTE FERME ET LES COURS SOUTENUS.,COT-VRO-veaux14j_synthese-A24-S10.csv
2024,10,,2024-03-04,2024-03-10,CADRAN D'ARMOR,04/03/2024,308,57,COURS RECONDUITS MALGRÉ UNE OFFRE PLUS IMPORTANTE.,COT-VRO-veaux14j_synthese-A24-S10.csv
2024,10,,2024-03-04,2024-03-10,CARENTAN,05/03/2024,,,,COT-VRO-veaux14j_synthese-A24-S10.csv
2024,10,,2024-03-04,2024-03-10,CHATEAUGONTIER,07/03/2024,606,76,COMMERCE FLUIDE AVEC UNE HAUSSE DANS LES MIXTES ET LES LAITIERS.,COT-VRO-veaux14j_synthese-A24-S10.csv
2024,10,,2024-03-04,2024-03-10,LA TALAUDIERE,04/03/2024,328,-43,"TOUJOURS PEU D'APPORT, LES VEAUX DE QUALITÉ TROUVENT FACILEMENT PRENEUR.",COT-VRO-veaux14j_synthese-A24-S10.csv
2024,10,,2024-03-04,2024-03-10,LAMBALLE,05/03/2024,275,-12,L'OFFRE EST CONSTANTE.,COT-VRO-veaux14j_synthese-A24-S10.csv
2024,10,,2024-03-04,2024-03-10,LEZAY,05/03/2024,1167,51,COURS LÉGÈREMENT EN HAUSSE DANS LES VEAUX DE MOYENNE GAMME.,COT-VRO-veaux14j_synthese-A24-S10.csv
2024,10,,2024-03-04,2024-03-10,RETHEL,04/03/2024,98,-11,COURS RECONDUITS.,COT-VRO-veaux14j_synthese-A24-S10.csv
2024,10,,2024-03-04,2024-03-10,TOTAL,,3168,108,,COT-VRO-veaux14j_synthese-A24-S10.csv
2024,11,,2024-03-11,2024-03-17,AGEN,13/03/2024,115,-6,COURS RECONDUITS.,COT-VRO-veaux14j_synthese-A24-S11.csv
2024,11,,2024-03-11,2024-03-17,BOURG-EN-BRESSE,12/03/2024,258,-7,L'OFFRE RESTE LIMITÉE ET CONFORTE LA VENTE.,COT-VRO-veaux14j_synthese-A24-S11.csv
2024,11,,2024-03-11,2024-03-17,CADRAN D'ARMOR,11/03/2024,266,-42,PRIX FERME NOTAMMENT EN FEMELLE CROISÉE.,COT-VRO-veaux14j_synthese-A24-S11.csv
2024,11,,2024-03-11,2024-03-17,CARENTAN,12/03/2024,,,,COT-VRO-veaux14j_synthese-A24-S11.csv
2024,11,,2024-03-11,2024-03-17,CHATEAUGONTIER,14/03/2024,550,-56,COMMERCE FLUIDE. COURS SENSIBLEMENT RECONDUITS DANS LES BONS VEAUX.,COT-VRO-veaux14j_synthese-A24-S11.csv
2024,11,,2024-03-11,2024-03-17,LA TALAUDIERE,11/03/2024,353,25,LA VENTE RESTE FACILE EN TOUTES CATÉGORIES.,COT-VRO-veaux14j_synthese-A24-S11.csv
2024,11,,2024-03-11,2024-03-17,LAMBALLE,12/03/2024,307,32,L'OFFRE EST PLUS IMPORTANTE. LA QUALITÉ EST HOMOGÈNE.,COT-VRO-veaux14j_synthese-A24-S11.csv
2024,11,,2024-03-11,2024-03-17,LEZAY,12/03/2024,1119,-48,"LÉGÈRE HAUSSE EN LAITIERS, VENTE FLUIDE. COURS RECONDUITS DANS LES AUTRES.",COT-VRO-veaux14j_synthese-A24-S11.csv
2024,11,,2024-03-11,2024-03-17,RETHEL,11/03/2024,105,7,COURS RECONDUITS DANS L'ENSEMBLE.,COT-VRO-veaux14j_synthese-A24-S11.csv
2024,11,,2024-03-11,2024-03-17,TOTAL,,3073,-95,,COT-VRO-veaux14j_synthese-A24-S11.csv
2024,12,,2024-03-18,2024-03-24,AGEN,20/03/2024,132,17,VENTES FACILES LIÉES AU MANQUE D'OFFRE EN VEAUX LAITIERS.,COT-VRO-veaux14j_synthese-A24-S12.csv
2024,12,,2024-03-18,2024-03-24,BOURG-EN-BRESSE,19/03/2024,254,-4,LA VENTE EST TOUJOURS ACTIVE.,COT-VRO-veaux14j_synthese-A24-S12.csv
2024,12,,2024-03-18,2024-03-24,CADRAN D'ARMOR,18/03/2024,307,41,LÉGÈRE HAUSSE MALGRÉ UNE OFFRE PLUS IMPORTANTE.,COT-VRO-veaux14j_synthese-A24-S12.csv
2024,12,,2024-03-18,2024-03-24,CARENTAN,19/03/2024,,,,COT-VRO-veaux14j_synthese-A24-S12.csv
2024,12,,2024-03-18,2024-03-24,CHATEAUGONTIER,21/03/2024,516,-34,OFFRE PLUS LIMITÉE. VENTE FLUIDE AVEC DES TARIFS MIEUX DÉFENDUS.,COT-VRO-veaux14j_synthese-A24-S12.csv
2024,12,,2024-03-18,2024-03-24,LA TALAUDIERE,18/03/2024,335,-18,"PEU D'APPORTS, VENTE TOUJOURS FACILE EN TOUTES CATÉGORIES.",COT-VRO-veaux14j_synthese-A24-S12.csv
2024,12,,2024-03-18,2024-03-24,LAMBALLE,19/03/2024,273,-34,VENTE DYNAMIQUE. FORTE DEMANDE DANS TOUTES LES CATÉGORIES AVEC DES TARIFS À LA HAUSSE EN CE DÉBUT DE PRINTEMPS.,COT-VRO-veaux14j_synthese-A24-S12.csv
2024,12,,2024-03-18,2024-03-24,LEZAY,19/03/2024,1109,-10,COMMERCE PLUS ACTIF QUI TIRE LES PRIX VERS LE HAUT EN VEAUX LAITIERS ET CROISÉS.,COT-VRO-veaux14j_synthese-A24-S12.csv
2024,12,,2024-03-18,2024-03-24,RETHEL,18/03/2024,92,-13,COURS RECONDUITS.,COT-VRO-veaux14j_synthese-A24-S12.csv
2024,12,,2024-03-18,2024-03-24,TOTAL,,3018,-55,,COT-VRO-veaux14j_synthese-A24-S12.csv
2024,13,,2024-03-25,2024-03-31,AGEN,27/03/2024,151,19,"COURS RECONDUITS, MARCHÉ CALME.",COT-VRO-veaux14j_synthese-A24-S13.csv
2024,13,,2024-03-25,2024-03-31,BOURG-EN-BRESSE,26/03/2024,292,38,LES DÉBOUCHÉS SONT RÉGULIERS ET LES TRIS MOINS SÉVÈRES. LES COURS SONT FACILEMENTS RECONDUITS.,COT-VRO-veaux14j_synthese-A24-S13.csv
2024,13,,2024-03-25,2024-03-31,CADRAN D'ARMOR,25/03/2024,277,-30,MARCHÉ STABLE.,COT-VRO-veaux14j_synthese-A24-S13.csv
2024,13,,2024-03-25,2024-03-31,CARENTAN,26/03/2024,,,,COT-VRO-veaux14j_synthese-A24-S13.csv
2024,13,,2024-03-25,2024-03-31,CHATEAUGONTIER,28/03/2024,523,7,VENTE FLUIDE EN TOUTES CATÉGORIES.,COT-VRO-veaux14j_synthese-A24-S13.csv
2024,13,,2024-03-25,2024-03-31,LA TALAUDIERE,25/03/2024,392,57,LA VENTE RESTE ACTIVE.,COT-VRO-veaux14j_synthese-A24-S13.csv
2024,13,,2024-03-25,2024-03-31,LAMBALLE,26/03/2024,329,56,"OFFRE PLUS CONSÉQUENTE. COURS À TENDANCE HAUSSIÈRE DANS TOUTES LES CATÉGORIES, FORTE DEMANDE.",COT-VRO-veaux14j_synthese-A24-S13.csv
2024,13,,2024-03-25,2024-03-31,LEZAY,26/03/2024,1110,1,"LÉGÈRE HAUSSE DES COURS POUR LES LAITIERS, COURS RECONDUITS DANS LES AUTRES CATÉGORIES, APPORT STABLE.",COT-VRO-veaux14j_synthese-A24-S13.csv
2024,13,,2024-03-25,2024-03-31,RETHEL,25/03/2024,121,29,VENTES PLUS FACILES.,COT-VRO-veaux14j_synthese-A24-S13.csv
2024,13,,2024-03-25,2024-03-31,TOTAL,,3195,177,,COT-VRO-veaux14j_synthese-A24-S13.csv
2024,14,,2024-04-01,2024-04-07,AGEN,03/04/2024,84,-67,COURS RECONDUITS SAUF POUR LES VEAUX DE RACE PRIM'HOLSTEIN.,COT-VRO-veaux14j_synthese-A24-S14.csv
2024,14,,2024-04-01,2024-04-07,BOURG-EN-BRESSE,02/04/2024,187,-105,"MARCHÉ NON REPRÉSENTATIF, COURS RECONDUITS POUR INFORMATION.",COT-VRO-veaux14j_synthese-A24-S14.csv
2024,14,,2024-04-01,2024-04-07,CADRAN D'ARMOR,01/04/2024,304,27,MARCHÉ STABLE.,COT-VRO-veaux14j_synthese-A24-S14.csv
2024,14,,2024-04-01,2024-04-07,CARENTAN,02/04/2024,,,,COT-VRO-veaux14j_synthese-A24-S14.csv
2024,14,,2024-04-01,2024-04-07,CHATEAUGONTIER,04/04/2024,605,82,COURS FACILEMENT RECONDUITS EN TOUTES CATÉGORIES.,COT-VRO-veaux14j_synthese-A24-S14.csv
2024,14,,2024-04-01,2024-04-07,LA TALAUDIERE,01/04/2024,212,-180,"MARCHÉ DÉCALÉ, COURS RECONDUITS.",COT-VRO-veaux14j_synthese-A24-S14.csv
2024,14,,2024-04-01,2024-04-07,LAMBALLE,02/04/2024,331,2,OFFRE CONSÉQUENTE AVEC DES COURS SOUTENUS,COT-VRO-veaux14j_synthese-A24-S14.csv
2024,14,,2024-04-01,2024-04-07,LEZAY,02/04/2024,874,-236,COURS RECONDUITS TOUTES CATÉGORIES. BONNE DEMANDE LIÉE À UN APPORT RÉDUIT (MARCHÉ DÉCALÉ).,COT-VRO-veaux14j_synthese-A24-S14.csv
2024,14,,2024-04-01,2024-04-07,RETHEL,01/04/2024,,,"PAS DE MARCHÉ (LUNDI DE PÂQUES FÉRIÉ), COURS RECONDUITS POUR INFORMATION.",COT-VRO-veaux14j_synthese-A24-S14.csv
2024,14,,2024-04-01,2024-04-07,TOTAL,,2597,-598,,COT-VRO-veaux14j_synthese-A24-S14.csv
2024,15,,2024-04-08,2024-04-14,AGEN,10/04/2024,172,88,"BAISSE DE PRIX EN VEAUX LIMOUSINS, SORTIES D'ÉTÉ ET CARCASSES PLUS LOURDES. HAUSSE DE PRIX EN HOLSTEIN.",COT-VRO-veaux14j_synthese-A24-S15.csv
2024,15,,2024-04-08,2024-04-14,BOURG-EN-BRESSE,09/04/2024,265,78,LA DEMANDE EST FERME ET LES COURS SONT EN HAUSSE DANS TOUTES LES CATÉGORIES.,COT-VRO-veaux14j_synthese-A24-S15.csv
2024,15,,2024-04-08,2024-04-14,CADRAN D'ARMOR,08/04/2024,306,2,MARCHÉ STABLE.,COT-VRO-veaux14j_synthese-A24-S15.csv
2024,15,,2024-04-08,2024-04-14,CARENTAN,09/04/2024,,,,COT-VRO-veaux14j_synthese-A24-S15.csv
2024,15,,2024-04-08,2024-04-14,CHATEAUGONTIER,11/04/2024,585,-20,L'OFFRE CORRESPOND À UNE DEMANDE SOUTENUE. LES COURS PROGRESSENT.,COT-VRO-veaux14j_synthese-A24-S15.csv
2024,15,,2024-04-08,2024-04-14,LA TALAUDIERE,08/04/2024,351,139,TOUJOURS UNE BONNE DEMANDE EN TOUTES CATÉGORIES.,COT-VRO-veaux14j_synthese-A24-S15.csv
2024,15,,2024-04-08,2024-04-14,LAMBALLE,09/04/2024,261,-70,L'OFFRE EST DE BONNE QUALITÉ D'ENSEMBLE MALGRÉ DES VEAUX ISSUS DE CROISEMENTS LAITIERS QUI DEMEURENT MOINS DISCUTÉS.,COT-VRO-veaux14j_synthese-A24-S15.csv
2024,15,,2024-04-08,2024-04-14,LEZAY,09/04/2024,1078,204,"VENTE FLUIDE, RÉAJUSTEMENT DES COURS.",COT-VRO-veaux14j_synthese-A24-S15.csv
2024,15,,2024-04-08,2024-04-14,RETHEL,08/04/2024,105,,RÉACTUALISATION DES COURS SUITE À L'ABSENCE DE MARCHÉ EN SEMAINE 14.,COT-VRO-veaux14j_synthese-A24-S15.csv
2024,15,,2024-04-08,2024-04-14,TOTAL,,3123,526,,COT-VRO-veaux14j_synthese-A24-S15.csv
2024,16,,2024-04-15,2024-04-21,AGEN,17/04/2024,144,-28,"AUGMENTATION EN PRIM'HOLTEIN PAR MANQUE D'OFFRE, BAISSE DES PRIX EN LIMOUSINS LIÉE AUX SORTIES D'ÉTÉ.",COT-VRO-veaux14j_synthese-A24-S16.csv
2024,16,,2024-04-15,2024-04-21,BOURG-EN-BRESSE,16/04/2024,230,-35,LA DEMANDE RESTE FORTE ENTRAÎNANT UNE NOUVELLE HAUSSE DES COURS.,COT-VRO-veaux14j_synthese-A24-S16.csv
2024,16,,2024-04-15,2024-04-21,CADRAN D'ARMOR,15/04/2024,288,-18,FORTE DEMANDE EN FEMELLE CROISÉE. BONNE PRÉSENTATION DANS L'ENSEMBLE.,COT-VRO-veaux14j_synthese-A24-S16.csv
2024,16,,2024-04-15,2024-04-21,CARENTAN,16/04/2024,,,,COT-VRO-veaux14j_synthese-A24-S16.csv
2024,16,,2024-04-15,2024-04-21,CHATEAUGONTIER,18/04/2024,595,10,"VENTE ACTIVE, POURSUITE DE LA HAUSSE.",COT-VRO-veaux14j_synthese-A24-S16.csv
2024,16,,2024-04-15,2024-04-21,LA TALAUDIERE,15/04/2024,293,-58,"MOINS D'APPORTS, LA VENTE RESTE TOUJOURS FACILE.",COT-VRO-veaux14j_synthese-A24-S16.csv
2024,16,,2024-04-15,2024-04-21,LAMBALLE,16/04/2024,291,30,"OFFRE ÉTOFFÉE, BONNE QUALITÉ D'ENSEMBLE. BONNE DEMANDE DANS LES SUJETS DE RACE MIXTE ET FEMELLES.",COT-VRO-veaux14j_synthese-A24-S16.csv
2024,16,,2024-04-15,2024-04-21,LEZAY,16/04/2024,1026,-52,APPORTS STABLES AVEC UNE DEMANDE SOUTENUE.,COT-VRO-veaux14j_synthese-A24-S16.csv
2024,16,,2024-04-15,2024-04-21,RETHEL,15/04/2024,80,-25,VENTES FACILES EN TOUTES CATÉGORIES.,COT-VRO-veaux14j_synthese-A24-S16.csv
2024,16,,2024-04-15,2024-04-21,TOTAL,,2947,-176,,COT-VRO-veaux14j_synthese-A24-S16.csv
2024,17,,2024-04-22,2024-04-28,AGEN,24/04/2024,137,-7,COURS RECONDUITS.,COT-VRO-veaux14j_synthese-A24-S17.csv
2024,17,,2024-04-22,2024-04-28,BOURG-EN-BRESSE,23/04/2024,232,2,LE COMMERCE EST FLUIDE ET LA VENTE FACILE. LES COURS SONT RECONDUITS.,COT-VRO-veaux14j_synthese-A24-S17.csv
2024,17,,2024-04-22,2024-04-28,CADRAN D'ARMOR,22/04/2024,328,40,OFFRE PLUS IMPORTANTE AVEC UNE BONNE TENUE DES COURS.,COT-VRO-veaux14j_synthese-A24-S17.csv
2024,17,,2024-04-22,2024-04-28,CARENTAN,23/04/2024,,,,COT-VRO-veaux14j_synthese-A24-S17.csv
2024,17,,2024-04-22,2024-04-28,CHATEAUGONTIER,25/04/2024,515,-80,"COMMERCE FLUIDE, COURS RECONDUITS.",COT-VRO-veaux14j_synthese-A24-S17.csv
2024,17,,2024-04-22,2024-04-28,LA TALAUDIERE,22/04/2024,363,70,COURS FACILEMENT RECONDUITS.,COT-VRO-veaux14j_synthese-A24-S17.csv
2024,17,,2024-04-22,2024-04-28,LAMBALLE,23/04/2024,346,55,OFFRE PLUS CONSÉQUENTE. VENTE ACTIVE ET DEMANDE TOUJOURS PRÉSENTE DANS TOUTES LES CATÉGORIES.,COT-VRO-veaux14j_synthese-A24-S17.csv
2024,17,,2024-04-22,2024-04-28,LEZAY,23/04/2024,984,-42,"APPORTS MOINS IMPORTANTS, BONNE DEMANDE.",COT-VRO-veaux14j_synthese-A24-S17.csv
2024,17,,2024-04-22,2024-04-28,RETHEL,22/04/2024,82,2,"VENTES FACILES, COURS RECONDUITS.",COT-VRO-veaux14j_synthese-A24-S17.csv
2024,17,,2024-04-22,2024-04-28,TOTAL,,2987,40,,COT-VRO-veaux14j_synthese-A24-S17.csv
2024,18,,2024-04-29,2024-05-05,AGEN,01/05/2024,95,-42,COURS STABLES.,COT-VRO-veaux14j_synthese-A24-S18.csv
2024,18,,2024-04-29,2024-05-05,BOURG-EN-BRESSE,30/04/2024,245,13,LA COMMERCIALISATION EST FACILE FACE À UNE DEMANDE QUI RESTE FORTE.,COT-VRO-veaux14j_synthese-A24-S18.csv
2024,18,,2024-04-29,2024-05-05,CADRAN D'ARMOR,29/04/2024,353,25,COURS RECONDUITS MALGRÉ UNE OFFRE IMPORTANTE.,COT-VRO-veaux14j_synthese-A24-S18.csv
2024,18,,2024-04-29,2024-05-05,CARENTAN,30/04/2024,,,,COT-VRO-veaux14j_synthese-A24-S18.csv
2024,18,,2024-04-29,2024-05-05,CHATEAUGONTIER,02/05/2024,513,-2,"MALGRÉ UN JOUR FÉRIÉ, APPORTS SUFFISANTS. RECONDUCTION DES COURS.",COT-VRO-veaux14j_synthese-A24-S18.csv
2024,18,,2024-04-29,2024-05-05,LA TALAUDIERE,29/04/2024,276,-87,"PEU D'APPORTS, TOUJOURS UNE BONNE DEMANDE EN TOUTES CATÉGORIES.",COT-VRO-veaux14j_synthese-A24-S18.csv
2024,18,,2024-04-29,2024-05-05,LAMBALLE,30/04/2024,307,-39,APPORT STABLE. OFFRE HOMOGÈNE DANS LES MÂLES LAITIERS. ORIGINE DIVERSE ET VARIÉE DANS LES SUJETS CROISÉS.,COT-VRO-veaux14j_synthese-A24-S18.csv
2024,18,,2024-04-29,2024-05-05,LEZAY,30/04/2024,1029,45,"COMMERCE ACTIF AVEC UNE BONNE DEMANDE, SAUF EN LIMOUSINS CE QUI ENTRAÎNE UNE LÉGÈRE BAISSE.",COT-VRO-veaux14j_synthese-A24-S18.csv
2024,18,,2024-04-29,2024-05-05,RETHEL,29/04/2024,96,14,VENTES FACILES EN TOUTES CATÉGORIES.,COT-VRO-veaux14j_synthese-A24-S18.csv
2024,18,,2024-04-29,2024-05-05,TOTAL,,2914,-73,,COT-VRO-veaux14j_synthese-A24-S18.csv
2024,19,,2024-05-06,2024-05-12,AGEN,08/05/2024,,,MARCHÉ FERMÉ EN RAISON DU JOUR FÉRIÉ. COURS RECONDUITS POUR INFORMATION.,COT-VRO-veaux14j_synthese-A24-S19.csv
2024,19,,2024-05-06,2024-05-12,BOURG-EN-BRESSE,07/05/2024,143,-102,MARCHÉ FORTEMENT PERTURBÉ PAR LES JOURS FÉRIÉS CONSÉCUTIFS. LES COURS SONT RECONDUITS POUR INFORMATION.,COT-VRO-veaux14j_synthese-A24-S19.csv
2024,19,,2024-05-06,2024-05-12,CADRAN D'ARMOR,06/05/2024,260,-93,MOINS D'OFFRE. COURS RECONDUITS.,COT-VRO-veaux14j_synthese-A24-S19.csv
2024,19,,2024-05-06,2024-05-12,CARENTAN,07/05/2024,,,,COT-VRO-veaux14j_synthese-A24-S19.csv
2024,19,,2024-05-06,2024-05-12,CHATEAUGONTIER,09/05/2024,,,MARCHÉ FERMÉ EN RAISON DU JOUR FÉRIÉ. COURS RECONDUITS POUR INFORMATION.,COT-VRO-veaux14j_synthese-A24-S19.csv
2024,19,,2024-05-06,2024-05-12,LA TALAUDIERE,06/05/2024,327,51,COURS FACILEMENT RECONDUITS.,COT-VRO-veaux14j_synthese-A24-S19.csv
2024,19,,2024-05-06,2024-05-12,LAMBALLE,07/05/2024,126,-181,APPORT FAIBLE. LA VENTE DEMEURE RÉGULIÈRE ET LES COURS RECONDUITS.,COT-VRO-veaux14j_synthese-A24-S19.csv
2024,19,,2024-05-06,2024-05-12,LEZAY,07/05/2024,875,-154,"MARCHÉ AVEC UN APPORT PLUS FAIBLE, BONNE DEMANDE. COURS STABLES.",COT-VRO-veaux14j_synthese-A24-S19.csv
2024,19,,2024-05-06,2024-05-12,RETHEL,06/05/2024,106,10,"COURS RECONDUITS, VENTES FACILES EN TOUTES CATÉGORIES.",COT-VRO-veaux14j_synthese-A24-S19.csv
2024,19,,2024-05-06,2024-05-12,TOTAL,,1837,-1077,,COT-VRO-veaux14j_synthese-A24-S19.csv
2024,20,,2024-05-13,2024-05-19,AGEN,15/05/2024,165,,BONNE DEMANDE EN VEAUX LAITIERS ET CROISÉS LAITIERS. RÉAJUSTEMENT EN CROISÉS MIXTES.,COT-VRO-veaux14j_synthese-A24-S20.csv
2024,20,,2024-05-13,2024-05-19,BOURG-EN-BRESSE,14/05/2024,196,53,PEU DE VÊLAGES ACTUELLEMENT CE QUI LIMITE L'OFFRE. LA VENTE EST RAPIDE ET LES COURS EN HAUSSE.,COT-VRO-veaux14j_synthese-A24-S20.csv
2024,20,,2024-05-13,2024-05-19,CADRAN D'ARMOR,13/05/2024,254,-6,COURS RECONDUITS. OFFRE MOINS IMPORTANTE DUE AU RETARD DES PASSEPORTS.,COT-VRO-veaux14j_synthese-A24-S20.csv
2024,20,,2024-05-13,2024-05-19,CARENTAN,14/05/2024,,,,COT-VRO-veaux14j_synthese-A24-S20.csv
2024,20,,2024-05-13,2024-05-19,CHATEAUGONTIER,16/05/2024,664,,"APPORTS INSUFFISANTS, DEMANDE EN AUGMENTATION. COURS FACILEMENT RECONDUITS. VENTE TRÈS ACTIVE DANS TOUS LES CROISÉS.",COT-VRO-veaux14j_synthese-A24-S20.csv
2024,20,,2024-05-13,2024-05-19,LA TALAUDIERE,13/05/2024,249,-78,"TOUJOURS PEU D'APPORT, LA VENTE RESTE FACILE.",COT-VRO-veaux14j_synthese-A24-S20.csv
2024,20,,2024-05-13,2024-05-19,LAMBALLE,14/05/2024,337,211,"VENTE FLUIDE, DEMANDE IMPORTANTE EN MÂLES LAITIERS, TARIFS À LA HAUSSE.",COT-VRO-veaux14j_synthese-A24-S20.csv
2024,20,,2024-05-13,2024-05-19,LEZAY,14/05/2024,935,60,COURS RECONDUITS AVEC UN APPORT TOUJOURS LIMITÉ.,COT-VRO-veaux14j_synthese-A24-S20.csv
2024,20,,2024-05-13,2024-05-19,RETHEL,13/05/2024,52,-54,"COURS RECONDUITS, VENTES FACILES.",COT-VRO-veaux14j_synthese-A24-S20.csv
2024,20,,2024-05-13,2024-05-19,TOTAL,,2852,1015,,COT-VRO-veaux14j_synthese-A24-S20.csv
2024,21,,2024-05-20,2024-05-26,AGEN,22/05/2024,79,-86,PEU DE MARCHANDISES. MARCHÉ ACTIF EN LAITIERS ET CROISÉS LAITIERS.,COT-VRO-veaux14j_synthese-A24-S21.csv
2024,21,,2024-05-20,2024-05-26,BOURG-EN-BRESSE,21/05/2024,165,-31,LE PEU DE VEAUX DISPONIBLES SUR LE MARCHÉ ENTRAÎNE UNE HAUSSE GÉNÉRALE DES COURS.,COT-VRO-veaux14j_synthese-A24-S21.csv
2024,21,,2024-05-20,2024-05-26,CADRAN D'ARMOR,20/05/2024,313,59,COURS RECONDUITS. OFFRE PLUS IMPORTANTE.,COT-VRO-veaux14j_synthese-A24-S21.csv
2024,21,,2024-05-20,2024-05-26,CARENTAN,21/05/2024,,,,COT-VRO-veaux14j_synthese-A24-S21.csv
2024,21,,2024-05-20,2024-05-26,CHATEAUGONTIER,23/05/2024,736,72,APPORTS EN HAUSSE POUR CETTE SEMAINE AVEC UN JOUR FÉRIÉ. COURS TRÈS FACILEMENT RECONDUITS.,COT-VRO-veaux14j_synthese-A24-S21.csv
2024,21,,2024-05-20,2024-05-26,LA TALAUDIERE,20/05/2024,260,11,"MARCHÉ DÉCALÉ DU FAIT DU LUNDI DE PENTECÔTE, COURS RECONDUITS.",COT-VRO-veaux14j_synthese-A24-S21.csv
2024,21,,2024-05-20,2024-05-26,LAMBALLE,21/05/2024,323,-14,"L'OFFRE EST PLUS CONSÉQUENTE. TARIFS STABLES, QUALITÉ HÉTÉROGÈNE.",COT-VRO-veaux14j_synthese-A24-S21.csv
2024,21,,2024-05-20,2024-05-26,LEZAY,21/05/2024,1016,81,"MARCHÉ DÉCALÉ, APPORT STABLE MALGRÉ LE JOUR FÉRIÉ. RÉAJUSTEMENT DE CERTAINES CATÉGORIES.",COT-VRO-veaux14j_synthese-A24-S21.csv
2024,21,,2024-05-20,2024-05-26,RETHEL,20/05/2024,,,"PAS DE MARCHÉ (LUNDI FÉRIÉ), COURS RECONDUITS POUR INFORMATION.",COT-VRO-veaux14j_synthese-A24-S21.csv
2024,21,,2024-05-20,2024-05-26,TOTAL,,2892,40,,COT-VRO-veaux14j_synthese-A24-S21.csv
2024,22,,2024-05-27,2024-06-02,AGEN,29/05/2024,106,27,COURS RECONDUITS.,COT-VRO-veaux14j_synthese-A24-S22.csv
2024,22,,2024-05-27,2024-06-02,BOURG-EN-BRESSE,28/05/2024,229,64,"LA VENTE EST RAPIDE ET LES COURS FACILEMENT RECONDUITS. L'OFFRE RESTANT LIMITÉE, LE TRI EST MOINS SÉVÈRE.",COT-VRO-veaux14j_synthese-A24-S22.csv
2024,22,,2024-05-27,2024-06-02,CADRAN D'ARMOR,27/05/2024,340,27,COURS RECONDUITS. OFFRE PLUS IMPORTANTE.,COT-VRO-veaux14j_synthese-A24-S22.csv
2024,22,,2024-05-27,2024-06-02,CARENTAN,28/05/2024,,,MARCHÉ FERMÉ.,COT-VRO-veaux14j_synthese-A24-S22.csv
2024,22,,2024-05-27,2024-06-02,CHATEAUGONTIER,30/05/2024,590,-146,L'OFFRE EST EN ADÉQUATION AVEC LA DEMANDE. COURS INCHANGÉS.,COT-VRO-veaux14j_synthese-A24-S22.csv
2024,22,,2024-05-27,2024-06-02,LA TALAUDIERE,27/05/2024,240,-20,PEU D'APPORTS AVEC DES COURS RECONDUITS.,COT-VRO-veaux14j_synthese-A24-S22.csv
2024,22,,2024-05-27,2024-06-02,LAMBALLE,28/05/2024,334,11,/,COT-VRO-veaux14j_synthese-A24-S22.csv
2024,22,,2024-05-27,2024-06-02,LEZAY,28/05/2024,1167,151,"APPORTS STABLES, COURS RECONDUITS.",COT-VRO-veaux14j_synthese-A24-S22.csv
2024,22,,2024-05-27,2024-06-02,RETHEL,27/05/2024,155,,"BONNE DEMANDE, VENTES FACILES.",COT-VRO-veaux14j_synthese-A24-S22.csv
2024,22,,2024-05-27,2024-06-02,TOTAL,,3161,269,,COT-VRO-veaux14j_synthese-A24-S22.csv
2024,23,,2024-06-03,2024-06-09,AGEN,05/06/2024,88,-18,"FAIBLE EFFECTIF, COURS RECONDUITS.",COT-VRO-veaux14j_synthese-A24-S23.csv
2024,23,,2024-06-03,2024-06-09,BOURG-EN-BRESSE,04/06/2024,244,15,COURS RECONDUITS.,COT-VRO-veaux14j_synthese-A24-S23.csv
2024,23,,2024-06-03,2024-06-09,CADRAN D'ARMOR,03/06/2024,289,-51,COURS RECONDUITS. BONNE DEMANDE EN FEMELLES CROISÉES.,COT-VRO-veaux14j_synthese-A24-S23.csv
2024,23,,2024-06-03,2024-06-09,CARENTAN,04/06/2024,,,,COT-VRO-veaux14j_synthese-A24-S23.csv
2024,23,,2024-06-03,2024-06-09,CHATEAUGONTIER,06/06/2024,495,-95,"FAIBLESSE DES APPORTS, COURS FACILEMENT RECONDUITS.",COT-VRO-veaux14j_synthese-A24-S23.csv
2024,23,,2024-06-03,2024-06-09,LA TALAUDIERE,03/06/2024,288,48,COURS RECONDUITS.,COT-VRO-veaux14j_synthese-A24-S23.csv
2024,23,,2024-06-03,2024-06-09,LAMBALLE,04/06/2024,270,-64,/,COT-VRO-veaux14j_synthese-A24-S23.csv
2024,23,,2024-06-03,2024-06-09,LEZAY,04/06/2024,930,-237,"COURS RECONDUITS EN TOUTES CATÉGORIES, MALGRÉ UNE BAISSE D'EFFECTIF.",COT-VRO-veaux14j_synthese-A24-S23.csv
2024,23,,2024-06-03,2024-06-09,RETHEL,03/06/2024,86,-69,COURS RECONDUITS.,COT-VRO-veaux14j_synthese-A24-S23.csv
2024,23,,2024-06-03,2024-06-09,TOTAL,,2690,-471,,COT-VRO-veaux14j_synthese-A24-S23.csv
2024,24,,2024-06-10,2024-06-16,AGEN,12/06/2024,127,39,AUGMENTATION DES COURS POUR LES VEAUX LAITIERS ET CROISÉS.,COT-VRO-veaux14j_synthese-A24-S24.csv
2024,24,,2024-06-10,2024-06-16,BOURG-EN-BRESSE,11/06/2024,184,-60,LES APPORTS SONT DE SAISON ET LES INTÉGRATEURS ONT DES DIFFICULTÉS À MAINTENIR LES ACHATS. LES COURS SONT EN HAUSSE.,COT-VRO-veaux14j_synthese-A24-S24.csv
2024,24,,2024-06-10,2024-06-16,CADRAN D'ARMOR,10/06/2024,315,26,VENTE PLUS ACTIVE EN MÂLES CROISÉS DE QUALITÉ.,COT-VRO-veaux14j_synthese-A24-S24.csv
2024,24,,2024-06-10,2024-06-16,CARENTAN,11/06/2024,,,,COT-VRO-veaux14j_synthese-A24-S24.csv
2024,24,,2024-06-10,2024-06-16,CHATEAUGONTIER,13/06/2024,523,28,"FAIBLESSE DES APPORTS, HAUSSE DANS L'ENSEMBLE DES CROISÉS. FACILE RECONDUCTION DANS LES MIXTES ET LAITIERS.",COT-VRO-veaux14j_synthese-A24-S24.csv
2024,24,,2024-06-10,2024-06-16,LA TALAUDIERE,10/06/2024,252,-36,TOUJOURS PEU D'APPORTS. LA VENTE RESTE FACILE EN TOUTE CATÉGORIES.,COT-VRO-veaux14j_synthese-A24-S24.csv
2024,24,,2024-06-10,2024-06-16,LAMBALLE,11/06/2024,312,42,LA DEMANDE RESTE SOUTENUE DANS TOUTE LES CATÉGORIES.,COT-VRO-veaux14j_synthese-A24-S24.csv
2024,24,,2024-06-10,2024-06-16,LEZAY,11/06/2024,822,-108,"VENTES FLUIDES, APPORTS JUSTE SUFFISANTS POUR RÉPONDRE À LA DEMANDE.",COT-VRO-veaux14j_synthese-A24-S24.csv
2024,24,,2024-06-10,2024-06-16,RETHEL,10/06/2024,67,-19,BONNE DEMANDE EN TOUTES CATÉGORIES.,COT-VRO-veaux14j_synthese-A24-S24.csv
2024,24,,2024-06-10,2024-06-16,TOTAL,,2602,-88,,COT-VRO-veaux14j_synthese-A24-S24.csv
2024,25,,2024-06-17,2024-06-23,AGEN,19/06/2024,81,-46,COURS RECONDUITS.,COT-VRO-veaux14j_synthese-A24-S25.csv
2024,25,,2024-06-17,2024-06-23,BOURG-EN-BRESSE,18/06/2024,219,35,LES COURS SONT FACILEMENT RECONDUITS. LE MARCHÉ EST À L'ÉQUILIBRE.,COT-VRO-veaux14j_synthese-A24-S25.csv
2024,25,,2024-06-17,2024-06-23,CADRAN D'ARMOR,17/06/2024,305,-10,VENTE FERME EN GÉNÉRAL ET PLUS ACCENTUÉE DANS LES BONS CROISÉS.,COT-VRO-veaux14j_synthese-A24-S25.csv
2024,25,,2024-06-17,2024-06-23,CARENTAN,18/06/2024,122,,"REPRISE DU MARCHÉ (FERMÉ DEPUIS LE 14 NOVEMBRE 2023 SUITE À LA TEMPÊTE), PRÉSENCE IMPORTANTE DES ACHETEURS.",COT-VRO-veaux14j_synthese-A24-S25.csv
2024,25,,2024-06-17,2024-06-23,CHATEAUGONTIER,20/06/2024,503,-20,LE COMMERCE RESTE FLUIDE AVEC DES COURS QUI SE STABILISENT.,COT-VRO-veaux14j_synthese-A24-S25.csv
2024,25,,2024-06-17,2024-06-23,LA TALAUDIERE,17/06/2024,320,68,LA VENTE RESTE FACILE EN TOUTES CATÉGORIES.,COT-VRO-veaux14j_synthese-A24-S25.csv
2024,25,,2024-06-17,2024-06-23,LAMBALLE,18/06/2024,271,-41,LA VENTE DEMEURE TOUJOURS ACTIVE QUELQUE SOIT L'ORIGINE. HAUSSE DES TARIFS.,COT-VRO-veaux14j_synthese-A24-S25.csv
2024,25,,2024-06-17,2024-06-23,LEZAY,18/06/2024,850,28,COURS RECONDUITS.,COT-VRO-veaux14j_synthese-A24-S25.csv
2024,25,,2024-06-17,2024-06-23,RETHEL,17/06/2024,67,0,VENTES FACILES EN TOUTES CATÉGORIES.,COT-VRO-veaux14j_synthese-A24-S25.csv
2024,25,,2024-06-17,2024-06-23,TOTAL,,2738,136,,COT-VRO-veaux14j_synthese-A24-S25.csv
2024,26,,2024-06-24,2024-06-30,AGEN,26/06/2024,122,41,COURS RECONDUITS.,COT-VRO-veaux14j_synthese-A24-S26.csv
2024,26,,2024-06-24,2024-06-30,BOURG-EN-BRESSE,25/06/2024,194,-25,L'OFFRE RESTE DE SAISON MAIS LES ACHETEURS SONT PRÉSENTS. LES COURS SONT RECONDUITS SANS DIFFICULTÉ.,COT-VRO-veaux14j_synthese-A24-S26.csv
2024,26,,2024-06-24,2024-06-30,CADRAN D'ARMOR,24/06/2024,300,-5,"APPORT STABLE, AVEC UNE FORTE DEMANDE EN VEAUX CROISÉS DE QUALITÉ.",COT-VRO-veaux14j_synthese-A24-S26.csv
2024,26,,2024-06-24,2024-06-30,CARENTAN,25/06/2024,124,2,COURS PLUS ACTIFS EN HAUT DE GAMME AVEC PLUS DE VENDEURS.,COT-VRO-veaux14j_synthese-A24-S26.csv
2024,26,,2024-06-24,2024-06-30,CHATEAUGONTIER,27/06/2024,490,-13,COMMERCE FLUIDE EN TOUTES CATÉGORIES. OFFRE INSUFFISANTE POUR LES BESOINS DES INTÉGRATEURS.,COT-VRO-veaux14j_synthese-A24-S26.csv
2024,26,,2024-06-24,2024-06-30,LA TALAUDIERE,24/06/2024,262,-58,"MOINS D'APPORTS, VENTE STABLE.",COT-VRO-veaux14j_synthese-A24-S26.csv
2024,26,,2024-06-24,2024-06-30,LAMBALLE,25/06/2024,244,-27,L'OFFRE EST PLUS MODESTE. LES TARIFS RESTENT STABLES TANT EN MÂLES QU'EN FEMELLES.,COT-VRO-veaux14j_synthese-A24-S26.csv
2024,26,,2024-06-24,2024-06-30,LEZAY,25/06/2024,798,-52,COURS RECONDUITS MALGRÉ UN APPORT MOINS IMPORTANT. LES VEAUX LAITIERS SONT PLUS LÉGERS.,COT-VRO-veaux14j_synthese-A24-S26.csv
2024,26,,2024-06-24,2024-06-30,RETHEL,24/06/2024,87,20,COURS RECONDUITS DANS L'ENSEMBLE.,COT-VRO-veaux14j_synthese-A24-S26.csv
2024,26,,2024-06-24,2024-06-30,TOTAL,,2621,-117,,COT-VRO-veaux14j_synthese-A24-S26.csv
2024,27,,2024-07-01,2024-07-07,AGEN,03/07/2024,91,-31,"FAIBLES APPORTS, COURS RECONDUITS.",COT-VRO-veaux14j_synthese-A24-S27.csv
2024,27,,2024-07-01,2024-07-07,BOURG-EN-BRESSE,02/07/2024,187,-7,LES COURS SONT FACILEMENT RECONDUITS EN RAISON D'APPORTS MODÉRÉS.,COT-VRO-veaux14j_synthese-A24-S27.csv
2024,27,,2024-07-01,2024-07-07,CADRAN D'ARMOR,01/07/2024,304,4,COURS RECONDUITS AVEC UNE VENTE ACTIVE.,COT-VRO-veaux14j_synthese-A24-S27.csv
2024,27,,2024-07-01,2024-07-07,CARENTAN,02/07/2024,115,-9,COURS PLUS ACTIFS DANS LES CROISÉS ET STABLES DANS LE RESTE.,COT-VRO-veaux14j_synthese-A24-S27.csv
2024,27,,2024-07-01,2024-07-07,CHATEAUGONTIER,04/07/2024,467,-23,VENTE TRÈS FACILE TOUTES CATÉGORIES CONFONDUES.,COT-VRO-veaux14j_synthese-A24-S27.csv
2024,27,,2024-07-01,2024-07-07,LA TALAUDIERE,01/07/2024,348,86,VENTES TOUJOURS STABLES.,COT-VRO-veaux14j_synthese-A24-S27.csv
2024,27,,2024-07-01,2024-07-07,LAMBALLE,02/07/2024,264,20,LES COURS DEMEURENT STABLES DANS TOUTES LES CATÉGORIES. LA DEMANDE EST RECONDUITE.,COT-VRO-veaux14j_synthese-A24-S27.csv
2024,27,,2024-07-01,2024-07-07,LEZAY,02/07/2024,853,55,"APPORTS STABLES, COURS RECONDUITS.",COT-VRO-veaux14j_synthese-A24-S27.csv
2024,27,,2024-07-01,2024-07-07,RETHEL,01/07/2024,65,-22,COURS RECONDUITS.,COT-VRO-veaux14j_synthese-A24-S27.csv
2024,27,,2024-07-01,2024-07-07,TOTAL,,2694,73,,COT-VRO-veaux14j_synthese-A24-S27.csv
2024,28,,2024-07-08,2024-07-14,AGEN,10/07/2024,112,21,"FAIBLES APPORTS, COURS RECONDUITS.",COT-VRO-veaux14j_synthese-A24-S28.csv
2024,28,,2024-07-08,2024-07-14,BOURG-EN-BRESSE,09/07/2024,197,10,VEAUX DE QUALITÉ TOUJOURS NÉGOCIÉS FACILEMENT. TRI PLUS SÉVÈRE SUR LA MARCHANDISE MOYENNE AVEC UNE TENDANCE BAISSIÈRE.,COT-VRO-veaux14j_synthese-A24-S28.csv
2024,28,,2024-07-08,2024-07-14,CADRAN D'ARMOR,08/07/2024,286,-18,VENTE FERME AVEC UNE OFFRE STABLE. COURS ÉLEVÉS DANS LES BONS VEAUX CROISÉS.,COT-VRO-veaux14j_synthese-A24-S28.csv
2024,28,,2024-07-08,2024-07-14,CARENTAN,09/07/2024,114,-1,COURS RECONDUITS DANS L'ENSEMBLE.,COT-VRO-veaux14j_synthese-A24-S28.csv
2024,28,,2024-07-08,2024-07-14,CHATEAUGONTIER,11/07/2024,484,17,LES APPORTS INSUFFISANTS ET UNE BONNE DEMANDE FAVORISE UNE FACILE RECONDUCTION DES COURS.,COT-VRO-veaux14j_synthese-A24-S28.csv
2024,28,,2024-07-08,2024-07-14,LA TALAUDIERE,08/07/2024,300,-48,COURS RECONDUITS AVEC UN TRI PLUS SÉVÈRE EN MARCHANDISE MOYENNE.,COT-VRO-veaux14j_synthese-A24-S28.csv
2024,28,,2024-07-08,2024-07-14,LAMBALLE,09/07/2024,266,2,VENTE DYNAMIQUE DANS TOUTES LES CATÉGORIES.,COT-VRO-veaux14j_synthese-A24-S28.csv
2024,28,,2024-07-08,2024-07-14,LEZAY,09/07/2024,819,-34,APPORTS LIMITÉS POUR LA SAISON. RÉAJUSTEMENT DES COURS.,COT-VRO-veaux14j_synthese-A24-S28.csv
2024,28,,2024-07-08,2024-07-14,RETHEL,08/07/2024,86,21,COURS RECONDUITS.,COT-VRO-veaux14j_synthese-A24-S28.csv
2024,28,,2024-07-08,2024-07-14,TOTAL,,2664,-30,,COT-VRO-veaux14j_synthese-A24-S28.csv
2024,29,,2024-07-15,2024-07-21,AGEN,17/07/2024,,,COURS RECONDUITS POUR INFORMATION.,COT-VRO-veaux14j_synthese-A24-S29.csv
2024,29,,2024-07-15,2024-07-21,BOURG-EN-BRESSE,16/07/2024,201,4,TENDANCE BAISSIÈRE MALGRÉ DES APPORTS MODÉRÉS. LA DEMANDE EST EN BAISSE ET LE TRI S'INTENSIFIE.,COT-VRO-veaux14j_synthese-A24-S29.csv
2024,29,,2024-07-15,2024-07-21,CADRAN D'ARMOR,15/07/2024,293,7,"APPORT STABLE, COURS RECONDUITS. FORTE DEMANDE.",COT-VRO-veaux14j_synthese-A24-S29.csv
2024,29,,2024-07-15,2024-07-21,CARENTAN,16/07/2024,96,-18,COURS RECONDUITS.,COT-VRO-veaux14j_synthese-A24-S29.csv
2024,29,,2024-07-15,2024-07-21,CHATEAUGONTIER,18/07/2024,557,73,"APPORTS EN HAUSSE, SUFFISANTS POUR LES BESOINS DES INTÉGRATEURS. COMMERCE FLUIDE AVEC DES COURS FACILEMENT RECONDUITS.",COT-VRO-veaux14j_synthese-A24-S29.csv
2024,29,,2024-07-15,2024-07-21,LA TALAUDIERE,15/07/2024,365,65,"COURS RECONDUITS, AVEC UN TRI PLUS SÉLECTIF EN BONNE MARCHANDISE.",COT-VRO-veaux14j_synthese-A24-S29.csv
2024,29,,2024-07-15,2024-07-21,LAMBALLE,16/07/2024,210,-56,L'OFFRE EST MOINDRE MAIS LES TARIFS RESTENT STABLES.,COT-VRO-veaux14j_synthese-A24-S29.csv
2024,29,,2024-07-15,2024-07-21,LEZAY,16/07/2024,977,158,"MANQUE D'OFFRE TOUTES CATÉGORIES, LES VÊLAGES SE FONT ATTENDRE. COURS GLOBALEMENT RECONDUITS.",COT-VRO-veaux14j_synthese-A24-S29.csv
2024,29,,2024-07-15,2024-07-21,RETHEL,15/07/2024,69,-17,COURS RECONDUITS.,COT-VRO-veaux14j_synthese-A24-S29.csv
2024,29,,2024-07-15,2024-07-21,TOTAL,,2768,104,,COT-VRO-veaux14j_synthese-A24-S29.csv
2024,30,,2024-07-22,2024-07-28,AGEN,24/07/2024,164,,"COURS RECONDUITS, FAIBLE APPORT.",COT-VRO-veaux14j_synthese-A24-S30.csv
2024,30,,2024-07-22,2024-07-28,BOURG-EN-BRESSE,23/07/2024,213,12,LES COURS RESTENT STABLES AVEC UN TRI PLUS SÉVÈRE EN MARCHANDISE INFÉRIEURE.,COT-VRO-veaux14j_synthese-A24-S30.csv
2024,30,,2024-07-22,2024-07-28,CADRAN D'ARMOR,22/07/2024,306,13,COURS RECONDUIT.,COT-VRO-veaux14j_synthese-A24-S30.csv
2024,30,,2024-07-22,2024-07-28,CARENTAN,23/07/2024,95,-1,"FAIBLE EFFECTIF, COURS RECONDUITS.",COT-VRO-veaux14j_synthese-A24-S30.csv
2024,30,,2024-07-22,2024-07-28,CHATEAUGONTIER,25/07/2024,523,-34,COURS RECONDUITS.,COT-VRO-veaux14j_synthese-A24-S30.csv
2024,30,,2024-07-22,2024-07-28,LA TALAUDIERE,22/07/2024,330,-35,"COURS RECONDUITS, VENTE PLUS DIFFICILE EN PETITE MARCHANDISE.",COT-VRO-veaux14j_synthese-A24-S30.csv
2024,30,,2024-07-22,2024-07-28,LAMBALLE,23/07/2024,259,49,"LA VENTE DEMEURE FLUIDE ET DYNAMIQUE. DEMANDE SOUTENUE, MALGRÉ UNE OFFRE LIMITÉE.",COT-VRO-veaux14j_synthese-A24-S30.csv
2024,30,,2024-07-22,2024-07-28,LEZAY,23/07/2024,997,20,LES COURS SONT RECONDUITS.,COT-VRO-veaux14j_synthese-A24-S30.csv
2024,30,,2024-07-22,2024-07-28,RETHEL,22/07/2024,68,-1,COURS RECONDUITS.,COT-VRO-veaux14j_synthese-A24-S30.csv
2024,30,,2024-07-22,2024-07-28,TOTAL,,2955,187,,COT-VRO-veaux14j_synthese-A24-S30.csv
2024,31,,2024-07-29,2024-08-04,AGEN,31/07/2024,109,-55,RÉAJUSTEMENT DES COURS POUR LES PRIM'HOLSTEIN.,COT-VRO-veaux14j_synthese-A24-S31.csv
2024,31,,2024-07-29,2024-08-04,BOURG-EN-BRESSE,30/07/2024,244,31,LES COURS SONT RECONDUITS. LE TRI EST DE PLUS EN PLUS SÉVÈRE POUR LES VEAUX INTERMÉDIAIRES ET MAIGRES.,COT-VRO-veaux14j_synthese-A24-S31.csv
2024,31,,2024-07-29,2024-08-04,CADRAN D'ARMOR,29/07/2024,356,50,"COURS RECONDUITS, PLUS DE VEAUX.",COT-VRO-veaux14j_synthese-A24-S31.csv
2024,31,,2024-07-29,2024-08-04,CARENTAN,30/07/2024,96,1,RÉACTUALISATION DES COURS EN HAUT DE GAMME ET RECONDUITS DANS LE RESTE.,COT-VRO-veaux14j_synthese-A24-S31.csv
2024,31,,2024-07-29,2024-08-04,CHATEAUGONTIER,01/08/2024,595,72,VENTE FACILE AVEC DES COURS RECONDUITS DANS L'EXPECTATIVE D'UNE ÉVOLUTION DES COURS DEUXIÈME QUINZAINE D'AOÛT.,COT-VRO-veaux14j_synthese-A24-S31.csv
2024,31,,2024-07-29,2024-08-04,LA TALAUDIERE,29/07/2024,355,25,LA VENTE RESTE DIFFICILE DANS LA MARCHANDISE INFÉRIEURE.,COT-VRO-veaux14j_synthese-A24-S31.csv
2024,31,,2024-07-29,2024-08-04,LAMBALLE,30/07/2024,270,11,"DEMANDE TOUJOURS PRÉSENTE, VENTE DYNAMIQUE. LES MÂLES LAITIERS DEMEURENT PRISÉS, TARIFS À TENDANCE HAUSSIÈRE.",COT-VRO-veaux14j_synthese-A24-S31.csv
2024,31,,2024-07-29,2024-08-04,LEZAY,30/07/2024,1128,131,"MARCHÉ AVANCÉ À CAUSE DES FORTES CHALEURS, COURS RECONDUITS.",COT-VRO-veaux14j_synthese-A24-S31.csv
2024,31,,2024-07-29,2024-08-04,RETHEL,29/07/2024,64,-4,COURS RECONDUITS.,COT-VRO-veaux14j_synthese-A24-S31.csv
2024,31,,2024-07-29,2024-08-04,TOTAL,,3217,262,,COT-VRO-veaux14j_synthese-A24-S31.csv
2024,32,,2024-08-05,2024-08-11,AGEN,07/08/2024,94,-15,COURS RECONDUITS.,COT-VRO-veaux14j_synthese-A24-S32.csv
2024,32,,2024-08-05,2024-08-11,BOURG-EN-BRESSE,06/08/2024,244,0,LES ACHETEURS FONT PRESSION ET TRIENT TOUJOURS PLUS SÉVÈREMENT. LES COURS PEINENT À ÊTRE RECONDUITS.,COT-VRO-veaux14j_synthese-A24-S32.csv
2024,32,,2024-08-05,2024-08-11,CADRAN D'ARMOR,05/08/2024,342,-14,BAISSE DES COURS.,COT-VRO-veaux14j_synthese-A24-S32.csv
2024,32,,2024-08-05,2024-08-11,CARENTAN,06/08/2024,92,-4,"BAISSE DANS LES LAITIERS, COURS DIFFICILEMENT RECONDUITS DANS LES AUTRES CATÉGORIES.",COT-VRO-veaux14j_synthese-A24-S32.csv
2024,32,,2024-08-05,2024-08-11,CHATEAUGONTIER,08/08/2024,615,20,APPORTS EN LÉGÈRE HAUSSE. STABILITÉ DES COURS AVEC TRI PLUS SÉVÈRE DANS LES GAMMES INFÉRIEURES.,COT-VRO-veaux14j_synthese-A24-S32.csv
2024,32,,2024-08-05,2024-08-11,LA TALAUDIERE,05/08/2024,431,76,"COURS RECONDUITS, TENDANCE TOUJOURS BAISSIÈRE EN MARCHANDISES INFÉRIEURES.",COT-VRO-veaux14j_synthese-A24-S32.csv
2024,32,,2024-08-05,2024-08-11,LAMBALLE,06/08/2024,328,58,LA VENTE RESTE DYNAMIQUE. PAS DE MARCHÉ DE LAMBALLE MARDI 13 AOÛT.,COT-VRO-veaux14j_synthese-A24-S32.csv
2024,32,,2024-08-05,2024-08-11,LEZAY,06/08/2024,1228,100,"APPORTS PLUS IMPORTANTS AVEC UN TRI SÉVÈRE, COURS EN BAISSE POUR LES LAITIERS.",COT-VRO-veaux14j_synthese-A24-S32.csv
2024,32,,2024-08-05,2024-08-11,RETHEL,05/08/2024,68,4,COURS RECONDUITS.,COT-VRO-veaux14j_synthese-A24-S32.csv
2024,32,,2024-08-05,2024-08-11,TOTAL,,3442,225,,COT-VRO-veaux14j_synthese-A24-S32.csv
2024,33,,2024-08-12,2024-08-18,AGEN,14/08/2024,,,PAS DE MARCHÉ. COURS RECONDUITS POUR INFORMATION.,COT-VRO-veaux14j_synthese-A24-S33.csv
2024,33,,2024-08-12,2024-08-18,BOURG-EN-BRESSE,13/08/2024,,,PAS DE MARCHÉ. COURS RECONDUITS POUR INFORMATION.,COT-VRO-veaux14j_synthese-A24-S33.csv
2024,33,,2024-08-12,2024-08-18,CADRAN D'ARMOR,12/08/2024,,,PAS DE MARCHÉ. COURS RECONDUITS POUR INFORMATION.,COT-VRO-veaux14j_synthese-A24-S33.csv
2024,33,,2024-08-12,2024-08-18,CARENTAN,13/08/2024,69,-23,"MARCHÉ TRÈS MOROSE AVEC BEAUCOUP D'INVENDUS, FORTE BAISSE DANS TOUTES LES CATÉGORIES ACCENTUÉE PAR LE 15 AOÛT FÉRIÉ.",COT-VRO-veaux14j_synthese-A24-S33.csv
2024,33,,2024-08-12,2024-08-18,CHATEAUGONTIER,15/08/2024,,,PAS DE MARCHÉ. COURS RECONDUITS POUR INFORMATION.,COT-VRO-veaux14j_synthese-A24-S33.csv
2024,33,,2024-08-12,2024-08-18,LA TALAUDIERE,12/08/2024,,,PAS DE MARCHÉ. COURS RECONDUITS POUR INFORMATION.,COT-VRO-veaux14j_synthese-A24-S33.csv
2024,33,,2024-08-12,2024-08-18,LAMBALLE,13/08/2024,157,-171,"PAS DE MARCHÉ À LAMBALLE CE 13 AOÛT, 157 VEAUX ENTRE GUERLESQUIN ET BOURG BLANC.",COT-VRO-veaux14j_synthese-A24-S33.csv
2024,33,,2024-08-12,2024-08-18,LEZAY,13/08/2024,775,-453,"APPORT LIMITÉ POUR CETTE SEMAINE DU 15 AOÛT, BAISSE DES COURS DANS LES VEAUX MOINS DE 50 KG ET EN R, O CROISÉS.",COT-VRO-veaux14j_synthese-A24-S33.csv
2024,33,,2024-08-12,2024-08-18,RETHEL,12/08/2024,72,4,BAISSE IMPORTANTE LIÉE AUX PROBLÈMES DE LA FCO.,COT-VRO-veaux14j_synthese-A24-S33.csv
2024,33,,2024-08-12,2024-08-18,TOTAL,,1073,-2369,,COT-VRO-veaux14j_synthese-A24-S33.csv
2024,34,,2024-08-19,2024-08-25,AGEN,21/08/2024,167,,AUGMENTATION DES COURS POUR LES LIMOUSINS ET DIMINUTION POUR LES CROISÉS LAITIERS ET LES PRIM'HOLSTEIN.,COT-VRO-veaux14j_synthese-A24-S34.csv
2024,34,,2024-08-19,2024-08-25,BOURG-EN-BRESSE,20/08/2024,242,,"APPORTS PERTURBÉS PAR LA FCO SÉROTYPE 3. LE TRI EST SÉVÈRE, LES VEAUX LÉGERS ET INFÉRIEURS SONT DIFFICILES À VENDRE.",COT-VRO-veaux14j_synthese-A24-S34.csv
2024,34,,2024-08-19,2024-08-25,CADRAN D'ARMOR,19/08/2024,500,,"LES COURS SONT LÉGÈREMENT EN BAISSE, PLUS PRONONCÉE DANS LES VEAUX ORDINAIRES.",COT-VRO-veaux14j_synthese-A24-S34.csv
2024,34,,2024-08-19,2024-08-25,CARENTAN,20/08/2024,89,20,MARCHÉ BEAUCOUP PLUS ACTIF.,COT-VRO-veaux14j_synthese-A24-S34.csv
2024,34,,2024-08-19,2024-08-25,CHATEAUGONTIER,22/08/2024,780,,TRI SÉVÈRE. POUR RAPPEL EN CES PÉRIODES DE FORTES CHALEURS LES VEAUX PEUVENT PERDRE 10 % DE LEUR POIDS VIF.,COT-VRO-veaux14j_synthese-A24-S34.csv
2024,34,,2024-08-19,2024-08-25,LA TALAUDIERE,19/08/2024,373,,VENTES PLUS DIFFICILES EN CATÉGORIES INFÉRIEURES.,COT-VRO-veaux14j_synthese-A24-S34.csv
2024,34,,2024-08-19,2024-08-25,LAMBALLE,20/08/2024,405,248,LA TENDANCE EST À LA BAISSE DANS LES MÂLES LAITIERS. LES VEAUX LÉGERS RESTENT DÉLAISSÉS.,COT-VRO-veaux14j_synthese-A24-S34.csv
2024,34,,2024-08-19,2024-08-25,LEZAY,20/08/2024,1529,754,EFFECTIFS EN HAUSSE ET COURS EN BAISSE POUR CETTE SEMAINE DE REPRISE D'ACTIVITÉ.,COT-VRO-veaux14j_synthese-A24-S34.csv
2024,34,,2024-08-19,2024-08-25,RETHEL,19/08/2024,59,-13,VENTES DIFFICILES EN TOUTES CATÉGORIES LIÉES AUX PROBLÈMES DE LA FCO.,COT-VRO-veaux14j_synthese-A24-S34.csv
2024,34,,2024-08-19,2024-08-25,TOTAL,,4144,3071,,COT-VRO-veaux14j_synthese-A24-S34.csv
2024,35,,2024-08-26,2024-09-01,AGEN,28/08/2024,143,-24,RECONDUCTION DES COURS ET BAISSE DE PRIX POUR LES PRIM'HOLSTEIN ENTRE 50 ET 55 KG.,COT-VRO-veaux14j_synthese-A24-S35.csv
2024,35,,2024-08-26,2024-09-01,BOURG-EN-BRESSE,27/08/2024,308,66,UN PEU PLUS DE VOLUME CETTE SEMAINE CONJUGUÉ À LA CRISE FCO ORIENTE LES COURS À LA BAISSE ET RENFORCE LE TRI.,COT-VRO-veaux14j_synthese-A24-S35.csv
2024,35,,2024-08-26,2024-09-01,CADRAN D'ARMOR,26/08/2024,349,-151,TENDANCE À LA BAISSE. OFFRE ABONDANTE.,COT-VRO-veaux14j_synthese-A24-S35.csv
2024,35,,2024-08-26,2024-09-01,CARENTAN,27/08/2024,91,2,COMMERCE DIFFICILE EN TOUTES CATÉGORIES MIS À PART LES CROISÉS MIXTES.,COT-VRO-veaux14j_synthese-A24-S35.csv
2024,35,,2024-08-26,2024-09-01,CHATEAUGONTIER,29/08/2024,700,-80,TRI TRÈS SÉVÈRE. POURSUITE DE LA BAISSE.,COT-VRO-veaux14j_synthese-A24-S35.csv
2024,35,,2024-08-26,2024-09-01,LA TALAUDIERE,26/08/2024,374,1,VENTES PLUS CALMES EN TOUTES CATÉGORIES AVEC DES COURS EN BAISSE.,COT-VRO-veaux14j_synthese-A24-S35.csv
2024,35,,2024-08-26,2024-09-01,LAMBALLE,27/08/2024,321,-84,LA VENTE DEMEURE FLUIDE DANS TOUTES LES CATÉGORIES. LES TARIFS SONT FERMES.,COT-VRO-veaux14j_synthese-A24-S35.csv
2024,35,,2024-08-26,2024-09-01,LEZAY,27/08/2024,1493,-36,"EFFECTIFS TOUJOURS STABLES, COURS EN BAISSE SAUF EN LIMOUSINS.",COT-VRO-veaux14j_synthese-A24-S35.csv
2024,35,,2024-08-26,2024-09-01,RETHEL,26/08/2024,72,13,"VENTES PLUS COMPLIQUÉES, LA FCO ACCENTUE LA BAISSE.",COT-VRO-veaux14j_synthese-A24-S35.csv
2024,35,,2024-08-26,2024-09-01,TOTAL,,3851,-293,,COT-VRO-veaux14j_synthese-A24-S35.csv
2024,36,,2024-09-02,2024-09-08,AGEN,04/09/2024,157,14,"BAISSE DES COURS DES BLANCS ET NOIRS EN LIEN AVEC LA FCO, L'URGENCE EST À LA VACCINATION.",COT-VRO-veaux14j_synthese-A24-S36.csv
2024,36,,2024-09-02,2024-09-08,BOURG-EN-BRESSE,03/09/2024,367,59,LES VOLUMES TOUJOURS PLUS IMPORTANTS AINSI QUE LA CRISE DE LA FCO ACCENTUENT LA BAISSE DES COURS.,COT-VRO-veaux14j_synthese-A24-S36.csv
2024,36,,2024-09-02,2024-09-08,CADRAN D'ARMOR,02/09/2024,386,37,COURS RECONDUITS.,COT-VRO-veaux14j_synthese-A24-S36.csv
2024,36,,2024-09-02,2024-09-08,CARENTAN,03/09/2024,89,-2,MARCHÉ DIFFICILE AVEC UNE ORIENTATION À LA BAISSE.,COT-VRO-veaux14j_synthese-A24-S36.csv
2024,36,,2024-09-02,2024-09-08,CHATEAUGONTIER,05/09/2024,662,-38,"DÉGRADATION SIGNIFICATIVE DES COURS SOUS LA PRESSION DES INTÉGRATEURS, ACCENTUÉE PAR UN TRI SÉVÈRE DÛ AU CONTEXTE FCO.",COT-VRO-veaux14j_synthese-A24-S36.csv
2024,36,,2024-09-02,2024-09-08,LA TALAUDIERE,02/09/2024,435,61,"PLUS D'APPORTS, VENTE TOUJOURS CALME EN TOUTES CATÉGORIES AVES DES COURS EN BAISSE.",COT-VRO-veaux14j_synthese-A24-S36.csv
2024,36,,2024-09-02,2024-09-08,LAMBALLE,03/09/2024,340,19,LES COURS SONT À LA BAISSE DANS LES VEAUX LAITIERS.,COT-VRO-veaux14j_synthese-A24-S36.csv
2024,36,,2024-09-02,2024-09-08,LEZAY,03/09/2024,1192,-301,"L'ÉVOLUTION DU ZONAGE FCO3 PERTUBE LA CIRCULATION DES VEAUX, CE QUI ENTRAÎNE ÉGALEMENT LA BAISSE DES COURS.",COT-VRO-veaux14j_synthese-A24-S36.csv
2024,36,,2024-09-02,2024-09-08,RETHEL,02/09/2024,38,-34,VENTES PLUS DIFFICILES MALGRÉ LE PETIT NOMBRE.,COT-VRO-veaux14j_synthese-A24-S36.csv
2024,36,,2024-09-02,2024-09-08,TOTAL,,3666,-185,,COT-VRO-veaux14j_synthese-A24-S36.csv
2024,37,,2024-09-09,2024-09-15,AGEN,11/09/2024,84,-73,AUGMENTATION DES COURS SUR LES LIMOUSINS ET DIMINUTION SUR LES PRIM'HOLSTEIN.,COT-VRO-veaux14j_synthese-A24-S37.csv
2024,37,,2024-09-09,2024-09-15,BOURG-EN-BRESSE,10/09/2024,361,-6,COMMERCE TOUJOURS PLUS COMPLIQUÉ EN VEAUX LÉGERS ET D'ENTRÉE DE GAMME. DÉBOUCHÉS À L'EXPORT INCERTAINS LIÉS À LA FCO.,COT-VRO-veaux14j_synthese-A24-S37.csv
2024,37,,2024-09-09,2024-09-15,CADRAN D'ARMOR,10/09/2024,360,-26,DEMANDE MOINS SOUTENUE. BAISSE EN TOUTES CATÉGORIES.,COT-VRO-veaux14j_synthese-A24-S37.csv
2024,37,,2024-09-09,2024-09-15,CARENTAN,10/09/2024,100,11,"COMMERCE TENDU DANS LES CROISÉS LAITIERS, COURS RECONDUITS DANS LE RESTE.",COT-VRO-veaux14j_synthese-A24-S37.csv
2024,37,,2024-09-09,2024-09-15,CHATEAUGONTIER,12/09/2024,675,13,LE CONTEXTE SANITAIRE AGGRAVE L'AMBIANCE COMMERCIALE. NOUVELLE BAISSE DES COURS.,COT-VRO-veaux14j_synthese-A24-S37.csv
2024,37,,2024-09-09,2024-09-15,LA TALAUDIERE,09/09/2024,433,-2,"VENTE CALME EN MARCHANDISES INFÉRIEURES, COURS EN BAISSE. VEAUX POSITIFS FCO DÉVALORISÉS POSTÉRIEUREMENT AU MARCHÉ.",COT-VRO-veaux14j_synthese-A24-S37.csv
2024,37,,2024-09-09,2024-09-15,LAMBALLE,10/09/2024,309,-31,/,COT-VRO-veaux14j_synthese-A24-S37.csv
2024,37,,2024-09-09,2024-09-15,LEZAY,10/09/2024,386,-806,FAIBLE APPORT DÛ À LA ZONE SANITAIRE RÉGULÉE. COURS EN BAISSE.,COT-VRO-veaux14j_synthese-A24-S37.csv
2024,37,,2024-09-09,2024-09-15,RETHEL,09/09/2024,76,38,"VENTES PLUS CALMES, DE GROSSES DIFFICULTÉS DANS LA MOYENNE MARCHANDISE.",COT-VRO-veaux14j_synthese-A24-S37.csv
2024,37,,2024-09-09,2024-09-15,TOTAL,,2784,-882,,COT-VRO-veaux14j_synthese-A24-S37.csv
2024,38,,2024-09-16,2024-09-22,AGEN,18/09/2024,120,36,RECONDUCTION DES COURS.,COT-VRO-veaux14j_synthese-A24-S38.csv
2024,38,,2024-09-16,2024-09-22,BOURG-EN-BRESSE,17/09/2024,332,-29,COURS TOUJOURS ORIENTÉS À LA BAISSE EN RAISON DE L'AUGMENTATION DU NOMBRE DE VEAUX POSITIFS À LA FCO.,COT-VRO-veaux14j_synthese-A24-S38.csv
2024,38,,2024-09-16,2024-09-22,CADRAN D'ARMOR,16/09/2024,370,10,COURS RECONDUITS. PRÉSENTATION IMPORTANTE.,COT-VRO-veaux14j_synthese-A24-S38.csv
2024,38,,2024-09-16,2024-09-22,CARENTAN,17/09/2024,117,17,COURS RECONDUITS AVEC UN MARCHÉ UN PEU PLUS ACTIF.,COT-VRO-veaux14j_synthese-A24-S38.csv
2024,38,,2024-09-16,2024-09-22,CHATEAUGONTIER,19/09/2024,416,-259,L'ABSENCE PROGRAMMÉE D'UN DES OPÉRATEURS DU MARCHÉ ENTRAÎNE UNE BAISSE DES EFFECTIFS. LA VENTE EST CALME.,COT-VRO-veaux14j_synthese-A24-S38.csv
2024,38,,2024-09-16,2024-09-22,LA TALAUDIERE,16/09/2024,423,-10,LA VENTE RESTE CALME EN MARCHANDISE INFÉRIEURE. LA PETITE MARCHANDISE LAITIÈRE EST INVENDABLE.,COT-VRO-veaux14j_synthese-A24-S38.csv
2024,38,,2024-09-16,2024-09-22,LAMBALLE,17/09/2024,350,41,LES COURS DEMEURENT STABLES SAUF DANS LES SUJETS LAITIERS MANQUANT DE POIDS ET DE CONFORMATION.,COT-VRO-veaux14j_synthese-A24-S38.csv
2024,38,,2024-09-16,2024-09-22,LEZAY,17/09/2024,469,83,FAIBLE APPORT DÛ À LA ZONE SANITAIRE RÉGULÉE. ABSENCE DE COMMISSION. COURS RECONDUITS POUR INFORMATION.,COT-VRO-veaux14j_synthese-A24-S38.csv
2024,38,,2024-09-16,2024-09-22,RETHEL,16/09/2024,61,-15,LÉGÈRE BAISSE EN TOUTES CATÉGORIES.,COT-VRO-veaux14j_synthese-A24-S38.csv
2024,38,,2024-09-16,2024-09-22,TOTAL,,2658,-126,,COT-VRO-veaux14j_synthese-A24-S38.csv
2024,39,,2024-09-23,2024-09-29,AGEN,25/09/2024,156,36,"COURS RECONDUITS, APPORTS STABLES.",COT-VRO-veaux14j_synthese-A24-S39.csv
2024,39,,2024-09-23,2024-09-29,BOURG-EN-BRESSE,24/09/2024,345,13,"FACE À LA RECRUDESCENCE DES VEAUX POSITIFS FCO, LES PLACES EN FRANCE VIENNENT À MANQUER. LE TRI EST PLUS SÉVÈRE.",COT-VRO-veaux14j_synthese-A24-S39.csv
2024,39,,2024-09-23,2024-09-29,CADRAN D'ARMOR,23/09/2024,431,61,"COURS RECONDUITS, OFFRE IMPORTANTE.",COT-VRO-veaux14j_synthese-A24-S39.csv
2024,39,,2024-09-23,2024-09-29,CARENTAN,24/09/2024,70,-47,COURS RECONDUITS ET PLUS TENDUS EN RACES LAITIÈRES.,COT-VRO-veaux14j_synthese-A24-S39.csv
2024,39,,2024-09-23,2024-09-29,CHATEAUGONTIER,26/09/2024,848,432,"COMMERCE LABORIEUX (ZONAGE FCO), TRI SÉVÈRE. NOUVELLE BAISSE EN RACES MIXTES ET LAITIÈRES. VEAUX LÉGERS INVENDABLES.",COT-VRO-veaux14j_synthese-A24-S39.csv
2024,39,,2024-09-23,2024-09-29,LA TALAUDIERE,23/09/2024,230,-193,PEU D'APPORTS DU FAIT DE L'ABSENCE D'ACHETEURS POUR CAUSE DE FCO. VENTE TOUJOURS DIFFICILE EN MARCHANDISE LÉGÈRE.,COT-VRO-veaux14j_synthese-A24-S39.csv
2024,39,,2024-09-23,2024-09-29,LAMBALLE,24/09/2024,300,-50,LA VENTE DEMEURE DIFFICILE DANS LES SUJETS LÉGERS ET MANQUANT D'ÉTAT D'ENGRAISSEMENT.,COT-VRO-veaux14j_synthese-A24-S39.csv
2024,39,,2024-09-23,2024-09-29,LEZAY,24/09/2024,28,-441,TRÈS FAIBLE APPORT DÛ À LA ZONE SANITAIRE RÉGULÉE. ABSENCE DES MEMBRES DE LA COMMISSION. COURS INCOTÉS.,COT-VRO-veaux14j_synthese-A24-S39.csv
2024,39,,2024-09-23,2024-09-29,RETHEL,23/09/2024,56,-5,BAISSE EN TOUTES CATÉGORIES DUE À LA FCO. CERTAINS VEAUX NE TROUVENT PLUS PRENEURS.,COT-VRO-veaux14j_synthese-A24-S39.csv
2024,39,,2024-09-23,2024-09-29,TOTAL,,2464,-194,,COT-VRO-veaux14j_synthese-A24-S39.csv
2024,40,,2024-09-30,2024-10-06,AGEN,02/10/2024,164,8,LA SITUATION SANITAIRE FRAGILISE LE MARCHÉ. RECONDUCTION DIFFICILE EN VEAUX LAITIERS.,COT-VRO-veaux14j_synthese-A24-S40.csv
2024,40,,2024-09-30,2024-10-06,BOURG-EN-BRESSE,01/10/2024,413,68,VEAUX DE QUALITÉ VENDUS À DES COURS RECONDUITS. VEAUX LÉGERS ET MOYENS COMPLIQUÉS À COMMERCIALISER EN RAISON DE LA FCO.,COT-VRO-veaux14j_synthese-A24-S40.csv
2024,40,,2024-09-30,2024-10-06,CADRAN D'ARMOR,01/10/2024,391,-40,COURS RECONDUITS. OFFRE IMPORTANTE.,COT-VRO-veaux14j_synthese-A24-S40.csv
2024,40,,2024-09-30,2024-10-06,CARENTAN,01/10/2024,94,24,COURS RECONDUITS.,COT-VRO-veaux14j_synthese-A24-S40.csv
2024,40,,2024-09-30,2024-10-06,CHATEAUGONTIER,03/10/2024,760,-88,MARCHÉ ÉQUILIBRÉ SANS CHANGEMENT TARIFAIRE.,COT-VRO-veaux14j_synthese-A24-S40.csv
2024,40,,2024-09-30,2024-10-06,LA TALAUDIERE,30/09/2024,214,-16,"TOUJOURS PEU D'APPORTS, DU FAIT DE L'ABSENCE D'ACHETEURS, LA VENTE RESTE CALME EN MARCHANDISE LÉGÈRE.",COT-VRO-veaux14j_synthese-A24-S40.csv
2024,40,,2024-09-30,2024-10-06,LAMBALLE,01/10/2024,334,34,L'OFFRE EST PLUS CONSÉQUENTE AVEC TOUTEFOIS UNE QUALITÉ IRRÉGULIÈRE. LES COURS DEMEURENT STABLES.,COT-VRO-veaux14j_synthese-A24-S40.csv
2024,40,,2024-09-30,2024-10-06,LEZAY,01/10/2024,13,-15,FAIBLE APPORT DÛ À LA ZONE SANITAIRE RÉGULÉE. ABSENCE DES MEMBRES DE LA COMMISSION DE COTATION. COURS INCOTÉS.,COT-VRO-veaux14j_synthese-A24-S40.csv
2024,40,,2024-09-30,2024-10-06,RETHEL,30/09/2024,63,7,"BAISSE IMPORTANTE, MÉVENTE DÛE À LA FCO , CERTAINS VEAUX NE TROUVENT PLUS PRENEURS.",COT-VRO-veaux14j_synthese-A24-S40.csv
2024,40,,2024-09-30,2024-10-06,TOTAL,,,,,COT-VRO-veaux14j_synthese-A24-S40.csv
2024,41,,2024-10-07,2024-10-13,AGEN,09/10/2024,91,-73,BAISSE DES COURS POUR LES VEAUX PRIM'HOLSTEIN EN RAISON DE LA FCO.,COT-VRO-veaux14j_synthese-A24-S41.csv
2024,41,,2024-10-07,2024-10-13,BOURG-EN-BRESSE,08/10/2024,311,-102,"VEAUX DE QUALITÉ ET NÉGATIFS FCO RECONDUITS. POUR LES AUTRES VEAUX, LE TRI EST TOUJOURS PLUS SÉVÈRE.",COT-VRO-veaux14j_synthese-A24-S41.csv
2024,41,,2024-10-07,2024-10-13,CADRAN D'ARMOR,07/10/2024,393,2,COURS RECONDUITS. DEMANDE UN PEU PLUS IMPORTANTE EN GROS HOLSTEIN EN DESTINATION DE L'ESPAGNE.,COT-VRO-veaux14j_synthese-A24-S41.csv
2024,41,,2024-10-07,2024-10-13,CARENTAN,08/10/2024,66,-28,"MARCHÉ À FAIBLE EFFECTIF À CAUSE DES ENSILAGES DE MAÏS, COURS RECONDUITS.",COT-VRO-veaux14j_synthese-A24-S41.csv
2024,41,,2024-10-07,2024-10-13,CHATEAUGONTIER,10/10/2024,548,-212,RECONDUCTION. L'OFFRE CORRESPOND À LA DEMANDE AVEC UNE QUALITÉ CONVENABLE. LES MAUVAIS VEAUX RESTENT EN CAMPAGNE.,COT-VRO-veaux14j_synthese-A24-S41.csv
2024,41,,2024-10-07,2024-10-13,LA TALAUDIERE,07/10/2024,170,-44,"TOUJOURS PEU D'APPORTS AVEC DES COURS RECONDUITS, LES ÉCHANGES D'ANIMAUX EN DIRECT EN CENTRE DÉSTABILISENT LE MARCHÉ.",COT-VRO-veaux14j_synthese-A24-S41.csv
2024,41,,2024-10-07,2024-10-13,LAMBALLE,08/10/2024,313,-21,LES COURS RESTENT FERMES DANS TOUTES LES CATÉGORIES AINSI QUE DANS LES SUJETS DE GAMME PLUS COMMUNE.,COT-VRO-veaux14j_synthese-A24-S41.csv
2024,41,,2024-10-07,2024-10-13,LEZAY,08/10/2024,1191,1178,REPRISE DU MARCHÉ CETTE SEMAINE. MAINTIEN DES COURS POUR LES BONS VEAUX ET EN BAISSE DANS LES CATÉGORIES MOYENNES.,COT-VRO-veaux14j_synthese-A24-S41.csv
2024,41,,2024-10-07,2024-10-13,RETHEL,07/10/2024,77,14,"VENTES DIFFICILES, LES VEAUX MOYENS NE TROUVENT PLUS PRENEURS.",COT-VRO-veaux14j_synthese-A24-S41.csv
2024,41,,2024-10-07,2024-10-13,TOTAL,,3160,,,COT-VRO-veaux14j_synthese-A24-S41.csv
2024,42,,2024-10-14,2024-10-20,AGEN,16/10/2024,95,4,"AUGMENTATION DES COURS POUR LES LIMOUSINS, RECONDUCTION POUR LES LAITIERS ET PRIM'HOLSTEIN.",COT-VRO-veaux14j_synthese-A24-S42.csv
2024,42,,2024-10-14,2024-10-20,BOURG-EN-BRESSE,15/10/2024,311,0,VEAUX DE QUALITÉ ET NÉGATIFS FCO TRÈS FACILEMENT RECONDUITS. VEAUX POSITIFS TRÈS DIFFICILES À PLACER.,COT-VRO-veaux14j_synthese-A24-S42.csv
2024,42,,2024-10-14,2024-10-20,CADRAN D'ARMOR,14/10/2024,405,12,COURS RECONDUITS.,COT-VRO-veaux14j_synthese-A24-S42.csv
2024,42,,2024-10-14,2024-10-20,CARENTAN,15/10/2024,80,14,MARCHÉ CALME MALGRÉ UN FAIBLE EFFECTIF.,COT-VRO-veaux14j_synthese-A24-S42.csv
2024,42,,2024-10-14,2024-10-20,CHATEAUGONTIER,17/10/2024,570,22,OFFRE LÉGÈREMENT EN RECUL PAR RAPPORT À UNE DEMANDE SOUTENUE. LES COURS SONT SENSIBLEMENT RECONDUITS.,COT-VRO-veaux14j_synthese-A24-S42.csv
2024,42,,2024-10-14,2024-10-20,LA TALAUDIERE,14/10/2024,190,20,"COMME LA SEMAINE DERNIÈRE, LES ÉCHANGES D'ANIMAUX DIRECTEMENT EN CENTRE DÉSORGANISENT LE MARCHÉ.",COT-VRO-veaux14j_synthese-A24-S42.csv
2024,42,,2024-10-14,2024-10-20,LAMBALLE,15/10/2024,302,-11,/,COT-VRO-veaux14j_synthese-A24-S42.csv
2024,42,,2024-10-14,2024-10-20,LEZAY,15/10/2024,1350,159,COURS RECONDUITS AVEC UN TRI SÉVÈRE EN LAITIERS.,COT-VRO-veaux14j_synthese-A24-S42.csv
2024,42,,2024-10-14,2024-10-20,RETHEL,14/10/2024,79,2,COURS RECONDUITS.,COT-VRO-veaux14j_synthese-A24-S42.csv
2024,42,,2024-10-14,2024-10-20,TOTAL,,3382,222,,COT-VRO-veaux14j_synthese-A24-S42.csv
2024,43,,2024-10-21,2024-10-27,AGEN,23/10/2024,155,60,RECONDUCTION DES COURS.,COT-VRO-veaux14j_synthese-A24-S43.csv
2024,43,,2024-10-21,2024-10-27,BOURG-EN-BRESSE,22/10/2024,416,105,"POURCENTAGE DE VEAUX POSITIFS FCO TRÈS ÉLÉVÉ, MARCHÉ FRANÇAIS ENGORGÉ. VENTE TRÈS COMPLIQUÉE EN LÉGERS ET INFÉRIEURS.",COT-VRO-veaux14j_synthese-A24-S43.csv
2024,43,,2024-10-21,2024-10-27,CADRAN D'ARMOR,21/10/2024,353,-52,COURS RECONDUITS.,COT-VRO-veaux14j_synthese-A24-S43.csv
2024,43,,2024-10-21,2024-10-27,CARENTAN,22/10/2024,71,-9,COURS RECONDUITS AVEC UN RÉAJUSTEMENT DANS LES RACES MIXTES.,COT-VRO-veaux14j_synthese-A24-S43.csv
2024,43,,2024-10-21,2024-10-27,CHATEAUGONTIER,24/10/2024,558,-12,LES COURS SONT FACILEMENT RECONDUITS.,COT-VRO-veaux14j_synthese-A24-S43.csv
2024,43,,2024-10-21,2024-10-27,LA TALAUDIERE,21/10/2024,240,50,VENTE PLUS FACILE EN TOUTES CATÉGORIES. LES ÉCHANGES D'ANIMAUX EN CENTRE DÉSORGANISENT LE MARCHÉ.,COT-VRO-veaux14j_synthese-A24-S43.csv
2024,43,,2024-10-21,2024-10-27,LAMBALLE,22/10/2024,295,-7,LES COURS DEMEURENT STABLES. LES SUJETS LÉGERS SE VENDENT À DES PRIX MOINDRES.,COT-VRO-veaux14j_synthese-A24-S43.csv
2024,43,,2024-10-21,2024-10-27,LEZAY,22/10/2024,1233,-117,"VOLUME PLUS IMPORTANT EN LIMOUSINS, BAISSE DES COURS. RECONDUITS POUR LES AUTRES RACES, DEMANDE SOUTENUE EN LAITIERS.",COT-VRO-veaux14j_synthese-A24-S43.csv
2024,43,,2024-10-21,2024-10-27,RETHEL,21/10/2024,72,-7,VENTES PLUS FACILES DANS LA BONNE MARCHANDISE.,COT-VRO-veaux14j_synthese-A24-S43.csv
2024,43,,2024-10-21,2024-10-27,TOTAL,,3393,11,,COT-VRO-veaux14j_synthese-A24-S43.csv
2024,44,,2024-10-28,2024-11-03,AGEN,30/10/2024,91,-64,RECONDUCTION DES COURS.,COT-VRO-veaux14j_synthese-A24-S44.csv
2024,44,,2024-10-28,2024-11-03,BOURG-EN-BRESSE,29/10/2024,259,-157,COURS RECONDUITS. LES VEAUX POSITIFS FCO ENGORGENT LE MARCHÉ FRANCAIS. PLACES RESTREINTES EN ATELIER D'ENGRAISSEMENT.,COT-VRO-veaux14j_synthese-A24-S44.csv
2024,44,,2024-10-28,2024-11-03,CADRAN D'ARMOR,28/10/2024,370,17,COURS RECONDUITS.,COT-VRO-veaux14j_synthese-A24-S44.csv
2024,44,,2024-10-28,2024-11-03,CARENTAN,29/10/2024,88,17,"COURS FACILEMENTS RECONDUITS, MARCHÉ PLUS FERME.",COT-VRO-veaux14j_synthese-A24-S44.csv
2024,44,,2024-10-28,2024-11-03,CHATEAUGONTIER,31/10/2024,570,12,LE TRI EST MOINS SÉVÈRE AVEC UNE BONNE VALORISATION TOUTES CATÉGORIES CONFONDUES.,COT-VRO-veaux14j_synthese-A24-S44.csv
2024,44,,2024-10-28,2024-11-03,LA TALAUDIERE,28/10/2024,166,-74,"PEU D'APPORT, VENTE RAPIDE, COURS RECONDUITS. LES ÉCHANGES D'ANIMAUX EN DIRECT EN CENTRE DÉSORGANISENT LE MARCHÉ.",COT-VRO-veaux14j_synthese-A24-S44.csv
2024,44,,2024-10-28,2024-11-03,LAMBALLE,29/10/2024,267,-28,/,COT-VRO-veaux14j_synthese-A24-S44.csv
2024,44,,2024-10-28,2024-11-03,LEZAY,29/10/2024,1315,82,BONNE DEMANDE. LÉGÈRE HAUSSE DANS LES BONS LIMOUSINS. COURS RECONDUITS DANS LES AUTRES CATÉGORIES.,COT-VRO-veaux14j_synthese-A24-S44.csv
2024,44,,2024-10-28,2024-11-03,RETHEL,28/10/2024,,,FERMETURE DÉFINITIVE DU MARCHÉ.,COT-VRO-veaux14j_synthese-A24-S44.csv
2024,44,,2024-10-28,2024-11-03,TOTAL,,3126,-267,,COT-VRO-veaux14j_synthese-A24-S44.csv
2024,45,,2024-11-04,2024-11-10,AGEN,06/11/2024,69,-22,AUGMENTATION DES COURS EN VEAUX LAITIERS.,COT-VRO-veaux14j_synthese-A24-S45.csv
2024,45,,2024-11-04,2024-11-10,BOURG-EN-BRESSE,05/11/2024,252,-7,"L'OFFRE TEND À SE TASSER, LA DEMANDE RESTE FERME CE QUI ENTRAÎNE UNE LÉGÈRE HAUSSE DES COURS DANS TOUTES LES CATÉGORIES.",COT-VRO-veaux14j_synthese-A24-S45.csv
2024,45,,2024-11-04,2024-11-10,CADRAN D'ARMOR,04/11/2024,342,-28,COURS RECONDUITS.,COT-VRO-veaux14j_synthese-A24-S45.csv
2024,45,,2024-11-04,2024-11-10,CARENTAN,05/11/2024,84,-4,MARCHÉ PLUS ACTIF.,COT-VRO-veaux14j_synthese-A24-S45.csv
2024,45,,2024-11-04,2024-11-10,CHATEAUGONTIER,07/11/2024,607,37,BELLE ACTIVITÉ COMMERCIALE AVEC DES TARIFS PLUS SOUTENUS.,COT-VRO-veaux14j_synthese-A24-S45.csv
2024,45,,2024-11-04,2024-11-10,LA TALAUDIERE,04/11/2024,177,11,"TOUJOURS PEU D'APPORTS, ABSENCE D'OPÉRATEURS. VENTE FACILE EN TOUTES CATÉGORIES, COURS EN HAUSSE.",COT-VRO-veaux14j_synthese-A24-S45.csv
2024,45,,2024-11-04,2024-11-10,LAMBALLE,05/11/2024,268,1,"COURS À LA HAUSSE, NOTAMMENT EN MÂLES LAITIERS LOURDS. VENTE DYNAMIQUE DANS LES SUJETS CROISÉS.",COT-VRO-veaux14j_synthese-A24-S45.csv
2024,45,,2024-11-04,2024-11-10,LEZAY,05/11/2024,1217,-98,"BONNE DEMANDE DANS LES VEAUX DE BONNES CONFORMATIONS, LÉGÈRE HAUSSE DES COURS EN TOUTES CATÉGORIES.",COT-VRO-veaux14j_synthese-A24-S45.csv
2024,45,,2024-11-04,2024-11-10,RETHEL,04/11/2024,,,,COT-VRO-veaux14j_synthese-A24-S45.csv
2024,45,,2024-11-04,2024-11-10,TOTAL,,3016,-110,,COT-VRO-veaux14j_synthese-A24-S45.csv
2024,46,,2024-11-11,2024-11-17,AGEN,13/11/2024,82,13,AUGMENTATION DES COURS EN PRIM'HOLSTEIN.,COT-VRO-veaux14j_synthese-A24-S46.csv
2024,46,,2024-11-11,2024-11-17,BOURG-EN-BRESSE,12/11/2024,226,-26,"LES APPORTS NE SONT PAS DE SAISON, LES VEAUX EXPORTABLES (PCR FCO NÉGATIFS) SONT RECHERCHÉS. LE MARCHÉ S'ÉQUILIBRE.",COT-VRO-veaux14j_synthese-A24-S46.csv
2024,46,,2024-11-11,2024-11-17,CADRAN D'ARMOR,11/11/2024,350,8,COURS EN HAUSSE.,COT-VRO-veaux14j_synthese-A24-S46.csv
2024,46,,2024-11-11,2024-11-17,CARENTAN,12/11/2024,67,-17,COURS RECONDUITS DANS LES CROISÉS ET +10 € DANS LE RESTE.,COT-VRO-veaux14j_synthese-A24-S46.csv
2024,46,,2024-11-11,2024-11-17,CHATEAUGONTIER,14/11/2024,745,138,APPORTS EN HAUSSE AVEC DES COURS BIEN ORIENTÉS.,COT-VRO-veaux14j_synthese-A24-S46.csv
2024,46,,2024-11-11,2024-11-17,LA TALAUDIERE,11/11/2024,104,-73,"MARCHÉ DÉCALÉ, PEU D'APPORT, VENTE FACILE.",COT-VRO-veaux14j_synthese-A24-S46.csv
2024,46,,2024-11-11,2024-11-17,LAMBALLE,12/11/2024,254,-14,L'OFFRE EST LIMITÉE AVEC DES MARCHÉS DÉCALÉS. LA VENTE DEMEURE TRÈS DYNAMIQUE DANS TOUTES LES CATÉGORIES.,COT-VRO-veaux14j_synthese-A24-S46.csv
2024,46,,2024-11-11,2024-11-17,LEZAY,12/11/2024,1228,11,"VENTE FLUIDE TOUTES CATÉGORIES, MEILLEURE DEMANDE DANS LES CATÉGORIES SUPÉRIEURES EN LIMOUSINS.",COT-VRO-veaux14j_synthese-A24-S46.csv
2024,46,,2024-11-11,2024-11-17,RETHEL,11/11/2024,,,,COT-VRO-veaux14j_synthese-A24-S46.csv
2024,46,,2024-11-11,2024-11-17,TOTAL,,3056,40,,COT-VRO-veaux14j_synthese-A24-S46.csv
2024,47,,2024-11-18,2024-11-24,AGEN,20/11/2024,124,42,AUGMENTATION DES COURS SUR LES LIMOUSINS.,COT-VRO-veaux14j_synthese-A24-S47.csv
2024,47,,2024-11-18,2024-11-24,BOURG-EN-BRESSE,19/11/2024,284,58,LES DÉBOUCHÉS À L'EXPORT BOOSTENT LE COMMERCE. LES COURS SONT EN HAUSSE DANS TOUTES LES CATÉGORIES.,COT-VRO-veaux14j_synthese-A24-S47.csv
2024,47,,2024-11-18,2024-11-24,CADRAN D'ARMOR,18/11/2024,355,5,VENTE ACTIVE. BONNE QUALITÉ EN CROISÉ.,COT-VRO-veaux14j_synthese-A24-S47.csv
2024,47,,2024-11-18,2024-11-24,CARENTAN,19/11/2024,69,2,COURS EN HAUSSE.,COT-VRO-veaux14j_synthese-A24-S47.csv
2024,47,,2024-11-18,2024-11-24,CHATEAUGONTIER,21/11/2024,615,-130,COMMERCE UN PEU PLUS CALME AVEC UN TRI UN PEU PLUS SENSIBLE DANS LES VEAUX LÉGERS.,COT-VRO-veaux14j_synthese-A24-S47.csv
2024,47,,2024-11-18,2024-11-24,LA TALAUDIERE,18/11/2024,160,56,"PEU D'APPORTS, LE MANQUE D'OFFRE ET LA FORTE DEMANDE PERMETTENT UNE VENTE FACILE AVEC DES COURS EN HAUSSE.",COT-VRO-veaux14j_synthese-A24-S47.csv
2024,47,,2024-11-18,2024-11-24,LAMBALLE,19/11/2024,261,7,"MALGRÉ UNE OFFRE MODESTE, LES COURS DEMEURENT TOUJOURS ATTRACTIFS AVEC UNE FORTE DEMANDE.",COT-VRO-veaux14j_synthese-A24-S47.csv
2024,47,,2024-11-18,2024-11-24,LEZAY,19/11/2024,1292,64,"BONNE DEMANDE TOUTES CATÉGORIES, COURS RECONDUITS.",COT-VRO-veaux14j_synthese-A24-S47.csv
2024,47,,2024-11-18,2024-11-24,RETHEL,18/11/2024,,,,COT-VRO-veaux14j_synthese-A24-S47.csv
2024,47,,2024-11-18,2024-11-24,TOTAL,,3160,104,,COT-VRO-veaux14j_synthese-A24-S47.csv
2024,48,,2024-11-25,2024-12-01,AGEN,27/11/2024,105,-19,,COT-VRO-veaux14j_synthese-A24-S48.csv
2024,48,,2024-11-25,2024-12-01,BOURG-EN-BRESSE,26/11/2024,286,2,LES PLACES EN ATELIER D'ENG. POUR LA FRANCE SE RÉDUISENT MAIS LES VEAUX NÉGATIFS FCO RESTENT RECHERCHÉS POUR L'EXPORT.,COT-VRO-veaux14j_synthese-A24-S48.csv
2024,48,,2024-11-25,2024-12-01,CADRAN D'ARMOR,26/11/2024,381,26,COURS RECONDUITS.,COT-VRO-veaux14j_synthese-A24-S48.csv
2024,48,,2024-11-25,2024-12-01,CARENTAN,26/11/2024,73,4,COURS EN HAUSSE.,COT-VRO-veaux14j_synthese-A24-S48.csv
2024,48,,2024-11-25,2024-12-01,CHATEAUGONTIER,28/11/2024,545,-70,COMMERCE CALME. COURS RECONDUITS.,COT-VRO-veaux14j_synthese-A24-S48.csv
2024,48,,2024-11-25,2024-12-01,LA TALAUDIERE,25/11/2024,162,2,"LE MANQUE D'APPORTS FAVORISE TOUJOURS UNE VENTE RAPIDE, AVEC DES COURS EN HAUSSE.",COT-VRO-veaux14j_synthese-A24-S48.csv
2024,48,,2024-11-25,2024-12-01,LAMBALLE,26/11/2024,302,41,"LA VENTE EST PLUS MONOTONE, LES COURS DEMEURENT À LA BAISSE DANS LES DIFFÉRENTES CATÉGORIES.",COT-VRO-veaux14j_synthese-A24-S48.csv
2024,48,,2024-11-25,2024-12-01,LEZAY,26/11/2024,1285,-7,"RÉAJUSTEMENT DES COURS PAR LA COMMISSION DANS TOUTES LES CATÉGORIES, TRI PLUS SÉVÈRE EN LAITIERS.",COT-VRO-veaux14j_synthese-A24-S48.csv
2024,48,,2024-11-25,2024-12-01,RETHEL,25/11/2024,,,,COT-VRO-veaux14j_synthese-A24-S48.csv
2024,48,,2024-11-25,2024-12-01,TOTAL,,3139,-21,,COT-VRO-veaux14j_synthese-A24-S48.csv
2024,49,,2024-12-02,2024-12-08,AGEN,04/12/2024,96,-9,RECONDUCTION DES COURS.,COT-VRO-veaux14j_synthese-A24-S49.csv
2024,49,,2024-12-02,2024-12-08,BOURG-EN-BRESSE,03/12/2024,260,-26,LES COURS RESTENT STABLES. TRI PLUS SÉVÈRE SUR LE MARCHÉ FRANÇAIS.,COT-VRO-veaux14j_synthese-A24-S49.csv
2024,49,,2024-12-02,2024-12-08,CADRAN D'ARMOR,02/12/2024,362,-19,COURS RECONDUITS.,COT-VRO-veaux14j_synthese-A24-S49.csv
2024,49,,2024-12-02,2024-12-08,CARENTAN,03/12/2024,62,-11,MARCHÉ PLUS ACTIF EN RACE MIXTE ET EN RACE LAITIÈRE.,COT-VRO-veaux14j_synthese-A24-S49.csv
2024,49,,2024-12-02,2024-12-08,CHATEAUGONTIER,05/12/2024,605,60,"COMMERCE RÉGULIER, COURS RECONDUITS. LES INVENDUS SONT INVENDABLES.",COT-VRO-veaux14j_synthese-A24-S49.csv
2024,49,,2024-12-02,2024-12-08,LA TALAUDIERE,02/12/2024,185,23,COURS TOUJOURS SOUTENUS.,COT-VRO-veaux14j_synthese-A24-S49.csv
2024,49,,2024-12-02,2024-12-08,LAMBALLE,03/12/2024,317,15,LES TARIFS DEMEURENT STABLES POUR LA SAISON. COURS STABLES.,COT-VRO-veaux14j_synthese-A24-S49.csv
2024,49,,2024-12-02,2024-12-08,LEZAY,03/12/2024,1259,-26,"COURS RECONDUITS, BONNE DEMANDE.",COT-VRO-veaux14j_synthese-A24-S49.csv
2024,49,,2024-12-02,2024-12-08,RETHEL,02/12/2024,,,,COT-VRO-veaux14j_synthese-A24-S49.csv
2024,49,,2024-12-02,2024-12-08,TOTAL,,3146,7,,COT-VRO-veaux14j_synthese-A24-S49.csv
2024,50,,2024-12-09,2024-12-15,AGEN,11/12/2024,129,33,COURS RECONDUITS.,COT-VRO-veaux14j_synthese-A24-S50.csv
2024,50,,2024-12-09,2024-12-15,BOURG-EN-BRESSE,10/12/2024,260,0,COURS RECONDUITS À L'EXCEPTION DES VEAUX LÉGERS ET INFÉRIEURS.,COT-VRO-veaux14j_synthese-A24-S50.csv
2024,50,,2024-12-09,2024-12-15,CADRAN D'ARMOR,09/12/2024,380,18,COURS RECONDUITS.,COT-VRO-veaux14j_synthese-A24-S50.csv
2024,50,,2024-12-09,2024-12-15,CARENTAN,10/12/2024,80,18,"MARCHÉ ACTIF, COURS FACILEMENT RECONDUITS.",COT-VRO-veaux14j_synthese-A24-S50.csv
2024,50,,2024-12-09,2024-12-15,CHATEAUGONTIER,12/12/2024,475,-130,L'OFFRE EST CONTENUE POUR SATISFAIRE DES BESOINS LIMITÉS. RECONDUCTION DES COURS.,COT-VRO-veaux14j_synthese-A24-S50.csv
2024,50,,2024-12-09,2024-12-15,LA TALAUDIERE,09/12/2024,160,-25,LA VENTE RESTE TOUJOURS FACILE EN TOUTES CATÉGORIES.,COT-VRO-veaux14j_synthese-A24-S50.csv
2024,50,,2024-12-09,2024-12-15,LAMBALLE,10/12/2024,335,18,L'OFFRE EST PLUS CONSÉQUENTE AVEC UNE QUALITÉ HÉTÉROGÈNE.,COT-VRO-veaux14j_synthese-A24-S50.csv
2024,50,,2024-12-09,2024-12-15,LEZAY,10/12/2024,1227,-32,"APPORTS STABLES, COURS RECONDUITS DANS TOUTES LES CATÉGORIES.",COT-VRO-veaux14j_synthese-A24-S50.csv
2024,50,,2024-12-09,2024-12-15,RETHEL,09/12/2024,,,,COT-VRO-veaux14j_synthese-A24-S50.csv
2024,50,,2024-12-09,2024-12-15,TOTAL,,3046,-100,,COT-VRO-veaux14j_synthese-A24-S50.csv
2024,51,,2024-12-16,2024-12-22,AGEN,18/12/2024,121,-8,COURS RECONDUITS.,COT-VRO-veaux14j_synthese-A24-S51.csv
2024,51,,2024-12-16,2024-12-22,BOURG-EN-BRESSE,17/12/2024,315,55,LA VENTE EST PLUS DIFFICILE DANS LES VEAUX LÉGERS ET INFÉRIEURS. LE TRI EST PLUS SÉVÈRE.,COT-VRO-veaux14j_synthese-A24-S51.csv
2024,51,,2024-12-16,2024-12-22,CADRAN D'ARMOR,16/12/2024,471,91,COURS EN HAUSSE.,COT-VRO-veaux14j_synthese-A24-S51.csv
2024,51,,2024-12-16,2024-12-22,CARENTAN,17/12/2024,75,-5,COURS RECONDUITS DANS L'ENSEMBLE.,COT-VRO-veaux14j_synthese-A24-S51.csv
2024,51,,2024-12-16,2024-12-22,CHATEAUGONTIER,19/12/2024,620,145,L'OFFRE EST EN ADÉQUATION AVEC LA DEMANDE. STABILITÉ DES COURS AVANT LA TRÈVE DE FIN D'ANNÉE.,COT-VRO-veaux14j_synthese-A24-S51.csv
2024,51,,2024-12-16,2024-12-22,LA TALAUDIERE,16/12/2024,253,93,PLUS D'APPORTS EXCEPTIONNELLEMENT. VENTE TOUJOURS FACILE EN TOUTES CATÉGORIES.,COT-VRO-veaux14j_synthese-A24-S51.csv
2024,51,,2024-12-16,2024-12-22,LAMBALLE,17/12/2024,421,86,LA VENTE EST PLUS SÉLECTIVE DANS LES SUJETS LÉGERS ET JEUNES.,COT-VRO-veaux14j_synthese-A24-S51.csv
2024,51,,2024-12-16,2024-12-22,LEZAY,17/12/2024,1215,-12,"APPORT RÉGULIER, COURS RECONDUITS.",COT-VRO-veaux14j_synthese-A24-S51.csv
2024,51,,2024-12-16,2024-12-22,RETHEL,16/12/2024,,,,COT-VRO-veaux14j_synthese-A24-S51.csv
2024,51,,2024-12-16,2024-12-22,TOTAL,,3491,445,,COT-VRO-veaux14j_synthese-A24-S51.csv
2025,1,,2024-12-30,2025-01-05,AGEN,01/01/2025,,,,COT-VRO-veaux14j_synthese-A25-S01.csv
2025,1,,2024-12-30,2025-01-05,BOURG-EN-BRESSE,31/12/2024,,,,COT-VRO-veaux14j_synthese-A25-S01.csv
2025,1,,2024-12-30,2025-01-05,CADRAN D'ARMOR,30/12/2024,,,,COT-VRO-veaux14j_synthese-A25-S01.csv
2025,1,,2024-12-30,2025-01-05,CARENTAN,31/12/2024,,,,COT-VRO-veaux14j_synthese-A25-S01.csv
2025,1,,2024-12-30,2025-01-05,CHATEAUBRIANT,01/01/2025,,,,COT-VRO-veaux14j_synthese-A25-S01.csv
2025,1,,2024-12-30,2025-01-05,CHATEAUGONTIER,02/01/2025,,,,COT-VRO-veaux14j_synthese-A25-S01.csv
2025,1,,2024-12-30,2025-01-05,LA TALAUDIERE,30/12/2024,,,,COT-VRO-veaux14j_synthese-A25-S01.csv
2025,1,,2024-12-30,2025-01-05,LAMBALLE,31/12/2024,,,,COT-VRO-veaux14j_synthese-A25-S01.csv
2025,1,,2024-12-30,2025-01-05,LEZAY,31/12/2024,,,,COT-VRO-veaux14j_synthese-A25-S01.csv
2025,1,,2024-12-30,2025-01-05,TOTAL,,,,,COT-VRO-veaux14j_synthese-A25-S01.csv
2025,2,,2025-01-06,2025-01-12,AGEN,08/01/2025,112,,COURS RECONDUITS CAR PEU D'APPORTS VIS-À-VIS DU MANQUE DE PASSEPORTS : PB ARSOE.,COT-VRO-veaux14j_synthese-A25-S02.csv
2025,2,,2025-01-06,2025-01-12,BOURG-EN-BRESSE,07/01/2025,346,,LA PRÉSENTATION EST DE MEILLEURE QUALITÉ EN RAISON DES MARCHÉS DÉCALÉS. LES COURS SONT TRÈS FACILEMENT RECONDUITS.,COT-VRO-veaux14j_synthese-A25-S02.csv
2025,2,,2025-01-06,2025-01-12,CADRAN D'ARMOR,06/01/2025,654,,COURS RECONDUITS.,COT-VRO-veaux14j_synthese-A25-S02.csv
2025,2,,2025-01-06,2025-01-12,CARENTAN,07/01/2025,70,,COURS RECONDUITS DU MARCHÉ DE LA SEMAINE 51.,COT-VRO-veaux14j_synthese-A25-S02.csv
2025,2,,2025-01-06,2025-01-12,CHATEAUBRIANT,08/01/2025,215,,"OFFRE PLUS IMPORTANTE, COMMERCE RÉGULIER.",COT-VRO-veaux14j_synthese-A25-S02.csv
2025,2,,2025-01-06,2025-01-12,CHATEAUGONTIER,09/01/2025,736,,COMMERCE RÉGULIER POUR CE PREMIER MARCHÉ DE L'ANNÉE AVEC UNE OFFRE PLUS IMPORTANTE ET DE QUALITÉ.,COT-VRO-veaux14j_synthese-A25-S02.csv
2025,2,,2025-01-06,2025-01-12,LA TALAUDIERE,06/01/2025,270,,VENTE FACILE AVEC DES ANIMAUX DE QUALITÉ.,COT-VRO-veaux14j_synthese-A25-S02.csv
2025,2,,2025-01-06,2025-01-12,LAMBALLE,07/01/2025,493,,L'OFFRE EST CONSÉQUENTE AVEC UNE QUALITÉ TRÈS IRRÉGULIÈRE.,COT-VRO-veaux14j_synthese-A25-S02.csv
2025,2,,2025-01-06,2025-01-12,LEZAY,07/01/2025,1752,,"APPORT PLUS IMPORTANT POUR LA REPRISE DU DÉBUT D'ANNÉE, COURS RECONDUITS.",COT-VRO-veaux14j_synthese-A25-S02.csv
2025,2,,2025-01-06,2025-01-12,TOTAL,,4648,,,COT-VRO-veaux14j_synthese-A25-S02.csv
2025,3,,2025-01-13,2025-01-19,AGEN,15/01/2025,90,-22,COURS RECONDUITS FAUTE DE TRAÇABILITÉ (ARSOE).,COT-VRO-veaux14j_synthese-A25-S03.csv
2025,3,,2025-01-13,2025-01-19,BOURG-EN-BRESSE,14/01/2025,231,-115,L'OFFRE EST PLUS RÉDUITE CETTE SEMAINE ENTRAÎNANT UNE VENTE FACILE ET RAPIDE AVEC DES COURS EN HAUSSE.,COT-VRO-veaux14j_synthese-A25-S03.csv
2025,3,,2025-01-13,2025-01-19,CADRAN D'ARMOR,13/01/2025,372,-282,COURS RECONDUITS.,COT-VRO-veaux14j_synthese-A25-S03.csv
2025,3,,2025-01-13,2025-01-19,CARENTAN,14/01/2025,58,-12,COURS RECONDUITS AVEC UN MARCHÉ MOINS ACTIF.,COT-VRO-veaux14j_synthese-A25-S03.csv
2025,3,,2025-01-13,2025-01-19,CHATEAUBRIANT,15/01/2025,152,-63,VENTE FLUIDE AVEC UNE MEILLEURE TENUE DES COURS.,COT-VRO-veaux14j_synthese-A25-S03.csv
2025,3,,2025-01-13,2025-01-19,CHATEAUGONTIER,16/01/2025,514,-222,COMMERCE FLUIDE AVEC UN TRI MOINS SÉVÈRE.,COT-VRO-veaux14j_synthese-A25-S03.csv
2025,3,,2025-01-13,2025-01-19,LA TALAUDIERE,13/01/2025,165,-105,VENTE FACILE ET RAPIDE AVEC UNE PRÉSENTATION DE VEAUX DE QUALITÉ.,COT-VRO-veaux14j_synthese-A25-S03.csv
2025,3,,2025-01-13,2025-01-19,LAMBALLE,14/01/2025,316,-177,"LA DEMANDE EST FORTE DANS TOUTES LES CATÉGORIES, LES TARIFS SONT À TENDANCE HAUSSIÈRE.",COT-VRO-veaux14j_synthese-A25-S03.csv
2025,3,,2025-01-13,2025-01-19,LEZAY,14/01/2025,1153,-599,LÉGÈRE HAUSSE DES COURS POUR TOUTES LES CATÉGORIES.,COT-VRO-veaux14j_synthese-A25-S03.csv
2025,3,,2025-01-13,2025-01-19,TOTAL,,3051,-1597,,COT-VRO-veaux14j_synthese-A25-S03.csv
2025,4,,2025-01-20,2025-01-26,AGEN,22/01/2025,68,-22,"RÉAJUSTEMENT DES COURS POUR LES VEAUX LIMOUSINS, CROISÉS MIXTES ET RACES LAITIÈRES.",COT-VRO-veaux14j_synthese-A25-S04.csv
2025,4,,2025-01-20,2025-01-26,BOURG-EN-BRESSE,21/01/2025,219,-12,LES ACHETEURS ONT BESOIN DE VEAUX CAR LA DEMANDE RESTE FORTE À L'EXPORT. COURS EN HAUSSE DANS TOUTES LES CATÉGORIES.,COT-VRO-veaux14j_synthese-A25-S04.csv
2025,4,,2025-01-20,2025-01-26,CADRAN D'ARMOR,20/01/2025,369,-3,"HAUSSE GÉNÉRALE, VENTE PLUS ACTIVE.",COT-VRO-veaux14j_synthese-A25-S04.csv
2025,4,,2025-01-20,2025-01-26,CARENTAN,21/01/2025,68,10,MARCHÉ ACTIF.,COT-VRO-veaux14j_synthese-A25-S04.csv
2025,4,,2025-01-20,2025-01-26,CHATEAUBRIANT,22/01/2025,185,33,VENTE ACTIVE AVEC DES COURS SOUTENUS EN TOUTES CATÉGORIES.,COT-VRO-veaux14j_synthese-A25-S04.csv
2025,4,,2025-01-20,2025-01-26,CHATEAUGONTIER,23/01/2025,563,49,LA DEMANDE RESTE SOUTENUE ET LES ACHETEURS RELÈVENT LEURS GRILLES DE PRIX.,COT-VRO-veaux14j_synthese-A25-S04.csv
2025,4,,2025-01-20,2025-01-26,LA TALAUDIERE,20/01/2025,164,-1,LES COURS RESTENT FERMES EN TOUTES CATÉGORIES.,COT-VRO-veaux14j_synthese-A25-S04.csv
2025,4,,2025-01-20,2025-01-26,LAMBALLE,21/01/2025,280,-36,LA DEMANDE EST SOUTENUE DANS TOUTES LES CATÉGORIES. LES TARIFS SONT À LA HAUSSE.,COT-VRO-veaux14j_synthese-A25-S04.csv
2025,4,,2025-01-20,2025-01-26,LEZAY,21/01/2025,986,-167,LÉGÈRE HAUSSE DES COURS POUR LES VEAUX LAITIERS STANDARDS. COURS RECONDUITS DANS LES AUTRES CATÉGORIES.,COT-VRO-veaux14j_synthese-A25-S04.csv
2025,4,,2025-01-20,2025-01-26,TOTAL,,2902,-149,,COT-VRO-veaux14j_synthese-A25-S04.csv
2025,5,,2025-01-27,2025-02-02,AGEN,29/01/2025,120,52,AUGMENTATION DES COURS EN LAITIERS.,COT-VRO-veaux14j_synthese-A25-S05.csv
2025,5,,2025-01-27,2025-02-02,BOURG-EN-BRESSE,28/01/2025,223,4,TOUJOURS UNE BONNE DEMANDE DE LA PART DES ACHETEURS. LA HAUSSE DES COURS SE POURSUIT.,COT-VRO-veaux14j_synthese-A25-S05.csv
2025,5,,2025-01-27,2025-02-02,CADRAN D'ARMOR,27/01/2025,386,17,FORTE DEMANDE.,COT-VRO-veaux14j_synthese-A25-S05.csv
2025,5,,2025-01-27,2025-02-02,CARENTAN,28/01/2025,33,-35,MARCHÉ TRÈS ACTIF PAR LE MANQUE D'EFFECTIF.,COT-VRO-veaux14j_synthese-A25-S05.csv
2025,5,,2025-01-27,2025-02-02,CHATEAUBRIANT,29/01/2025,161,-24,COMMERCE ACTIF ET MANQUE DE MARCHANDISE. COURS EN HAUSSE.,COT-VRO-veaux14j_synthese-A25-S05.csv
2025,5,,2025-01-27,2025-02-02,CHATEAUGONTIER,30/01/2025,463,-100,COMMERCE RAPIDE AVEC UNE NOUVELLE PROGRESSION DES COURS.,COT-VRO-veaux14j_synthese-A25-S05.csv
2025,5,,2025-01-27,2025-02-02,LA TALAUDIERE,27/01/2025,155,-9,VENTE TOUJOURS TRÈS ACTIVE.,COT-VRO-veaux14j_synthese-A25-S05.csv
2025,5,,2025-01-27,2025-02-02,LAMBALLE,28/01/2025,281,1,TARIFS À LA HAUSSE QUELQUE SOIT L'ORIGINE. L'OFFRE EST MODESTE ET NE SUFFIT PAS AUX BESOINS.,COT-VRO-veaux14j_synthese-A25-S05.csv
2025,5,,2025-01-27,2025-02-02,LEZAY,28/01/2025,951,-35,"BONNE DEMANDE EN VX DE QUALITÉ, COMMERCE FLUIDE. LES VX DE CATÉGORIES INFÉRIEURES TROUVENT PLUS DIFFICILEMENT PRENEURS.",COT-VRO-veaux14j_synthese-A25-S05.csv
2025,5,,2025-01-27,2025-02-02,TOTAL,,2773,-129,,COT-VRO-veaux14j_synthese-A25-S05.csv
2025,6,,2025-02-03,2025-02-09,AGEN,05/02/2025,109,-11,RECONDUCTION DES COURS.,COT-VRO-veaux14j_synthese-A25-S06.csv
2025,6,,2025-02-03,2025-02-09,BOURG-EN-BRESSE,04/02/2025,193,-30,LE MANQUE DE VEAUX SUR LE MARCHÉ ENTRAÎNE UNE HAUSSE CONTINUE DES COURS DANS TOUTES LES CATÉGORIES.,COT-VRO-veaux14j_synthese-A25-S06.csv
2025,6,,2025-02-03,2025-02-09,CADRAN D'ARMOR,03/02/2025,323,-63,COURS RECONDUITS. OFFRE MOINS IMPORTANTE.,COT-VRO-veaux14j_synthese-A25-S06.csv
2025,6,,2025-02-03,2025-02-09,CARENTAN,04/02/2025,42,9,MARCHÉ TRÈS ACTIF PAR LE MANQUE D'EFFECTIF. HAUSSE DANS L'ENSEMBLE DES CATÉGORIES.,COT-VRO-veaux14j_synthese-A25-S06.csv
2025,6,,2025-02-03,2025-02-09,CHATEAUBRIANT,05/02/2025,138,-23,LE COMMERCE RESTE FLUIDE DANS SON ENSEMBLE POUR DES GAMMES DE PRIX ATTRACTIVES.,COT-VRO-veaux14j_synthese-A25-S06.csv
2025,6,,2025-02-03,2025-02-09,CHATEAUGONTIER,06/02/2025,502,39,"PRÉSENTATION DE QUALITÉ, COMMERCE RAPIDE.",COT-VRO-veaux14j_synthese-A25-S06.csv
2025,6,,2025-02-03,2025-02-09,LA TALAUDIERE,03/02/2025,170,15,LA VENTE RESTE ACTIVE EN TOUTES CATÉGORIES.,COT-VRO-veaux14j_synthese-A25-S06.csv
2025,6,,2025-02-03,2025-02-09,LAMBALLE,04/02/2025,249,-32,LES COURS DEMEURENT STABLES DANS TOUTES LES CATÉGORIES.,COT-VRO-veaux14j_synthese-A25-S06.csv
2025,6,,2025-02-03,2025-02-09,LEZAY,04/02/2025,923,-28,"POURSUITE DE LA HAUSSE DES COURS, BONNE DEMANDE EN VEAUX DE QUALITÉ.",COT-VRO-veaux14j_synthese-A25-S06.csv
2025,6,,2025-02-03,2025-02-09,TOTAL,,2649,-124,,COT-VRO-veaux14j_synthese-A25-S06.csv
2025,7,,2025-02-10,2025-02-16,AGEN,12/02/2025,84,-25,AUGMENTATION DES COURS.,COT-VRO-veaux14j_synthese-A25-S07.csv
2025,7,,2025-02-10,2025-02-16,BOURG-EN-BRESSE,11/02/2025,217,24,LA HAUSSE DES COURS SE POURSUIT EN RAISON D'APPORTS LIMITÉS POUR COUVRIR LES BESOINS DES INTÉGRATEURS ET EXPORTATEURS.,COT-VRO-veaux14j_synthese-A25-S07.csv
2025,7,,2025-02-10,2025-02-16,CADRAN D'ARMOR,10/02/2025,282,-41,OFFRE MOINS IMPORTANTE AVEC DES VEAUX MOYENS PRATIQUEMENT INVENDABLES.,COT-VRO-veaux14j_synthese-A25-S07.csv
2025,7,,2025-02-10,2025-02-16,CARENTAN,11/02/2025,52,10,COURS RECONDUITS DANS L'ENSEMBLE DES CATÉGORIES.,COT-VRO-veaux14j_synthese-A25-S07.csv
2025,7,,2025-02-10,2025-02-16,CHATEAUBRIANT,12/02/2025,137,-1,PEU DE VEAUX POUR LES BESOINS DES ENGRAISSEURS. PRÉSENTATION DE QUALITÉ MOYENNE. VENTE ACTIVE AVEC DES COURS INCHANGÉS.,COT-VRO-veaux14j_synthese-A25-S07.csv
2025,7,,2025-02-10,2025-02-16,CHATEAUGONTIER,13/02/2025,448,-54,PRÉSENTATION À LA BAISSE MAIS BONNE QUALITÉ DANS L'ENSEMBLE. VENTE RAPIDE AVEC DES COURS SOUTENUS.,COT-VRO-veaux14j_synthese-A25-S07.csv
2025,7,,2025-02-10,2025-02-16,LA TALAUDIERE,10/02/2025,174,4,LA VENTE RESTE FACILE ET ACTIVE EN TOUTES CATÉGORIES.,COT-VRO-veaux14j_synthese-A25-S07.csv
2025,7,,2025-02-10,2025-02-16,LAMBALLE,11/02/2025,219,-30,LA DEMANDE RESTE SOUTENUE MALGRÉ UNE OFFRE LIMITÉE. LES TARIFS SE MAINTIENNENT À UN NIVEAU STABLE.,COT-VRO-veaux14j_synthese-A25-S07.csv
2025,7,,2025-02-10,2025-02-16,LEZAY,11/02/2025,932,9,BONNE DEMANDE DANS LES BONS VEAUX LAITIERS. LES VEAUX DE CATÉGORIES INFÉRIEURES OU MAL PRÉPARÉS NE SONT PAS VALORISÉS.,COT-VRO-veaux14j_synthese-A25-S07.csv
2025,7,,2025-02-10,2025-02-16,TOTAL,,2545,-104,,COT-VRO-veaux14j_synthese-A25-S07.csv
2025,8,,2025-02-17,2025-02-23,AGEN,19/02/2025,122,38,AUGMENTATION DES COURS PAR MANQUE DE VEAUX.,COT-VRO-veaux14j_synthese-A25-S08.csv
2025,8,,2025-02-17,2025-02-23,BOURG-EN-BRESSE,18/02/2025,175,-42,NOUVELLE HAUSSE DES COURS CETTE SEMAINE. LA DEMANDE RESTE FERME.,COT-VRO-veaux14j_synthese-A25-S08.csv
2025,8,,2025-02-17,2025-02-23,CADRAN D'ARMOR,17/02/2025,269,-13,OFFRE STABLE.,COT-VRO-veaux14j_synthese-A25-S08.csv
2025,8,,2025-02-17,2025-02-23,CARENTAN,18/02/2025,75,23,MARCHÉ ACTIF DANS L'ENSEMBLE.,COT-VRO-veaux14j_synthese-A25-S08.csv
2025,8,,2025-02-17,2025-02-23,CHATEAUBRIANT,19/02/2025,120,-17,OFFRE RÉDUITE ET UNE BONNE DEMANDE ORIENTENT LES COURS À LA HAUSSE.,COT-VRO-veaux14j_synthese-A25-S08.csv
2025,8,,2025-02-17,2025-02-23,CHATEAUGONTIER,20/02/2025,445,-3,VENTE RAPIDE ET COURS FACILEMENT RECONDUITS.,COT-VRO-veaux14j_synthese-A25-S08.csv
2025,8,,2025-02-17,2025-02-23,LA TALAUDIERE,17/02/2025,173,-1,TOUJOURS UNE BONNE DEMANDE AVEC DES COURS EN HAUSSE.,COT-VRO-veaux14j_synthese-A25-S08.csv
2025,8,,2025-02-17,2025-02-23,LAMBALLE,18/02/2025,233,14,L'OFFRE RESTE MODESTE. LES TARIFS DEMEURENT FERMES ET SOUTENUS.,COT-VRO-veaux14j_synthese-A25-S08.csv
2025,8,,2025-02-17,2025-02-23,LEZAY,18/02/2025,888,-44,"APPORT EN BAISSE, COURS RECONDUITS, TOUJOURS UNE BONNE DEMANDE.",COT-VRO-veaux14j_synthese-A25-S08.csv
2025,8,,2025-02-17,2025-02-23,TOTAL,,2500,-45,,COT-VRO-veaux14j_synthese-A25-S08.csv
2025,9,,2025-02-24,2025-03-02,AGEN,26/02/2025,63,-59,"PEU D'OFFRE, HAUSSE DES COURS.",COT-VRO-veaux14j_synthese-A25-S09.csv
2025,9,,2025-02-24,2025-03-02,BOURG-EN-BRESSE,25/02/2025,194,19,L'OFFRE EST LIMITÉE ET LA DEMANDE BIEN PRÉSENTE. HAUSSE DES COURS DANS TOUTES LES CATÉGORIES.,COT-VRO-veaux14j_synthese-A25-S09.csv
2025,9,,2025-02-24,2025-03-02,CADRAN D'ARMOR,24/02/2025,280,11,OFFRE STABLE. DEMANDE RÉGULIERE À BELLE ISLE ET PEU SOUTENUE À MUR DE BRETAGNE.,COT-VRO-veaux14j_synthese-A25-S09.csv
2025,9,,2025-02-24,2025-03-02,CARENTAN,25/02/2025,42,-33,COURS RECONDUITS AVEC UN MARCHÉ ACTIF.,COT-VRO-veaux14j_synthese-A25-S09.csv
2025,9,,2025-02-24,2025-03-02,CHATEAUBRIANT,26/02/2025,140,20,COMMERCE FLUIDE AVEC UNE STABILISATION DES COURS DANS LES CROISÉS.,COT-VRO-veaux14j_synthese-A25-S09.csv
2025,9,,2025-02-24,2025-03-02,CHATEAUGONTIER,27/02/2025,510,65,"L'OFFRE CORRESPOND AUX BESOINS, TRI MOINS SÉVÈRE ET FACILE RECONDUCTION.",COT-VRO-veaux14j_synthese-A25-S09.csv
2025,9,,2025-02-24,2025-03-02,LA TALAUDIERE,24/02/2025,140,-33,VENTE TOUJOURS FACILE EN TOUTES CATÉGORIES.,COT-VRO-veaux14j_synthese-A25-S09.csv
2025,9,,2025-02-24,2025-03-02,LAMBALLE,25/02/2025,223,-10,/,COT-VRO-veaux14j_synthese-A25-S09.csv
2025,9,,2025-02-24,2025-03-02,LEZAY,25/02/2025,857,-31,"BONNE DEMANDE, OFFRE EN BAISSE.",COT-VRO-veaux14j_synthese-A25-S09.csv
2025,9,,2025-02-24,2025-03-02,TOTAL,,2449,-51,,COT-VRO-veaux14j_synthese-A25-S09.csv
2025,10,,2025-03-03,2025-03-09,AGEN,05/03/2025,91,28,"PEU D'OFFRE, HAUSSE DES COURS.",COT-VRO-veaux14j_synthese-A25-S10.csv
2025,10,,2025-03-03,2025-03-09,BOURG-EN-BRESSE,04/03/2025,209,15,LA DEMANDE EST TOUJOURS FORTE. LA HAUSSE DES COURS SE POURSUIT.,COT-VRO-veaux14j_synthese-A25-S10.csv
2025,10,,2025-03-03,2025-03-09,CADRAN D'ARMOR,03/03/2025,315,35,"OFFRE PLUS IMPORTANTE, BONNE TENUE DES COURS.",COT-VRO-veaux14j_synthese-A25-S10.csv
2025,10,,2025-03-03,2025-03-09,CARENTAN,04/03/2025,74,32,MARCHÉ ACTIF.,COT-VRO-veaux14j_synthese-A25-S10.csv
2025,10,,2025-03-03,2025-03-09,CHATEAUBRIANT,05/03/2025,158,18,LE COMMERCE RESTE FACILITÉ PAR LA FAIBLESSE DE L'OFFRE. LES TARIFS DEMEURENT FERMES.,COT-VRO-veaux14j_synthese-A25-S10.csv
2025,10,,2025-03-03,2025-03-09,CHATEAUGONTIER,06/03/2025,564,54,COMMERCE FLUIDE ET COURS FACILEMENT RECONDUITS.,COT-VRO-veaux14j_synthese-A25-S10.csv
2025,10,,2025-03-03,2025-03-09,LA TALAUDIERE,03/03/2025,142,2,VENTE TOUJOURS FACILE.,COT-VRO-veaux14j_synthese-A25-S10.csv
2025,10,,2025-03-03,2025-03-09,LAMBALLE,04/03/2025,322,99,LE COMMERCE EST FLUIDE ET DYNAMIQUE AVEC UNE OFFRE PLUS CONSÉQUENTE.,COT-VRO-veaux14j_synthese-A25-S10.csv
2025,10,,2025-03-03,2025-03-09,LEZAY,04/03/2025,925,68,"OFFRE TOUJOURS RESTREINTE, VENTE FACILE DANS LES BONS SUJETS.",COT-VRO-veaux14j_synthese-A25-S10.csv
2025,10,,2025-03-03,2025-03-09,TOTAL,,2800,351,,COT-VRO-veaux14j_synthese-A25-S10.csv
2025,11,,2025-03-10,2025-03-16,AGEN,12/03/2025,66,-25,LÉGÈRE AUGMENTATION SUR LES PRIM'HOLSTEIN.,COT-VRO-veaux14j_synthese-A25-S11.csv
2025,11,,2025-03-10,2025-03-16,BOURG-EN-BRESSE,11/03/2025,194,-15,L'OFFRE EST LIMITÉE ET LA DEMANDE RESTE BIEN PRÉSENTE. LES COURS SONT FACILEMENT RECONDUITS.,COT-VRO-veaux14j_synthese-A25-S11.csv
2025,11,,2025-03-10,2025-03-16,CADRAN D'ARMOR,10/03/2025,371,56,OFFRE PLUS IMPORTANTE.,COT-VRO-veaux14j_synthese-A25-S11.csv
2025,11,,2025-03-10,2025-03-16,CARENTAN,11/03/2025,71,-3,"HAUSSE DANS TOUTES LES CATÉGORIES, MARCHÉ ACTIF.",COT-VRO-veaux14j_synthese-A25-S11.csv
2025,11,,2025-03-10,2025-03-16,CHATEAUBRIANT,12/03/2025,178,20,VENTE ACTIVE AVEC UNE DEMANDE QUI SE RENFORCE POUR LES SORTIES DE SEPTEMBRE.,COT-VRO-veaux14j_synthese-A25-S11.csv
2025,11,,2025-03-10,2025-03-16,CHATEAUGONTIER,13/03/2025,520,-44,LE COMMERCE S'ANIME POUR DES MISES EN PLACE DE SEPTEMBRE AVEC DES COURS REVUS À LA HAUSSE.,COT-VRO-veaux14j_synthese-A25-S11.csv
2025,11,,2025-03-10,2025-03-16,LA TALAUDIERE,10/03/2025,174,32,"MARCHÉ ACTIF, VENTES TOUJOURS FACILES, COURS EN HAUSSE.",COT-VRO-veaux14j_synthese-A25-S11.csv
2025,11,,2025-03-10,2025-03-16,LAMBALLE,11/03/2025,310,-12,L'OFFRE EST PLUS CONSÉQUENTE AVEC LA SAISON DES VÊLAGES GROUPÉS QUI DÉMARRE. VENTE DYNAMIQUE.,COT-VRO-veaux14j_synthese-A25-S11.csv
2025,11,,2025-03-10,2025-03-16,LEZAY,11/03/2025,1005,80,BONNE DEMANDE DANS LES VEAUX DE QUALITÉ.,COT-VRO-veaux14j_synthese-A25-S11.csv
2025,11,,2025-03-10,2025-03-16,TOTAL,,2889,89,,COT-VRO-veaux14j_synthese-A25-S11.csv
2025,12,,2025-03-17,2025-03-23,AGEN,19/03/2025,81,15,HAUSSE DES COURS TOUTES CATÉGORIES.,COT-VRO-veaux14j_synthese-A25-S12.csv
2025,12,,2025-03-17,2025-03-23,BOURG-EN-BRESSE,18/03/2025,193,-1,L'ALLÈGEMENT DES RÈGLES SANITAIRES POUR L'ESPAGNE ET LES APPORTS LIMITÉS RENDENT LA VENTE ACTIVE. HAUSSE DES COURS.,COT-VRO-veaux14j_synthese-A25-S12.csv
2025,12,,2025-03-17,2025-03-23,CADRAN D'ARMOR,17/03/2025,355,-16,OFFRE SATISFAISANTE. LES COURS SONT EN HAUSSE SUR L'ENSEMBLE DES VEAUX.,COT-VRO-veaux14j_synthese-A25-S12.csv
2025,12,,2025-03-17,2025-03-23,CARENTAN,18/03/2025,66,-5,MARCHÉ ACTIF.,COT-VRO-veaux14j_synthese-A25-S12.csv
2025,12,,2025-03-17,2025-03-23,CHATEAUBRIANT,19/03/2025,177,-1,LA SUPPRESSION DES PCR À L'EXPORT ENTRAÎNE UNE HAUSSE DES PRIX.,COT-VRO-veaux14j_synthese-A25-S12.csv
2025,12,,2025-03-17,2025-03-23,CHATEAUGONTIER,20/03/2025,528,8,COMMERCE FLUIDE DANS L'ENSEMBLE AVEC UNE MEILLEURE TENUE DES COURS.,COT-VRO-veaux14j_synthese-A25-S12.csv
2025,12,,2025-03-17,2025-03-23,LA TALAUDIERE,17/03/2025,139,-35,VENTE TOUJOURS FACILE.,COT-VRO-veaux14j_synthese-A25-S12.csv
2025,12,,2025-03-17,2025-03-23,LAMBALLE,18/03/2025,353,43,L'OFFRE EST PLUS CONSÉQUENTE EN CETTE PÉRIODE DE VÊLAGE. LES TARIFS DEMEURENT MOINS DISCUTÉS MAIS RESTENT SATISFAISANTS.,COT-VRO-veaux14j_synthese-A25-S12.csv
2025,12,,2025-03-17,2025-03-23,LEZAY,18/03/2025,991,-14,"TRÈS FORTE DEMANDE EN VEAUX. L'OFFRE RESTE TRÈS LIMITÉE, MANQUE DE VEAUX TOUTES CATÉGORIES. ARRÊT DES PCR.",COT-VRO-veaux14j_synthese-A25-S12.csv
2025,12,,2025-03-17,2025-03-23,TOTAL,,2883,-6,,COT-VRO-veaux14j_synthese-A25-S12.csv
2025,13,,2025-03-24,2025-03-30,AGEN,26/03/2025,69,-12,COURS À LA HAUSSE.,COT-VRO-veaux14j_synthese-A25-S13.csv
2025,13,,2025-03-24,2025-03-30,BOURG-EN-BRESSE,25/03/2025,164,-29,LA VENTE EST TOUJOURS ACTIVE ET LES COURS SONT RECONDUITS.,COT-VRO-veaux14j_synthese-A25-S13.csv
2025,13,,2025-03-24,2025-03-30,CADRAN D'ARMOR,24/03/2025,322,-33,OFFRE MOINS IMPORTANTE. COURS RECONDUITS.,COT-VRO-veaux14j_synthese-A25-S13.csv
2025,13,,2025-03-24,2025-03-30,CARENTAN,25/03/2025,75,9,MARCHÉ ACTIF.,COT-VRO-veaux14j_synthese-A25-S13.csv
2025,13,,2025-03-24,2025-03-30,CHATEAUBRIANT,26/03/2025,185,8,COMMERCE FLUIDE AVEC DES COURS SOUTENUS EN TOUTES CATÉGORIES.,COT-VRO-veaux14j_synthese-A25-S13.csv
2025,13,,2025-03-24,2025-03-30,CHATEAUGONTIER,27/03/2025,476,-52,FAIBLESSE DES APPORTS ET PERSISTENCE D'UNE DEMANDE SOUTENUE. LES NIVEAUX DE PRIX PRATIQUÉS INTERPELLENT.,COT-VRO-veaux14j_synthese-A25-S13.csv
2025,13,,2025-03-24,2025-03-30,LA TALAUDIERE,24/03/2025,148,9,VENTE TOUJOURS TRÈS ACTIVE EN TOUTES CATÉGORIES AVEC DES COURS UNE NOUVELLE FOIS EN HAUSSE.,COT-VRO-veaux14j_synthese-A25-S13.csv
2025,13,,2025-03-24,2025-03-30,LAMBALLE,25/03/2025,305,-48,LA VENTE EST FLUIDE.,COT-VRO-veaux14j_synthese-A25-S13.csv
2025,13,,2025-03-24,2025-03-30,LEZAY,25/03/2025,1026,35,"LÉGÈRE HAUSSE EN RACES ALLAITANTES, TOUJOURS AVEC UNE BONNE DEMANDE DANS TOUTES LES CATÉGORIES.",COT-VRO-veaux14j_synthese-A25-S13.csv
2025,13,,2025-03-24,2025-03-30,TOTAL,,2770,-113,,COT-VRO-veaux14j_synthese-A25-S13.csv
2025,14,,2025-03-31,2025-04-06,AGEN,02/04/2025,52,-17,"FAIBLES APPORTS, COURS RECONDUITS.",COT-VRO-veaux14j_synthese-A25-S14.csv
2025,14,,2025-03-31,2025-04-06,BOURG-EN-BRESSE,01/04/2025,193,29,LES ACHETEURS N'ARRIVENT PAS À COUVRIR LEURS BESOINS. L'OFFRE EST INSUFFISANTE ENTRAÎNANT UNE HAUSSE DES COURS.,COT-VRO-veaux14j_synthese-A25-S14.csv
2025,14,,2025-03-31,2025-04-06,CADRAN D'ARMOR,31/03/2025,400,78,VENTE ACTIVE. OFFRE PLUS FOURNIE.,COT-VRO-veaux14j_synthese-A25-S14.csv
2025,14,,2025-03-31,2025-04-06,CARENTAN,01/04/2025,87,12,MARCHÉ TOUJOURS AUSSI ACTIF.,COT-VRO-veaux14j_synthese-A25-S14.csv
2025,14,,2025-03-31,2025-04-06,CHATEAUBRIANT,02/04/2025,160,-25,LE COMMERCE RESTE FLUIDE AVEC DES TARIFS QUI SE STABILISENT.,COT-VRO-veaux14j_synthese-A25-S14.csv
2025,14,,2025-03-31,2025-04-06,CHATEAUGONTIER,03/04/2025,550,74,BELLE PRÉSENTATION AVEC DES COURS RECONDUITS.,COT-VRO-veaux14j_synthese-A25-S14.csv
2025,14,,2025-03-31,2025-04-06,LA TALAUDIERE,31/03/2025,139,-9,VENTE TOUJOURS FACILE AVEC DES COURS SOUTENUS.,COT-VRO-veaux14j_synthese-A25-S14.csv
2025,14,,2025-03-31,2025-04-06,LAMBALLE,01/04/2025,290,-15,COURS FERMES DANS TOUTES LES CATÉGORIES.,COT-VRO-veaux14j_synthese-A25-S14.csv
2025,14,,2025-03-31,2025-04-06,LEZAY,01/04/2025,956,-70,"TOUJOURS UNE BONNE DEMANDE, COURS RECONDUITS.",COT-VRO-veaux14j_synthese-A25-S14.csv
2025,14,,2025-03-31,2025-04-06,TOTAL,,2827,57,,COT-VRO-veaux14j_synthese-A25-S14.csv
2025,15,,2025-04-07,2025-04-13,AGEN,09/04/2025,60,8,RÉAJUSTEMENT DES COURS.,COT-VRO-veaux14j_synthese-A25-S15.csv
2025,15,,2025-04-07,2025-04-13,BOURG-EN-BRESSE,08/04/2025,169,-24,LES BESOINS SONT IMPORTANTS ET L'OFFRE EST INSUFFISANTE. COURS TRÈS FACILEMENT RECONDUITS.,COT-VRO-veaux14j_synthese-A25-S15.csv
2025,15,,2025-04-07,2025-04-13,CADRAN D'ARMOR,07/04/2025,406,6,"COURS STABLES, OFFRE PLUS IMPORTANTE.",COT-VRO-veaux14j_synthese-A25-S15.csv
2025,15,,2025-04-07,2025-04-13,CARENTAN,08/04/2025,80,-7,COURS FACILEMENTS RECONDUITS.,COT-VRO-veaux14j_synthese-A25-S15.csv
2025,15,,2025-04-07,2025-04-13,CHATEAUBRIANT,09/04/2025,201,41,"VENTES RAPIDES, AVEC DES TARIFS SOUTENUS DANS L'ENSEMBLE DES CATÉGORIES.",COT-VRO-veaux14j_synthese-A25-S15.csv
2025,15,,2025-04-07,2025-04-13,CHATEAUGONTIER,10/04/2025,480,-70,UNE OFFRE PLUS RESTREINTE ET UNE DEMANDE SOUTENUE PERMETTENT DES COURS FACILEMENT RECONDUITS.,COT-VRO-veaux14j_synthese-A25-S15.csv
2025,15,,2025-04-07,2025-04-13,LA TALAUDIERE,07/04/2025,165,26,"LA VENTE EST TOUJOURS ACTIVE, ET LA HAUSSE DES COURS SE POURSUIT.",COT-VRO-veaux14j_synthese-A25-S15.csv
2025,15,,2025-04-07,2025-04-13,LAMBALLE,08/04/2025,337,47,OFFRE DE QUALITÉ.,COT-VRO-veaux14j_synthese-A25-S15.csv
2025,15,,2025-04-07,2025-04-13,LEZAY,08/04/2025,971,15,BONNE DEMANDE. HARMONISATION DES COURS.,COT-VRO-veaux14j_synthese-A25-S15.csv
2025,15,,2025-04-07,2025-04-13,TOTAL,,2869,42,,COT-VRO-veaux14j_synthese-A25-S15.csv
2025,16,,2025-04-14,2025-04-20,AGEN,16/04/2025,73,13,COURS RECONDUITS.,COT-VRO-veaux14j_synthese-A25-S16.csv
2025,16,,2025-04-14,2025-04-20,BOURG-EN-BRESSE,15/04/2025,133,-36,L'OFFRE SE RARÉFIE ENTRAÎNANT UNE HAUSSE DES COURS DANS TOUTES LES CATÉGORIES.,COT-VRO-veaux14j_synthese-A25-S16.csv
2025,16,,2025-04-14,2025-04-20,CADRAN D'ARMOR,14/04/2025,354,-52,"OFFRE MOINS IMPORTANTE, VENTE RÉGULIÈRE.",COT-VRO-veaux14j_synthese-A25-S16.csv
2025,16,,2025-04-14,2025-04-20,CARENTAN,15/04/2025,115,35,MARCHÉ TOUJOURS AUSSI ACTIF.,COT-VRO-veaux14j_synthese-A25-S16.csv
2025,16,,2025-04-14,2025-04-20,CHATEAUBRIANT,16/04/2025,158,-43,"VENTE FLUIDE ET RÉGULIERE DANS LES RACES À VIANDE, LÉGÈRE HAUSSE DANS LES RACES LAITIÈRES MIXTES ET CROISÉS LAITIERS.",COT-VRO-veaux14j_synthese-A25-S16.csv
2025,16,,2025-04-14,2025-04-20,CHATEAUGONTIER,17/04/2025,502,22,"OFFRE LIMITÉE, DEMANDE SOUTENUE ET COURS EN LÉGÈRE PROGRESSION.",COT-VRO-veaux14j_synthese-A25-S16.csv
2025,16,,2025-04-14,2025-04-20,LA TALAUDIERE,14/04/2025,141,-24,LA VENTE RESTE ACTIVE ET LES COURS EN HAUSSE.,COT-VRO-veaux14j_synthese-A25-S16.csv
2025,16,,2025-04-14,2025-04-20,LAMBALLE,15/04/2025,367,30,L'OFFRE EST PLUS CONSÉQUENTE.,COT-VRO-veaux14j_synthese-A25-S16.csv
2025,16,,2025-04-14,2025-04-20,LEZAY,15/04/2025,953,-18,"OFFRE LIMITÉE, VENTE FLUIDE.",COT-VRO-veaux14j_synthese-A25-S16.csv
2025,16,,2025-04-14,2025-04-20,TOTAL,,2796,-73,,COT-VRO-veaux14j_synthese-A25-S16.csv
2025,17,,2025-04-21,2025-04-27,AGEN,23/04/2025,100,27,COURS RECONDUITS.,COT-VRO-veaux14j_synthese-A25-S17.csv
2025,17,,2025-04-21,2025-04-27,BOURG-EN-BRESSE,22/04/2025,89,-44,MARCHÉ NON REPRÉSENTATIF. COURS RECONDUITS POUR INFORMATION.,COT-VRO-veaux14j_synthese-A25-S17.csv
2025,17,,2025-04-21,2025-04-27,CADRAN D'ARMOR,21/04/2025,320,-34,OFFRE MOINS IMPORTANTE.,COT-VRO-veaux14j_synthese-A25-S17.csv
2025,17,,2025-04-21,2025-04-27,CARENTAN,22/04/2025,101,-14,MARCHÉ ACTIF.,COT-VRO-veaux14j_synthese-A25-S17.csv
2025,17,,2025-04-21,2025-04-27,CHATEAUBRIANT,23/04/2025,204,46,VENTE REGULIÈRE. COURS FACILEMENT RECONDUITS.,COT-VRO-veaux14j_synthese-A25-S17.csv
2025,17,,2025-04-21,2025-04-27,CHATEAUGONTIER,24/04/2025,560,58,DEMANDE FORTE DES INTÉGRATEURS AVEC DES COURS FACILEMENT RECONDUITS.,COT-VRO-veaux14j_synthese-A25-S17.csv
2025,17,,2025-04-21,2025-04-27,LA TALAUDIERE,21/04/2025,160,19,LES COURS RESTENT TRÈS FACILEMENT RECONDUITS.,COT-VRO-veaux14j_synthese-A25-S17.csv
2025,17,,2025-04-21,2025-04-27,LAMBALLE,22/04/2025,339,-28,VEAUX DE BONNE QUALITÉ D'ENSEMBLE. COURS STABLES DANS TOUTES LES CATÉGORIES.,COT-VRO-veaux14j_synthese-A25-S17.csv
2025,17,,2025-04-21,2025-04-27,LEZAY,22/04/2025,795,-158,"APPORTS LIMITÉS POUR CE MARCHÉ DÉCALÉ, COURS RECONDUITS EN ALLAITANTS ET LÉGÈRE HAUSSE EN LAITIERS.",COT-VRO-veaux14j_synthese-A25-S17.csv
2025,17,,2025-04-21,2025-04-27,TOTAL,,2668,-128,,COT-VRO-veaux14j_synthese-A25-S17.csv
2025,18,,2025-04-28,2025-05-04,AGEN,30/04/2025,82,-18,RÉAJUSTEMENT DES COURS.,COT-VRO-veaux14j_synthese-A25-S18.csv
2025,18,,2025-04-28,2025-05-04,BOURG-EN-BRESSE,29/04/2025,170,81,LES COURS POURSUIVENT LEUR HAUSSE DANS TOUTES LES CATÉGORIES. LES ACHETEURS NE PARVIENNENT PAS À COUVRIR LEURS BESOINS.,COT-VRO-veaux14j_synthese-A25-S18.csv
2025,18,,2025-04-28,2025-05-04,CADRAN D'ARMOR,28/04/2025,319,-1,OFFRE STABLE.,COT-VRO-veaux14j_synthese-A25-S18.csv
2025,18,,2025-04-28,2025-05-04,CARENTAN,29/04/2025,111,10,COURS RECONDUITS AVEC UN MARCHÉ TOUJOURS AUSSI ACTIF.,COT-VRO-veaux14j_synthese-A25-S18.csv
2025,18,,2025-04-28,2025-05-04,CHATEAUBRIANT,30/04/2025,157,-47,"COMMERCE FACILE, COURS RECONDUITS EN VIANDE, FERMETÉ DES PRIX EN CROISÉS ET RACES LAITIÈRES.",COT-VRO-veaux14j_synthese-A25-S18.csv
2025,18,,2025-04-28,2025-05-04,CHATEAUGONTIER,01/05/2025,222,-338,MARCHÉ DÉCALÉ AVEC UNE OFFRE INSUFFISANTE POUR LES BESOINS DES INTÉGRATEURS. COURS FACILEMENT RECONDUITS.,COT-VRO-veaux14j_synthese-A25-S18.csv
2025,18,,2025-04-28,2025-05-04,LA TALAUDIERE,28/04/2025,130,-30,LA VENTE RESTE TOUJOURS TRÈS FACILE EN TOUTES CATÉGORIES.,COT-VRO-veaux14j_synthese-A25-S18.csv
2025,18,,2025-04-28,2025-05-04,LAMBALLE,29/04/2025,381,42,/,COT-VRO-veaux14j_synthese-A25-S18.csv
2025,18,,2025-04-28,2025-05-04,LEZAY,29/04/2025,1069,274,COMMERCE STABLE MALGRÉ UN APPORT PLUS IMPORTANT CETTE SEMAINE.,COT-VRO-veaux14j_synthese-A25-S18.csv
2025,18,,2025-04-28,2025-05-04,TOTAL,,2641,-27,,COT-VRO-veaux14j_synthese-A25-S18.csv
2025,19,,2025-05-05,2025-05-11,AGEN,07/05/2025,,,PAS DE MARCHÉ CE MERCREDI. COURS RECONDUITS POUR INFORMATION.,COT-VRO-veaux14j_synthese-A25-S19.csv
2025,19,,2025-05-05,2025-05-11,BOURG-EN-BRESSE,06/05/2025,131,-39,L'OFFRE EST INSUFFISANTE FACE À UNE DEMANDE SOUTENUE. LA VENTE EST RAPIDE ET LES COURS SONT FACILEMENT RECONDUITS.,COT-VRO-veaux14j_synthese-A25-S19.csv
2025,19,,2025-05-05,2025-05-11,CADRAN D'ARMOR,05/05/2025,369,50,"OFFRE STABLE, COMMERCE FLUIDE.",COT-VRO-veaux14j_synthese-A25-S19.csv
2025,19,,2025-05-05,2025-05-11,CARENTAN,06/05/2025,111,0,"HAUSSE DANS LES RACES MIXTES ET LAITIÈRES, RECONDUIT DANS LE RESTE.",COT-VRO-veaux14j_synthese-A25-S19.csv
2025,19,,2025-05-05,2025-05-11,CHATEAUBRIANT,07/05/2025,187,30,LA VENTE RESTE TRÈS FLUIDE AVEC DES TARIFS TOUJOURS AUSSI SOUTENUS.,COT-VRO-veaux14j_synthese-A25-S19.csv
2025,19,,2025-05-05,2025-05-11,CHATEAUGONTIER,08/05/2025,413,191,VENTE RAPIDE POUR CE MARCHÉ DÉCALÉ. COURS FACILEMENT RECONDUITS.,COT-VRO-veaux14j_synthese-A25-S19.csv
2025,19,,2025-05-05,2025-05-11,LA TALAUDIERE,05/05/2025,127,-3,"MANQUE D'APPPORTS, VENTE ACTIVE.",COT-VRO-veaux14j_synthese-A25-S19.csv
2025,19,,2025-05-05,2025-05-11,LAMBALLE,06/05/2025,327,-54,LES TARIFS DEMEURENT STABLES.,COT-VRO-veaux14j_synthese-A25-S19.csv
2025,19,,2025-05-05,2025-05-11,LEZAY,06/05/2025,848,-221,"COMMERCE FLUIDE, COURS RECONDUITS DANS TOUTES LES CATÉGORIES.",COT-VRO-veaux14j_synthese-A25-S19.csv
2025,19,,2025-05-05,2025-05-11,TOTAL,,2513,-128,,COT-VRO-veaux14j_synthese-A25-S19.csv
2025,20,,2025-05-12,2025-05-18,AGEN,14/05/2025,128,,RÉAJUSTEMENT DES COURS.,COT-VRO-veaux14j_synthese-A25-S20.csv
2025,20,,2025-05-12,2025-05-18,BOURG-EN-BRESSE,13/05/2025,171,40,LA VENTE EST TRÈS ACTIVE ET LA DEMANDE RESTE FORTE. LES COURS MARQUENT UNE HAUSSE SIGNIFICATIVE CETTE SEMAINE ENCORE.,COT-VRO-veaux14j_synthese-A25-S20.csv
2025,20,,2025-05-12,2025-05-18,CADRAN D'ARMOR,12/05/2025,351,-18,COURS RECONDUITS.,COT-VRO-veaux14j_synthese-A25-S20.csv
2025,20,,2025-05-12,2025-05-18,CARENTAN,13/05/2025,108,-3,"HAUSSE DANS LES RACES MIXTES ET LAITIERS, FACILEMENT RECONDUIT DANS LE RESTE.",COT-VRO-veaux14j_synthese-A25-S20.csv
2025,20,,2025-05-12,2025-05-18,CHATEAUBRIANT,14/05/2025,176,-11,"MANQUE D'OFFRE, VENTE ACTIVE. PROGRESSION GÉNÉRALE DES COURS.",COT-VRO-veaux14j_synthese-A25-S20.csv
2025,20,,2025-05-12,2025-05-18,CHATEAUGONTIER,15/05/2025,420,7,LA PRÉSENTATION RESTE LIMITÉE ET INSUFFISANTE POUR LA DEMANDE. COURS EN HAUSSE.,COT-VRO-veaux14j_synthese-A25-S20.csv
2025,20,,2025-05-12,2025-05-18,LA TALAUDIERE,12/05/2025,130,3,"TOUJOURS PEU DE MARCHANDISE, LES VENTES RESTENT ACTIVES.",COT-VRO-veaux14j_synthese-A25-S20.csv
2025,20,,2025-05-12,2025-05-18,LAMBALLE,13/05/2025,328,1,COURS STABLES. VENTE FLUIDE.,COT-VRO-veaux14j_synthese-A25-S20.csv
2025,20,,2025-05-12,2025-05-18,LEZAY,13/05/2025,915,67,POURSUITE DE LA HAUSSE DES COURS TOUTES CATÉGORIES. COMMERCE DYNAMIQUE.,COT-VRO-veaux14j_synthese-A25-S20.csv
2025,20,,2025-05-12,2025-05-18,TOTAL,,2727,214,,COT-VRO-veaux14j_synthese-A25-S20.csv
2025,21,,2025-05-19,2025-05-25,AGEN,21/05/2025,70,-58,RECONDUCTION DES COURS.,COT-VRO-veaux14j_synthese-A25-S21.csv
2025,21,,2025-05-19,2025-05-25,BOURG-EN-BRESSE,20/05/2025,124,-47,LES VEAUX SE RARÉFIENT. NOUVELLE HAUSSE DES COURS DANS TOUTES LES CATÉGORIES.,COT-VRO-veaux14j_synthese-A25-S21.csv
2025,21,,2025-05-19,2025-05-25,CADRAN D'ARMOR,19/05/2025,407,56,COURS RECONDUITS.,COT-VRO-veaux14j_synthese-A25-S21.csv
2025,21,,2025-05-19,2025-05-25,CARENTAN,20/05/2025,112,4,COURS RECONDUITS.,COT-VRO-veaux14j_synthese-A25-S21.csv
2025,21,,2025-05-19,2025-05-25,CHATEAUBRIANT,21/05/2025,190,14,LE COMMERCE RESTE FLUIDE AVEC UNE STABILISATION DES COURS.,COT-VRO-veaux14j_synthese-A25-S21.csv
2025,21,,2025-05-19,2025-05-25,CHATEAUGONTIER,22/05/2025,402,-18,L'OFFRE RESTE LIMITÉE ET LE COMMERCE DEMEURE FLUIDE. RÉAJUSTEMENT DE LA GRILLE APRÈS LA HAUSSE DE LA SEMAINE DERNIÈRE.,COT-VRO-veaux14j_synthese-A25-S21.csv
2025,21,,2025-05-19,2025-05-25,LA TALAUDIERE,19/05/2025,151,21,"PRÉSENTATION DE MARCHANDISES DE QUALITÉ. VENTES ACTIVES, COURS EN HAUSSE.",COT-VRO-veaux14j_synthese-A25-S21.csv
2025,21,,2025-05-19,2025-05-25,LAMBALLE,20/05/2025,295,-33,GROSSE DEMANDE DANS TOUTES LES CATÉGORIES.,COT-VRO-veaux14j_synthese-A25-S21.csv
2025,21,,2025-05-19,2025-05-25,LEZAY,20/05/2025,776,-139,COURS RECONDUITS DANS TOUTES LES CATÉGORIES. LE COMMERCE EST STABLE.,COT-VRO-veaux14j_synthese-A25-S21.csv
2025,21,,2025-05-19,2025-05-25,TOTAL,,2527,-200,,COT-VRO-veaux14j_synthese-A25-S21.csv
2025,22,,2025-05-26,2025-06-01,AGEN,28/05/2025,,,PAS DE MARCHÉ. COURS RECONDUITS POUR INFORMATION.,COT-VRO-veaux14j_synthese-A25-S22.csv
2025,22,,2025-05-26,2025-06-01,BOURG-EN-BRESSE,27/05/2025,135,11,"EN RAISON D'APPORTS LIMITÉS, LA VENTE EST RAPIDE AVEC DES COURS EN HAUSSE.",COT-VRO-veaux14j_synthese-A25-S22.csv
2025,22,,2025-05-26,2025-06-01,CADRAN D'ARMOR,26/05/2025,292,-115,,COT-VRO-veaux14j_synthese-A25-S22.csv
2025,22,,2025-05-26,2025-06-01,CARENTAN,27/05/2025,98,-14,COURS EN HAUSSE DANS TOUTES LES CATÉGORIES.,COT-VRO-veaux14j_synthese-A25-S22.csv
2025,22,,2025-05-26,2025-06-01,CHATEAUBRIANT,28/05/2025,138,-52,MARCHÉ ET COURS SOUTENUS.,COT-VRO-veaux14j_synthese-A25-S22.csv
2025,22,,2025-05-26,2025-06-01,CHATEAUGONTIER,29/05/2025,287,-115,MARCHÉ DÉCALÉ AVEC DES APPORTS LIMITÉS.,COT-VRO-veaux14j_synthese-A25-S22.csv
2025,22,,2025-05-26,2025-06-01,LA TALAUDIERE,26/05/2025,140,-11,LE MANQUE D'APPORTS FAVORISE TOUJOURS LA VENTE.,COT-VRO-veaux14j_synthese-A25-S22.csv
2025,22,,2025-05-26,2025-06-01,LAMBALLE,27/05/2025,279,-16,"L'AMBIANCE COMMERCIALE SUR LE SITE DE GUERLESQUIN ÉTAIT INHABITUELLE, D'OÙ DES TARIFS EXCEPTIONNELS ET INÉDITS.",COT-VRO-veaux14j_synthese-A25-S22.csv
2025,22,,2025-05-26,2025-06-01,LEZAY,27/05/2025,788,12,"HARMONISATION DES COURS, APPORTS LIMITÉS. IL SEMBLE QUE LA HAUSSE DES PRIX ARRIVE À SON TERME.",COT-VRO-veaux14j_synthese-A25-S22.csv
2025,22,,2025-05-26,2025-06-01,TOTAL,,2157,-370,,COT-VRO-veaux14j_synthese-A25-S22.csv
2025,23,,2025-06-02,2025-06-08,AGEN,04/06/2025,116,,RÉAJUSTEMENT DES COURS.,COT-VRO-veaux14j_synthese-A25-S23.csv
2025,23,,2025-06-02,2025-06-08,BOURG-EN-BRESSE,03/06/2025,111,-24,TENDANCE HAUSSIÈRE CETTE SEMAINE ENCORE. LES APPORTS RESTENT LIMITÉS.,COT-VRO-veaux14j_synthese-A25-S23.csv
2025,23,,2025-06-02,2025-06-08,CADRAN D'ARMOR,02/06/2025,345,53,/,COT-VRO-veaux14j_synthese-A25-S23.csv
2025,23,,2025-06-02,2025-06-08,CARENTAN,03/06/2025,115,17,COURS EN HAUSSE DANS TOUTES LES CATÉGORIES.,COT-VRO-veaux14j_synthese-A25-S23.csv
2025,23,,2025-06-02,2025-06-08,CHATEAUBRIANT,04/06/2025,164,26,MANQUE D'OFFRE. VENTE ACTIVE ET HAUSSE DES COURS.,COT-VRO-veaux14j_synthese-A25-S23.csv
2025,23,,2025-06-02,2025-06-08,CHATEAUGONTIER,05/06/2025,412,125,"OFFRE LIMITÉE, BONNE DEMANDE.",COT-VRO-veaux14j_synthese-A25-S23.csv
2025,23,,2025-06-02,2025-06-08,LA TALAUDIERE,02/06/2025,101,-39,"TRÈS PEU D'APPORTS, COURS SOUTENUS.",COT-VRO-veaux14j_synthese-A25-S23.csv
2025,23,,2025-06-02,2025-06-08,LAMBALLE,03/06/2025,318,39,/,COT-VRO-veaux14j_synthese-A25-S23.csv
2025,23,,2025-06-02,2025-06-08,LEZAY,03/06/2025,694,-94,"APPORTS LIMITÉS, POURSUITE DE LA HAUSSE DES COURS.",COT-VRO-veaux14j_synthese-A25-S23.csv
2025,23,,2025-06-02,2025-06-08,TOTAL,,2376,219,,COT-VRO-veaux14j_synthese-A25-S23.csv
2025,24,,2025-06-09,2025-06-15,AGEN,11/06/2025,64,-52,RÉAJUSTEMENT DES COURS POUR LES VEAUX LAITIERS.,COT-VRO-veaux14j_synthese-A25-S24.csv
2025,24,,2025-06-09,2025-06-15,BOURG-EN-BRESSE,10/06/2025,80,-31,"TRÈS PEU D'APPORT, COURS EN HAUSSE DANS TOUTES LES CATÉGORIES.",COT-VRO-veaux14j_synthese-A25-S24.csv
2025,24,,2025-06-09,2025-06-15,CADRAN D'ARMOR,11/06/2025,265,-80,OFFRE MOINS IMPORTANTE.,COT-VRO-veaux14j_synthese-A25-S24.csv
2025,24,,2025-06-09,2025-06-15,CARENTAN,10/06/2025,92,-23,MARCHÉ ACTIF.,COT-VRO-veaux14j_synthese-A25-S24.csv
2025,24,,2025-06-09,2025-06-15,CHATEAUBRIANT,11/06/2025,207,43,LE COMMERCE RESTE DYNAMIQUE FAUTE D'OFFRE SUFFISANTE. POURSUITE DE LA HAUSSE.,COT-VRO-veaux14j_synthese-A25-S24.csv
2025,24,,2025-06-09,2025-06-15,CHATEAUGONTIER,12/06/2025,669,257,POURSUITE DE LA HAUSSE.,COT-VRO-veaux14j_synthese-A25-S24.csv
2025,24,,2025-06-09,2025-06-15,LA TALAUDIERE,09/06/2025,122,21,VENTE TOUJOUR ACTIVE.,COT-VRO-veaux14j_synthese-A25-S24.csv
2025,24,,2025-06-09,2025-06-15,LAMBALLE,11/06/2025,253,-65,"OFFRE HOMOGÈNE, FORTE DEMANDE DANS TOUTES LES CATÉGORIES, TARIFS À LA HAUSSE.",COT-VRO-veaux14j_synthese-A25-S24.csv
2025,24,,2025-06-09,2025-06-15,LEZAY,10/06/2025,709,15,"MARCHÉ DÉCALÉ. APPORT MOINS IMPORTANT, POURSUITE DE LA HAUSSE DES COURS TOUTES CATÉGORIES.",COT-VRO-veaux14j_synthese-A25-S24.csv
2025,24,,2025-06-09,2025-06-15,TOTAL,,2461,85,,COT-VRO-veaux14j_synthese-A25-S24.csv
2025,25,,2025-06-16,2025-06-22,AGEN,18/06/2025,68,4,RÉAJUSTEMENT DES COURS.,COT-VRO-veaux14j_synthese-A25-S25.csv
2025,25,,2025-06-16,2025-06-22,BOURG-EN-BRESSE,17/06/2025,112,32,COURS TRÈS FACILEMENT RECONDUITS EN RAISON DU PEU D'APPORT.,COT-VRO-veaux14j_synthese-A25-S25.csv
2025,25,,2025-06-16,2025-06-22,CADRAN D'ARMOR,16/06/2025,317,52,"OFFRE MODÉRÉE, VENTE TOTALE.",COT-VRO-veaux14j_synthese-A25-S25.csv
2025,25,,2025-06-16,2025-06-22,CARENTAN,17/06/2025,97,5,MARCHÉ ACTIF.,COT-VRO-veaux14j_synthese-A25-S25.csv
2025,25,,2025-06-16,2025-06-22,CHATEAUBRIANT,18/06/2025,208,1,"MARCHÉ ACTIF, AVEC TOUJOURS UNE HAUSSE DES COURS POUR TOUTES LES CATÉGORIES.",COT-VRO-veaux14j_synthese-A25-S25.csv
2025,25,,2025-06-16,2025-06-22,CHATEAUGONTIER,19/06/2025,416,-253,"VENTE FLUIDE, COURS RECONDUITS.",COT-VRO-veaux14j_synthese-A25-S25.csv
2025,25,,2025-06-16,2025-06-22,LA TALAUDIERE,16/06/2025,116,-6,PEU D'APPORTS AVEC UNE NOUVELLE FOIS DES COURS EN HAUSSE.,COT-VRO-veaux14j_synthese-A25-S25.csv
2025,25,,2025-06-16,2025-06-22,LAMBALLE,17/06/2025,265,12,"QUALITÉ HOMOGÈNE, DEMANDE TOUJOURS AUSSI IMPORTANTE.",COT-VRO-veaux14j_synthese-A25-S25.csv
2025,25,,2025-06-16,2025-06-22,LEZAY,17/06/2025,945,236,POURSUITE DE LA HAUSSE DES COURS POUR LES CATÉGORIES VIANDE.,COT-VRO-veaux14j_synthese-A25-S25.csv
2025,25,,2025-06-16,2025-06-22,TOTAL,,2544,83,,COT-VRO-veaux14j_synthese-A25-S25.csv
2025,26,,2025-06-23,2025-06-29,AGEN,25/06/2025,140,72,RECONDUCTION DES COURS.,COT-VRO-veaux14j_synthese-A25-S26.csv
2025,26,,2025-06-23,2025-06-29,BOURG-EN-BRESSE,24/06/2025,99,-13,LA PÉNURIE NATIONALE DE VEAUX ENTRAÎNE UNE HAUSSE SIGNIFICATIVE DES COURS.,COT-VRO-veaux14j_synthese-A25-S26.csv
2025,26,,2025-06-23,2025-06-29,CADRAN D'ARMOR,24/06/2025,369,52,COURS RECONDUITS.,COT-VRO-veaux14j_synthese-A25-S26.csv
2025,26,,2025-06-23,2025-06-29,CARENTAN,24/06/2025,107,10,COURS RECONDUITS DANS L'ENSEMBLE AVEC UNE HAUSSE DANS LES LAITIERS.,COT-VRO-veaux14j_synthese-A25-S26.csv
2025,26,,2025-06-23,2025-06-29,CHATEAUBRIANT,25/06/2025,154,-54,COMMERCE TOUJOURS TRÈS FLUIDE AVEC DES COURS INCHANGÉS DANS L'ENSEMBLE.,COT-VRO-veaux14j_synthese-A25-S26.csv
2025,26,,2025-06-23,2025-06-29,CHATEAUGONTIER,26/06/2025,485,69,COMMERCE FLUIDE FAUTE D'OFFRE SUFFISANTE (MANQUE DE VÊLAGES). PLUS DE VEAUX DÉFRAICHIS PAR LES FORTES CHALEURS.,COT-VRO-veaux14j_synthese-A25-S26.csv
2025,26,,2025-06-23,2025-06-29,LA TALAUDIERE,23/06/2025,116,0,LE MANQUE D'APPORT ENTRAÎNE UNE HAUSSE EN TOUTES CATÉGORIES.,COT-VRO-veaux14j_synthese-A25-S26.csv
2025,26,,2025-06-23,2025-06-29,LAMBALLE,24/06/2025,280,15,"OFFRE CONSTANTE, VENTE DYNAMIQUE, TARIFS À LA HAUSSE.",COT-VRO-veaux14j_synthese-A25-S26.csv
2025,26,,2025-06-23,2025-06-29,LEZAY,24/06/2025,839,-106,COURS STABLES DANS L'ENSEMBLE.,COT-VRO-veaux14j_synthese-A25-S26.csv
2025,26,,2025-06-23,2025-06-29,TOTAL,,2589,45,,COT-VRO-veaux14j_synthese-A25-S26.csv
2025,27,,2025-06-30,2025-07-06,AGEN,02/07/2025,100,-40,AJUSTEMENT DES COURS.,COT-VRO-veaux14j_synthese-A25-S27.csv
2025,27,,2025-06-30,2025-07-06,BOURG-EN-BRESSE,01/07/2025,173,74,LA DEMANDE RESTE BIEN PRÉSENTE FACE À DES APPORTS TOUJOURS LIMITÉS. LA VENTE EST FACILE.,COT-VRO-veaux14j_synthese-A25-S27.csv
2025,27,,2025-06-30,2025-07-06,CADRAN D'ARMOR,30/06/2025,316,-53,OFFRE STABLE.,COT-VRO-veaux14j_synthese-A25-S27.csv
2025,27,,2025-06-30,2025-07-06,CARENTAN,01/07/2025,115,8,MARCHÉ TRÈS ACTIF.,COT-VRO-veaux14j_synthese-A25-S27.csv
2025,27,,2025-06-30,2025-07-06,CHATEAUBRIANT,02/07/2025,172,18,L'ACTIVITÉ COMMERCIALE RESTE MARQUÉE PAR UNE OFFRE INSUFFISANTE POUR LES BESOINS EXPRIMÉS. LA VENTE EST ACTIVE.,COT-VRO-veaux14j_synthese-A25-S27.csv
2025,27,,2025-06-30,2025-07-06,CHATEAUGONTIER,03/07/2025,480,-5,MARCHÉ ÉQUILIBRÉ AVEC DES APPORTS STABLES. COURS INCHANGÉS.,COT-VRO-veaux14j_synthese-A25-S27.csv
2025,27,,2025-06-30,2025-07-06,LA TALAUDIERE,30/06/2025,142,26,VENTES TOUJOURS ACTIVES. COURS UNE NOUVELLE FOIS EN HAUSSE.,COT-VRO-veaux14j_synthese-A25-S27.csv
2025,27,,2025-06-30,2025-07-06,LAMBALLE,01/07/2025,231,-49,L'OFFRE EST PLUS MODESTE.,COT-VRO-veaux14j_synthese-A25-S27.csv
2025,27,,2025-06-30,2025-07-06,LEZAY,01/07/2025,983,144,COURS RECONDUITS POUR TOUTES LES CATÉGORIES. MARCHÉ AVANCÉ DÛ AUX FORTES CHALEURS.,COT-VRO-veaux14j_synthese-A25-S27.csv
2025,27,,2025-06-30,2025-07-06,TOTAL,,2712,123,,COT-VRO-veaux14j_synthese-A25-S27.csv
2025,28,,2025-07-07,2025-07-13,AGEN,09/07/2025,75,-25,COURS RECONDUITS.,COT-VRO-veaux14j_synthese-A25-S28.csv
2025,28,,2025-07-07,2025-07-13,BOURG-EN-BRESSE,08/07/2025,140,-33,"LA VENTE EST TOUJOURS DYNAMIQUE, LES COURS PROGRESSENT.",COT-VRO-veaux14j_synthese-A25-S28.csv
2025,28,,2025-07-07,2025-07-13,CADRAN D'ARMOR,07/07/2025,353,37,COURS RECONDUITS.,COT-VRO-veaux14j_synthese-A25-S28.csv
2025,28,,2025-07-07,2025-07-13,CARENTAN,08/07/2025,123,8,MARCHÉ ACTIF.,COT-VRO-veaux14j_synthese-A25-S28.csv
2025,28,,2025-07-07,2025-07-13,CHATEAUBRIANT,09/07/2025,173,1,COMMERCE RÉGULIER DANS LES BONS VEAUX. TRI PLUS SÉVÈRE DANS LES LÉGERS. RECONDUCTION DES COURS.,COT-VRO-veaux14j_synthese-A25-S28.csv
2025,28,,2025-07-07,2025-07-13,CHATEAUGONTIER,10/07/2025,503,23,"MARCHÉ FLUIDE, COURS RECONDUITS.",COT-VRO-veaux14j_synthese-A25-S28.csv
2025,28,,2025-07-07,2025-07-13,LA TALAUDIERE,07/07/2025,128,-14,LA VENTE RESTE FACILE.,COT-VRO-veaux14j_synthese-A25-S28.csv
2025,28,,2025-07-07,2025-07-13,LAMBALLE,08/07/2025,296,65,LA VENTE DEMEURE FLUIDE DANS TOUTES LES CATÉGORIES.,COT-VRO-veaux14j_synthese-A25-S28.csv
2025,28,,2025-07-07,2025-07-13,LEZAY,08/07/2025,1112,129,COURS RECONDUITS.,COT-VRO-veaux14j_synthese-A25-S28.csv
2025,28,,2025-07-07,2025-07-13,TOTAL,,2903,191,,COT-VRO-veaux14j_synthese-A25-S28.csv
2025,29,,2025-07-14,2025-07-20,AGEN,16/07/2025,,,PAS DE MARCHÉ.,COT-VRO-veaux14j_synthese-A25-S29.csv
2025,29,,2025-07-14,2025-07-20,BOURG-EN-BRESSE,15/07/2025,72,-68,TRES PEU D'APPORT. COURS COMMUNIQUÉS POUR INFORMATION.,COT-VRO-veaux14j_synthese-A25-S29.csv
2025,29,,2025-07-14,2025-07-20,CADRAN D'ARMOR,14/07/2025,300,-53,COURS RECONDUITS.,COT-VRO-veaux14j_synthese-A25-S29.csv
2025,29,,2025-07-14,2025-07-20,CARENTAN,15/07/2025,105,-18,AMBIANCE COMMERCIALE MOINS ACTIVE.,COT-VRO-veaux14j_synthese-A25-S29.csv
2025,29,,2025-07-14,2025-07-20,CHATEAUBRIANT,16/07/2025,200,27,PLAFONNEMENT DES COURS AVEC TRI PLUS SÉVÈRE .,COT-VRO-veaux14j_synthese-A25-S29.csv
2025,29,,2025-07-14,2025-07-20,CHATEAUGONTIER,17/07/2025,620,117,COURS RECONDUITS AVEC UN TRI SÉVÈRE DANS LES GAMMES INFÉRIEURES.,COT-VRO-veaux14j_synthese-A25-S29.csv
2025,29,,2025-07-14,2025-07-20,LA TALAUDIERE,14/07/2025,114,-14,COURS RECONDUITS.,COT-VRO-veaux14j_synthese-A25-S29.csv
2025,29,,2025-07-14,2025-07-20,LAMBALLE,15/07/2025,198,-98,LA DEMANDE EST SOUTENUE DANS TOUTES LES CATÉGORIES MALGRÉ UNE OFFRE MODESTE.,COT-VRO-veaux14j_synthese-A25-S29.csv
2025,29,,2025-07-14,2025-07-20,LEZAY,15/07/2025,1086,-26,COURS RECONDUITS AVEC UN APPORT STABLE.,COT-VRO-veaux14j_synthese-A25-S29.csv
2025,29,,2025-07-14,2025-07-20,TOTAL,,2695,-208,,COT-VRO-veaux14j_synthese-A25-S29.csv
2025,30,,2025-07-21,2025-07-27,AGEN,23/07/2025,137,,RECONDUCTION DES COURS.,COT-VRO-veaux14j_synthese-A25-S30.csv
2025,30,,2025-07-21,2025-07-27,BOURG-EN-BRESSE,22/07/2025,203,131,L'OFFRE EST LÉGÈREMENT PLUS IMPORTANTE MAIS LA VENTE RESTE TRÈS FACILE.,COT-VRO-veaux14j_synthese-A25-S30.csv
2025,30,,2025-07-21,2025-07-27,CADRAN D'ARMOR,21/07/2025,287,-13,COURS RECONDUITS. OFFRE IDENTIQUE À LA SEMAINE DERNIÈRE.,COT-VRO-veaux14j_synthese-A25-S30.csv
2025,30,,2025-07-21,2025-07-27,CARENTAN,22/07/2025,115,10,COMMERCE PLUS CALME.,COT-VRO-veaux14j_synthese-A25-S30.csv
2025,30,,2025-07-21,2025-07-27,CHATEAUBRIANT,23/07/2025,193,-7,ACTIVITÉ RÉGULIÈRE AVEC DES TARIFS SENSIBLEMENT RECONDUITS. TRI MARQUÉ DANS LES SUJETS LÉGERS.,COT-VRO-veaux14j_synthese-A25-S30.csv
2025,30,,2025-07-21,2025-07-27,CHATEAUGONTIER,24/07/2025,602,-18,L'OFFRE CORRESPOND À UNE DEMANDE PLUS SÉLECTIVE D'UN POINT DE VUE QUALITATIF. LES COURS DEMEURENT INCHANGÉS .,COT-VRO-veaux14j_synthese-A25-S30.csv
2025,30,,2025-07-21,2025-07-27,LA TALAUDIERE,21/07/2025,139,25,"VENTE TOUJOURS ACTIVE, SURTOUT EN BONNES MARCHANDISES.",COT-VRO-veaux14j_synthese-A25-S30.csv
2025,30,,2025-07-21,2025-07-27,LAMBALLE,22/07/2025,344,146,L'OFFRE EST PLUS IMPORTANTE CETTE SEMAINE MAIS LA DEMANDE EST PLUS CALME.,COT-VRO-veaux14j_synthese-A25-S30.csv
2025,30,,2025-07-21,2025-07-27,LEZAY,22/07/2025,1087,1,"BONNE DEMANDE EN VEAU DE QUALITÉ, COURS RECONDUITS.",COT-VRO-veaux14j_synthese-A25-S30.csv
2025,30,,2025-07-21,2025-07-27,TOTAL,,3107,412,,COT-VRO-veaux14j_synthese-A25-S30.csv
2025,31,,2025-07-28,2025-08-03,AGEN,30/07/2025,93,-44,RECONDUCTION DES COURS.,COT-VRO-veaux14j_synthese-A25-S31.csv
2025,31,,2025-07-28,2025-08-03,BOURG-EN-BRESSE,29/07/2025,201,-2,TRI PLUS SÉVÈRE SUR LES VEAUX STANDARDS ET LÉGERS. LES BONS VEAUX SE VENDENT FACILEMENT À DES PRIX RECONDUITS.,COT-VRO-veaux14j_synthese-A25-S31.csv
2025,31,,2025-07-28,2025-08-03,CADRAN D'ARMOR,28/07/2025,335,48,OFFRE PLUS IMPORTANTE.,COT-VRO-veaux14j_synthese-A25-S31.csv
2025,31,,2025-07-28,2025-08-03,CARENTAN,29/07/2025,89,-26,COMMERCE DIFFICILE PLUS PARTICULIÉREMENT EN RACES MIXTES ET LAITIERS.,COT-VRO-veaux14j_synthese-A25-S31.csv
2025,31,,2025-07-28,2025-08-03,CHATEAUBRIANT,30/07/2025,239,46,TRI TRÈS SÉVÈRE. BAISSE DES COURS GÉNÉRALISÉE SUR L'ENSEMBLE DES CATÉGORIES ET FORTEMENT ACCENTUÉE SUR LES LAITIERS.,COT-VRO-veaux14j_synthese-A25-S31.csv
2025,31,,2025-07-28,2025-08-03,CHATEAUGONTIER,31/07/2025,615,13,TRI TRÈS SÉVÈRE. BAISSE GÉNÉRALISÉE DES COURS AVEC DES INVENDUS SURTOUT DANS LES VEAUX LAITIERS DE MOINDRE QUALITÉ.,COT-VRO-veaux14j_synthese-A25-S31.csv
2025,31,,2025-07-28,2025-08-03,LA TALAUDIERE,28/07/2025,170,31,"COURS DIFFICILEMENT RECONDUITS, SURTOUT EN MARCHANDISES INFÉRIEURES ET VEAUX LAITIERS.",COT-VRO-veaux14j_synthese-A25-S31.csv
2025,31,,2025-07-28,2025-08-03,LAMBALLE,29/07/2025,289,-55,"OFFRE STABLE CETTE SEMAINE, LA DEMANDE RESTE CALME.",COT-VRO-veaux14j_synthese-A25-S31.csv
2025,31,,2025-07-28,2025-08-03,LEZAY,29/07/2025,1223,136,COURS EN BAISSE POUR LES VEAUX LAITIERS ET RECONDUITS POUR LES AUTRES CATÉGORIES.,COT-VRO-veaux14j_synthese-A25-S31.csv
2025,31,,2025-07-28,2025-08-03,TOTAL,,3254,147,,COT-VRO-veaux14j_synthese-A25-S31.csv
2025,32,,2025-08-04,2025-08-10,AGEN,06/08/2025,115,22,BAISSE DES COURS EN HOLSTEINS.,COT-VRO-veaux14j_synthese-A25-S32.csv
2025,32,,2025-08-04,2025-08-10,BOURG-EN-BRESSE,05/08/2025,210,9,L'APPORT EST PLUS IMPORTANT ET LE TRI SE DURCIT. LA VENTE SE COMPLIQUE DANS LES VEAUX STANDARDS ET LÉGERS.,COT-VRO-veaux14j_synthese-A25-S32.csv
2025,32,,2025-08-04,2025-08-10,CADRAN D'ARMOR,04/08/2025,351,16,COURS EN BAISSE DE 30 € AVEC UNE OFFRE PLUS IMPORTANTE.,COT-VRO-veaux14j_synthese-A25-S32.csv
2025,32,,2025-08-04,2025-08-10,CARENTAN,05/08/2025,58,-31,BAISSE SENSIBLE DANS TOUTES LES CATÉGORIES.,COT-VRO-veaux14j_synthese-A25-S32.csv
2025,32,,2025-08-04,2025-08-10,CHATEAUBRIANT,06/08/2025,185,-54,TRI ET BAISSE ACCENTUÉE DANS TOUS LES VEAUX. COMMERCE TRÈS DIFFICILE. MENACE SANITAIRE INQUIÉTANTE (FCO).,COT-VRO-veaux14j_synthese-A25-S32.csv
2025,32,,2025-08-04,2025-08-10,CHATEAUGONTIER,07/08/2025,522,-93,POURSUITE DE LA BAISSE DES COURS SUR FOND DE MENACE SANITAIRE. PRÉSENTATION DE QUALITÉ MOINDRE ET TRI TRÈS SÉVÈRE.,COT-VRO-veaux14j_synthese-A25-S32.csv
2025,32,,2025-08-04,2025-08-10,LA TALAUDIERE,04/08/2025,181,11,"COURS RECONDUITS, TENDANCE BAISSIÈRE.",COT-VRO-veaux14j_synthese-A25-S32.csv
2025,32,,2025-08-04,2025-08-10,LAMBALLE,05/08/2025,312,23,"OFFRE PLUS IMPORTANTE, QUALITÉ TRÈS DISPARATE. LA VENTE RESTE LABORIEUSE DANS LES SUJETS LÉGERS.",COT-VRO-veaux14j_synthese-A25-S32.csv
2025,32,,2025-08-04,2025-08-10,LEZAY,05/08/2025,1276,53,"COURS RECONDUITS POUR LES VEAUX DE QUALITÉ SUPÉRIEURE, LÉGÈRE BAISSE POUR LES AUTRES CATÉGORIES. MARCHÉ ASSEZ STABLE.",COT-VRO-veaux14j_synthese-A25-S32.csv
2025,32,,2025-08-04,2025-08-10,TOTAL,,3210,-44,,COT-VRO-veaux14j_synthese-A25-S32.csv
2025,33,,2025-08-11,2025-08-17,AGEN,13/08/2025,,,PAS DE MARCHÉ. COURS RECONDUITS POUR INFORMATION.,COT-VRO-veaux14j_synthese-A25-S33.csv
2025,33,,2025-08-11,2025-08-17,BOURG-EN-BRESSE,12/08/2025,,,"PAS DE MARCHÉ, COURS RECONDUITS POUR INFORMATION.",COT-VRO-veaux14j_synthese-A25-S33.csv
2025,33,,2025-08-11,2025-08-17,CADRAN D'ARMOR,11/08/2025,,,"PAS DE MARCHÉ, COURS RECONDUITS POUR INFORMATION.",COT-VRO-veaux14j_synthese-A25-S33.csv
2025,33,,2025-08-11,2025-08-17,CARENTAN,12/08/2025,58,0,RECONDUCTION DES COURS EXCEPTÉ DANS LES VEAUX DE QUALITÉ INFÉRIEURE.,COT-VRO-veaux14j_synthese-A25-S33.csv
2025,33,,2025-08-11,2025-08-17,CHATEAUBRIANT,13/08/2025,149,-36,COURS RECONDUITS POUR INFORMATION.,COT-VRO-veaux14j_synthese-A25-S33.csv
2025,33,,2025-08-11,2025-08-17,CHATEAUGONTIER,14/08/2025,322,-200,BAISSE DES APPORTS DUE À L'ABSENCE D'UN OPÉRATEUR. STABILITÉ DES COURS.,COT-VRO-veaux14j_synthese-A25-S33.csv
2025,33,,2025-08-11,2025-08-17,LA TALAUDIERE,11/08/2025,,,"PAS DE MARCHÉ, COURS RECONDUITS POUR INFORMATION.",COT-VRO-veaux14j_synthese-A25-S33.csv
2025,33,,2025-08-11,2025-08-17,LAMBALLE,12/08/2025,267,-45,LA VENTE DEMEURE PLUS CALME DANS LES VEAUX LAITIERS.,COT-VRO-veaux14j_synthese-A25-S33.csv
2025,33,,2025-08-11,2025-08-17,LEZAY,12/08/2025,978,-298,COURS RECONDUITS DANS TOUTES LES CATÉGORIES. TRI TRÈS SELECTIF.,COT-VRO-veaux14j_synthese-A25-S33.csv
2025,33,,2025-08-11,2025-08-17,TOTAL,,1774,-1436,,COT-VRO-veaux14j_synthese-A25-S33.csv
2025,34,,2025-08-18,2025-08-24,AGEN,20/08/2025,130,,COURS RECONDUITS.,COT-VRO-veaux14j_synthese-A25-S34.csv
2025,34,,2025-08-18,2025-08-24,BOURG-EN-BRESSE,19/08/2025,226,,PLUS D'APPORTS. LES BONS VEAUX SONT RECONDUITS. TRI SÉVÈRE ET BAISSE DANS LES VEAUX FARINIERS ET STANDARDS.,COT-VRO-veaux14j_synthese-A25-S34.csv
2025,34,,2025-08-18,2025-08-24,CADRAN D'ARMOR,18/08/2025,460,,COURS RECONDUITS.,COT-VRO-veaux14j_synthese-A25-S34.csv
2025,34,,2025-08-18,2025-08-24,CARENTAN,19/08/2025,63,5,"MARCHÉ PLUS ACTIF, COURS RECONDUITS.",COT-VRO-veaux14j_synthese-A25-S34.csv
2025,34,,2025-08-18,2025-08-24,CHATEAUBRIANT,20/08/2025,160,11,VENTE PLUS FLUIDE DUE AUX FAIBLES APPORTS.,COT-VRO-veaux14j_synthese-A25-S34.csv
2025,34,,2025-08-18,2025-08-24,CHATEAUGONTIER,21/08/2025,524,202,COURS RECONDUITS.,COT-VRO-veaux14j_synthese-A25-S34.csv
2025,34,,2025-08-18,2025-08-24,LA TALAUDIERE,18/08/2025,234,,APPORTS PLUS IMPORTANTS DU FAIT DE LA FERMETURE DE LA SEMAINE PASSÉE. TENDANCE BAISSIÈRE AVEC UNE VENTE PLUS CALME.,COT-VRO-veaux14j_synthese-A25-S34.csv
2025,34,,2025-08-18,2025-08-24,LAMBALLE,19/08/2025,244,-23,"L'OFFRE EST PLUS MODESTE, TARIFS RECONDUITS DANS TOUTES LES CATÉGORIES.",COT-VRO-veaux14j_synthese-A25-S34.csv
2025,34,,2025-08-18,2025-08-24,LEZAY,19/08/2025,1242,264,COURS RECONDUITS.,COT-VRO-veaux14j_synthese-A25-S34.csv
2025,34,,2025-08-18,2025-08-24,TOTAL,,3283,1509,,COT-VRO-veaux14j_synthese-A25-S34.csv
2025,35,,2025-08-25,2025-08-31,AGEN,27/08/2025,96,-34,RÉAJUSTEMENT DES COURS.,COT-VRO-veaux14j_synthese-A25-S35.csv
2025,35,,2025-08-25,2025-08-31,BOURG-EN-BRESSE,26/08/2025,208,-18,"MOINS DE VEAUX SUR LE MARCHÉ, VENTE FACILITÉE DANS TOUTES LES CATÉGORIES. COURS RECONDUITS SANS DIFFICULTÉS.",COT-VRO-veaux14j_synthese-A25-S35.csv
2025,35,,2025-08-25,2025-08-31,CADRAN D'ARMOR,26/08/2025,363,-97,COURS FACILEMENT RECONDUITS.,COT-VRO-veaux14j_synthese-A25-S35.csv
2025,35,,2025-08-25,2025-08-31,CARENTAN,26/08/2025,84,21,MARCHÉ PLUS ACTIF.,COT-VRO-veaux14j_synthese-A25-S35.csv
2025,35,,2025-08-25,2025-08-31,CHATEAUBRIANT,27/08/2025,218,58,L'OFFRE EST INSUFFISANTE POUR UNE DEMANDE ACTIVE. HAUSSE DES COURS.,COT-VRO-veaux14j_synthese-A25-S35.csv
2025,35,,2025-08-25,2025-08-31,CHATEAUGONTIER,28/08/2025,603,79,ACTIVITÉ PLUS FLUIDE AVEC UN REDRESSEMENT DES COURS DANS LES LAITIERS ET LES VEAUX MIXTES LOURDS.,COT-VRO-veaux14j_synthese-A25-S35.csv
2025,35,,2025-08-25,2025-08-31,LA TALAUDIERE,25/08/2025,183,-51,VENTE PLUS DIFFICILE EN MARCHANDISES INFÉRIEURES.,COT-VRO-veaux14j_synthese-A25-S35.csv
2025,35,,2025-08-25,2025-08-31,LAMBALLE,26/08/2025,280,36,VENTE DYNAMIQUE MALGRÉ DES VEAUX AVEC SYMPÔMES FCO QUI RESTENT DELAISSÉS.,COT-VRO-veaux14j_synthese-A25-S35.csv
2025,35,,2025-08-25,2025-08-31,LEZAY,27/08/2025,,,MARCHÉ DÉPLACÉ. PAS D'EFFECTIF NI DE COMMISSION. COURS RECONDUITS POUR INFORMATION.,COT-VRO-veaux14j_synthese-A25-S35.csv
2025,35,,2025-08-25,2025-08-31,TOTAL,,2035,-1248,,COT-VRO-veaux14j_synthese-A25-S35.csv
2025,36,,2025-09-01,2025-09-07,AGEN,03/09/2025,95,-1,RECONDUCTION DES COURS.,COT-VRO-veaux14j_synthese-A25-S36.csv
2025,36,,2025-09-01,2025-09-07,BOURG-EN-BRESSE,02/09/2025,254,46,LA VENTE RESTE BONNE DANS TOUTES LES CATÉGORIES EN RAISON D'UNE OFFRE LIMITÉE.,COT-VRO-veaux14j_synthese-A25-S36.csv
2025,36,,2025-09-01,2025-09-07,CADRAN D'ARMOR,01/09/2025,274,-89,OFFRE MOINS IMPORTANTE.,COT-VRO-veaux14j_synthese-A25-S36.csv
2025,36,,2025-09-01,2025-09-07,CARENTAN,02/09/2025,80,-4,BONNE AMBIANCE COMMERCIALE AVEC DE LA HAUSSE DANS TOUTE LES CATÉGORIES.,COT-VRO-veaux14j_synthese-A25-S36.csv
2025,36,,2025-09-01,2025-09-07,CHATEAUBRIANT,03/09/2025,215,-3,LE COMMERCE RESTE FLUIDE DANS LES BONS VEAUX. LA VENTE EST PLUS DIFFICILE DANS LES VEAUX MAIGREUX ET LÉGERS.,COT-VRO-veaux14j_synthese-A25-S36.csv
2025,36,,2025-09-01,2025-09-07,CHATEAUGONTIER,04/09/2025,527,-76,RECONDUCTION DES COURS EN BONS VEAUX AVEC UN COMMERCE FLUIDE. VEAUX LÉGERS SANS POTENTIEL DIFFICILES À COMMERCIALISER.,COT-VRO-veaux14j_synthese-A25-S36.csv
2025,36,,2025-09-01,2025-09-07,LA TALAUDIERE,01/09/2025,164,-19,COURS RECONDUITS.,COT-VRO-veaux14j_synthese-A25-S36.csv
2025,36,,2025-09-01,2025-09-07,LAMBALLE,02/09/2025,295,15,"LA QUALITÉ EST HÉTÉROGÈNE, LES VEAUX PRÉSENTANT DES SYMPTÔMES DE FCO DEMEURENT DÉLAISSÉS AINSI QUE LES VEAUX LÉGERS.",COT-VRO-veaux14j_synthese-A25-S36.csv
2025,36,,2025-09-01,2025-09-07,LEZAY,02/09/2025,1156,,APPORTS NORMAUX POUR LA SAISON. DEMANDE SUIVIE.,COT-VRO-veaux14j_synthese-A25-S36.csv
2025,36,,2025-09-01,2025-09-07,TOTAL,,3060,1025,,COT-VRO-veaux14j_synthese-A25-S36.csv
2025,37,,2025-09-08,2025-09-14,AGEN,10/09/2025,60,-35,RÉAJUSTEMENT DES COURS.,COT-VRO-veaux14j_synthese-A25-S37.csv
2025,37,,2025-09-08,2025-09-14,BOURG-EN-BRESSE,09/09/2025,213,-41,LES APPORTS SONT PERTURBÉS PAR LE NOUVEAU ZONAGE DNC. LE MANQUE D'OFFRE ENTRAÎNE UNE HAUSSE DES COURS.,COT-VRO-veaux14j_synthese-A25-S37.csv
2025,37,,2025-09-08,2025-09-14,CADRAN D'ARMOR,08/09/2025,256,-18,COURS RECONDUITS.,COT-VRO-veaux14j_synthese-A25-S37.csv
2025,37,,2025-09-08,2025-09-14,CARENTAN,09/09/2025,48,-32,FAIBLE EFFECTIF DÛ À LA FCO ET LES CHANTIERS D'ENSILAGE. COURS EN HAUSSE DANS TOUTES CATÉGORIES.,COT-VRO-veaux14j_synthese-A25-S37.csv
2025,37,,2025-09-08,2025-09-14,CHATEAUBRIANT,10/09/2025,155,-60,COMMERCE FLUIDE MALGRÉ UNE OFFRE FAIBLE AVEC UNE LÉGÈRE HAUSSE DES COURS.,COT-VRO-veaux14j_synthese-A25-S37.csv
2025,37,,2025-09-08,2025-09-14,CHATEAUGONTIER,11/09/2025,505,-22,"VENTE RÉGULIÈRE, COURS RECONDUITS.",COT-VRO-veaux14j_synthese-A25-S37.csv
2025,37,,2025-09-08,2025-09-14,LA TALAUDIERE,08/09/2025,170,6,COURS TOUJOURS SOUTENUS EN MARCHANDISE DE QUALITÉ.,COT-VRO-veaux14j_synthese-A25-S37.csv
2025,37,,2025-09-08,2025-09-14,LAMBALLE,09/09/2025,327,32,"OFFRE PLUS CONSÉQUENTE, QUALITÉ VARIÉE. LES SUJETS LÉGERS ET MANQUANT DE VIANDE RESTENT À DES TARFIS PLUS FAIBLES.",COT-VRO-veaux14j_synthese-A25-S37.csv
2025,37,,2025-09-08,2025-09-14,LEZAY,09/09/2025,1203,47,"APPORTS RÉGULIERS, COURS RECONDUITS DANS TOUTES LES CATÉGORIES.",COT-VRO-veaux14j_synthese-A25-S37.csv
2025,37,,2025-09-08,2025-09-14,TOTAL,,2937,-123,,COT-VRO-veaux14j_synthese-A25-S37.csv
2025,38,,2025-09-15,2025-09-21,AGEN,17/09/2025,143,83,"HAUSSE DE 10 € EN LIMOUSINS, RECONDUITS DANS LE RESTE.",COT-VRO-veaux14j_synthese-A25-S38.csv
2025,38,,2025-09-15,2025-09-21,BOURG-EN-BRESSE,16/09/2025,173,-40,LES ACHETEURS PEINENT À COUVRIR LEURS BESOINS CE QUI ENTRAÎNE UNE HAUSSE DES COURS. LA ZONE DNC CRÉÉ UN MANQUE DE VEAUX.,COT-VRO-veaux14j_synthese-A25-S38.csv
2025,38,,2025-09-15,2025-09-21,CADRAN D'ARMOR,15/09/2025,300,44,VENTE ACTIVE.,COT-VRO-veaux14j_synthese-A25-S38.csv
2025,38,,2025-09-15,2025-09-21,CARENTAN,16/09/2025,89,41,COMMERCE ACTIF DANS TOUTES LES CATÉGORIES.,COT-VRO-veaux14j_synthese-A25-S38.csv
2025,38,,2025-09-15,2025-09-21,CHATEAUBRIANT,17/09/2025,215,60,"COMMERCE FLUIDE, BONNE DEMANDE ET COURS FACILEMENT RECONDUITS.",COT-VRO-veaux14j_synthese-A25-S38.csv
2025,38,,2025-09-15,2025-09-21,CHATEAUGONTIER,18/09/2025,485,-20,VENTE FLUIDE AVEC UN TRI MOINS SÉVÈRE.,COT-VRO-veaux14j_synthese-A25-S38.csv
2025,38,,2025-09-15,2025-09-21,LA TALAUDIERE,15/09/2025,162,-8,LA VENTE RESTE FACILE EN TOUTES CATÉGORIES.,COT-VRO-veaux14j_synthese-A25-S38.csv
2025,38,,2025-09-15,2025-09-21,LAMBALLE,16/09/2025,270,-57,LES COURS DEMEURENT STABLES DANS TOUTES LES CATÉGORIES. VENTE FLUIDE.,COT-VRO-veaux14j_synthese-A25-S38.csv
2025,38,,2025-09-15,2025-09-21,LEZAY,16/09/2025,1292,89,"APPORTS STABLES, BONNE DEMANDE DANS LES VEAUX DE CATÉGORIES SUPÉRIEURES.",COT-VRO-veaux14j_synthese-A25-S38.csv
2025,38,,2025-09-15,2025-09-21,TOTAL,,3129,192,,COT-VRO-veaux14j_synthese-A25-S38.csv
2025,39,,2025-09-22,2025-09-28,AGEN,24/09/2025,95,-48,AJUSTEMENT DES COURS.,COT-VRO-veaux14j_synthese-A25-S39.csv
2025,39,,2025-09-22,2025-09-28,BOURG-EN-BRESSE,23/09/2025,282,109,VENTE FACILE DANS TOUTES LES CATÉGOIRIES. COURS ORIENTÉS À LA HAUSSE.,COT-VRO-veaux14j_synthese-A25-S39.csv
2025,39,,2025-09-22,2025-09-28,CADRAN D'ARMOR,22/09/2025,334,34,,COT-VRO-veaux14j_synthese-A25-S39.csv
2025,39,,2025-09-22,2025-09-28,CARENTAN,23/09/2025,62,-27,COMMERCE ACTIF DANS TOUTES LES CATÉGORIES.,COT-VRO-veaux14j_synthese-A25-S39.csv
2025,39,,2025-09-22,2025-09-28,CHATEAUBRIANT,24/09/2025,295,80,LA PRÉSENTATION EST PLUS ÉTOFFÉE SUR UN MARCHÉ ANIMÉ PAR UNE RÉELLE CONCURRENCE ENTRE ACHETEURS .,COT-VRO-veaux14j_synthese-A25-S39.csv
2025,39,,2025-09-22,2025-09-28,CHATEAUGONTIER,25/09/2025,616,131,"OFFRE PLUS ÉTOFFÉE, COMMERCE FLUIDE.",COT-VRO-veaux14j_synthese-A25-S39.csv
2025,39,,2025-09-22,2025-09-28,LA TALAUDIERE,22/09/2025,,,RECONDUCTION DES COURS POUR CAUSE DE NON TENUE DU MARCHÉ (DNC).,COT-VRO-veaux14j_synthese-A25-S39.csv
2025,39,,2025-09-22,2025-09-28,LAMBALLE,23/09/2025,294,24,COURS À LA HAUSSE DANS TOUTES LES CATÉGORIES. LES SUJETS LAITIERS LOURDS SONT PRISÉS.,COT-VRO-veaux14j_synthese-A25-S39.csv
2025,39,,2025-09-22,2025-09-28,LEZAY,23/09/2025,1353,61,"BONNE DEMANDE, COURS RECONDUITS.",COT-VRO-veaux14j_synthese-A25-S39.csv
2025,39,,2025-09-22,2025-09-28,TOTAL,,3331,202,,COT-VRO-veaux14j_synthese-A25-S39.csv
2025,40,,2025-09-29,2025-10-05,AGEN,01/10/2025,117,22,RECONDUCTION DES COURS.,COT-VRO-veaux14j_synthese-A25-S40.csv
2025,40,,2025-09-29,2025-10-05,BOURG-EN-BRESSE,30/09/2025,275,-7,LA VENTE RESTE FLUIDE ET RAPIDE À DES COURS FACILEMENT RECONDUITS.,COT-VRO-veaux14j_synthese-A25-S40.csv
2025,40,,2025-09-29,2025-10-05,CADRAN D'ARMOR,29/09/2025,347,13,/,COT-VRO-veaux14j_synthese-A25-S40.csv
2025,40,,2025-09-29,2025-10-05,CARENTAN,30/09/2025,79,17,MARCHÉ UN PEU PLUS CALME.,COT-VRO-veaux14j_synthese-A25-S40.csv
2025,40,,2025-09-29,2025-10-05,CHATEAUBRIANT,01/10/2025,326,31,LA VENTE RESTE FLUIDE AVEC UNE OFFRE PLUS IMPORTANTE MAIS DE BONNE QUALITÉ.,COT-VRO-veaux14j_synthese-A25-S40.csv
2025,40,,2025-09-29,2025-10-05,CHATEAUGONTIER,02/10/2025,684,68,VENTE RÉGULIÈRE AVEC UNE PRÉSENTATION DE QUALITÉ.,COT-VRO-veaux14j_synthese-A25-S40.csv
2025,40,,2025-09-29,2025-10-05,LA TALAUDIERE,29/09/2025,,,RECONDUCTION DES COURS POUR CAUSE DE NON TENUE DU MARCHÉ (DNC).,COT-VRO-veaux14j_synthese-A25-S40.csv
2025,40,,2025-09-29,2025-10-05,LAMBALLE,30/09/2025,292,-2,LA VENTE RESTE DYNAMIQUE MALGRÉ DES TARIFS MOINS DISCUTÉS.,COT-VRO-veaux14j_synthese-A25-S40.csv
2025,40,,2025-09-29,2025-10-05,LEZAY,30/09/2025,1475,122,"APPORTS EN HAUSSE CETTE SEMAINE. QUALITÉ HÉTÉROGÈNE, TRI PLUS SÉVÈRE. COURS RECONDUITS.",COT-VRO-veaux14j_synthese-A25-S40.csv
2025,40,,2025-09-29,2025-10-05,TOTAL,,3595,264,,COT-VRO-veaux14j_synthese-A25-S40.csv
2025,41,,2025-10-06,2025-10-12,AGEN,08/10/2025,131,14,"COURS RECONDUITS, DÉBUT DE L'IMPACT DE LA DNC EN ESPAGNE.",COT-VRO-veaux14j_synthese-A25-S41.csv
2025,41,,2025-10-06,2025-10-12,BOURG-EN-BRESSE,07/10/2025,302,27,LES COURS SONT DIFFICILEMENT RECONDUITS EN RAISON DE L'INCERTITUDE SUR LE MARCHÉ ESPAGNOL DANS LE CONTEXTE DE LA DNC.,COT-VRO-veaux14j_synthese-A25-S41.csv
2025,41,,2025-10-06,2025-10-12,CADRAN D'ARMOR,06/10/2025,322,-25,/,COT-VRO-veaux14j_synthese-A25-S41.csv
2025,41,,2025-10-06,2025-10-12,CARENTAN,07/10/2025,86,7,COURS RECONDUITS.,COT-VRO-veaux14j_synthese-A25-S41.csv
2025,41,,2025-10-06,2025-10-12,CHATEAUBRIANT,08/10/2025,287,-39,COMMERCE ACTIF AVEC UNE STABILISATION DES COURS.,COT-VRO-veaux14j_synthese-A25-S41.csv
2025,41,,2025-10-06,2025-10-12,CHATEAUGONTIER,09/10/2025,601,-83,BELLE PRÉSENTATION. VENTE STABLE AVEC STAGNATION DES PRIX.,COT-VRO-veaux14j_synthese-A25-S41.csv
2025,41,,2025-10-06,2025-10-12,LA TALAUDIERE,06/10/2025,,,COURS INCOTÉS POUR CAUSE DE NON TENUE DU MARCHÉ (DNC). PAS DE RÉOUVERTURE ESTIMÉE AVANT MI-NOVEMBRE.,COT-VRO-veaux14j_synthese-A25-S41.csv
2025,41,,2025-10-06,2025-10-12,LAMBALLE,07/10/2025,214,-78,MAINTIEN DES TARIFS.,COT-VRO-veaux14j_synthese-A25-S41.csv
2025,41,,2025-10-06,2025-10-12,LEZAY,07/10/2025,1505,30,APPORTS STABLES. COMMERCE FLUIDE DANS LES VEAUX DE BONNE QUALITÉ. COURS RECONDUITS DANS TOUTES LES CATÉGORIES.,COT-VRO-veaux14j_synthese-A25-S41.csv
2025,41,,2025-10-06,2025-10-12,TOTAL,,3448,-147,,COT-VRO-veaux14j_synthese-A25-S41.csv
2025,42,,2025-10-13,2025-10-19,AGEN,15/10/2025,115,-16,BAISSE DES COURS LIÉE À LA DNC.,COT-VRO-veaux14j_synthese-A25-S42.csv
2025,42,,2025-10-13,2025-10-19,BOURG-EN-BRESSE,14/10/2025,,,COURS RECONDUITS POUR CAUSE DE NON TENUE DU MARCHÉ (DNC). PAS DE RÉOUVERTURE ESTIMÉE AVANT FIN NOVEMBRE.,COT-VRO-veaux14j_synthese-A25-S42.csv
2025,42,,2025-10-13,2025-10-19,CADRAN D'ARMOR,13/10/2025,306,-16,BAISSE DE 50 € EN TOUTE CATÉGORIE.,COT-VRO-veaux14j_synthese-A25-S42.csv
2025,42,,2025-10-13,2025-10-19,CARENTAN,14/10/2025,92,6,FORTE BAISSE DANS TOUTES LES CATÉGORIES.,COT-VRO-veaux14j_synthese-A25-S42.csv
2025,42,,2025-10-13,2025-10-19,CHATEAUBRIANT,15/10/2025,279,-8,FORTE BAISSE LIÉE À UNE FORTE PRESSION DES ACHETEURS.,COT-VRO-veaux14j_synthese-A25-S42.csv
2025,42,,2025-10-13,2025-10-19,CHATEAUGONTIER,16/10/2025,557,-44,FORTE PRESSION IMPOSÉE PAR LES ACHETEURS. LES PETITS VEAUX SONT MALMENÉS ET VONT ÊTRE RAPIDEMENT INVENDABLES.,COT-VRO-veaux14j_synthese-A25-S42.csv
2025,42,,2025-10-13,2025-10-19,LA TALAUDIERE,13/10/2025,,,COURS INCOTÉS POUR CAUSE DE NON TENUE DU MARCHÉ (DNC). PAS DE RÉOUVERTURE ESTIMÉE AVANT MI-NOVEMBRE.,COT-VRO-veaux14j_synthese-A25-S42.csv
2025,42,,2025-10-13,2025-10-19,LAMBALLE,14/10/2025,285,71,LES TARIFS SONT À LA BAISSE DANS LES MÂLES LAITIERS.,COT-VRO-veaux14j_synthese-A25-S42.csv
2025,42,,2025-10-13,2025-10-19,LEZAY,14/10/2025,1385,-120,"TRI TRÈS SÉLECTIF, LES VEAUX INFÉRIEURS SE VENDENT MAL. COURS RECONDUITS EN LIMOUSINS. BAISSE GÉNÉRALISÉE DANS LE RESTE.",COT-VRO-veaux14j_synthese-A25-S42.csv
2025,42,,2025-10-13,2025-10-19,TOTAL,,3019,-429,,COT-VRO-veaux14j_synthese-A25-S42.csv
2025,43,,2025-10-20,2025-10-26,AGEN,22/10/2025,81,-34,BAISSE DES COURS EN LIEN AVEC LA CRISE SANITAIRE.,COT-VRO-veaux14j_synthese-A25-S43.csv
2025,43,,2025-10-20,2025-10-26,BOURG-EN-BRESSE,21/10/2025,,,COURS RECONDUITS POUR CAUSE DE NON TENUE DU MARCHÉ (DNC). PAS DE RÉOUVERTURE ESTIMÉE AVANT FIN NOVEMBRE.,COT-VRO-veaux14j_synthese-A25-S43.csv
2025,43,,2025-10-20,2025-10-26,CADRAN D'ARMOR,20/10/2025,207,-99,/,COT-VRO-veaux14j_synthese-A25-S43.csv
2025,43,,2025-10-20,2025-10-26,CARENTAN,21/10/2025,95,3,COMMERCE TRÈS DIFFICILE DÛ À LA FERMETURE DE L'EXPORT VERS L'ESPAGNE.,COT-VRO-veaux14j_synthese-A25-S43.csv
2025,43,,2025-10-20,2025-10-26,CHATEAUBRIANT,22/10/2025,255,-24,"COMMERCE DIFFICILE DÛ AU CONTEXTE SANITAIRE ACTUEL, BAISSE GÉNÉRALISÉE DES COURS.",COT-VRO-veaux14j_synthese-A25-S43.csv
2025,43,,2025-10-20,2025-10-26,CHATEAUGONTIER,23/10/2025,560,3,"COMMERCE DIFFICILE AU REGARD DU CONTEXTE SANITAIRE ACTUEL, AVEC DÉGRADATION DES COURS.",COT-VRO-veaux14j_synthese-A25-S43.csv
2025,43,,2025-10-20,2025-10-26,LA TALAUDIERE,20/10/2025,,,COURS INCOTÉS POUR CAUSE DE NON TENUE DU MARCHÉ (DNC). PAS DE RÉOUVERTURE ESTIMÉE AVANT MI-NOVEMBRE.,COT-VRO-veaux14j_synthese-A25-S43.csv
2025,43,,2025-10-20,2025-10-26,LAMBALLE,21/10/2025,124,-161,,COT-VRO-veaux14j_synthese-A25-S43.csv
2025,43,,2025-10-20,2025-10-26,LEZAY,21/10/2025,729,-656,PAS DE COTATIONS TRANSMISES PAR LE MARCHÉ. COURS RECONDUITS.,COT-VRO-veaux14j_synthese-A25-S43.csv
2025,43,,2025-10-20,2025-10-26,TOTAL,,2051,-968,,COT-VRO-veaux14j_synthese-A25-S43.csv
2025,44,,2025-10-27,2025-11-02,AGEN,29/10/2025,93,12,BAISSE DES COURS À CAUSE DE LA DNC ET DE LA FERMETURE DE L'EXPORTATION.,COT-VRO-veaux14j_synthese-A25-S44.csv
2025,44,,2025-10-27,2025-11-02,BOURG-EN-BRESSE,28/10/2025,,,COURS INCOTÉS POUR CAUSE DE NON TENUE DU MARCHÉ (DNC). PAS DE RÉOUVERTURE ESTIMÉE AVANT FIN NOVEMBRE.,COT-VRO-veaux14j_synthese-A25-S44.csv
2025,44,,2025-10-27,2025-11-02,CADRAN D'ARMOR,27/10/2025,137,-70,FAIBLE APPORT À CAUSE DE LA DNC. LES ÉLEVEURS RETIENNENT LES VEAUX EN FERME EN ATTENDANT LA RÉOUVERTURE DES FRONTIÈRES.,COT-VRO-veaux14j_synthese-A25-S44.csv
2025,44,,2025-10-27,2025-11-02,CARENTAN,28/10/2025,78,-17,COMMERCE EN BAISSE DÛ À LA CONJONCTURE.,COT-VRO-veaux14j_synthese-A25-S44.csv
2025,44,,2025-10-27,2025-11-02,CHATEAUBRIANT,29/10/2025,215,-40,"BAISSE DES VOLUMES. TARIFS EN BAISSE TOUTES CATÉGORIES MAIS PLUS ACCENTUÉS DANS LES VEAUX LAITIERS , MIXTES ET CROISÉS.",COT-VRO-veaux14j_synthese-A25-S44.csv
2025,44,,2025-10-27,2025-11-02,CHATEAUGONTIER,30/10/2025,523,-37,"BONNE PRÉSENTATION D'ENSEMBLE. BAISSE DES COURS DANS LES VEAUX LAITIERS, MIXTES ET CROISÉS LAITIERS.",COT-VRO-veaux14j_synthese-A25-S44.csv
2025,44,,2025-10-27,2025-11-02,LA TALAUDIERE,27/10/2025,,,COURS INCOTÉS POUR CAUSE DE NON TENUE DU MARCHÉ (DNC). PAS DE RÉOUVERTURE ESTIMÉE AVANT MI-NOVEMBRE.,COT-VRO-veaux14j_synthese-A25-S44.csv
2025,44,,2025-10-27,2025-11-02,LAMBALLE,28/10/2025,145,21,LA BAISSE DES TARIFS EST CONSÉQUENTE NOTAMMENT DANS LES VEAUX LAITIERS ET JEUNES.,COT-VRO-veaux14j_synthese-A25-S44.csv
2025,44,,2025-10-27,2025-11-02,LEZAY,28/10/2025,673,-56,"SUITE À LA FERMETURE DES FRONTIÈRES, APPORT DIVISÉ EN DEUX ET BAISSE DES COURS TOUTES CATÉGORIES SAUF EN LIMOUSINS.",COT-VRO-veaux14j_synthese-A25-S44.csv
2025,44,,2025-10-27,2025-11-02,TOTAL,,1864,-187,,COT-VRO-veaux14j_synthese-A25-S44.csv
2025,45,,2025-11-03,2025-11-09,AGEN,05/11/2025,186,93,COURS RECONDUITS.,COT-VRO-veaux14j_synthese-A25-S45.csv
2025,45,,2025-11-03,2025-11-09,BOURG-EN-BRESSE,04/11/2025,,,COURS INCOTÉS POUR CAUSE DE NON TENUE DU MARCHÉ (DNC). RÉOUVERTURE ESTIMÉE VERS FIN NOVEMBRE.,COT-VRO-veaux14j_synthese-A25-S45.csv
2025,45,,2025-11-03,2025-11-09,CADRAN D'ARMOR,03/11/2025,,,"PAS DE COTATIONS TRANSMISES PAR LE MARCHÉ, COURS RECONDUITS.",COT-VRO-veaux14j_synthese-A25-S45.csv
2025,45,,2025-11-03,2025-11-09,CARENTAN,04/11/2025,97,19,COURS RECONDUITS DANS L'ENSEMBLE MIS À PART DANS LES CROISÉS MIXTES.,COT-VRO-veaux14j_synthese-A25-S45.csv
2025,45,,2025-11-03,2025-11-09,CHATEAUBRIANT,05/11/2025,276,61,"PLUS DE VEAUX CETTE SEMAINE MAIS UNE DEMANDE PLUS IMPORTANTE DU FAIT DE L’OUVERTURE À L’EXPORT, NOTAMMENT SUR L’ESPAGNE.",COT-VRO-veaux14j_synthese-A25-S45.csv
2025,45,,2025-11-03,2025-11-09,CHATEAUGONTIER,06/11/2025,547,24,APPORT STABLE. VENTE FLUIDE. COURS RECONDUITS.,COT-VRO-veaux14j_synthese-A25-S45.csv
2025,45,,2025-11-03,2025-11-09,LA TALAUDIERE,03/11/2025,,,COURS INCOTÉS POUR CAUSE DE NON TENUE DU MARCHÉ (DNC). RÉOUVERTURE ESTIMÉE VERS MI-NOVEMBRE.,COT-VRO-veaux14j_synthese-A25-S45.csv
2025,45,,2025-11-03,2025-11-09,LAMBALLE,04/11/2025,350,205,"VENTE LABORIEUSE DANS TOUTES LES CATÉGORIES, NOTAMMENT EN MÂLES LAITIERS LÉGERS ET JEUNES.",COT-VRO-veaux14j_synthese-A25-S45.csv
2025,45,,2025-11-03,2025-11-09,LEZAY,04/11/2025,1614,941,APPORTS REVENUS À LA NORMALE. COURS RECONDUITS DANS TOUTES LES CATÉGORIES. TRI MOINS SÉLECTIF.,COT-VRO-veaux14j_synthese-A25-S45.csv
2025,45,,2025-11-03,2025-11-09,TOTAL,,3070,1206,,COT-VRO-veaux14j_synthese-A25-S45.csv
2025,46,,2025-11-10,2025-11-16,AGEN,12/11/2025,84,-102,RECONDUCTION DES COURS.,COT-VRO-veaux14j_synthese-A25-S46.csv
2025,46,,2025-11-10,2025-11-16,BOURG-EN-BRESSE,11/11/2025,,,COURS INCOTÉS POUR CAUSE DE NON TENUE DU MARCHÉ (DNC). RÉOUVERTURE ESTIMÉE VERS FIN NOVEMBRE.,COT-VRO-veaux14j_synthese-A25-S46.csv
2025,46,,2025-11-10,2025-11-16,CADRAN D'ARMOR,10/11/2025,283,,OFFRE STABLE.,COT-VRO-veaux14j_synthese-A25-S46.csv
2025,46,,2025-11-10,2025-11-16,CARENTAN,11/11/2025,72,-25,"MARCHÉ DECALÉ DÛ AU 11 NOVEMBRE, COURS EN HAUSSE MIS À PART RECONDUCTION EN RACE NORMANDE.",COT-VRO-veaux14j_synthese-A25-S46.csv
2025,46,,2025-11-10,2025-11-16,CHATEAUBRIANT,12/11/2025,209,-67,"COMMERCE FLUIDE, COURS RECONDUITS.",COT-VRO-veaux14j_synthese-A25-S46.csv
2025,46,,2025-11-10,2025-11-16,CHATEAUGONTIER,13/11/2025,676,129,"COMMERCE ACTIF, COURS RECONDUITS.",COT-VRO-veaux14j_synthese-A25-S46.csv
2025,46,,2025-11-10,2025-11-16,LA TALAUDIERE,10/11/2025,,,COURS INCOTÉS POUR CAUSE DE NON TENUE DU MARCHÉ (DNC). RÉOUVERTURE ESTIMÉE VERS MI-NOVEMBRE.,COT-VRO-veaux14j_synthese-A25-S46.csv
2025,46,,2025-11-10,2025-11-16,LAMBALLE,11/11/2025,268,-82,LA VENTE RESTE LABORIEUSE DANS TOUTES LES CATÉGORIES. LES SUJETS LÉGERS SONT DÉLAISSÉS.,COT-VRO-veaux14j_synthese-A25-S46.csv
2025,46,,2025-11-10,2025-11-16,LEZAY,11/11/2025,,,"PAS DE MARCHÉ POUR CAUSE DE JOUR FÉRIÉ, RECONDUCTION DES COURS DU 4 NOVEMBRE.",COT-VRO-veaux14j_synthese-A25-S46.csv
2025,46,,2025-11-10,2025-11-16,TOTAL,,1592,-1478,,COT-VRO-veaux14j_synthese-A25-S46.csv
2025,47,,2025-11-17,2025-11-23,AGEN,19/11/2025,161,77,COURS RECONDUITS.,COT-VRO-veaux14j_synthese-A25-S47.csv
2025,47,,2025-11-17,2025-11-23,BOURG-EN-BRESSE,18/11/2025,,,COURS INCOTÉS POUR CAUSE DE NON TENUE DU MARCHÉ (DNC). RÉOUVERTURE ESTIMÉE VERS FIN NOVEMBRE.,COT-VRO-veaux14j_synthese-A25-S47.csv
2025,47,,2025-11-17,2025-11-23,CADRAN D'ARMOR,17/11/2025,331,48,/,COT-VRO-veaux14j_synthese-A25-S47.csv
2025,47,,2025-11-17,2025-11-23,CARENTAN,18/11/2025,102,30,MARCHÉ ACTIF.,COT-VRO-veaux14j_synthese-A25-S47.csv
2025,47,,2025-11-17,2025-11-23,CHATEAUBRIANT,19/11/2025,329,120,ÉCOULEMENT RÉGULIER DANS LES BONS VEAUX. LE TRI RESTE PLUS MARQUÉ DANS LES VEAUX LÉGERS ET MAIGREUX.,COT-VRO-veaux14j_synthese-A25-S47.csv
2025,47,,2025-11-17,2025-11-23,CHATEAUGONTIER,20/11/2025,624,-52,COMMERCE RÉGULIER AVEC DES TARIFS SENSIBLEMENT RECONDUITS.,COT-VRO-veaux14j_synthese-A25-S47.csv
2025,47,,2025-11-17,2025-11-23,LA TALAUDIERE,17/11/2025,,,COURS INCOTÉS POUR CAUSE DE NON TENUE DU MARCHÉ (DNC). RÉOUVERTURE ESTIMÉE VERS MI-NOVEMBRE.,COT-VRO-veaux14j_synthese-A25-S47.csv
2025,47,,2025-11-17,2025-11-23,LAMBALLE,18/11/2025,282,14,LES VEAUX LAITIERS LÉGERS RESTENT À DES TARIFS MOINDRES.,COT-VRO-veaux14j_synthese-A25-S47.csv
2025,47,,2025-11-17,2025-11-23,LEZAY,18/11/2025,1368,,"BONNE DEMANDE, COURS RECONDUITS DANS TOUTES LES CATÉGORIES.",COT-VRO-veaux14j_synthese-A25-S47.csv
2025,47,,2025-11-17,2025-11-23,TOTAL,,3197,1605,,COT-VRO-veaux14j_synthese-A25-S47.csv
2025,48,,2025-11-24,2025-11-30,AGEN,26/11/2025,129,-32,RECONDUCTION DES COURS.,COT-VRO-veaux14j_synthese-A25-S48.csv
2025,48,,2025-11-24,2025-11-30,BOURG-EN-BRESSE,25/11/2025,,,COURS INCOTÉS POUR CAUSE DE NON TENUE DU MARCHÉ (DNC). RÉOUVERTURE ESTIMÉE VERS MI-DÉCEMBRE.,COT-VRO-veaux14j_synthese-A25-S48.csv
2025,48,,2025-11-24,2025-11-30,CADRAN D'ARMOR,24/11/2025,313,-18,/,COT-VRO-veaux14j_synthese-A25-S48.csv
2025,48,,2025-11-24,2025-11-30,CARENTAN,25/11/2025,92,-10,"RECONDUCTION DANS LES BONS VEAUX, PLUS DIFFICILE DANS LES VEAUX INFÉRIEURS.",COT-VRO-veaux14j_synthese-A25-S48.csv
2025,48,,2025-11-24,2025-11-30,CHATEAUBRIANT,26/11/2025,323,-6,"TRI PLUS SÉVÈRE, VENTE DIFFICILE DANS LES VEAUX LÉGERS MAIS MOINS DE VÊLAGES QUI FAVORISE UNE RECONDUCTION DES TARIFS.",COT-VRO-veaux14j_synthese-A25-S48.csv
2025,48,,2025-11-24,2025-11-30,CHATEAUGONTIER,27/11/2025,569,-55,"COMMERCE RÉGULIER, COURS RECONDUITS.",COT-VRO-veaux14j_synthese-A25-S48.csv
2025,48,,2025-11-24,2025-11-30,LA TALAUDIERE,24/11/2025,,,COURS INCOTÉS POUR CAUSE DE NON TENUE DU MARCHÉ (DNC). RÉOUVERTURE ESTIMÉE VERS MI-DÉCEMBRE.,COT-VRO-veaux14j_synthese-A25-S48.csv
2025,48,,2025-11-24,2025-11-30,LAMBALLE,25/11/2025,272,-10,BONNE DEMANDE DANS LES SUJETS LOURDS ET CONFORMÉS.,COT-VRO-veaux14j_synthese-A25-S48.csv
2025,48,,2025-11-24,2025-11-30,LEZAY,25/11/2025,1438,70,COURS RECONDUITS DANS TOUTES LES CATÉGORIES SAUF EN LAITIERS. LES VEAUX LÉGERS TROUVENT DIFFICILEMENT PRENEURS.,COT-VRO-veaux14j_synthese-A25-S48.csv
2025,48,,2025-11-24,2025-11-30,TOTAL,,3136,-61,,COT-VRO-veaux14j_synthese-A25-S48.csv
2025,49,,2025-12-01,2025-12-07,AGEN,03/12/2025,106,-23,COURS RECONDUITS.,COT-VRO-veaux14j_synthese-A25-S49.csv
2025,49,,2025-12-01,2025-12-07,BOURG-EN-BRESSE,02/12/2025,,,COURS INCOTÉS POUR CAUSE DE NON TENUE DU MARCHÉ (DNC). RÉOUVERTURE ESTIMÉE VERS MI-DÉCEMBRE.,COT-VRO-veaux14j_synthese-A25-S49.csv
2025,49,,2025-12-01,2025-12-07,CADRAN D'ARMOR,01/12/2025,313,0,/,COT-VRO-veaux14j_synthese-A25-S49.csv
2025,49,,2025-12-01,2025-12-07,CARENTAN,02/12/2025,101,9,"COURS RECONDUITS DANS L'ENSEMBLE, BAISSE DANS LES RACES LAITIÈRES.",COT-VRO-veaux14j_synthese-A25-S49.csv
2025,49,,2025-12-01,2025-12-07,CHATEAUBRIANT,03/12/2025,340,17,RECONDUCTION DANS LES VEAUX DE RACE À VIANDE. LÉGÈRE BAISSE DANS LES VEAUX NOIRS AVEC DES VOLUMES ENCORE IMPORTANTS.,COT-VRO-veaux14j_synthese-A25-S49.csv
2025,49,,2025-12-01,2025-12-07,CHATEAUGONTIER,04/12/2025,524,-45,"VENTE FLUIDE DANS LES BONS VEAUX, TRI PLUS MARQUÉ DANS LES VEAUX FRAGILES ET LÉGERS.",COT-VRO-veaux14j_synthese-A25-S49.csv
2025,49,,2025-12-01,2025-12-07,LA TALAUDIERE,01/12/2025,,,COURS INCOTÉS POUR CAUSE DE NON TENUE DU MARCHÉ (DNC). RÉOUVERTURE ESTIMÉE VERS MI-DÉCEMBRE.,COT-VRO-veaux14j_synthese-A25-S49.csv
2025,49,,2025-12-01,2025-12-07,LAMBALLE,02/12/2025,251,-21,"MAINTIEN DES TARIFS, BONNE DEMANDE DANS LES SUJETS CONFORMÉS.",COT-VRO-veaux14j_synthese-A25-S49.csv
2025,49,,2025-12-01,2025-12-07,LEZAY,02/12/2025,1447,9,COMMERCE PLUS DIFFICILE EN LAITIERS. COURS RECONDUITS DANS TOUTES LES CATÉGORIES.,COT-VRO-veaux14j_synthese-A25-S49.csv
2025,49,,2025-12-01,2025-12-07,TOTAL,,3082,-54,,COT-VRO-veaux14j_synthese-A25-S49.csv
2025,50,,2025-12-08,2025-12-14,AGEN,10/12/2025,108,2,BAISSES EN VEAUX LAITIERS ET CROISÉS LAITIERS.,COT-VRO-veaux14j_synthese-A25-S50.csv
2025,50,,2025-12-08,2025-12-14,BOURG-EN-BRESSE,09/12/2025,,,COURS INCOTÉS POUR CAUSE DE NON TENUE DU MARCHÉ (DNC). RÉOUVERTURE ESTIMÉE VERS MI-DÉCEMBRE.,COT-VRO-veaux14j_synthese-A25-S50.csv
2025,50,,2025-12-08,2025-12-14,CADRAN D'ARMOR,09/12/2025,322,9,COURS STABLES ET RECONDUITS.,COT-VRO-veaux14j_synthese-A25-S50.csv
2025,50,,2025-12-08,2025-12-14,CARENTAN,09/12/2025,81,-20,MARCHÉ AVEC UN COMMERCE DIFFICILE.,COT-VRO-veaux14j_synthese-A25-S50.csv
2025,50,,2025-12-08,2025-12-14,CHATEAUBRIANT,10/12/2025,256,-84,"DE L'OFFRE POUR LA SAISON. RECONDUCTION DANS LES RACES À VIANDE ET CROISÉS, VENTE COMPLIQUÉE DANS LES LÉGERS ET MAIGRES.",COT-VRO-veaux14j_synthese-A25-S50.csv
2025,50,,2025-12-08,2025-12-14,CHATEAUGONTIER,11/12/2025,543,19,"TRI ET VENTE SÉLECTIVE, BAISSE DES COURS SUR L'ENSEMBLE DES RACES, SAUF POUR LES BONS VEAUX EN CROISÉS RACES À VIANDE.",COT-VRO-veaux14j_synthese-A25-S50.csv
2025,50,,2025-12-08,2025-12-14,LA TALAUDIERE,08/12/2025,,,COURS INCOTÉS POUR CAUSE DE NON TENUE DU MARCHÉ (DNC). RÉOUVERTURE ESTIMÉE VERS MI-DÉCEMBRE.,COT-VRO-veaux14j_synthese-A25-S50.csv
2025,50,,2025-12-08,2025-12-14,LAMBALLE,09/12/2025,241,-10,MAINTIEN DES PRIX DANS TOUTES LES CATÉGORIES.,COT-VRO-veaux14j_synthese-A25-S50.csv
2025,50,,2025-12-08,2025-12-14,LEZAY,09/12/2025,1417,-30,LÉGÈRE BAISSE DES COURS EN VEAUX LÉGERS TOUTES RACES CONFONDUES. COURS RECONDUITS DANS LES BONS SUJETS.,COT-VRO-veaux14j_synthese-A25-S50.csv
2025,50,,2025-12-08,2025-12-14,TOTAL,,2968,-114,,COT-VRO-veaux14j_synthese-A25-S50.csv
2025,51,,2025-12-15,2025-12-21,AGEN,17/12/2025,113,5,BAISSE DE 10 € EN TOUTES CATÉGORIES SAUF SUR LES RACES À VIANDE.,COT-VRO-veaux14j_synthese-A25-S51.csv
2025,51,,2025-12-15,2025-12-21,BOURG-EN-BRESSE,16/12/2025,,,COURS INCOTÉS POUR CAUSE DE NON TENUE DU MARCHÉ (DNC).,COT-VRO-veaux14j_synthese-A25-S51.csv
2025,51,,2025-12-15,2025-12-21,CADRAN D'ARMOR,16/12/2025,467,145,/,COT-VRO-veaux14j_synthese-A25-S51.csv
2025,51,,2025-12-15,2025-12-21,CARENTAN,16/12/2025,79,-2,"MARCHÉ UN PLEU PLUS ACTIF QUE LA SEMAINE PASSÉE, RECONDUCTION DES COURS.",COT-VRO-veaux14j_synthese-A25-S51.csv
2025,51,,2025-12-15,2025-12-21,CHATEAUBRIANT,17/12/2025,204,-52,LES TARIFS SE RÉTRACTENT DANS LES BONS VEAUX LAITIERS ET CROISÉS FAUTE DE PLACES DISPONIBLES.,COT-VRO-veaux14j_synthese-A25-S51.csv
2025,51,,2025-12-15,2025-12-21,CHATEAUGONTIER,18/12/2025,458,-85,TRI SÉLECTIF. QUALITÉ MOINDRE. LES TARIFS RESTENT SOUS PRESSION.,COT-VRO-veaux14j_synthese-A25-S51.csv
2025,51,,2025-12-15,2025-12-21,LA TALAUDIERE,15/12/2025,,,COURS INCOTÉS POUR CAUSE DE NON TENUE DU MARCHÉ (DNC).,COT-VRO-veaux14j_synthese-A25-S51.csv
2025,51,,2025-12-15,2025-12-21,LAMBALLE,16/12/2025,285,44,LA VENTE DEMEURE DIFFICILE DANS LES SUJETS LÉGERS.,COT-VRO-veaux14j_synthese-A25-S51.csv
2025,51,,2025-12-15,2025-12-21,LEZAY,16/12/2025,732,-685,LA DNC AFFECTE FORTEMENT LES COURS DES VEAUX. LE MARCHÉ D'EXPORT EST EN TENSION. BAISSE SUR LES LAITIERS ET CROISÉS.,COT-VRO-veaux14j_synthese-A25-S51.csv
2025,51,,2025-12-15,2025-12-21,TOTAL,,2338,-630,,COT-VRO-veaux14j_synthese-A25-S51.csv
2025,52,,2025-12-22,2025-12-28,AGEN,24/12/2025,,,PAS DE MARCHÉ. COURS RECONDUITS POUR INFORMATION.,COT-VRO-veaux14j_synthese-A25-S52.csv
2025,52,,2025-12-22,2025-12-28,BOURG-EN-BRESSE,23/12/2025,,,COURS INCOTÉS POUR CAUSE DE NON TENUE DU MARCHÉ (DNC).,COT-VRO-veaux14j_synthese-A25-S52.csv
2025,52,,2025-12-22,2025-12-28,CADRAN D'ARMOR,22/12/2025,,,PAS DE MARCHÉ. COURS RECONDUITS POUR INFORMATION.,COT-VRO-veaux14j_synthese-A25-S52.csv
2025,52,,2025-12-22,2025-12-28,CARENTAN,23/12/2025,,,PAS DE MARCHÉ. COURS RECONDUITS POUR INFORMATION.,COT-VRO-veaux14j_synthese-A25-S52.csv
2025,52,,2025-12-22,2025-12-28,CHATEAUBRIANT,24/12/2025,,,PAS DE MARCHÉ. COURS RECONDUITS POUR INFORMATION.,COT-VRO-veaux14j_synthese-A25-S52.csv
2025,52,,2025-12-22,2025-12-28,CHATEAUGONTIER,25/12/2025,,,PAS DE MARCHÉ. COURS RECONDUITS POUR INFORMATION.,COT-VRO-veaux14j_synthese-A25-S52.csv
2025,52,,2025-12-22,2025-12-28,LA TALAUDIERE,22/12/2025,,,COURS INCOTÉS POUR CAUSE DE NON TENUE DU MARCHÉ (DNC).,COT-VRO-veaux14j_synthese-A25-S52.csv
2025,52,,2025-12-22,2025-12-28,LAMBALLE,22/12/2025,189,-96,"POUR LA DERNIÈRE VENTE DE L'ANNÉE, LES TARIFS DEMEURENT STABLES ET LA DEMANDE SOUTENUE.",COT-VRO-veaux14j_synthese-A25-S52.csv
2025,52,,2025-12-22,2025-12-28,LEZAY,23/12/2025,,,PAS DE MARCHÉ. COURS RECONDUITS POUR INFORMATION.,COT-VRO-veaux14j_synthese-A25-S52.csv
2025,52,,2025-12-22,2025-12-28,TOTAL,,189,-2149,,COT-VRO-veaux14j_synthese-A25-S52.csv
2026,1,,2025-12-29,2026-01-04,AGEN,31/12/2025,,,"PAS DE MARCHÉ, COURS RECONDUITS POUR INFORMATION.",COT-VRO-veaux14j_synthese-A26-S01.csv
2026,1,,2025-12-29,2026-01-04,BOURG-EN-BRESSE,30/12/2025,,,COURS INCOTÉS POUR CAUSE DE NON TENUE DU MARCHÉ (DNC).,COT-VRO-veaux14j_synthese-A26-S01.csv
2026,1,,2025-12-29,2026-01-04,CADRAN D'ARMOR,29/12/2025,,,"PAS DE MARCHÉ, COURS RECONDUITS POUR INFORMATION.",COT-VRO-veaux14j_synthese-A26-S01.csv
2026,1,,2025-12-29,2026-01-04,CHATEAUBRIANT,31/12/2025,,,"PAS DE MARCHÉ, COURS RECONDUITS POUR INFORMATION.",COT-VRO-veaux14j_synthese-A26-S01.csv
2026,1,,2025-12-29,2026-01-04,CHATEAUGONTIER,01/01/2026,,,"PAS DE MARCHÉ, COURS RECONDUITS POUR INFORMATION.",COT-VRO-veaux14j_synthese-A26-S01.csv
2026,1,,2025-12-29,2026-01-04,LA TALAUDIERE,29/12/2025,,,COURS INCOTÉS POUR CAUSE DE NON TENUE DU MARCHÉ (DNC).,COT-VRO-veaux14j_synthese-A26-S01.csv
2026,1,,2025-12-29,2026-01-04,LAMBALLE,30/12/2025,,,"PAS DE MARCHÉ, COURS RECONDUITS POUR INFORMATION.",COT-VRO-veaux14j_synthese-A26-S01.csv
2026,1,,2025-12-29,2026-01-04,LEZAY,30/12/2025,,,"PAS DE MARCHÉ, COURS RECONDUITS POUR INFORMATION.",COT-VRO-veaux14j_synthese-A26-S01.csv
2026,1,,2025-12-29,2026-01-04,TOTAL,,,,,COT-VRO-veaux14j_synthese-A26-S01.csv
2026,2,,2026-01-05,2026-01-11,AGEN,07/01/2026,118,,RECONDUCTION DES COURS.,COT-VRO-veaux14j_synthese-A26-S02.csv
2026,2,,2026-01-05,2026-01-11,BOURG-EN-BRESSE,06/01/2026,,,MARCHÉ FERMÉ.,COT-VRO-veaux14j_synthese-A26-S02.csv
2026,2,,2026-01-05,2026-01-11,CADRAN D'ARMOR,05/01/2026,372,,TENDANCE HAUSSIÈRE.,COT-VRO-veaux14j_synthese-A26-S02.csv
2026,2,,2026-01-05,2026-01-11,CHATEAUBRIANT,07/01/2026,229,,"VU LE CONTEXTE MÉTÉOROLOGIQUE, LA COMMISSION A DÉCIDÉ DE NE PAS COTER CETTE SEMAINE. COURS RECONDUITS POUR INFORMATION.",COT-VRO-veaux14j_synthese-A26-S02.csv
2026,2,,2026-01-05,2026-01-11,CHATEAUGONTIER,08/01/2026,719,,APPORTS EN HAUSSE. COMMERCE SÉLECTIF DANS LES VEAUX MOYENS. COURS STABLES DANS LES BONS VEAUX.,COT-VRO-veaux14j_synthese-A26-S02.csv
2026,2,,2026-01-05,2026-01-11,LA TALAUDIERE,05/01/2026,,,MARCHÉ FERMÉ.,COT-VRO-veaux14j_synthese-A26-S02.csv
2026,2,,2026-01-05,2026-01-11,LAMBALLE,06/01/2026,365,,LA VENTE EST DIFFICILE DANS LES SUJETS LÉGERS.,COT-VRO-veaux14j_synthese-A26-S02.csv
2026,2,,2026-01-05,2026-01-11,LEZAY,06/01/2026,1466,,"APPORTS CORRECTS MALGRÉ LES CONDITIONS CLIMATIQUES. BONNE DEMANDE, COMMERCE FLUIDE AVEC DES VEAUX DE QUALITÉ.",COT-VRO-veaux14j_synthese-A26-S02.csv
2026,2,,2026-01-05,2026-01-11,TOTAL,,3269,,,COT-VRO-veaux14j_synthese-A26-S02.csv
2026,3,,2026-01-12,2026-01-18,AGEN,14/01/2026,68,-50,"PEU D'OFFRE, AUGMENTATION DE 10 € SUR L'ENSEMBLE DES VEAUX.",COT-VRO-veaux14j_synthese-A26-S03.csv
2026,3,,2026-01-12,2026-01-18,BOURG-EN-BRESSE,13/01/2026,,,PAS DE MARCHÉ.,COT-VRO-veaux14j_synthese-A26-S03.csv
2026,3,,2026-01-12,2026-01-18,CADRAN D'ARMOR,12/01/2026,425,53,VENTE ACTIVE.,COT-VRO-veaux14j_synthese-A26-S03.csv
2026,3,,2026-01-12,2026-01-18,CHATEAUBRIANT,14/01/2026,265,36,PRÉSENTATION PLUS ÉTOFFÉE ET HÉTÉROGÈNE. VENTE STABLE DANS LES BONS VEAUX. TARIFS PLUS DISCUTÉS DANS LES VEAUX LÉGERS.,COT-VRO-veaux14j_synthese-A26-S03.csv
2026,3,,2026-01-12,2026-01-18,CHATEAUGONTIER,15/01/2026,520,-199,"MARCHÉ ÉQUILIBRÉ, COURS RECONDUITS.",COT-VRO-veaux14j_synthese-A26-S03.csv
2026,3,,2026-01-12,2026-01-18,LA TALAUDIERE,12/01/2026,,,PAS DE MARCHÉ.,COT-VRO-veaux14j_synthese-A26-S03.csv
2026,3,,2026-01-12,2026-01-18,LAMBALLE,13/01/2026,289,-76,LA VENTE DEMEURE LABORIEUSE DANS LES SUJETS LÉGERS ET CREUX.,COT-VRO-veaux14j_synthese-A26-S03.csv
2026,3,,2026-01-12,2026-01-18,LEZAY,13/01/2026,1315,-151,"APPORT STABLE, BONNE DEMANDE. COURS RECONDUITS.",COT-VRO-veaux14j_synthese-A26-S03.csv
2026,3,,2026-01-12,2026-01-18,TOTAL,,2882,-387,,COT-VRO-veaux14j_synthese-A26-S03.csv
2026,4,,2026-01-19,2026-01-25,AGEN,21/01/2026,79,11,COURS RECONDUITS.,COT-VRO-veaux14j_synthese-A26-S04.csv
2026,4,,2026-01-19,2026-01-25,BOURG-EN-BRESSE,20/01/2026,,,PAS DE MARCHÉ.,COT-VRO-veaux14j_synthese-A26-S04.csv
2026,4,,2026-01-19,2026-01-25,CADRAN D'ARMOR,19/01/2026,288,-137,/,COT-VRO-veaux14j_synthese-A26-S04.csv
2026,4,,2026-01-19,2026-01-25,CHATEAUBRIANT,21/01/2026,198,-67,PRÉSENTATION PLUS MODESTE ET DE MOINDRE QUALITÉ (IMPACTS NÉGATIFS DE LA MÉTÉO CONJUGUÉ À DES PROBLÈMES SANITAIRES).,COT-VRO-veaux14j_synthese-A26-S04.csv
2026,4,,2026-01-19,2026-01-25,CHATEAUGONTIER,22/01/2026,392,-128,VENTE FLUIDE. COURS RECONDUITS.,COT-VRO-veaux14j_synthese-A26-S04.csv
2026,4,,2026-01-19,2026-01-25,LA TALAUDIERE,19/01/2026,,,PAS DE MARCHÉ.,COT-VRO-veaux14j_synthese-A26-S04.csv
2026,4,,2026-01-19,2026-01-25,LAMBALLE,20/01/2026,228,-61,L'OFFRE EST MODESTE.,COT-VRO-veaux14j_synthese-A26-S04.csv
2026,4,,2026-01-19,2026-01-25,LEZAY,20/01/2026,1055,-260,"APPORTS EN BAISSE CETTE SEMAINE. TRI MOINS SÉLECTIF, COURS RECONDUITS.",COT-VRO-veaux14j_synthese-A26-S04.csv
2026,4,,2026-01-19,2026-01-25,TOTAL,,2240,-642,,COT-VRO-veaux14j_synthese-A26-S04.csv
2026,5,,2026-01-26,2026-02-01,AGEN,28/01/2026,72,-7,HAUSSE SUR L'ENSEMBLE DES VEAUX.,COT-VRO-veaux14j_synthese-A26-S05.csv
2026,5,,2026-01-26,2026-02-01,BOURG-EN-BRESSE,27/01/2026,70,,TRÈS PEU D'APPORT EN RAISON DES CONTRAINTES DNC. COTATION DE REPRISE POUR DES VEAUX ISSUS DE ZONE VACCINALE.,COT-VRO-veaux14j_synthese-A26-S05.csv
2026,5,,2026-01-26,2026-02-01,CADRAN D'ARMOR,26/01/2026,252,-36,"OFFRE EN BAISSE, COURS EN HAUSSE.",COT-VRO-veaux14j_synthese-A26-S05.csv
2026,5,,2026-01-26,2026-02-01,CHATEAUBRIANT,28/01/2026,168,-30,COMMERCE ACTIF ET VENTE FLUIDE. FAIBLES APPORTS PAR RAPPORT AUX BESOINS. HAUSSE DES COURS DANS TOUTES LES CATÉGORIES.,COT-VRO-veaux14j_synthese-A26-S05.csv
2026,5,,2026-01-26,2026-02-01,CHATEAUGONTIER,29/01/2026,374,-18,"VENTE ACTIVE, COURS EN HAUSSE.",COT-VRO-veaux14j_synthese-A26-S05.csv
2026,5,,2026-01-26,2026-02-01,LA TALAUDIERE,26/01/2026,,,PAS DE MARCHÉ.,COT-VRO-veaux14j_synthese-A26-S05.csv
2026,5,,2026-01-26,2026-02-01,LAMBALLE,27/01/2026,252,24,"VENTE FLUIDE, COURS À LA HAUSSE, DEMANDE SOUTENUE.",COT-VRO-veaux14j_synthese-A26-S05.csv
2026,5,,2026-01-26,2026-02-01,LEZAY,27/01/2026,970,-85,APPORTS EN BAISSE. LA BONNE DEMANDE ENTRAÎNE UNE HAUSSE DES COURS.,COT-VRO-veaux14j_synthese-A26-S05.csv
2026,5,,2026-01-26,2026-02-01,TOTAL,,2158,-82,,COT-VRO-veaux14j_synthese-A26-S05.csv
2026,6,,2026-02-02,2026-02-08,AGEN,04/02/2026,73,1,RECONDUCTION DES COURS.,COT-VRO-veaux14j_synthese-A26-S06.csv
2026,6,,2026-02-02,2026-02-08,BOURG-EN-BRESSE,03/02/2026,69,-1,MARCHÉ PORTEUR ET DYNAMIQUE EN RAISON DE LA RÉOUVERTURE DE L'EXPORT VERS L'ESPAGNE POUR LES VEAUX DE ZONE VACCINALE.,COT-VRO-veaux14j_synthese-A26-S06.csv
2026,6,,2026-02-02,2026-02-08,CADRAN D'ARMOR,02/02/2026,261,9,"OFFRE STABLE, COURS FERMES EN HAUSSE.",COT-VRO-veaux14j_synthese-A26-S06.csv
2026,6,,2026-02-02,2026-02-08,CHATEAUBRIANT,04/02/2026,201,33,NOUVELLE PROGRESSION DES COURS.,COT-VRO-veaux14j_synthese-A26-S06.csv
2026,6,,2026-02-02,2026-02-08,CHATEAUGONTIER,05/02/2026,396,22,COMMERCE TRÈS FLUIDE DANS L'ENSEMBLE.,COT-VRO-veaux14j_synthese-A26-S06.csv
2026,6,,2026-02-02,2026-02-08,LA TALAUDIERE,02/02/2026,,,PAS DE MARCHÉ.,COT-VRO-veaux14j_synthese-A26-S06.csv
2026,6,,2026-02-02,2026-02-08,LAMBALLE,03/02/2026,221,-31,"OFFRE EN RECUL, TARIFS À LA HAUSSE DANS TOUTES LES CATÉGORIES, LES SUJETS AVEC DES SYMPTÔMES FCO RESTENT DELAISSÉS.",COT-VRO-veaux14j_synthese-A26-S06.csv
2026,6,,2026-02-02,2026-02-08,LEZAY,03/02/2026,987,17,TOUJOURS UNE BONNE DEMANDE DANS LES VEAUX SUPÉRIEURS. COMMERCE ACTIF.,COT-VRO-veaux14j_synthese-A26-S06.csv
2026,6,,2026-02-02,2026-02-08,TOTAL,,2218,60,,COT-VRO-veaux14j_synthese-A26-S06.csv
2026,7,,2026-02-09,2026-02-15,AGEN,11/02/2026,56,-17,HAUSSE DANS L'ENSEMBLE DES VEAUX.,COT-VRO-veaux14j_synthese-A26-S07.csv
2026,7,,2026-02-09,2026-02-15,BOURG-EN-BRESSE,10/02/2026,74,5,LES VEAUX EXPORTABLES VERS L'ESPAGNE ET L'ITALIE OU BIEN CONFORMÉS SONT PRISÉS ET SE NÉGOCIENT À DES COURS EN HAUSSE.,COT-VRO-veaux14j_synthese-A26-S07.csv
2026,7,,2026-02-09,2026-02-15,CADRAN D'ARMOR,09/02/2026,307,46,COURS RECONDUITS.,COT-VRO-veaux14j_synthese-A26-S07.csv
2026,7,,2026-02-09,2026-02-15,CHATEAUBRIANT,11/02/2026,203,2,"OFFRE LIMITÉE, COMMERCE ACTIF.",COT-VRO-veaux14j_synthese-A26-S07.csv
2026,7,,2026-02-09,2026-02-15,CHATEAUGONTIER,12/02/2026,403,7,OFFRE INSUFFISANTE POUR LA DEMANDE. COMMERCE ACTIF.,COT-VRO-veaux14j_synthese-A26-S07.csv
2026,7,,2026-02-09,2026-02-15,LA TALAUDIERE,09/02/2026,,,,COT-VRO-veaux14j_synthese-A26-S07.csv
2026,7,,2026-02-09,2026-02-15,LAMBALLE,10/02/2026,208,-13,DEMANDE DE PLUS EN PLUS SOUTENUE ÉTANT DONNÉ L'OFFRE QUI RESTE MODESTE. TARIFS À LA HAUSSE DANS TOUTES LES CATÉGORIES.,COT-VRO-veaux14j_synthese-A26-S07.csv
2026,7,,2026-02-09,2026-02-15,LEZAY,10/02/2026,1004,17,BONNE DEMANDE DANS LES VEAUX DE QUALITÉ. LES CONDITIONS CLIMATIQUES RENDENT LE TRI PLUS SÉLECTIF DANS LES VEAUX LÉGERS.,COT-VRO-veaux14j_synthese-A26-S07.csv
2026,7,,2026-02-09,2026-02-15,TOTAL,,2255,37,,COT-VRO-veaux14j_synthese-A26-S07.csv
2026,8,,2026-02-16,2026-02-22,AGEN,18/02/2026,89,33,HAUSSE DE 10 € SUR L'ENSEMBLE DES VEAUX.,COT-VRO-veaux14j_synthese-A26-S08.csv
2026,8,,2026-02-16,2026-02-22,BOURG-EN-BRESSE,17/02/2026,47,-27,LES VEAUX DE QUALITÉ ET BIEN CONFORMÉS SE NÉGOCIENT À DES COURS EN HAUSSE.,COT-VRO-veaux14j_synthese-A26-S08.csv
2026,8,,2026-02-16,2026-02-22,CADRAN D'ARMOR,16/02/2026,304,-3,COURS RECONDUITS.,COT-VRO-veaux14j_synthese-A26-S08.csv
2026,8,,2026-02-16,2026-02-22,CHATEAUBRIANT,18/02/2026,191,-12,"L'OFFRE EST INSUFFISANTE POUR LA DEMANDE, VENTE ACTIVE.",COT-VRO-veaux14j_synthese-A26-S08.csv
2026,8,,2026-02-16,2026-02-22,CHATEAUGONTIER,19/02/2026,394,-9,"MOINS D'OFFRE, VENTE FLUIDE. LES COURS SE STABILISENT.",COT-VRO-veaux14j_synthese-A26-S08.csv
2026,8,,2026-02-16,2026-02-22,LA TALAUDIERE,16/02/2026,,,/,COT-VRO-veaux14j_synthese-A26-S08.csv
2026,8,,2026-02-16,2026-02-22,LAMBALLE,17/02/2026,205,-3,LA DEMANDE RESTE AU RENDEZ-VOUS AVEC DES TARIFS À LA HAUSSE DANS LES SUJETS LAITIERS.,COT-VRO-veaux14j_synthese-A26-S08.csv
2026,8,,2026-02-16,2026-02-22,LEZAY,17/02/2026,910,-94,"COURS RECONDUITS EN RACES LAITIÈRES ET LÉGÈRE HAUSSE EN ALLAITANTS ET CROISÉS. BONNE DEMANDE, ÉCOULEMENT RÉGULIER.",COT-VRO-veaux14j_synthese-A26-S08.csv
2026,8,,2026-02-16,2026-02-22,TOTAL,,2144,-111,,COT-VRO-veaux14j_synthese-A26-S08.csv
2026,9,,2026-02-23,2026-03-01,AGEN,25/02/2026,191,102,RECONDUCTION DES COURS.,COT-VRO-veaux14j_synthese-A26-S09.csv
2026,9,,2026-02-23,2026-03-01,BOURG-EN-BRESSE,24/02/2026,69,22,LA DEMANDE RESTE PRÉSENTE AVEC DES COURS QUI SE STABILISENT.,COT-VRO-veaux14j_synthese-A26-S09.csv
2026,9,,2026-02-23,2026-03-01,CADRAN D'ARMOR,23/02/2026,270,-34,COURS RECONDUITS.,COT-VRO-veaux14j_synthese-A26-S09.csv
2026,9,,2026-02-23,2026-03-01,CHATEAUBRIANT,25/02/2026,201,10,"VENTE ACTIVE, COURS BIENS ORIENTÉS.",COT-VRO-veaux14j_synthese-A26-S09.csv
2026,9,,2026-02-23,2026-03-01,CHATEAUGONTIER,26/02/2026,340,-54,"VENTE FLUIDE, MANQUE DE VEAUX, COURS RECONDUITS.",COT-VRO-veaux14j_synthese-A26-S09.csv
2026,9,,2026-02-23,2026-03-01,LA TALAUDIERE,23/02/2026,,,/,COT-VRO-veaux14j_synthese-A26-S09.csv
2026,9,,2026-02-23,2026-03-01,LAMBALLE,24/02/2026,247,42,L'OFFRE EST DE QUALITÉ DANS L'ENSEMBLE. TARIFS À LA HAUSSE DANS TOUTES LES CATÉGORIES.,COT-VRO-veaux14j_synthese-A26-S09.csv
2026,9,,2026-02-23,2026-03-01,LEZAY,24/02/2026,913,3,"COURS RECONDUITS DANS TOUTES LES CATÉGORIES, BONNE DEMANDE.",COT-VRO-veaux14j_synthese-A26-S09.csv
2026,9,,2026-02-23,2026-03-01,TOTAL,,2243,99,,COT-VRO-veaux14j_synthese-A26-S09.csv
2026,10,,2026-03-02,2026-03-08,AGEN,04/03/2026,181,-10,HAUSSE DES COURS SUR L'ENSEMBLE DES VEAUX.,COT-VRO-veaux14j_synthese-A26-S10.csv
2026,10,,2026-03-02,2026-03-08,BOURG-EN-BRESSE,03/03/2026,63,-6,LES COURS SONT ORIENTÉS À LA HAUSSE EN RAISON D'UNE OFFRE LIMITÉE.,COT-VRO-veaux14j_synthese-A26-S10.csv
2026,10,,2026-03-02,2026-03-08,CADRAN D'ARMOR,02/03/2026,290,20,COURS RECONDUITS.,COT-VRO-veaux14j_synthese-A26-S10.csv
2026,10,,2026-03-02,2026-03-08,CHATEAUBRIANT,04/03/2026,214,13,LA VENTE RESTE DYNAMIQUE DANS LES BONS VEAUX VIANDÉS.,COT-VRO-veaux14j_synthese-A26-S10.csv
2026,10,,2026-03-02,2026-03-08,CHATEAUGONTIER,05/03/2026,436,96,L'ACTIVITÉ COMMERCIALE RESTE TRÈS FLUIDE AVEC DES COURS FACILEMENT RECONDUITS.,COT-VRO-veaux14j_synthese-A26-S10.csv
2026,10,,2026-03-02,2026-03-08,LA TALAUDIERE,02/03/2026,,,/,COT-VRO-veaux14j_synthese-A26-S10.csv
2026,10,,2026-03-02,2026-03-08,LAMBALLE,03/03/2026,223,-24,LA DEMANDE DEMEURE SOUTENUE DANS TOUTES LES CATÉGORIES.,COT-VRO-veaux14j_synthese-A26-S10.csv
2026,10,,2026-03-02,2026-03-08,LEZAY,03/03/2026,1105,192,APPORTS UN PEU PLUS IMPORTANTS CETTE SEMAINE. POURSUITE DE LA HAUSSE DES COURS DANS TOUTES LES CATÉGORIES.,COT-VRO-veaux14j_synthese-A26-S10.csv
2026,10,,2026-03-02,2026-03-08,TOTAL,,2512,269,,COT-VRO-veaux14j_synthese-A26-S10.csv
2026,11,,2026-03-09,2026-03-15,AGEN,11/03/2026,157,-24,"MOINS D'OFFRE, HAUSSE DES COURS.",COT-VRO-veaux14j_synthese-A26-S11.csv
2026,11,,2026-03-09,2026-03-15,BOURG-EN-BRESSE,10/03/2026,60,-3,"FORTE DEMANDE EN VEAUX DE QUALITÉ, APPORTS LIMITÉS, COURS EN HAUSSE.",COT-VRO-veaux14j_synthese-A26-S11.csv
2026,11,,2026-03-09,2026-03-15,CADRAN D'ARMOR,09/03/2026,303,13,COURS RECONDUITS.,COT-VRO-veaux14j_synthese-A26-S11.csv
2026,11,,2026-03-09,2026-03-15,CHATEAUBRIANT,11/03/2026,248,34,"TOUJOURS UN MANQUE DE VOLUME QUI ENTRAÎNE UNE LÉGÈRE HAUSSE DES TARIFS, NOTAMMENT DANS LES RACES LAITIÈRES.",COT-VRO-veaux14j_synthese-A26-S11.csv
2026,11,,2026-03-09,2026-03-15,CHATEAUGONTIER,12/03/2026,464,28,L'ACTIVITÉ COMMERCIALE RESTE SOUTENUE PAR LA FAIBLESSE DE L'OFFRE. VENTE ACTIVE. GRANDE FERMETÉ DES PRIX.,COT-VRO-veaux14j_synthese-A26-S11.csv
2026,11,,2026-03-09,2026-03-15,LA TALAUDIERE,09/03/2026,,,/,COT-VRO-veaux14j_synthese-A26-S11.csv
2026,11,,2026-03-09,2026-03-15,LAMBALLE,10/03/2026,220,-3,BONNE DEMANDE DANS TOUTES LES CATÉGORIES.,COT-VRO-veaux14j_synthese-A26-S11.csv
2026,11,,2026-03-09,2026-03-15,LEZAY,10/03/2026,951,-154,"APPORTS MOINS IMPORTANTS CETTE SEMAINE, COURS GLOBALEMENT RECONDUITS.",COT-VRO-veaux14j_synthese-A26-S11.csv
2026,11,,2026-03-09,2026-03-15,TOTAL,,2403,-109,,COT-VRO-veaux14j_synthese-A26-S11.csv
2026,12,,2026-03-16,2026-03-22,AGEN,18/03/2026,193,36,COURS RECONDUITS.,COT-VRO-veaux14j_synthese-A26-S12.csv
2026,12,,2026-03-16,2026-03-22,BOURG-EN-BRESSE,17/03/2026,59,-1,LES APPORTS LIMITÉS CONFORTENT LES COURS.,COT-VRO-veaux14j_synthese-A26-S12.csv
2026,12,,2026-03-16,2026-03-22,CADRAN D'ARMOR,17/03/2026,338,35,COURS RECONDUITS.,COT-VRO-veaux14j_synthese-A26-S12.csv
2026,12,,2026-03-16,2026-03-22,CHATEAUBRIANT,18/03/2026,250,2,LA PRÉSENTATION EST RÉGULIÈRE ET LE COMMERCE DYNAMIQUE. LES COURS SONT RECONDUITS.,COT-VRO-veaux14j_synthese-A26-S12.csv
2026,12,,2026-03-16,2026-03-22,CHATEAUGONTIER,19/03/2026,432,-32,"VENTE REGULIÈRE, MARCHÉ À L'ÉQUILIBRE. COURS RECONDUITS.",COT-VRO-veaux14j_synthese-A26-S12.csv
2026,12,,2026-03-16,2026-03-22,LA TALAUDIERE,16/03/2026,,,/,COT-VRO-veaux14j_synthese-A26-S12.csv
2026,12,,2026-03-16,2026-03-22,LAMBALLE,17/03/2026,340,120,"OFFRE PLUS CONSÉQUENTE, VENTE DYNAMIQUE, TARIFS À LA HAUSSE.",COT-VRO-veaux14j_synthese-A26-S12.csv
2026,12,,2026-03-16,2026-03-22,LEZAY,17/03/2026,855,-96,"APPORTS LIMITÉS, COURS RECONDUITS MALGRÉ UNE BONNE DEMANDE.",COT-VRO-veaux14j_synthese-A26-S12.csv
2026,12,,2026-03-16,2026-03-22,TOTAL,,2467,64,,COT-VRO-veaux14j_synthese-A26-S12.csv
2026,13,,2026-03-23,2026-03-29,AGEN,25/03/2026,167,-26,RECONDUCTION DES COURS.,COT-VRO-veaux14j_synthese-A26-S13.csv
2026,13,,2026-03-23,2026-03-29,BOURG-EN-BRESSE,24/03/2026,42,-17,COURS ORIENTÉS A LA HAUSSE DANS TOUTES LES CATÉGORIES EN RAISON D'UNE OFFRE QUI COMMENCE À SE RARÉFIER.,COT-VRO-veaux14j_synthese-A26-S13.csv
2026,13,,2026-03-23,2026-03-29,CADRAN D'ARMOR,23/03/2026,299,-39,COURS RECONDUITS.,COT-VRO-veaux14j_synthese-A26-S13.csv
2026,13,,2026-03-23,2026-03-29,CHATEAUBRIANT,25/03/2026,232,-18,COMMERCE FLUIDE AVEC RECONDUCTION DES COURS.,COT-VRO-veaux14j_synthese-A26-S13.csv
2026,13,,2026-03-23,2026-03-29,CHATEAUGONTIER,26/03/2026,444,12,"PRÉSENTATION DE QUALITÉ, VENTE FLUIDE AVEC DES COURS SOUTENUS DANS LES BONS VEAUX.",COT-VRO-veaux14j_synthese-A26-S13.csv
2026,13,,2026-03-23,2026-03-29,LA TALAUDIERE,23/03/2026,,,/,COT-VRO-veaux14j_synthese-A26-S13.csv
2026,13,,2026-03-23,2026-03-29,LAMBALLE,24/03/2026,309,-31,/,COT-VRO-veaux14j_synthese-A26-S13.csv
2026,13,,2026-03-23,2026-03-29,LEZAY,24/03/2026,986,131,TOUJOURS UNE BONNE DEMANDE DANS TOUTES LES CATÉGORIES.,COT-VRO-veaux14j_synthese-A26-S13.csv
2026,13,,2026-03-23,2026-03-29,TOTAL,,2479,12,,COT-VRO-veaux14j_synthese-A26-S13.csv
2026,14,,2026-03-30,2026-04-05,AGEN,01/04/2026,181,14,COURS RECONDUITS.,COT-VRO-veaux14j_synthese-A26-S14.csv
2026,14,,2026-03-30,2026-04-05,BOURG-EN-BRESSE,31/03/2026,32,-10,LA DEMANDE RESTE FORTE AVEC DES COURS EN PROGRESSION DUS AU FAIBLE APPORT.,COT-VRO-veaux14j_synthese-A26-S14.csv
2026,14,,2026-03-30,2026-04-05,CADRAN D'ARMOR,30/03/2026,324,25,COURS RECONDUITS.,COT-VRO-veaux14j_synthese-A26-S14.csv
2026,14,,2026-03-30,2026-04-05,CHATEAUBRIANT,01/04/2026,230,-2,MAINTIEN DES PRIX AVEC UNE OFFRE FAIBLE.,COT-VRO-veaux14j_synthese-A26-S14.csv
2026,14,,2026-03-30,2026-04-05,CHATEAUGONTIER,02/04/2026,425,-19,COMMERCE PLUS CALME DANS LES CROISÉS ORDINAIRES. COURS RECONDUITS.,COT-VRO-veaux14j_synthese-A26-S14.csv
2026,14,,2026-03-30,2026-04-05,LA TALAUDIERE,30/03/2026,,,/,COT-VRO-veaux14j_synthese-A26-S14.csv
2026,14,,2026-03-30,2026-04-05,LAMBALLE,31/03/2026,305,-4,/,COT-VRO-veaux14j_synthese-A26-S14.csv
2026,14,,2026-03-30,2026-04-05,LEZAY,31/03/2026,858,-128,APORTS UN PEU MOINS IMPORTANTS CETTE SEMAINE. COURS RECONDUITS DANS TOUTES LES CATÉGORIES. PLAFONNEMENT DES COURS.,COT-VRO-veaux14j_synthese-A26-S14.csv
2026,14,,2026-03-30,2026-04-05,TOTAL,,2174,-305,,COT-VRO-veaux14j_synthese-A26-S14.csv
2026,15,,2026-04-06,2026-04-12,AGEN,08/04/2026,34,-147,"COURS RECONDUITS, PEU D'EFFECTIF.",COT-VRO-veaux14j_synthese-A26-S15.csv
2026,15,,2026-04-06,2026-04-12,BOURG-EN-BRESSE,07/04/2026,,,PAS DE MARCHÉ. COURS RECONDUITS POUR INFORMATION.,COT-VRO-veaux14j_synthese-A26-S15.csv
2026,15,,2026-04-06,2026-04-12,CADRAN D'ARMOR,07/04/2026,254,-70,"COURS RECONDUITS, OFFRE EN DIMINUTION.",COT-VRO-veaux14j_synthese-A26-S15.csv
2026,15,,2026-04-06,2026-04-12,CHATEAUBRIANT,08/04/2026,163,-67,L'ACTIVITÉ COMMERCIALE RESTE CONVENABLE AVEC UNE OFFRE LIMITÉE. PLAFONNEMENT DES COURS.,COT-VRO-veaux14j_synthese-A26-S15.csv
2026,15,,2026-04-06,2026-04-12,CHATEAUGONTIER,09/04/2026,403,-22,"FAIBLE APPORT, COURS RECONDUITS.",COT-VRO-veaux14j_synthese-A26-S15.csv
2026,15,,2026-04-06,2026-04-12,LA TALAUDIERE,06/04/2026,,,/,COT-VRO-veaux14j_synthese-A26-S15.csv
2026,15,,2026-04-06,2026-04-12,LAMBALLE,07/04/2026,222,-83,/,COT-VRO-veaux14j_synthese-A26-S15.csv
2026,15,,2026-04-06,2026-04-12,LEZAY,07/04/2026,760,-98,COURS RECONDUITS MALGRÉ UN VOLUME EN BAISSE. GROSSE INQUIÉTUDE SUR LA DURABILITÉ DES PRIX ÉLEVÉS QUI SONT PRATIQUÉS.,COT-VRO-veaux14j_synthese-A26-S15.csv
2026,15,,2026-04-06,2026-04-12,TOTAL,,1802,-372,,COT-VRO-veaux14j_synthese-A26-S15.csv
2026,16,,2026-04-13,2026-04-19,AGEN,15/04/2026,215,181,RECONDUCTION DES COURS.,COT-VRO-veaux14j_synthese-A26-S16.csv
2026,16,,2026-04-13,2026-04-19,BOURG-EN-BRESSE,14/04/2026,53,,LA DEMANDE RESTE FORTE AVEC UN TRI PLUS SÉLECTIF. COURS EN HAUSSE SUR LA MARCHANDISE EN POSITION.,COT-VRO-veaux14j_synthese-A26-S16.csv
2026,16,,2026-04-13,2026-04-19,CADRAN D'ARMOR,13/04/2026,324,70,COURS RECONDUITS.,COT-VRO-veaux14j_synthese-A26-S16.csv
2026,16,,2026-04-13,2026-04-19,CHATEAUBRIANT,15/04/2026,184,21,LA FAIBLESSE DE L'OFFRE ENTRAÎNE UNE VENTE RAPIDE AVEC UNE FACILE RECONDUCTION DES PRIX.,COT-VRO-veaux14j_synthese-A26-S16.csv
2026,16,,2026-04-13,2026-04-19,CHATEAUGONTIER,16/04/2026,391,-12,LA MODESTIE DE L'OFFRE PERMET DES VENTES FLUIDES AVEC UN MAINTIEN DES PRIX.,COT-VRO-veaux14j_synthese-A26-S16.csv
2026,16,,2026-04-13,2026-04-19,LA TALAUDIERE,13/04/2026,,,/,COT-VRO-veaux14j_synthese-A26-S16.csv
2026,16,,2026-04-13,2026-04-19,LAMBALLE,14/04/2026,296,74,/,COT-VRO-veaux14j_synthese-A26-S16.csv
2026,16,,2026-04-13,2026-04-19,LEZAY,14/04/2026,775,15,"APPORTS STABLES, COURS RECONDUITS.",COT-VRO-veaux14j_synthese-A26-S16.csv
2026,16,,2026-04-13,2026-04-19,TOTAL,,2238,436,,COT-VRO-veaux14j_synthese-A26-S16.csv
2026,17,,2026-04-20,2026-04-26,AGEN,22/04/2026,143,-72,RECONDUCTION DES COURS.,COT-VRO-veaux14j_synthese-A26-S17.csv
2026,17,,2026-04-20,2026-04-26,BOURG-EN-BRESSE,21/04/2026,59,6,LE MANQUE D'OFFRE CONFORTE LES COURS. LES MARCHANDISES BIEN CONFORMÉES TROUVENT FACILEMENT PRENEURS.,COT-VRO-veaux14j_synthese-A26-S17.csv
2026,17,,2026-04-20,2026-04-26,CADRAN D'ARMOR,21/04/2026,235,-89,OFFRE BEAUCOUP MOINS IMPORTANTE.,COT-VRO-veaux14j_synthese-A26-S17.csv
2026,17,,2026-04-20,2026-04-26,CHATEAUBRIANT,22/04/2026,165,-19,LE COMMERCE RESTE FLUIDE EN RAISON DE LA MODESTIE DE L'OFFRE AVEC DES COURS INCHANGÉS.,COT-VRO-veaux14j_synthese-A26-S17.csv
2026,17,,2026-04-20,2026-04-26,CHATEAUGONTIER,23/04/2026,343,-48,COURS RECONDUITS.,COT-VRO-veaux14j_synthese-A26-S17.csv
2026,17,,2026-04-20,2026-04-26,LA TALAUDIERE,20/04/2026,,,/,COT-VRO-veaux14j_synthese-A26-S17.csv
2026,17,,2026-04-20,2026-04-26,LAMBALLE,21/04/2026,279,-17,TARIFS STABLES DANS TOUTES LES CATÉGORIES. DEMANDE RECONDUITE.,COT-VRO-veaux14j_synthese-A26-S17.csv
2026,17,,2026-04-20,2026-04-26,LEZAY,21/04/2026,693,-82,APPORTS EN BAISSE PAR MANQUE DE DISPONIBILITÉ EN FERME. COURS RECONDUITS DANS TOUTES LES CATÉGORIES.,COT-VRO-veaux14j_synthese-A26-S17.csv
2026,17,,2026-04-20,2026-04-26,TOTAL,,1917,-321,,COT-VRO-veaux14j_synthese-A26-S17.csv
2026,18,,2026-04-27,2026-05-03,AGEN,29/04/2026,126,-17,COMMERCE À L'ARRÊT.,COT-VRO-veaux14j_synthese-A26-S18.csv
2026,18,,2026-04-27,2026-05-03,BOURG-EN-BRESSE,28/04/2026,23,-36,"MALGRÉ DES APPORTS TRÈS RESTREINTS, LES COURS PLAFONNENT.",COT-VRO-veaux14j_synthese-A26-S18.csv
2026,18,,2026-04-27,2026-05-03,CADRAN D'ARMOR,27/04/2026,245,10,OFFRE FAIBLE.,COT-VRO-veaux14j_synthese-A26-S18.csv
2026,18,,2026-04-27,2026-05-03,CHATEAUBRIANT,29/04/2026,116,-49,"FAIBLES APPORTS, COURS RECONDUITS.",COT-VRO-veaux14j_synthese-A26-S18.csv
2026,18,,2026-04-27,2026-05-03,CHATEAUGONTIER,30/04/2026,314,-29,"VENTE FLUIDE, COURS RECONDUITS.",COT-VRO-veaux14j_synthese-A26-S18.csv
2026,18,,2026-04-27,2026-05-03,LA TALAUDIERE,27/04/2026,,,/,COT-VRO-veaux14j_synthese-A26-S18.csv
2026,18,,2026-04-27,2026-05-03,LAMBALLE,28/04/2026,205,-74,"OFFRE PLUS MODESTE, DEMANDE SOUTENUE, TARIFS ATTRACTIFS, LAITIERS PRISÉS.",COT-VRO-veaux14j_synthese-A26-S18.csv
2026,18,,2026-04-27,2026-05-03,LEZAY,28/04/2026,713,20,APPORT STABLE MAIS FAIBLE. COURS DIFFICILEMENT RECONDUITS AVEC UN TRI PLUS SÉVERE.,COT-VRO-veaux14j_synthese-A26-S18.csv
2026,18,,2026-04-27,2026-05-03,TOTAL,,1742,-175,,COT-VRO-veaux14j_synthese-A26-S18.csv
2026,19,,2026-05-04,2026-05-10,AGEN,06/05/2026,176,50,MARCHÉ CALME.,COT-VRO-veaux14j_synthese-A26-S19.csv
2026,19,,2026-05-04,2026-05-10,BOURG-EN-BRESSE,05/05/2026,31,8,"LES ACHETEURS FONT PRESSION À LA BAISSE SANS Y PARVENIR, FAUTE D'APPORT SUFFISANT. PLAFONNEMENT DES COURS.",COT-VRO-veaux14j_synthese-A26-S19.csv
2026,19,,2026-05-04,2026-05-10,CADRAN D'ARMOR,04/05/2026,213,-32,"OFFRE TRÈS LIMITÉE, COURS FACILEMENT RECONDUITS.",COT-VRO-veaux14j_synthese-A26-S19.csv
2026,19,,2026-05-04,2026-05-10,CHATEAUBRIANT,06/05/2026,213,97,TRI PLUS SÉVÈRE AVEC UNE VOLONTÉ DE FAIRE PRESSION À LA BAISSE POUR ASSURER LES FUTURES MISES EN PLACE.,COT-VRO-veaux14j_synthese-A26-S19.csv
2026,19,,2026-05-04,2026-05-10,CHATEAUGONTIER,07/05/2026,350,36,COMMERCE FACILITÉ PAR LA FAIBLESSE DE L'OFFRE. COURS INCHANGÉS.,COT-VRO-veaux14j_synthese-A26-S19.csv
2026,19,,2026-05-04,2026-05-10,LA TALAUDIERE,04/05/2026,,,/,COT-VRO-veaux14j_synthese-A26-S19.csv
2026,19,,2026-05-04,2026-05-10,LAMBALLE,05/05/2026,190,-15,"L'OFFRE DEMEURE MODESTE, LA VENTE EST DYNAMIQUE.",COT-VRO-veaux14j_synthese-A26-S19.csv
2026,19,,2026-05-04,2026-05-10,LEZAY,05/05/2026,749,36,RÉAJUSTEMENT DES COURS À LA HAUSSE. LE TRI EST TRÈS SÉLECTIF.,COT-VRO-veaux14j_synthese-A26-S19.csv
2026,19,,2026-05-04,2026-05-10,TOTAL,,1994,252,,COT-VRO-veaux14j_synthese-A26-S19.csv
2026,20,,2026-05-11,2026-05-17,AGEN,13/05/2026,,,PAS DE MARCHÉ. COURS RECONDUITS POUR INFORMATION.,COT-VRO-veaux14j_synthese-A26-S20.csv
2026,20,,2026-05-11,2026-05-17,BOURG-EN-BRESSE,12/05/2026,47,16,LE MANQUE DURABLE D'APPORT CONTRAINT LES ACHETEURS À REVOIR LES COURS À LA HAUSSE.,COT-VRO-veaux14j_synthese-A26-S20.csv
2026,20,,2026-05-11,2026-05-17,CADRAN D'ARMOR,11/05/2026,205,-8,OFFRE PEU FOURNIE.,COT-VRO-veaux14j_synthese-A26-S20.csv
2026,20,,2026-05-11,2026-05-17,CHATEAUBRIANT,13/05/2026,196,-17,COMMERCE FLUIDE DÛ À LA FAIBLESSE DE L'OFFRE. LES COURS SONT RECONDUITS.,COT-VRO-veaux14j_synthese-A26-S20.csv
2026,20,,2026-05-11,2026-05-17,CHATEAUGONTIER,14/05/2026,,,"EN RAISON DU JEUDI DE L'ASCENSION FÉRIÉ, LE MARCHÉ EST ANNULÉ ET LES COURS SONT RECONDUITS POUR INFORMATION.",COT-VRO-veaux14j_synthese-A26-S20.csv
2026,20,,2026-05-11,2026-05-17,LA TALAUDIERE,11/05/2026,,,/,COT-VRO-veaux14j_synthese-A26-S20.csv
2026,20,,2026-05-11,2026-05-17,LAMBALLE,12/05/2026,203,13,"OFFRE MODESTE. LE CREUX DES VÊLAGES DÛ À LA FCO EST ENCORE PRÉSENT. L'OFFRE NE COUVRE PAS LA DEMANDE, TARIFS FERMES.",COT-VRO-veaux14j_synthese-A26-S20.csv
2026,20,,2026-05-11,2026-05-17,LEZAY,12/05/2026,755,6,GRILLE MODIFIÉE SUITE À DES APPORTS RÉDUITS AU COURS DES DERNIÈRES SEMAINES.,COT-VRO-veaux14j_synthese-A26-S20.csv
2026,20,,2026-05-11,2026-05-17,TOTAL,,1406,-588,,COT-VRO-veaux14j_synthese-A26-S20.csv
2026,21,,2026-05-18,2026-05-24,AGEN,20/05/2026,174,,RÉAJUSTEMENT DES COURS À LA HAUSSE.,COT-VRO-veaux14j_synthese-A26-S21.csv
2026,21,,2026-05-18,2026-05-24,BOURG-EN-BRESSE,19/05/2026,116,69,"MALGRÉ LA PRESSION DES ACHETEURS, LE MANQUE D'EFFECTIF PERMET UNE VENTE ACTIVE. COURS FACILEMENT RECONDUITS.",COT-VRO-veaux14j_synthese-A26-S21.csv
2026,21,,2026-05-18,2026-05-24,CADRAN D'ARMOR,18/05/2026,272,67,"COURS RECONDUITS, OFFRE UN PEU PLUS IMPORTANTE.",COT-VRO-veaux14j_synthese-A26-S21.csv
2026,21,,2026-05-18,2026-05-24,CHATEAUBRIANT,20/05/2026,301,105,"HAUSSE DES APPORTS AVEC UN TRI PLUS SÉVÈRE, COURS STABLES DANS LES BONS VEAUX.",COT-VRO-veaux14j_synthese-A26-S21.csv
2026,21,,2026-05-18,2026-05-24,CHATEAUGONTIER,21/05/2026,544,,"MAINTIEN DES COURS DANS LES BONS VEAUX, LE TRI EST PLUS SENSIBLE DANS LES VEAUX DE CHOIX SECONDAIRE.",COT-VRO-veaux14j_synthese-A26-S21.csv
2026,21,,2026-05-18,2026-05-24,LA TALAUDIERE,18/05/2026,,,/,COT-VRO-veaux14j_synthese-A26-S21.csv
2026,21,,2026-05-18,2026-05-24,LAMBALLE,19/05/2026,192,-11,L'OFFRE EST À LA BAISSE. LES APPORTS NE COMBLENT PAS LA DEMANDE DES ACHETEURS.,COT-VRO-veaux14j_synthese-A26-S21.csv
2026,21,,2026-05-18,2026-05-24,LEZAY,19/05/2026,992,237,APPORTS EN HAUSSE CETTE SEMAINE. COMMERCE UN PEU PLUS DIFFICILE DANS TOUTES LES CATÉGORIES CONFONDUES.,COT-VRO-veaux14j_synthese-A26-S21.csv
2026,21,,2026-05-18,2026-05-24,TOTAL,,2591,1185,,COT-VRO-veaux14j_synthese-A26-S21.csv
2026,22,,2026-05-25,2026-05-31,AGEN,27/05/2026,12,-162,FAIBLE EFFECTIF DE VEAUX. COURS RECONDUITS POUR INFORMATION.,COT-VRO-veaux14j_synthese-A26-S22.csv
2026,22,,2026-05-25,2026-05-31,BOURG-EN-BRESSE,26/05/2026,95,-21,TOUJOURS PEU D'APPORT ENTRAINANT UNE VENTE RAPIDE À DES COURS EN HAUSSE.,COT-VRO-veaux14j_synthese-A26-S22.csv
2026,22,,2026-05-25,2026-05-31,CADRAN D'ARMOR,27/05/2026,323,51,"COURS RECONDUITS, OFFRE PLUS IMPORTANTE.",COT-VRO-veaux14j_synthese-A26-S22.csv
2026,22,,2026-05-25,2026-05-31,CHATEAUBRIANT,27/05/2026,228,-73,LA QUALITÉ DES VEAUX SOUFFRE DE LA CANICULE. LES TARIFS SONT DIFFICILEMENT RECONDUITS DANS LES VEAUX LAITIERS OU CROISÉS,COT-VRO-veaux14j_synthese-A26-S22.csv
2026,22,,2026-05-25,2026-05-31,CHATEAUGONTIER,28/05/2026,560,16,COMMERCE RÉGULIER DANS LES BONS VEAUX. TRIS PLUS SÉVÈRES DANS LES VEAUX FRAGILISÉS PAR LES FORTES CHALEURS.,COT-VRO-veaux14j_synthese-A26-S22.csv
2026,22,,2026-05-25,2026-05-31,LA TALAUDIERE,25/05/2026,,,/,COT-VRO-veaux14j_synthese-A26-S22.csv
2026,22,,2026-05-25,2026-05-31,LAMBALLE,27/05/2026,166,-26,L'OFFRE EST TOUJOURS MODESTE.,COT-VRO-veaux14j_synthese-A26-S22.csv
2026,22,,2026-05-25,2026-05-31,LEZAY,26/05/2026,953,-39,BAISSE DES COURS DANS TOUTES LES CATÉGORIES. TRI SÉLECTIF. VEAUX DE CATÉGORIES INFÉRIEURES DIFFICILES À PLACER.,COT-VRO-veaux14j_synthese-A26-S22.csv
2026,22,,2026-05-25,2026-05-31,TOTAL,,2337,-254,,COT-VRO-veaux14j_synthese-A26-S22.csv
2026,23,,2026-06-01,2026-06-07,AGEN,03/06/2026,209,197,"MARCHÉ CALME, TENDANCE À LA BAISSE.",COT-VRO-veaux14j_synthese-A26-S23.csv
2026,23,,2026-06-01,2026-06-07,CADRAN D'ARMOR,01/06/2026,291,-32,COURS RECONDUITS.,COT-VRO-veaux14j_synthese-A26-S23.csv
2026,23,,2026-06-01,2026-06-07,CHATEAUBRIANT,03/06/2026,310,82,COMMERCE PLUS TENDU AVEC DES TARIFS ORIENTÉS À LA BAISSE.,COT-VRO-veaux14j_synthese-A26-S23.csv
2026,23,,2026-06-01,2026-06-07,CHATEAUGONTIER,04/06/2026,444,-116,"COMMERCE PLUS CALME, COURS À LA BAISSE TOUTES CATÉGORIES CONFONDUES.",COT-VRO-veaux14j_synthese-A26-S23.csv
2026,23,,2026-06-01,2026-06-07,LAMBALLE,02/06/2026,222,56,/,COT-VRO-veaux14j_synthese-A26-S23.csv
2026,23,,2026-06-01,2026-06-07,LEZAY,02/06/2026,1024,71,POURSUITE DE LA BAISSE DES COURS TOUTES CATÉGORIES ET TRIS PLUS SÉVÈRES.,COT-VRO-veaux14j_synthese-A26-S23.csv
2026,23,,2026-06-01,2026-06-07,TOTAL,,2500,163,,COT-VRO-veaux14j_synthese-A26-S23.csv
2026,24,,2026-06-08,2026-06-14,AGEN,10/06/2026,160,-49,"RECONDUCTION DES COURS, LES LIMOUSINS MOYENS SONT DIFFICILES À PLACER.",COT-VRO-veaux14j_synthese-A26-S24.csv
2026,24,,2026-06-08,2026-06-14,CADRAN D'ARMOR,08/06/2026,344,53,OFFRE PLUS IMPORTANTE.,COT-VRO-veaux14j_synthese-A26-S24.csv
2026,24,,2026-06-08,2026-06-14,CHATEAUBRIANT,10/06/2026,257,-53,VENTE SÉLECTIVE AVEC DES COURS ORIENTÉS À LA BAISSE.,COT-VRO-veaux14j_synthese-A26-S24.csv
2026,24,,2026-06-08,2026-06-14,CHATEAUGONTIER,11/06/2026,497,53,PRESSION COMMERCIALE FORTE DANS TOUTES LES CATÉGORIES.,COT-VRO-veaux14j_synthese-A26-S24.csv
2026,24,,2026-06-08,2026-06-14,LAMBALLE,09/06/2026,240,18,BAISSE DANS TOUTES LES CATÉGORIES AVEC UNE OFFRE PLUS CONSÉQUENTE QUI PERMET AUX ACHETEURS UN TRI SÉLECTIF.,COT-VRO-veaux14j_synthese-A26-S24.csv
2026,24,,2026-06-08,2026-06-14,LEZAY,09/06/2026,999,-25,APPORTS STABLES. BAISSE DES COURS TOUTES CATÉGORIES AVEC UN TRI PLUS SÉVÈRE. COMMERCE DIFFICILE EN VEAUX GRAS.,COT-VRO-veaux14j_synthese-A26-S24.csv
2026,24,,2026-06-08,2026-06-14,TOTAL,,2497,-3,,COT-VRO-veaux14j_synthese-A26-S24.csv
2026,25,,2026-06-15,2026-06-21,AGEN,17/06/2026,184,24,"MALGRÉ LA TENDANCE BAISSIÈRE, RECONDUCTION DES COURS POUR RÉAJUSTER.",COT-VRO-veaux14j_synthese-A26-S25.csv
2026,25,,2026-06-15,2026-06-21,CADRAN D'ARMOR,15/06/2026,366,22,OFFRE PLUS IMPORTANTE.,COT-VRO-veaux14j_synthese-A26-S25.csv
2026,25,,2026-06-15,2026-06-21,CHATEAUBRIANT,17/06/2026,275,18,TRANSACTIONS TRÈS SÉLECTIVES AVEC DES TARIFS ORIENTÉS À LA BAISSE. MÉVENTE DANS LES VEAUX LÉGERS.,COT-VRO-veaux14j_synthese-A26-S25.csv
2026,25,,2026-06-15,2026-06-21,CHATEAUGONTIER,18/06/2026,,,ÉVÈNEMENT EXCEPTIONNEL SUR LE MARCHÉ. RECONDUCTION DES COURS POUR INFORMATION.,COT-VRO-veaux14j_synthese-A26-S25.csv
2026,25,,2026-06-15,2026-06-21,LAMBALLE,16/06/2026,256,16,LE VOLUME EST PLUS IMPORTANT. LA VENTE DEMEURE PLUS DIFFICILE DANS TOUTES LES RACES ET CATÉGORIES.,COT-VRO-veaux14j_synthese-A26-S25.csv
2026,25,,2026-06-15,2026-06-21,LEZAY,16/06/2026,1155,156,"APPORT UN PEU PLUS IMPORTANT, COURS TOUJOURS EN BAISSE AVEC UN TRI PLUS SÉLECTIF DANS TOUTES LES CATÉGORIES.",COT-VRO-veaux14j_synthese-A26-S25.csv
2026,25,,2026-06-15,2026-06-21,TOTAL,,2236,-261,,COT-VRO-veaux14j_synthese-A26-S25.csv
2026,26,,2026-06-22,2026-06-28,AGEN,24/06/2026,151,-33,RECONDUCTION DES COURS.,COT-VRO-veaux14j_synthese-A26-S26.csv
2026,26,,2026-06-22,2026-06-28,CADRAN D'ARMOR,22/06/2026,358,-8,"OFFRE IMPORTANTE, COURS RECONDUITS.",COT-VRO-veaux14j_synthese-A26-S26.csv
2026,26,,2026-06-22,2026-06-28,CHATEAUBRIANT,24/06/2026,214,-61,LA TENDANCE BAISSIÈRE SE POURSUIT AVEC UNE ACCENTUATION SUR LES VEAUX LÉGERS ET DE MOINDRE QUALITÉ.,COT-VRO-veaux14j_synthese-A26-S26.csv
2026,26,,2026-06-22,2026-06-28,CHATEAUGONTIER,25/06/2026,479,,"COMMERCE TENDU, TRI SÉVÈRE. TENDANCE BAISSIÈRE SUR L'ENSEMBLE DES CATÉGORIES.",COT-VRO-veaux14j_synthese-A26-S26.csv
2026,26,,2026-06-22,2026-06-28,LAMBALLE,23/06/2026,238,-18,/,COT-VRO-veaux14j_synthese-A26-S26.csv
2026,26,,2026-06-22,2026-06-28,LEZAY,23/06/2026,1017,-138,BAISSE DES COURS DANS TOUTES LES CATÉGORIES MALGRÉ UNE OFFRE PLUS LIMITÉE EN RAISON DES FORTES CHALEURS.,COT-VRO-veaux14j_synthese-A26-S26.csv
2026,26,,2026-06-22,2026-06-28,TOTAL,,2457,221,,COT-VRO-veaux14j_synthese-A26-S26.csv
2026,27,,2026-06-29,2026-07-05,AGEN,01/07/2026,222,71,BAISSE DES COURS EN HOLSTEIN.,COT-VRO-veaux14j_synthese-A26-S27.csv
2026,27,,2026-06-29,2026-07-05,CADRAN D'ARMOR,30/06/2026,400,42,OFFRE PLUS IMPORTANTE.,COT-VRO-veaux14j_synthese-A26-S27.csv
2026,27,,2026-06-29,2026-07-05,CHATEAUBRIANT,01/07/2026,363,149,TRANSACTIONS SÉLECTIVES AVEC DES TARIFS REVUS À LA BAISSE. PRÉSENTATION IMPORTANTE DE MOINDRE QUALITÉ LIÉE À LA CHALEUR.,COT-VRO-veaux14j_synthese-A26-S27.csv
2026,27,,2026-06-29,2026-07-05,CHATEAUGONTIER,02/07/2026,609,130,"BAISSE GÉNÉRALE DES COURS TOUTES CATÉGORIES CONFONDUES, PLUS MARQUÉE DANS LES RACES ALLAITANTES ET LES CROISÉS.",COT-VRO-veaux14j_synthese-A26-S27.csv
2026,27,,2026-06-29,2026-07-05,LAMBALLE,30/06/2026,306,68,"TARIFS EN FORTE BAISSE DANS TOUTES LES CATÉGORIES, ENTRE 80 ET 100 €.",COT-VRO-veaux14j_synthese-A26-S27.csv
2026,27,,2026-06-29,2026-07-05,LEZAY,30/06/2026,1184,167,POURSUITE DE LA BAISSE DANS TOUTES LES CATÉGORIES. COMMERCE PLUS DIFFICILE DANS LES QUALITÉS INFÉRIEURES.,COT-VRO-veaux14j_synthese-A26-S27.csv
2026,27,,2026-06-29,2026-07-05,TOTAL,,3084,627,,COT-VRO-veaux14j_synthese-A26-S27.csv
2026,28,,2026-07-06,2026-07-12,AGEN,08/07/2026,210,-12,BAISSE DES COURS EN HOLSTEIN.,COT-VRO-veaux14j_synthese-A26-S28.csv
2026,28,,2026-07-06,2026-07-12,CADRAN D'ARMOR,06/07/2026,417,17,OFFRE MOINS IMPORTANTE.,COT-VRO-veaux14j_synthese-A26-S28.csv
2026,28,,2026-07-06,2026-07-12,CHATEAUBRIANT,08/07/2026,367,4,COMMERCE EXTRÊMEMENT DIFFICILE AVEC UNE MÉVENTE DANS LES MAUVAIS VEAUX DEVENUS INVENDABLES.,COT-VRO-veaux14j_synthese-A26-S28.csv
2026,28,,2026-07-06,2026-07-12,CHATEAUGONTIER,09/07/2026,582,-27,"MAUVAIS COMMERCE , MÉVENTE GÉNÉRALE. LES VEAUX LÉGERS ET MAIGREUX SONT INVENDABLES.",COT-VRO-veaux14j_synthese-A26-S28.csv
2026,28,,2026-07-06,2026-07-12,LAMBALLE,07/07/2026,310,4,"LA TENDANCE DES COURS S'INVERSE, LES TARIFS SONT EN FORTE BAISSE. LE MARCHÉ DE LA VIANDE CONTINUANT À S'EFFONDRER.",COT-VRO-veaux14j_synthese-A26-S28.csv
2026,28,,2026-07-06,2026-07-12,LEZAY,07/07/2026,1341,157,APPORTS PLUS IMPORTANTS CETTE SEMAINE. POURSUITE DE LA BAISSE DES COURS DUE À UN COMMERCE DES VEAUX GRAS PLUS DIFFICILE.,COT-VRO-veaux14j_synthese-A26-S28.csv
2026,28,,2026-07-06,2026-07-12,TOTAL,,3227,143,,COT-VRO-veaux14j_synthese-A26-S28.csv
2026,29,,2026-07-13,2026-07-19,AGEN,15/07/2026,,,MARCHÉ FERMÉ CETTE SEMAINE. COURS RECONDUITS POUR INFORMATION.,COT-VRO-veaux14j_synthese-A26-S29.csv
2026,29,,2026-07-13,2026-07-19,CADRAN D'ARMOR,13/07/2026,264,-153,"L'OFFRE EST MOINS IMPORTANTE, LES VEAUX DE PETIT GABARIT N'ONT AUCUNE VALEUR.",COT-VRO-veaux14j_synthese-A26-S29.csv
2026,29,,2026-07-13,2026-07-19,CHATEAUBRIANT,15/07/2026,161,-206,PAS DE COTATIONS ÉTABLIES CE LENDEMAIN DE 14 JUILLET. COURS RECONDUITS POUR INFORMATION.,COT-VRO-veaux14j_synthese-A26-S29.csv
2026,29,,2026-07-13,2026-07-19,CHATEAUGONTIER,16/07/2026,787,205,LA PRESSION COMMERCIALE RESTE FORTE AVEC UNE NOUVELLE DÉGRADATION DES PRIX.,COT-VRO-veaux14j_synthese-A26-S29.csv
2026,29,,2026-07-13,2026-07-19,LAMBALLE,14/07/2026,268,-42,LES TARIFS SONT À LA BAISSE DANS TOUTES LES CATÉGORIES.,COT-VRO-veaux14j_synthese-A26-S29.csv
2026,29,,2026-07-13,2026-07-19,LEZAY,14/07/2026,,,PAS DE MARCHÉ COMPTE TENU DU 14 JUILLET. COURS RECONDUITS POUR INFORMATION.,COT-VRO-veaux14j_synthese-A26-S29.csv
2026,29,,2026-07-13,2026-07-19,TOTAL,,1480,-1747,,COT-VRO-veaux14j_synthese-A26-S29.csv
2026,30,,2026-07-20,2026-07-26,AGEN,22/07/2026,88,,BAISSE DES COURS DANS LES HOLSTEIN.,COT-VRO-veaux14j_synthese-A26-S30.csv
2026,30,,2026-07-20,2026-07-26,CADRAN D'ARMOR,20/07/2026,465,201,"OFFRE PLUS IMPORTANTE, COURS EN BAISSE.",COT-VRO-veaux14j_synthese-A26-S30.csv
2026,30,,2026-07-20,2026-07-26,CHATEAUBRIANT,22/07/2026,307,146,LE COMMERCE RESTE TRÈS COMPLIQUÉ AVEC UNE FORTE PRESSION SUR LES PRIX.,COT-VRO-veaux14j_synthese-A26-S30.csv
2026,30,,2026-07-20,2026-07-26,CHATEAUGONTIER,23/07/2026,658,-129,L’ACTIVITÉ COMMERCIALE RESTE TENDUE AVEC UNE NOUVELLE DÉGRADATION DES PRIX.,COT-VRO-veaux14j_synthese-A26-S30.csv
2026,30,,2026-07-20,2026-07-26,LAMBALLE,21/07/2026,368,100,LE VOLUME EST PLUS IMPORTANT MAIS LA VENTE DEMEURE PLUS DIFFICILE DANS TOUTES LES RACES.,COT-VRO-veaux14j_synthese-A26-S30.csv
2026,30,,2026-07-20,2026-07-26,LEZAY,21/07/2026,1672,,APPORTS PLUS IMPORTANTS SUITE AU REPORT DE LA SEMAINE PRÉCÉDENTE. FORTE BAISSE EN TOUTES CATÉGORIES.,COT-VRO-veaux14j_synthese-A26-S30.csv
2026,30,,2026-07-20,2026-07-26,TOTAL,,3558,2078,,COT-VRO-veaux14j_synthese-A26-S30.csv
2026,31,,2026-07-27,2026-08-02,AGEN,29/07/2026,84,-4,BAISSE DES COURS DANS LES VEAUX PRIM'HOLSTEIN.,COT-VRO-veaux14j_synthese-A26-S31.csv
2026,31,,2026-07-27,2026-08-02,CADRAN D'ARMOR,27/07/2026,,,DONNÉES NON TRANSMISES PAR LE MARCHÉ. COURS RECONDUITS POUR INFORMATION.,COT-VRO-veaux14j_synthese-A26-S31.csv
2026,31,,2026-07-27,2026-08-02,CHATEAUBRIANT,29/07/2026,392,85,"LES COURS SONT EN REPLI SUR LES CROISÉS MIXTES, CROISÉS LAITIERS, NORMANDS ET RACES LAITIÈRES.",COT-VRO-veaux14j_synthese-A26-S31.csv
2026,31,,2026-07-27,2026-08-02,CHATEAUGONTIER,30/07/2026,511,-147,OFFRE EN LÉGÈRE BAISSE. VENTE DIFFICILE AVEC UNE NOUVELLE DÉGRADATION DES COURS. LE TRI S'ACCENTUE.,COT-VRO-veaux14j_synthese-A26-S31.csv
2026,31,,2026-07-27,2026-08-02,LAMBALLE,28/07/2026,365,-3,VENTE COMPLIQUÉE DANS TOUTES LES CATÉGORIES.,COT-VRO-veaux14j_synthese-A26-S31.csv
2026,31,,2026-07-27,2026-08-02,LEZAY,28/07/2026,1365,-307,COURS EN BAISSE TOUTES CATÉGORIES. COMMERCE CALME. LES VEAUX INFÉRIEURS NE TROUVENT PLUS PRENEURS.,COT-VRO-veaux14j_synthese-A26-S31.csv
2026,31,,2026-07-27,2026-08-02,TOTAL,,2717,-841,,COT-VRO-veaux14j_synthese-A26-S31.csv
2026,32,,2026-08-03,2026-08-09,AGEN,05/08/2026,81,-3,RECONDUCTION DES COURS.,COT-VRO-veaux14j_synthese-A26-S32.csv
2026,32,,2026-08-03,2026-08-09,CADRAN D'ARMOR,03/08/2026,429,,COURS À LA BAISSE. PAS DE MARCHÉ LE 10 AOÛT.,COT-VRO-veaux14j_synthese-A26-S32.csv
2026,32,,2026-08-03,2026-08-09,CHATEAUBRIANT,05/08/2026,312,-80,RECONDUCTION EN RACES PURES ET CROISÉS VIANDES. BAISSE DANS LES CROISÉS MIXTES ET LAITIERS. TRI SÉLECTIF DANS LE RESTE.,COT-VRO-veaux14j_synthese-A26-S32.csv
2026,32,,2026-08-03,2026-08-09,CHATEAUGONTIER,06/08/2026,254,-257,LES COURS SONT RECONDUITS. TRI PLUS SÉVÈRE DANS LES CROISÉS. LES VEAUX LÉGERS ET MAIGREUX SONT INVENDABLES.,COT-VRO-veaux14j_synthese-A26-S32.csv
2026,32,,2026-08-03,2026-08-09,LAMBALLE,04/08/2026,283,-82,VENTE TOUJOURS LABORIEUSE DANS TOUTES LES GAMMES AVEC UN TRI SÉVÈRE DANS LES VEAUX LÈGERS ET MANQUANT DE CONFORMATION.,COT-VRO-veaux14j_synthese-A26-S32.csv
2026,32,,2026-08-03,2026-08-09,LEZAY,04/08/2026,1260,-105,"POURSUITE DE LA BAISSE, TRI SÉLECTIF PAR MANQUE DE PLACE. BAISSE DE LA QUALITÉ DES VEAUX DUE AUX CONDITIONS CLIMATIQUES.",COT-VRO-veaux14j_synthese-A26-S32.csv
2026,32,,2026-08-03,2026-08-09,TOTAL,,2619,-98,,COT-VRO-veaux14j_synthese-A26-S32.csv
2026,33,,2026-08-10,2026-08-16,AGEN,12/08/2026,,,"PAS DE MARCHÉ CETTE SEMAINE, RECONDUCTION DES COURS.",COT-VRO-veaux14j_synthese-A26-S33.csv
2026,33,,2026-08-10,2026-08-16,CADRAN D'ARMOR,10/08/2026,,,"PAS DE MARCHÉ CETTE SEMAINE, RECONDUCTION DES COURS.",COT-VRO-veaux14j_synthese-A26-S33.csv
2026,33,,2026-08-10,2026-08-16,CHATEAUBRIANT,12/08/2026,350,38,"MAINTIEN DE LA PRESSION DES ACHETEURS. COURS MAINTENUS EN VIANDES ET CROISÉS SUPÉRIEURS, TRI EN LÉGERS ET LAITIERS.",COT-VRO-veaux14j_synthese-A26-S33.csv
2026,33,,2026-08-10,2026-08-16,CHATEAUGONTIER,13/08/2026,459,205,LA PRESSION RESTE FORTE SUR LES CROISÉS. STABILISATION DES COURS DANS LES NORMANDS ET LES NOIRS.,COT-VRO-veaux14j_synthese-A26-S33.csv
2026,33,,2026-08-10,2026-08-16,LAMBALLE,11/08/2026,258,-25,LA VENTE RESTE DIFFICILE DANS LES VEAUX LÉGERS ET VIEILLIS.,COT-VRO-veaux14j_synthese-A26-S33.csv
2026,33,,2026-08-10,2026-08-16,LEZAY,11/08/2026,1105,-155,POURSUITE DE LA BAISE DES COURS EN CROISÉS ET VIANDES. LES VEAUX DE QUALITÉ INFÉRIEURE NE TROUVENT PAS PRENEURS.,COT-VRO-veaux14j_synthese-A26-S33.csv
2026,33,,2026-08-10,2026-08-16,TOTAL,,2172,-447,,COT-VRO-veaux14j_synthese-A26-S33.csv
2026,34,,2026-08-17,2026-08-23,AGEN,19/08/2026,167,,RECONDUCTION DES COURS.,COT-VRO-veaux14j_synthese-A26-S34.csv
2026,34,,2026-08-17,2026-08-23,CADRAN D'ARMOR,17/08/2026,644,,"OFFRE PLUS IMPORTANTE, TARIFS DIFFICILEMENT RECONDUITS.",COT-VRO-veaux14j_synthese-A26-S34.csv
2026,34,,2026-08-17,2026-08-23,CHATEAUBRIANT,19/08/2026,341,-9,RECONDUCTION DES COURS. BONNE DEMANDE DANS CHAQUE CATÉGORIE EN GRANDE PARTIE DUE À L'EXPORT.,COT-VRO-veaux14j_synthese-A26-S34.csv
2026,34,,2026-08-17,2026-08-23,CHATEAUGONTIER,20/08/2026,584,125,COMMERCE RÉGULIER AVEC UNE OFFRE PLUS IMPORTANTE EN ADÉQUATION AVEC LA DEMANDE. RECONDUCTION DES COURS.,COT-VRO-veaux14j_synthese-A26-S34.csv
2026,34,,2026-08-17,2026-08-23,LAMBALLE,18/08/2026,314,56,L'OFFRE EST PLUS IMPORTANTE. LA DEMANDE REDÉMARRE AVEC DES TARIFS À TENDANCE HAUSSIÈRE.,COT-VRO-veaux14j_synthese-A26-S34.csv
2026,34,,2026-08-17,2026-08-23,LEZAY,18/08/2026,1515,410,COURS RECONDUITS MALGRÉ UN APPORT PLUS IMPORTANT.,COT-VRO-veaux14j_synthese-A26-S34.csv
2026,34,,2026-08-17,2026-08-23,TOTAL,,3565,1393,,COT-VRO-veaux14j_synthese-A26-S34.csv
2026,35,,2026-08-24,2026-08-30,AGEN,26/08/2026,118,-49,RECONDUCTION DES COURS.,COT-VRO-veaux14j_synthese-A26-S35.csv
2026,35,,2026-08-24,2026-08-30,CADRAN D'ARMOR,24/08/2026,426,-218,OFFRE MOINS IMPORTANTE.,COT-VRO-veaux14j_synthese-A26-S35.csv
2026,35,,2026-08-24,2026-08-30,CHATEAUBRIANT,26/08/2026,366,25,COMMERCE FLUIDE AVEC TRI MOINS SÉVÈRE. RECONDUCTION DES COURS.,COT-VRO-veaux14j_synthese-A26-S35.csv
2026,35,,2026-08-24,2026-08-30,CHATEAUGONTIER,27/08/2026,518,-66,COMMERCE FLUIDE AVEC DES COURS INCHANGÉS.,COT-VRO-veaux14j_synthese-A26-S35.csv
2026,35,,2026-08-24,2026-08-30,LAMBALLE,25/08/2026,257,-57,LA VENTE RESTE À DES TARIFS MODESTES DANS LES SUJETS LÉGERS ET JEUNES. LA DEMANDE EST AU RENDEZ-VOUS.,COT-VRO-veaux14j_synthese-A26-S35.csv
2026,35,,2026-08-24,2026-08-30,LEZAY,25/08/2026,1273,-242,COURS RECONDUITS DANS TOUTES LES CATÉGORIES MALGRÉ UN TRI ASSEZ SÉLECTIF.,COT-VRO-veaux14j_synthese-A26-S35.csv
2026,35,,2026-08-24,2026-08-30,TOTAL,,2958,-607,,COT-VRO-veaux14j_synthese-A26-S35.csv
2026,36,,2026-08-31,2026-09-06,AGEN,02/09/2026,114,-4,RECONDUCTION DES COURS.,COT-VRO-veaux14j_synthese-A26-S36.csv
2026,36,,2026-08-31,2026-09-06,CADRAN D'ARMOR,31/08/2026,498,72,COURS RECONDUITS.,COT-VRO-veaux14j_synthese-A26-S36.csv
2026,36,,2026-08-31,2026-09-06,CHATEAUBRIANT,02/09/2026,267,-99,APPORT EN REPLI. TRI UN PEU MOINS SÉVÈRE QUI PERMET UNE MEILLEURE TENUE DES PRIX.,COT-VRO-veaux14j_synthese-A26-S36.csv
2026,36,,2026-08-31,2026-09-06,CHATEAUGONTIER,03/09/2026,547,29,COMMERCE FLUIDE ET TARIFS BIEN DÉFENDUS.,COT-VRO-veaux14j_synthese-A26-S36.csv
2026,36,,2026-08-31,2026-09-06,LAMBALLE,01/09/2026,293,36,L'OFFRE EST PLUS IMPORTANTE MAIS LES TARIFS DEMEURENT ENCORE PEU ATTRACTIFS. LE TRI EST TOUJOURS SÉVÈRE EN VEAUX LÉGERS.,COT-VRO-veaux14j_synthese-A26-S36.csv
2026,36,,2026-08-31,2026-09-06,LEZAY,01/09/2026,1438,165,"COURS RECONDUITS. COMMERCE FLUIDE DANS LES BONS VEAUX, PLUS COMPLIQUÉ EN PETITE MARCHANDISE.",COT-VRO-veaux14j_synthese-A26-S36.csv
2026,36,,2026-08-31,2026-09-06,TOTAL,,3157,199,,COT-VRO-veaux14j_synthese-A26-S36.csv
2026,37,,2026-09-07,2026-09-13,AGEN,09/09/2026,81,-33,"PEU DE MARCHANDISE, RECONDUCTION DES COURS.",COT-VRO-veaux14j_synthese-A26-S37.csv
2026,37,,2026-09-07,2026-09-13,CADRAN D'ARMOR,07/09/2026,460,-38,"BONNE DEMANDE, COURS FERMES.",COT-VRO-veaux14j_synthese-A26-S37.csv
2026,37,,2026-09-07,2026-09-13,CHATEAUBRIANT,09/09/2026,402,135,COMMERCE FLUIDE AVEC DES COURS FACILEMENT RECONDUITS.,COT-VRO-veaux14j_synthese-A26-S37.csv
2026,37,,2026-09-07,2026-09-13,CHATEAUGONTIER,10/09/2026,523,-24,VENTE RÉGULIÈRE DANS LES BONS VEAUX VIANDÉS.,COT-VRO-veaux14j_synthese-A26-S37.csv
2026,37,,2026-09-07,2026-09-13,LAMBALLE,08/09/2026,312,19,L'OFFRE EST PLUS CONSÉQUENTE ET HÉTÉROGÈNE.,COT-VRO-veaux14j_synthese-A26-S37.csv
2026,37,,2026-09-07,2026-09-13,LEZAY,08/09/2026,1494,56,APPORTS NORMAUX POUR LA SAISON. COURS RECONDUITS DANS TOUTES LES CATÉGORIES. TRI UN PEU MOINS SÉVÈRE.,COT-VRO-veaux14j_synthese-A26-S37.csv
2026,37,,2026-09-07,2026-09-13,TOTAL,,3272,115,,COT-VRO-veaux14j_synthese-A26-S37.csv
2026,38,,2026-09-14,2026-09-20,AGEN,16/09/2026,126,45,RECONDUCTION DES COURS.,COT-VRO-veaux14j_synthese-A26-S38.csv
2026,38,,2026-09-14,2026-09-20,CADRAN D'ARMOR,14/09/2026,472,12,VENTE FLUIDE. COURS RECONDUITS EN CROISÉS. AUGMENTATION POUR LES VEAUX LAITIERS.,COT-VRO-veaux14j_synthese-A26-S38.csv
2026,38,,2026-09-14,2026-09-20,CHATEAUBRIANT,16/09/2026,397,-5,"LE COMMERCE EST FLUIDE POUR DES TARIFS STABLES DANS LES BONS VEAUX LAITIERS, MIXTES ET CROISÉS LAITIERS.",COT-VRO-veaux14j_synthese-A26-S38.csv
2026,38,,2026-09-14,2026-09-20,CHATEAUGONTIER,17/09/2026,575,52,L'OFFRE CORRESPOND À LA DEMANDE. COURS RECONDUITS.,COT-VRO-veaux14j_synthese-A26-S38.csv
2026,38,,2026-09-14,2026-09-20,LAMBALLE,15/09/2026,280,-32,LA VENTE EST TOUJOURS LABORIEUSE DANS LES SUJETS LÉGERS. LES TARIFS SONT STABLES EN CROISÉS.,COT-VRO-veaux14j_synthese-A26-S38.csv
2026,38,,2026-09-14,2026-09-20,LEZAY,15/09/2026,1499,5,"OFFRE ÉQUIVALENTE À LA SEMAINE DERNIÈRE. COURS RECONDUITS EN CROISÉS ET LAITIERS, HARMONISÉS EN CATÉGORIES SUPÉRIEURES.",COT-VRO-veaux14j_synthese-A26-S38.csv
2026,38,,2026-09-14,2026-09-20,TOTAL,,3347,75,,COT-VRO-veaux14j_synthese-A26-S38.csv
