annee,semaine,mois,date_debut,date_fin,categorie,prix,variation,unite,source
2023,1,,2023-01-02,2023-01-08,ENTREE ABATTOIR,7.16,0.04,EUR/kg carcasse,COT-VRO-veaux_PMP-A23-S01.csv
2023,1,,2023-01-02,2023-01-08,NON ELEVES AU PIS,7.1,0.02,EUR/kg carcasse,COT-VRO-veaux_PMP-A23-S01.csv
2023,1,,2023-01-02,2023-01-08,ELEVES AU PIS,9.57,-0.26,EUR/kg carcasse,COT-VRO-veaux_PMP-A23-S01.csv
2023,1,,2023-01-02,2023-01-08,PRIX MOYEN PONDERE AU 100KILO NET (NON ÉLEVÉS AU PIS),710.3,2.8,EUR/100 kg net,COT-VRO-veaux_bouch_non_pis-A23-S01.csv
2023,1,,2023-01-02,2023-01-08,PRIX MOYEN PONDERE AU 100KILO NET (ÉLEVÉS AU PIS),956.9,-26.1,EUR/100 kg net,COT-VRO-veaux_bouch_pis-A23-S01.csv
2023,1,,2023-01-02,2023-01-08,PRIX MOYEN PONDERE AUX 100 KG VIF,716.2,4,EUR/100 kg vif,COT-VRO-veaux_bouch_synthese-A23-S01.csv
2023,1,,2023-01-02,2023-01-08,PRIX MOYEN PONDERE AUX 100 KG NET DES VEAUX CLAIRS,775,0,EUR/100 kg net,COT-VRO-veaux_bouch_synthese-A23-S01.csv
2023,2,,2023-01-09,2023-01-15,ENTREE ABATTOIR,7.15,-0.01,EUR/kg carcasse,COT-VRO-veaux_PMP-A23-S02.csv
2023,2,,2023-01-09,2023-01-15,NON ELEVES AU PIS,7.1,0,EUR/kg carcasse,COT-VRO-veaux_PMP-A23-S02.csv
2023,2,,2023-01-09,2023-01-15,ELEVES AU PIS,9.53,-0.04,EUR/kg carcasse,COT-VRO-veaux_PMP-A23-S02.csv
2023,2,,2023-01-09,2023-01-15,PRIX MOYEN PONDERE AU 100KILO NET (NON ÉLEVÉS AU PIS),710.1,-0.2,EUR/100 kg net,COT-VRO-veaux_bouch_non_pis-A23-S02.csv
2023,2,,2023-01-09,2023-01-15,PRIX MOYEN PONDERE AU 100KILO NET (ÉLEVÉS AU PIS),953.1,-3.8,EUR/100 kg net,COT-VRO-veaux_bouch_pis-A23-S02.csv
2023,2,,2023-01-09,2023-01-15,PRIX MOYEN PONDERE AUX 100 KG VIF,715.1,-1.1,EUR/100 kg vif,COT-VRO-veaux_bouch_synthese-A23-S02.csv
2023,2,,2023-01-09,2023-01-15,PRIX MOYEN PONDERE AUX 100 KG NET DES VEAUX CLAIRS,777.1,2.1,EUR/100 kg net,COT-VRO-veaux_bouch_synthese-A23-S02.csv
2023,3,,2023-01-16,2023-01-22,ENTREE ABATTOIR,7.16,0.01,EUR/kg carcasse,COT-VRO-veaux_PMP-A23-S03.csv
2023,3,,2023-01-16,2023-01-22,NON ELEVES AU PIS,7.1,0,EUR/kg carcasse,COT-VRO-veaux_PMP-A23-S03.csv
2023,3,,2023-01-16,2023-01-22,ELEVES AU PIS,9.65,0.12,EUR/kg carcasse,COT-VRO-veaux_PMP-A23-S03.csv
2023,3,,2023-01-16,2023-01-22,PRIX MOYEN PONDERE AU 100KILO NET (NON ÉLEVÉS AU PIS),710,-0.1,EUR/100 kg net,COT-VRO-veaux_bouch_non_pis-A23-S03.csv
2023,3,,2023-01-16,2023-01-22,PRIX MOYEN PONDERE AU 100KILO NET (ÉLEVÉS AU PIS),964.5,11.4,EUR/100 kg net,COT-VRO-veaux_bouch_pis-A23-S03.csv
2023,3,,2023-01-16,2023-01-22,PRIX MOYEN PONDERE AUX 100 KG VIF,716.2,1.1,EUR/100 kg vif,COT-VRO-veaux_bouch_synthese-A23-S03.csv
2023,3,,2023-01-16,2023-01-22,PRIX MOYEN PONDERE AUX 100 KG NET DES VEAUX CLAIRS,774.4,-2.7,EUR/100 kg net,COT-VRO-veaux_bouch_synthese-A23-S03.csv
2023,4,,2023-01-23,2023-01-29,ENTREE ABATTOIR,7.14,-0.02,EUR/kg carcasse,COT-VRO-veaux_PMP-A23-S04.csv
2023,4,,2023-01-23,2023-01-29,NON ELEVES AU PIS,7.06,-0.04,EUR/kg carcasse,COT-VRO-veaux_PMP-A23-S04.csv
2023,4,,2023-01-23,2023-01-29,ELEVES AU PIS,9.51,-0.14,EUR/kg carcasse,COT-VRO-veaux_PMP-A23-S04.csv
2023,4,,2023-01-23,2023-01-29,PRIX MOYEN PONDERE AU 100KILO NET (NON ÉLEVÉS AU PIS),706.2,-3.8,EUR/100 kg net,COT-VRO-veaux_bouch_non_pis-A23-S04.csv
2023,4,,2023-01-23,2023-01-29,PRIX MOYEN PONDERE AU 100KILO NET (ÉLEVÉS AU PIS),951.4,-13.1,EUR/100 kg net,COT-VRO-veaux_bouch_pis-A23-S04.csv
2023,4,,2023-01-23,2023-01-29,PRIX MOYEN PONDERE AUX 100 KG VIF,714.1,-2.1,EUR/100 kg vif,COT-VRO-veaux_bouch_synthese-A23-S04.csv
2023,4,,2023-01-23,2023-01-29,PRIX MOYEN PONDERE AUX 100 KG NET DES VEAUX CLAIRS,775.8,1.4,EUR/100 kg net,COT-VRO-veaux_bouch_synthese-A23-S04.csv
2023,5,,2023-01-30,2023-02-05,ENTREE ABATTOIR,7.1,-0.04,EUR/kg carcasse,COT-VRO-veaux_PMP-A23-S05.csv
2023,5,,2023-01-30,2023-02-05,NON ELEVES AU PIS,7.03,-0.03,EUR/kg carcasse,COT-VRO-veaux_PMP-A23-S05.csv
2023,5,,2023-01-30,2023-02-05,ELEVES AU PIS,9.64,0.13,EUR/kg carcasse,COT-VRO-veaux_PMP-A23-S05.csv
2023,5,,2023-01-30,2023-02-05,PRIX MOYEN PONDERE AU 100KILO NET (NON ÉLEVÉS AU PIS),703.2,-3,EUR/100 kg net,COT-VRO-veaux_bouch_non_pis-A23-S05.csv
2023,5,,2023-01-30,2023-02-05,PRIX MOYEN PONDERE AU 100KILO NET (ÉLEVÉS AU PIS),963.5,12.1,EUR/100 kg net,COT-VRO-veaux_bouch_pis-A23-S05.csv
2023,5,,2023-01-30,2023-02-05,PRIX MOYEN PONDERE AUX 100 KG VIF,709.5,-4.6,EUR/100 kg vif,COT-VRO-veaux_bouch_synthese-A23-S05.csv
2023,5,,2023-01-30,2023-02-05,PRIX MOYEN PONDERE AUX 100 KG NET DES VEAUX CLAIRS,773,-2.8,EUR/100 kg net,COT-VRO-veaux_bouch_synthese-A23-S05.csv
2023,6,,2023-02-06,2023-02-12,ENTREE ABATTOIR,7.21,0.11,EUR/kg carcasse,COT-VRO-veaux_PMP-A23-S06.csv
2023,6,,2023-02-06,2023-02-12,NON ELEVES AU PIS,7.15,0.12,EUR/kg carcasse,COT-VRO-veaux_PMP-A23-S06.csv
2023,6,,2023-02-06,2023-02-12,ELEVES AU PIS,9.22,-0.42,EUR/kg carcasse,COT-VRO-veaux_PMP-A23-S06.csv
2023,6,,2023-02-06,2023-02-12,PRIX MOYEN PONDERE AU 100KILO NET (NON ÉLEVÉS AU PIS),714.8,11.6,EUR/100 kg net,COT-VRO-veaux_bouch_non_pis-A23-S06.csv
2023,6,,2023-02-06,2023-02-12,PRIX MOYEN PONDERE AU 100KILO NET (ÉLEVÉS AU PIS),922.3,-41.2,EUR/100 kg net,COT-VRO-veaux_bouch_pis-A23-S06.csv
2023,6,,2023-02-06,2023-02-12,PRIX MOYEN PONDERE AUX 100 KG VIF,720.8,11.3,EUR/100 kg vif,COT-VRO-veaux_bouch_synthese-A23-S06.csv
2023,6,,2023-02-06,2023-02-12,PRIX MOYEN PONDERE AUX 100 KG NET DES VEAUX CLAIRS,775.2,2.2,EUR/100 kg net,COT-VRO-veaux_bouch_synthese-A23-S06.csv
2023,7,,2023-02-13,2023-02-19,ENTREE ABATTOIR,7.22,0.01,EUR/kg carcasse,COT-VRO-veaux_PMP-A23-S07.csv
2023,7,,2023-02-13,2023-02-19,NON ELEVES AU PIS,7.18,0.03,EUR/kg carcasse,COT-VRO-veaux_PMP-A23-S07.csv
2023,7,,2023-02-13,2023-02-19,ELEVES AU PIS,9.68,0.46,EUR/kg carcasse,COT-VRO-veaux_PMP-A23-S07.csv
2023,7,,2023-02-13,2023-02-19,PRIX MOYEN PONDERE AU 100KILO NET (NON ÉLEVÉS AU PIS),718.2,3.4,EUR/100 kg net,COT-VRO-veaux_bouch_non_pis-A23-S07.csv
2023,7,,2023-02-13,2023-02-19,PRIX MOYEN PONDERE AU 100KILO NET (ÉLEVÉS AU PIS),967.9,45.6,EUR/100 kg net,COT-VRO-veaux_bouch_pis-A23-S07.csv
2023,7,,2023-02-13,2023-02-19,PRIX MOYEN PONDERE AUX 100 KG VIF,722.1,1.3,EUR/100 kg vif,COT-VRO-veaux_bouch_synthese-A23-S07.csv
2023,7,,2023-02-13,2023-02-19,PRIX MOYEN PONDERE AUX 100 KG NET DES VEAUX CLAIRS,773.2,-2,EUR/100 kg net,COT-VRO-veaux_bouch_synthese-A23-S07.csv
2023,8,,2023-02-20,2023-02-26,ENTREE ABATTOIR,7.19,-0.03,EUR/kg carcasse,COT-VRO-veaux_PMP-A23-S08.csv
2023,8,,2023-02-20,2023-02-26,NON ELEVES AU PIS,7.14,-0.04,EUR/kg carcasse,COT-VRO-veaux_PMP-A23-S08.csv
2023,8,,2023-02-20,2023-02-26,ELEVES AU PIS,9.47,-0.21,EUR/kg carcasse,COT-VRO-veaux_PMP-A23-S08.csv
2023,8,,2023-02-20,2023-02-26,PRIX MOYEN PONDERE AU 100KILO NET (NON ÉLEVÉS AU PIS),714.1,-4.1,EUR/100 kg net,COT-VRO-veaux_bouch_non_pis-A23-S08.csv
2023,8,,2023-02-20,2023-02-26,PRIX MOYEN PONDERE AU 100KILO NET (ÉLEVÉS AU PIS),946.9,-21,EUR/100 kg net,COT-VRO-veaux_bouch_pis-A23-S08.csv
2023,8,,2023-02-20,2023-02-26,PRIX MOYEN PONDERE AUX 100 KG VIF,718.7,-3.4,EUR/100 kg vif,COT-VRO-veaux_bouch_synthese-A23-S08.csv
2023,8,,2023-02-20,2023-02-26,PRIX MOYEN PONDERE AUX 100 KG NET DES VEAUX CLAIRS,773.2,0,EUR/100 kg net,COT-VRO-veaux_bouch_synthese-A23-S08.csv
2023,9,,2023-02-27,2023-03-05,ENTREE ABATTOIR,7.17,-0.02,EUR/kg carcasse,COT-VRO-veaux_PMP-A23-S09.csv
2023,9,,2023-02-27,2023-03-05,NON ELEVES AU PIS,7.12,-0.02,EUR/kg carcasse,COT-VRO-veaux_PMP-A23-S09.csv
2023,9,,2023-02-27,2023-03-05,ELEVES AU PIS,9.32,-0.15,EUR/kg carcasse,COT-VRO-veaux_PMP-A23-S09.csv
2023,9,,2023-02-27,2023-03-05,PRIX MOYEN PONDERE AU 100KILO NET (NON ÉLEVÉS AU PIS),712,-2.1,EUR/100 kg net,COT-VRO-veaux_bouch_non_pis-A23-S09.csv
2023,9,,2023-02-27,2023-03-05,PRIX MOYEN PONDERE AU 100KILO NET (ÉLEVÉS AU PIS),932.1,-14.8,EUR/100 kg net,COT-VRO-veaux_bouch_pis-A23-S09.csv
2023,9,,2023-02-27,2023-03-05,PRIX MOYEN PONDERE AUX 100 KG VIF,716.9,-1.8,EUR/100 kg vif,COT-VRO-veaux_bouch_synthese-A23-S09.csv
2023,9,,2023-02-27,2023-03-05,PRIX MOYEN PONDERE AUX 100 KG NET DES VEAUX CLAIRS,770,-3.2,EUR/100 kg net,COT-VRO-veaux_bouch_synthese-A23-S09.csv
2023,10,,2023-03-06,2023-03-12,ENTREE ABATTOIR,7.2,0.03,EUR/kg carcasse,COT-VRO-veaux_PMP-A23-S10.csv
2023,10,,2023-03-06,2023-03-12,NON ELEVES AU PIS,7.12,0,EUR/kg carcasse,COT-VRO-veaux_PMP-A23-S10.csv
2023,10,,2023-03-06,2023-03-12,ELEVES AU PIS,9.49,0.17,EUR/kg carcasse,COT-VRO-veaux_PMP-A23-S10.csv
2023,10,,2023-03-06,2023-03-12,PRIX MOYEN PONDERE AU 100KILO NET (NON ÉLEVÉS AU PIS),711.6,-0.4,EUR/100 kg net,COT-VRO-veaux_bouch_non_pis-A23-S10.csv
2023,10,,2023-03-06,2023-03-12,PRIX MOYEN PONDERE AU 100KILO NET (ÉLEVÉS AU PIS),948.5,16.4,EUR/100 kg net,COT-VRO-veaux_bouch_pis-A23-S10.csv
2023,10,,2023-03-06,2023-03-12,PRIX MOYEN PONDERE AUX 100 KG VIF,719.6,2.7,EUR/100 kg vif,COT-VRO-veaux_bouch_synthese-A23-S10.csv
2023,10,,2023-03-06,2023-03-12,PRIX MOYEN PONDERE AUX 100 KG NET DES VEAUX CLAIRS,771.5,1.5,EUR/100 kg net,COT-VRO-veaux_bouch_synthese-A23-S10.csv
2023,11,,2023-03-13,2023-03-19,ENTREE ABATTOIR,7.23,0.03,EUR/kg carcasse,COT-VRO-veaux_PMP-A23-S11.csv
2023,11,,2023-03-13,2023-03-19,NON ELEVES AU PIS,7.15,0.03,EUR/kg carcasse,COT-VRO-veaux_PMP-A23-S11.csv
2023,11,,2023-03-13,2023-03-19,ELEVES AU PIS,9.38,-0.11,EUR/kg carcasse,COT-VRO-veaux_PMP-A23-S11.csv
2023,11,,2023-03-13,2023-03-19,PRIX MOYEN PONDERE AU 100KILO NET (NON ÉLEVÉS AU PIS),715.3,3.7,EUR/100 kg net,COT-VRO-veaux_bouch_non_pis-A23-S11.csv
2023,11,,2023-03-13,2023-03-19,PRIX MOYEN PONDERE AU 100KILO NET (ÉLEVÉS AU PIS),938.1,-10.4,EUR/100 kg net,COT-VRO-veaux_bouch_pis-A23-S11.csv
2023,11,,2023-03-13,2023-03-19,PRIX MOYEN PONDERE AUX 100 KG VIF,722.8,3.2,EUR/100 kg vif,COT-VRO-veaux_bouch_synthese-A23-S11.csv
2023,11,,2023-03-13,2023-03-19,PRIX MOYEN PONDERE AUX 100 KG NET DES VEAUX CLAIRS,769.3,-2.2,EUR/100 kg net,COT-VRO-veaux_bouch_synthese-A23-S11.csv
2023,12,,2023-03-20,2023-03-26,ENTREE ABATTOIR,7.21,-0.02,EUR/kg carcasse,COT-VRO-veaux_PMP-A23-S12.csv
2023,12,,2023-03-20,2023-03-26,NON ELEVES AU PIS,7.16,0.01,EUR/kg carcasse,COT-VRO-veaux_PMP-A23-S12.csv
2023,12,,2023-03-20,2023-03-26,ELEVES AU PIS,9.4,0.02,EUR/kg carcasse,COT-VRO-veaux_PMP-A23-S12.csv
2023,12,,2023-03-20,2023-03-26,PRIX MOYEN PONDERE AU 100KILO NET (NON ÉLEVÉS AU PIS),715.9,0.6,EUR/100 kg net,COT-VRO-veaux_bouch_non_pis-A23-S12.csv
2023,12,,2023-03-20,2023-03-26,PRIX MOYEN PONDERE AU 100KILO NET (ÉLEVÉS AU PIS),939.5,1.4,EUR/100 kg net,COT-VRO-veaux_bouch_pis-A23-S12.csv
2023,12,,2023-03-20,2023-03-26,PRIX MOYEN PONDERE AUX 100 KG VIF,721.4,-1.4,EUR/100 kg vif,COT-VRO-veaux_bouch_synthese-A23-S12.csv
2023,12,,2023-03-20,2023-03-26,PRIX MOYEN PONDERE AUX 100 KG NET DES VEAUX CLAIRS,768.5,-0.8,EUR/100 kg net,COT-VRO-veaux_bouch_synthese-A23-S12.csv
2023,13,,2023-03-27,2023-04-02,ENTREE ABATTOIR,7.23,0.02,EUR/kg carcasse,COT-VRO-veaux_PMP-A23-S13.csv
2023,13,,2023-03-27,2023-04-02,NON ELEVES AU PIS,7.15,-0.01,EUR/kg carcasse,COT-VRO-veaux_PMP-A23-S13.csv
2023,13,,2023-03-27,2023-04-02,ELEVES AU PIS,9.64,0.24,EUR/kg carcasse,COT-VRO-veaux_PMP-A23-S13.csv
2023,13,,2023-03-27,2023-04-02,PRIX MOYEN PONDERE AU 100KILO NET (NON ÉLEVÉS AU PIS),714.5,-1.4,EUR/100 kg net,COT-VRO-veaux_bouch_non_pis-A23-S13.csv
2023,13,,2023-03-27,2023-04-02,PRIX MOYEN PONDERE AU 100KILO NET (ÉLEVÉS AU PIS),963.5,24,EUR/100 kg net,COT-VRO-veaux_bouch_pis-A23-S13.csv
2023,13,,2023-03-27,2023-04-02,PRIX MOYEN PONDERE AUX 100 KG VIF,722.8,1.4,EUR/100 kg vif,COT-VRO-veaux_bouch_synthese-A23-S13.csv
2023,13,,2023-03-27,2023-04-02,PRIX MOYEN PONDERE AUX 100 KG NET DES VEAUX CLAIRS,772.1,3.6,EUR/100 kg net,COT-VRO-veaux_bouch_synthese-A23-S13.csv
2023,14,,2023-04-03,2023-04-09,ENTREE ABATTOIR,7.2,-0.03,EUR/kg carcasse,COT-VRO-veaux_PMP-A23-S14.csv
2023,14,,2023-04-03,2023-04-09,NON ELEVES AU PIS,7.14,-0.01,EUR/kg carcasse,COT-VRO-veaux_PMP-A23-S14.csv
2023,14,,2023-04-03,2023-04-09,ELEVES AU PIS,9.46,-0.18,EUR/kg carcasse,COT-VRO-veaux_PMP-A23-S14.csv
2023,14,,2023-04-03,2023-04-09,PRIX MOYEN PONDERE AU 100KILO NET (NON ÉLEVÉS AU PIS),713.7,-0.8,EUR/100 kg net,COT-VRO-veaux_bouch_non_pis-A23-S14.csv
2023,14,,2023-04-03,2023-04-09,PRIX MOYEN PONDERE AU 100KILO NET (ÉLEVÉS AU PIS),946.4,-17.1,EUR/100 kg net,COT-VRO-veaux_bouch_pis-A23-S14.csv
2023,14,,2023-04-03,2023-04-09,PRIX MOYEN PONDERE AUX 100 KG VIF,720.2,-2.6,EUR/100 kg vif,COT-VRO-veaux_bouch_synthese-A23-S14.csv
2023,14,,2023-04-03,2023-04-09,PRIX MOYEN PONDERE AUX 100 KG NET DES VEAUX CLAIRS,769.1,-3,EUR/100 kg net,COT-VRO-veaux_bouch_synthese-A23-S14.csv
2023,15,,2023-04-10,2023-04-16,ENTREE ABATTOIR,7.18,-0.02,EUR/kg carcasse,COT-VRO-veaux_PMP-A23-S15.csv
2023,15,,2023-04-10,2023-04-16,NON ELEVES AU PIS,7.12,-0.02,EUR/kg carcasse,COT-VRO-veaux_PMP-A23-S15.csv
2023,15,,2023-04-10,2023-04-16,ELEVES AU PIS,9.56,0.1,EUR/kg carcasse,COT-VRO-veaux_PMP-A23-S15.csv
2023,15,,2023-04-10,2023-04-16,PRIX MOYEN PONDERE AU 100KILO NET (NON ÉLEVÉS AU PIS),711.8,-1.9,EUR/100 kg net,COT-VRO-veaux_bouch_non_pis-A23-S15.csv
2023,15,,2023-04-10,2023-04-16,PRIX MOYEN PONDERE AU 100KILO NET (ÉLEVÉS AU PIS),955.9,9.5,EUR/100 kg net,COT-VRO-veaux_bouch_pis-A23-S15.csv
2023,15,,2023-04-10,2023-04-16,PRIX MOYEN PONDERE AUX 100 KG VIF,718.3,-1.9,EUR/100 kg vif,COT-VRO-veaux_bouch_synthese-A23-S15.csv
2023,15,,2023-04-10,2023-04-16,PRIX MOYEN PONDERE AUX 100 KG NET DES VEAUX CLAIRS,764,-5.1,EUR/100 kg net,COT-VRO-veaux_bouch_synthese-A23-S15.csv
2023,16,,2023-04-17,2023-04-23,ENTREE ABATTOIR,7.11,-0.07,EUR/kg carcasse,COT-VRO-veaux_PMP-A23-S16.csv
2023,16,,2023-04-17,2023-04-23,NON ELEVES AU PIS,7.04,-0.08,EUR/kg carcasse,COT-VRO-veaux_PMP-A23-S16.csv
2023,16,,2023-04-17,2023-04-23,ELEVES AU PIS,9.46,-0.1,EUR/kg carcasse,COT-VRO-veaux_PMP-A23-S16.csv
2023,16,,2023-04-17,2023-04-23,PRIX MOYEN PONDERE AU 100KILO NET (NON ÉLEVÉS AU PIS),703.8,-8,EUR/100 kg net,COT-VRO-veaux_bouch_non_pis-A23-S16.csv
2023,16,,2023-04-17,2023-04-23,PRIX MOYEN PONDERE AU 100KILO NET (ÉLEVÉS AU PIS),946,-9.9,EUR/100 kg net,COT-VRO-veaux_bouch_pis-A23-S16.csv
2023,16,,2023-04-17,2023-04-23,PRIX MOYEN PONDERE AUX 100 KG VIF,711.3,-7,EUR/100 kg vif,COT-VRO-veaux_bouch_synthese-A23-S16.csv
2023,16,,2023-04-17,2023-04-23,PRIX MOYEN PONDERE AUX 100 KG NET DES VEAUX CLAIRS,762.7,-1.3,EUR/100 kg net,COT-VRO-veaux_bouch_synthese-A23-S16.csv
2023,17,,2023-04-24,2023-04-30,ENTREE ABATTOIR,7.08,-0.03,EUR/kg carcasse,COT-VRO-veaux_PMP-A23-S17.csv
2023,17,,2023-04-24,2023-04-30,NON ELEVES AU PIS,7.03,-0.01,EUR/kg carcasse,COT-VRO-veaux_PMP-A23-S17.csv
2023,17,,2023-04-24,2023-04-30,ELEVES AU PIS,9.3,-0.16,EUR/kg carcasse,COT-VRO-veaux_PMP-A23-S17.csv
2023,17,,2023-04-24,2023-04-30,PRIX MOYEN PONDERE AU 100KILO NET (NON ÉLEVÉS AU PIS),702.6,-1.2,EUR/100 kg net,COT-VRO-veaux_bouch_non_pis-A23-S17.csv
2023,17,,2023-04-24,2023-04-30,PRIX MOYEN PONDERE AU 100KILO NET (ÉLEVÉS AU PIS),930,-16,EUR/100 kg net,COT-VRO-veaux_bouch_pis-A23-S17.csv
2023,17,,2023-04-24,2023-04-30,PRIX MOYEN PONDERE AUX 100 KG VIF,707.9,-3.4,EUR/100 kg vif,COT-VRO-veaux_bouch_synthese-A23-S17.csv
2023,17,,2023-04-24,2023-04-30,PRIX MOYEN PONDERE AUX 100 KG NET DES VEAUX CLAIRS,755.4,-7.3,EUR/100 kg net,COT-VRO-veaux_bouch_synthese-A23-S17.csv
2023,18,,2023-05-01,2023-05-07,ENTREE ABATTOIR,7.01,-0.07,EUR/kg carcasse,COT-VRO-veaux_PMP-A23-S18.csv
2023,18,,2023-05-01,2023-05-07,NON ELEVES AU PIS,6.99,-0.04,EUR/kg carcasse,COT-VRO-veaux_PMP-A23-S18.csv
2023,18,,2023-05-01,2023-05-07,ELEVES AU PIS,9.36,0.06,EUR/kg carcasse,COT-VRO-veaux_PMP-A23-S18.csv
2023,18,,2023-05-01,2023-05-07,PRIX MOYEN PONDERE AU 100KILO NET (NON ÉLEVÉS AU PIS),699.1,-3.5,EUR/100 kg net,COT-VRO-veaux_bouch_non_pis-A23-S18.csv
2023,18,,2023-05-01,2023-05-07,PRIX MOYEN PONDERE AU 100KILO NET (ÉLEVÉS AU PIS),935.8,5.8,EUR/100 kg net,COT-VRO-veaux_bouch_pis-A23-S18.csv
2023,18,,2023-05-01,2023-05-07,PRIX MOYEN PONDERE AUX 100 KG VIF,701,-6.9,EUR/100 kg vif,COT-VRO-veaux_bouch_synthese-A23-S18.csv
2023,18,,2023-05-01,2023-05-07,PRIX MOYEN PONDERE AUX 100 KG NET DES VEAUX CLAIRS,753.9,-1.5,EUR/100 kg net,COT-VRO-veaux_bouch_synthese-A23-S18.csv
2023,19,,2023-05-08,2023-05-14,ENTREE ABATTOIR,7.03,0.02,EUR/kg carcasse,COT-VRO-veaux_PMP-A23-S19.csv
2023,19,,2023-05-08,2023-05-14,NON ELEVES AU PIS,6.95,-0.04,EUR/kg carcasse,COT-VRO-veaux_PMP-A23-S19.csv
2023,19,,2023-05-08,2023-05-14,ELEVES AU PIS,9.56,0.2,EUR/kg carcasse,COT-VRO-veaux_PMP-A23-S19.csv
2023,19,,2023-05-08,2023-05-14,PRIX MOYEN PONDERE AU 100KILO NET (NON ÉLEVÉS AU PIS),695.1,-4,EUR/100 kg net,COT-VRO-veaux_bouch_non_pis-A23-S19.csv
2023,19,,2023-05-08,2023-05-14,PRIX MOYEN PONDERE AU 100KILO NET (ÉLEVÉS AU PIS),956.2,20.4,EUR/100 kg net,COT-VRO-veaux_bouch_pis-A23-S19.csv
2023,19,,2023-05-08,2023-05-14,PRIX MOYEN PONDERE AUX 100 KG VIF,702.7,1.7,EUR/100 kg vif,COT-VRO-veaux_bouch_synthese-A23-S19.csv
2023,19,,2023-05-08,2023-05-14,PRIX MOYEN PONDERE AUX 100 KG NET DES VEAUX CLAIRS,755.6,1.7,EUR/100 kg net,COT-VRO-veaux_bouch_synthese-A23-S19.csv
2023,20,,2023-05-15,2023-05-21,ENTREE ABATTOIR,6.99,-0.04,EUR/kg carcasse,COT-VRO-veaux_PMP-A23-S20.csv
2023,20,,2023-05-15,2023-05-21,NON ELEVES AU PIS,6.93,-0.02,EUR/kg carcasse,COT-VRO-veaux_PMP-A23-S20.csv
2023,20,,2023-05-15,2023-05-21,ELEVES AU PIS,9.13,-0.43,EUR/kg carcasse,COT-VRO-veaux_PMP-A23-S20.csv
2023,20,,2023-05-15,2023-05-21,PRIX MOYEN PONDERE AU 100KILO NET (NON ÉLEVÉS AU PIS),692.9,-2.2,EUR/100 kg net,COT-VRO-veaux_bouch_non_pis-A23-S20.csv
2023,20,,2023-05-15,2023-05-21,PRIX MOYEN PONDERE AU 100KILO NET (ÉLEVÉS AU PIS),913.2,-43,EUR/100 kg net,COT-VRO-veaux_bouch_pis-A23-S20.csv
2023,20,,2023-05-15,2023-05-21,PRIX MOYEN PONDERE AUX 100 KG VIF,698.7,-4,EUR/100 kg vif,COT-VRO-veaux_bouch_synthese-A23-S20.csv
2023,20,,2023-05-15,2023-05-21,PRIX MOYEN PONDERE AUX 100 KG NET DES VEAUX CLAIRS,749.7,-5.9,EUR/100 kg net,COT-VRO-veaux_bouch_synthese-A23-S20.csv
2023,21,,2023-05-22,2023-05-28,ENTREE ABATTOIR,6.94,-0.05,EUR/kg carcasse,COT-VRO-veaux_PMP-A23-S21.csv
2023,21,,2023-05-22,2023-05-28,NON ELEVES AU PIS,6.91,-0.02,EUR/kg carcasse,COT-VRO-veaux_PMP-A23-S21.csv
2023,21,,2023-05-22,2023-05-28,ELEVES AU PIS,9.19,0.06,EUR/kg carcasse,COT-VRO-veaux_PMP-A23-S21.csv
2023,21,,2023-05-22,2023-05-28,PRIX MOYEN PONDERE AU 100KILO NET (NON ÉLEVÉS AU PIS),690.7,-2.2,EUR/100 kg net,COT-VRO-veaux_bouch_non_pis-A23-S21.csv
2023,21,,2023-05-22,2023-05-28,PRIX MOYEN PONDERE AU 100KILO NET (ÉLEVÉS AU PIS),919.3,6.1,EUR/100 kg net,COT-VRO-veaux_bouch_pis-A23-S21.csv
2023,21,,2023-05-22,2023-05-28,PRIX MOYEN PONDERE AUX 100 KG VIF,693.7,-5,EUR/100 kg vif,COT-VRO-veaux_bouch_synthese-A23-S21.csv
2023,21,,2023-05-22,2023-05-28,PRIX MOYEN PONDERE AUX 100 KG NET DES VEAUX CLAIRS,744.3,-5.4,EUR/100 kg net,COT-VRO-veaux_bouch_synthese-A23-S21.csv
2023,22,,2023-05-29,2023-06-04,ENTREE ABATTOIR,6.83,-0.11,EUR/kg carcasse,COT-VRO-veaux_PMP-A23-S22.csv
2023,22,,2023-05-29,2023-06-04,NON ELEVES AU PIS,6.82,-0.09,EUR/kg carcasse,COT-VRO-veaux_PMP-A23-S22.csv
2023,22,,2023-05-29,2023-06-04,ELEVES AU PIS,9.31,0.12,EUR/kg carcasse,COT-VRO-veaux_PMP-A23-S22.csv
2023,22,,2023-05-29,2023-06-04,PRIX MOYEN PONDERE AU 100KILO NET (NON ÉLEVÉS AU PIS),681.5,-9.2,EUR/100 kg net,COT-VRO-veaux_bouch_non_pis-A23-S22.csv
2023,22,,2023-05-29,2023-06-04,PRIX MOYEN PONDERE AU 100KILO NET (ÉLEVÉS AU PIS),931,11.7,EUR/100 kg net,COT-VRO-veaux_bouch_pis-A23-S22.csv
2023,22,,2023-05-29,2023-06-04,PRIX MOYEN PONDERE AUX 100 KG VIF,683.3,-10.4,EUR/100 kg vif,COT-VRO-veaux_bouch_synthese-A23-S22.csv
2023,22,,2023-05-29,2023-06-04,PRIX MOYEN PONDERE AUX 100 KG NET DES VEAUX CLAIRS,737.3,-7,EUR/100 kg net,COT-VRO-veaux_bouch_synthese-A23-S22.csv
2023,23,,2023-06-05,2023-06-11,ENTREE ABATTOIR,6.69,-0.14,EUR/kg carcasse,COT-VRO-veaux_PMP-A23-S23.csv
2023,23,,2023-06-05,2023-06-11,NON ELEVES AU PIS,6.68,-0.14,EUR/kg carcasse,COT-VRO-veaux_PMP-A23-S23.csv
2023,23,,2023-06-05,2023-06-11,ELEVES AU PIS,9.18,-0.13,EUR/kg carcasse,COT-VRO-veaux_PMP-A23-S23.csv
2023,23,,2023-06-05,2023-06-11,PRIX MOYEN PONDERE AU 100KILO NET (NON ÉLEVÉS AU PIS),668.1,-13.4,EUR/100 kg net,COT-VRO-veaux_bouch_non_pis-A23-S23.csv
2023,23,,2023-06-05,2023-06-11,PRIX MOYEN PONDERE AU 100KILO NET (ÉLEVÉS AU PIS),918.2,-12.8,EUR/100 kg net,COT-VRO-veaux_bouch_pis-A23-S23.csv
2023,23,,2023-06-05,2023-06-11,PRIX MOYEN PONDERE AUX 100 KG VIF,669,-14.3,EUR/100 kg vif,COT-VRO-veaux_bouch_synthese-A23-S23.csv
2023,23,,2023-06-05,2023-06-11,PRIX MOYEN PONDERE AUX 100 KG NET DES VEAUX CLAIRS,723.2,-14.1,EUR/100 kg net,COT-VRO-veaux_bouch_synthese-A23-S23.csv
2023,24,,2023-06-12,2023-06-18,ENTREE ABATTOIR,6.7,0.01,EUR/kg carcasse,COT-VRO-veaux_PMP-A23-S24.csv
2023,24,,2023-06-12,2023-06-18,NON ELEVES AU PIS,6.64,-0.04,EUR/kg carcasse,COT-VRO-veaux_PMP-A23-S24.csv
2023,24,,2023-06-12,2023-06-18,ELEVES AU PIS,9.24,0.06,EUR/kg carcasse,COT-VRO-veaux_PMP-A23-S24.csv
2023,24,,2023-06-12,2023-06-18,PRIX MOYEN PONDERE AU 100KILO NET (NON ÉLEVÉS AU PIS),663.8,-4.3,EUR/100 kg net,COT-VRO-veaux_bouch_non_pis-A23-S24.csv
2023,24,,2023-06-12,2023-06-18,PRIX MOYEN PONDERE AU 100KILO NET (ÉLEVÉS AU PIS),923.5,5.3,EUR/100 kg net,COT-VRO-veaux_bouch_pis-A23-S24.csv
2023,24,,2023-06-12,2023-06-18,PRIX MOYEN PONDERE AUX 100 KG VIF,669.7,0.7,EUR/100 kg vif,COT-VRO-veaux_bouch_synthese-A23-S24.csv
2023,24,,2023-06-12,2023-06-18,PRIX MOYEN PONDERE AUX 100 KG NET DES VEAUX CLAIRS,724.2,1,EUR/100 kg net,COT-VRO-veaux_bouch_synthese-A23-S24.csv
2023,25,,2023-06-19,2023-06-25,ENTREE ABATTOIR,6.55,-0.15,EUR/kg carcasse,COT-VRO-veaux_PMP-A23-S25.csv
2023,25,,2023-06-19,2023-06-25,NON ELEVES AU PIS,6.54,-0.1,EUR/kg carcasse,COT-VRO-veaux_PMP-A23-S25.csv
2023,25,,2023-06-19,2023-06-25,ELEVES AU PIS,9.06,-0.18,EUR/kg carcasse,COT-VRO-veaux_PMP-A23-S25.csv
2023,25,,2023-06-19,2023-06-25,PRIX MOYEN PONDERE AU 100KILO NET (NON ÉLEVÉS AU PIS),653.9,-9.9,EUR/100 kg net,COT-VRO-veaux_bouch_non_pis-A23-S25.csv
2023,25,,2023-06-19,2023-06-25,PRIX MOYEN PONDERE AU 100KILO NET (ÉLEVÉS AU PIS),906,-17.5,EUR/100 kg net,COT-VRO-veaux_bouch_pis-A23-S25.csv
2023,25,,2023-06-19,2023-06-25,PRIX MOYEN PONDERE AUX 100 KG VIF,655.4,-14.3,EUR/100 kg vif,COT-VRO-veaux_bouch_synthese-A23-S25.csv
2023,25,,2023-06-19,2023-06-25,PRIX MOYEN PONDERE AUX 100 KG NET DES VEAUX CLAIRS,713,-11.2,EUR/100 kg net,COT-VRO-veaux_bouch_synthese-A23-S25.csv
2023,26,,2023-06-26,2023-07-02,ENTREE ABATTOIR,6.54,-0.01,EUR/kg carcasse,COT-VRO-veaux_PMP-A23-S26.csv
2023,26,,2023-06-26,2023-07-02,NON ELEVES AU PIS,6.48,-0.06,EUR/kg carcasse,COT-VRO-veaux_PMP-A23-S26.csv
2023,26,,2023-06-26,2023-07-02,ELEVES AU PIS,8.73,-0.33,EUR/kg carcasse,COT-VRO-veaux_PMP-A23-S26.csv
2023,26,,2023-06-26,2023-07-02,PRIX MOYEN PONDERE AU 100KILO NET (NON ÉLEVÉS AU PIS),647.6,-6.3,EUR/100 kg net,COT-VRO-veaux_bouch_non_pis-A23-S26.csv
2023,26,,2023-06-26,2023-07-02,PRIX MOYEN PONDERE AU 100KILO NET (ÉLEVÉS AU PIS),872.6,-33.4,EUR/100 kg net,COT-VRO-veaux_bouch_pis-A23-S26.csv
2023,26,,2023-06-26,2023-07-02,PRIX MOYEN PONDERE AUX 100 KG VIF,654.1,-1.3,EUR/100 kg vif,COT-VRO-veaux_bouch_synthese-A23-S26.csv
2023,26,,2023-06-26,2023-07-02,PRIX MOYEN PONDERE AUX 100 KG NET DES VEAUX CLAIRS,706.3,-6.7,EUR/100 kg net,COT-VRO-veaux_bouch_synthese-A23-S26.csv
2023,27,,2023-07-03,2023-07-09,ENTREE ABATTOIR,6.46,-0.08,EUR/kg carcasse,COT-VRO-veaux_PMP-A23-S27.csv
2023,27,,2023-07-03,2023-07-09,NON ELEVES AU PIS,6.43,-0.05,EUR/kg carcasse,COT-VRO-veaux_PMP-A23-S27.csv
2023,27,,2023-07-03,2023-07-09,ELEVES AU PIS,8.91,0.18,EUR/kg carcasse,COT-VRO-veaux_PMP-A23-S27.csv
2023,27,,2023-07-03,2023-07-09,PRIX MOYEN PONDERE AUX 100 KG VIF,645.9,-8.2,EUR/100 kg vif,COT-VRO-veaux_bouch_synthese-A23-S27.csv
2023,27,,2023-07-03,2023-07-09,PRIX MOYEN PONDERE AUX 100 KG NET DES VEAUX CLAIRS,693.5,-12.8,EUR/100 kg net,COT-VRO-veaux_bouch_synthese-A23-S27.csv
2023,28,,2023-07-10,2023-07-16,ENTREE ABATTOIR,6.41,-0.05,EUR/kg carcasse,COT-VRO-veaux_PMP-A23-S28.csv
2023,28,,2023-07-10,2023-07-16,NON ELEVES AU PIS,6.41,-0.02,EUR/kg carcasse,COT-VRO-veaux_PMP-A23-S28.csv
2023,28,,2023-07-10,2023-07-16,ELEVES AU PIS,8.98,0.07,EUR/kg carcasse,COT-VRO-veaux_PMP-A23-S28.csv
2023,28,,2023-07-10,2023-07-16,PRIX MOYEN PONDERE AU 100KILO NET (NON ÉLEVÉS AU PIS),640.7,-2.7,EUR/100 kg net,COT-VRO-veaux_bouch_non_pis-A23-S28.csv
2023,28,,2023-07-10,2023-07-16,PRIX MOYEN PONDERE AU 100KILO NET (ÉLEVÉS AU PIS),898,6.8,EUR/100 kg net,COT-VRO-veaux_bouch_pis-A23-S28.csv
2023,28,,2023-07-10,2023-07-16,PRIX MOYEN PONDERE AUX 100 KG VIF,641.2,-4.7,EUR/100 kg vif,COT-VRO-veaux_bouch_synthese-A23-S28.csv
2023,28,,2023-07-10,2023-07-16,PRIX MOYEN PONDERE AUX 100 KG NET DES VEAUX CLAIRS,692,-1.5,EUR/100 kg net,COT-VRO-veaux_bouch_synthese-A23-S28.csv
2023,29,,2023-07-17,2023-07-23,ENTREE ABATTOIR,6.42,0.01,EUR/kg carcasse,COT-VRO-veaux_PMP-A23-S29.csv
2023,29,,2023-07-17,2023-07-23,NON ELEVES AU PIS,6.38,-0.03,EUR/kg carcasse,COT-VRO-veaux_PMP-A23-S29.csv
2023,29,,2023-07-17,2023-07-23,ELEVES AU PIS,8.82,-0.16,EUR/kg carcasse,COT-VRO-veaux_PMP-A23-S29.csv
2023,29,,2023-07-17,2023-07-23,PRIX MOYEN PONDERE AU 100KILO NET (NON ÉLEVÉS AU PIS),637.6,-3.1,EUR/100 kg net,COT-VRO-veaux_bouch_non_pis-A23-S29.csv
2023,29,,2023-07-17,2023-07-23,PRIX MOYEN PONDERE AU 100KILO NET (ÉLEVÉS AU PIS),881.7,-16.3,EUR/100 kg net,COT-VRO-veaux_bouch_pis-A23-S29.csv
2023,29,,2023-07-17,2023-07-23,PRIX MOYEN PONDERE AUX 100 KG VIF,641.7,0.5,EUR/100 kg vif,COT-VRO-veaux_bouch_synthese-A23-S29.csv
2023,29,,2023-07-17,2023-07-23,PRIX MOYEN PONDERE AUX 100 KG NET DES VEAUX CLAIRS,694.7,2.7,EUR/100 kg net,COT-VRO-veaux_bouch_synthese-A23-S29.csv
2023,30,,2023-07-24,2023-07-30,ENTREE ABATTOIR,6.37,-0.05,EUR/kg carcasse,COT-VRO-veaux_PMP-A23-S30.csv
2023,30,,2023-07-24,2023-07-30,NON ELEVES AU PIS,6.34,-0.04,EUR/kg carcasse,COT-VRO-veaux_PMP-A23-S30.csv
2023,30,,2023-07-24,2023-07-30,ELEVES AU PIS,8.55,-0.27,EUR/kg carcasse,COT-VRO-veaux_PMP-A23-S30.csv
2023,30,,2023-07-24,2023-07-30,PRIX MOYEN PONDERE AU 100KILO NET (NON ÉLEVÉS AU PIS),634,-3.6,EUR/100 kg net,COT-VRO-veaux_bouch_non_pis-A23-S30.csv
2023,30,,2023-07-24,2023-07-30,PRIX MOYEN PONDERE AU 100KILO NET (ÉLEVÉS AU PIS),854.8,-26.9,EUR/100 kg net,COT-VRO-veaux_bouch_pis-A23-S30.csv
2023,30,,2023-07-24,2023-07-30,PRIX MOYEN PONDERE AUX 100 KG VIF,637.3,-4.4,EUR/100 kg vif,COT-VRO-veaux_bouch_synthese-A23-S30.csv
2023,30,,2023-07-24,2023-07-30,PRIX MOYEN PONDERE AUX 100 KG NET DES VEAUX CLAIRS,694.2,-0.5,EUR/100 kg net,COT-VRO-veaux_bouch_synthese-A23-S30.csv
2023,31,,2023-07-31,2023-08-06,ENTREE ABATTOIR,6.37,0,EUR/kg carcasse,COT-VRO-veaux_PMP-A23-S31.csv
2023,31,,2023-07-31,2023-08-06,NON ELEVES AU PIS,6.33,-0.01,EUR/kg carcasse,COT-VRO-veaux_PMP-A23-S31.csv
2023,31,,2023-07-31,2023-08-06,ELEVES AU PIS,9.01,0.46,EUR/kg carcasse,COT-VRO-veaux_PMP-A23-S31.csv
2023,31,,2023-07-31,2023-08-06,PRIX MOYEN PONDERE AU 100KILO NET (NON ÉLEVÉS AU PIS),632.6,-1.4,EUR/100 kg net,COT-VRO-veaux_bouch_non_pis-A23-S31.csv
2023,31,,2023-07-31,2023-08-06,PRIX MOYEN PONDERE AU 100KILO NET (ÉLEVÉS AU PIS),900.9,46.1,EUR/100 kg net,COT-VRO-veaux_bouch_pis-A23-S31.csv
2023,31,,2023-07-31,2023-08-06,PRIX MOYEN PONDERE AUX 100 KG VIF,637.4,0.1,EUR/100 kg vif,COT-VRO-veaux_bouch_synthese-A23-S31.csv
2023,31,,2023-07-31,2023-08-06,PRIX MOYEN PONDERE AUX 100 KG NET DES VEAUX CLAIRS,689.5,-4.7,EUR/100 kg net,COT-VRO-veaux_bouch_synthese-A23-S31.csv
2023,32,,2023-08-07,2023-08-13,ENTREE ABATTOIR,6.36,-0.01,EUR/kg carcasse,COT-VRO-veaux_PMP-A23-S32.csv
2023,32,,2023-08-07,2023-08-13,NON ELEVES AU PIS,6.34,0.01,EUR/kg carcasse,COT-VRO-veaux_PMP-A23-S32.csv
2023,32,,2023-08-07,2023-08-13,ELEVES AU PIS,9.34,0.33,EUR/kg carcasse,COT-VRO-veaux_PMP-A23-S32.csv
2023,32,,2023-08-07,2023-08-13,PRIX MOYEN PONDERE AU 100KILO NET (NON ÉLEVÉS AU PIS),634,1.4,EUR/100 kg net,COT-VRO-veaux_bouch_non_pis-A23-S32.csv
2023,32,,2023-08-07,2023-08-13,PRIX MOYEN PONDERE AU 100KILO NET (ÉLEVÉS AU PIS),933.8,32.9,EUR/100 kg net,COT-VRO-veaux_bouch_pis-A23-S32.csv
2023,32,,2023-08-07,2023-08-13,PRIX MOYEN PONDERE AUX 100 KG VIF,636,-1.4,EUR/100 kg vif,COT-VRO-veaux_bouch_synthese-A23-S32.csv
2023,32,,2023-08-07,2023-08-13,PRIX MOYEN PONDERE AUX 100 KG NET DES VEAUX CLAIRS,686.8,-2.7,EUR/100 kg net,COT-VRO-veaux_bouch_synthese-A23-S32.csv
2023,33,,2023-08-14,2023-08-20,ENTREE ABATTOIR,6.32,-0.04,EUR/kg carcasse,COT-VRO-veaux_PMP-A23-S33.csv
2023,33,,2023-08-14,2023-08-20,NON ELEVES AU PIS,6.35,0.01,EUR/kg carcasse,COT-VRO-veaux_PMP-A23-S33.csv
2023,33,,2023-08-14,2023-08-20,ELEVES AU PIS,9.29,-0.05,EUR/kg carcasse,COT-VRO-veaux_PMP-A23-S33.csv
2023,33,,2023-08-14,2023-08-20,PRIX MOYEN PONDERE AU 100KILO NET (NON ÉLEVÉS AU PIS),635.1,1.1,EUR/100 kg net,COT-VRO-veaux_bouch_non_pis-A23-S33.csv
2023,33,,2023-08-14,2023-08-20,PRIX MOYEN PONDERE AU 100KILO NET (ÉLEVÉS AU PIS),928.8,-5,EUR/100 kg net,COT-VRO-veaux_bouch_pis-A23-S33.csv
2023,33,,2023-08-14,2023-08-20,PRIX MOYEN PONDERE AUX 100 KG VIF,632.2,-3.8,EUR/100 kg vif,COT-VRO-veaux_bouch_synthese-A23-S33.csv
2023,33,,2023-08-14,2023-08-20,PRIX MOYEN PONDERE AUX 100 KG NET DES VEAUX CLAIRS,683.8,-3,EUR/100 kg net,COT-VRO-veaux_bouch_synthese-A23-S33.csv
2023,34,,2023-08-21,2023-08-27,ENTREE ABATTOIR,6.4,0.08,EUR/kg carcasse,COT-VRO-veaux_PMP-A23-S34.csv
2023,34,,2023-08-21,2023-08-27,NON ELEVES AU PIS,6.34,-0.01,EUR/kg carcasse,COT-VRO-veaux_PMP-A23-S34.csv
2023,34,,2023-08-21,2023-08-27,ELEVES AU PIS,9.17,-0.12,EUR/kg carcasse,COT-VRO-veaux_PMP-A23-S34.csv
2023,34,,2023-08-21,2023-08-27,PRIX MOYEN PONDERE AU 100KILO NET (NON ÉLEVÉS AU PIS),633.8,-1.3,EUR/100 kg net,COT-VRO-veaux_bouch_non_pis-A23-S34.csv
2023,34,,2023-08-21,2023-08-27,PRIX MOYEN PONDERE AU 100KILO NET (ÉLEVÉS AU PIS),917.3,-11.5,EUR/100 kg net,COT-VRO-veaux_bouch_pis-A23-S34.csv
2023,34,,2023-08-21,2023-08-27,PRIX MOYEN PONDERE AUX 100 KG VIF,640,7.8,EUR/100 kg vif,COT-VRO-veaux_bouch_synthese-A23-S34.csv
2023,34,,2023-08-21,2023-08-27,PRIX MOYEN PONDERE AUX 100 KG NET DES VEAUX CLAIRS,693.8,10,EUR/100 kg net,COT-VRO-veaux_bouch_synthese-A23-S34.csv
2023,35,,2023-08-28,2023-09-03,ENTREE ABATTOIR,6.36,-0.04,EUR/kg carcasse,COT-VRO-veaux_PMP-A23-S35.csv
2023,35,,2023-08-28,2023-09-03,NON ELEVES AU PIS,6.31,-0.03,EUR/kg carcasse,COT-VRO-veaux_PMP-A23-S35.csv
2023,35,,2023-08-28,2023-09-03,ELEVES AU PIS,9.54,0.37,EUR/kg carcasse,COT-VRO-veaux_PMP-A23-S35.csv
2023,35,,2023-08-28,2023-09-03,PRIX MOYEN PONDERE AU 100KILO NET (NON ÉLEVÉS AU PIS),631,-2.8,EUR/100 kg net,COT-VRO-veaux_bouch_non_pis-A23-S35.csv
2023,35,,2023-08-28,2023-09-03,PRIX MOYEN PONDERE AU 100KILO NET (ÉLEVÉS AU PIS),954.4,37.1,EUR/100 kg net,COT-VRO-veaux_bouch_pis-A23-S35.csv
2023,35,,2023-08-28,2023-09-03,PRIX MOYEN PONDERE AUX 100 KG VIF,635.7,-4.3,EUR/100 kg vif,COT-VRO-veaux_bouch_synthese-A23-S35.csv
2023,35,,2023-08-28,2023-09-03,PRIX MOYEN PONDERE AUX 100 KG NET DES VEAUX CLAIRS,692.1,-1.7,EUR/100 kg net,COT-VRO-veaux_bouch_synthese-A23-S35.csv
2023,36,,2023-09-04,2023-09-10,ENTREE ABATTOIR,6.39,0.03,EUR/kg carcasse,COT-VRO-veaux_PMP-A23-S36.csv
2023,36,,2023-09-04,2023-09-10,NON ELEVES AU PIS,6.36,0.05,EUR/kg carcasse,COT-VRO-veaux_PMP-A23-S36.csv
2023,36,,2023-09-04,2023-09-10,ELEVES AU PIS,9.3,-0.24,EUR/kg carcasse,COT-VRO-veaux_PMP-A23-S36.csv
2023,36,,2023-09-04,2023-09-10,PRIX MOYEN PONDERE AU 100KILO NET (NON ÉLEVÉS AU PIS),635.8,4.8,EUR/100 kg net,COT-VRO-veaux_bouch_non_pis-A23-S36.csv
2023,36,,2023-09-04,2023-09-10,PRIX MOYEN PONDERE AU 100KILO NET (ÉLEVÉS AU PIS),930.3,-24.1,EUR/100 kg net,COT-VRO-veaux_bouch_pis-A23-S36.csv
2023,36,,2023-09-04,2023-09-10,PRIX MOYEN PONDERE AUX 100 KG VIF,639.1,3.4,EUR/100 kg vif,COT-VRO-veaux_bouch_synthese-A23-S36.csv
2023,36,,2023-09-04,2023-09-10,PRIX MOYEN PONDERE AUX 100 KG NET DES VEAUX CLAIRS,694.5,2.4,EUR/100 kg net,COT-VRO-veaux_bouch_synthese-A23-S36.csv
2023,37,,2023-09-11,2023-09-17,ENTREE ABATTOIR,6.4,0.01,EUR/kg carcasse,COT-VRO-veaux_PMP-A23-S37.csv
2023,37,,2023-09-11,2023-09-17,NON ELEVES AU PIS,6.35,-0.01,EUR/kg carcasse,COT-VRO-veaux_PMP-A23-S37.csv
2023,37,,2023-09-11,2023-09-17,ELEVES AU PIS,9.6,0.3,EUR/kg carcasse,COT-VRO-veaux_PMP-A23-S37.csv
2023,37,,2023-09-11,2023-09-17,PRIX MOYEN PONDERE AU 100KILO NET (NON ÉLEVÉS AU PIS),635.3,-0.5,EUR/100 kg net,COT-VRO-veaux_bouch_non_pis-A23-S37.csv
2023,37,,2023-09-11,2023-09-17,PRIX MOYEN PONDERE AU 100KILO NET (ÉLEVÉS AU PIS),959.7,29.4,EUR/100 kg net,COT-VRO-veaux_bouch_pis-A23-S37.csv
2023,37,,2023-09-11,2023-09-17,PRIX MOYEN PONDERE AUX 100 KG VIF,639.9,0.8,EUR/100 kg vif,COT-VRO-veaux_bouch_synthese-A23-S37.csv
2023,37,,2023-09-11,2023-09-17,PRIX MOYEN PONDERE AUX 100 KG NET DES VEAUX CLAIRS,698.5,4,EUR/100 kg net,COT-VRO-veaux_bouch_synthese-A23-S37.csv
2023,38,,2023-09-18,2023-09-24,ENTREE ABATTOIR,6.46,0.06,EUR/kg carcasse,COT-VRO-veaux_PMP-A23-S38.csv
2023,38,,2023-09-18,2023-09-24,NON ELEVES AU PIS,6.42,0.07,EUR/kg carcasse,COT-VRO-veaux_PMP-A23-S38.csv
2023,38,,2023-09-18,2023-09-24,ELEVES AU PIS,9.09,-0.51,EUR/kg carcasse,COT-VRO-veaux_PMP-A23-S38.csv
2023,38,,2023-09-18,2023-09-24,PRIX MOYEN PONDERE AU 100KILO NET (NON ÉLEVÉS AU PIS),642,6.7,EUR/100 kg net,COT-VRO-veaux_bouch_non_pis-A23-S38.csv
2023,38,,2023-09-18,2023-09-24,PRIX MOYEN PONDERE AU 100KILO NET (ÉLEVÉS AU PIS),909.4,-50.3,EUR/100 kg net,COT-VRO-veaux_bouch_pis-A23-S38.csv
2023,38,,2023-09-18,2023-09-24,PRIX MOYEN PONDERE AUX 100 KG VIF,645.8,5.9,EUR/100 kg vif,COT-VRO-veaux_bouch_synthese-A23-S38.csv
2023,38,,2023-09-18,2023-09-24,PRIX MOYEN PONDERE AUX 100 KG NET DES VEAUX CLAIRS,697.1,-1.4,EUR/100 kg net,COT-VRO-veaux_bouch_synthese-A23-S38.csv
2023,39,,2023-09-25,2023-10-01,ENTREE ABATTOIR,6.54,0.08,EUR/kg carcasse,COT-VRO-veaux_PMP-A23-S39.csv
2023,39,,2023-09-25,2023-10-01,NON ELEVES AU PIS,6.45,0.03,EUR/kg carcasse,COT-VRO-veaux_PMP-A23-S39.csv
2023,39,,2023-09-25,2023-10-01,ELEVES AU PIS,9.89,0.8,EUR/kg carcasse,COT-VRO-veaux_PMP-A23-S39.csv
2023,39,,2023-09-25,2023-10-01,PRIX MOYEN PONDERE AU 100KILO NET (NON ÉLEVÉS AU PIS),644.8,2.8,EUR/100 kg net,COT-VRO-veaux_bouch_non_pis-A23-S39.csv
2023,39,,2023-09-25,2023-10-01,PRIX MOYEN PONDERE AU 100KILO NET (ÉLEVÉS AU PIS),989.1,79.7,EUR/100 kg net,COT-VRO-veaux_bouch_pis-A23-S39.csv
2023,39,,2023-09-25,2023-10-01,PRIX MOYEN PONDERE AUX 100 KG VIF,653.8,8,EUR/100 kg vif,COT-VRO-veaux_bouch_synthese-A23-S39.csv
2023,39,,2023-09-25,2023-10-01,PRIX MOYEN PONDERE AUX 100 KG NET DES VEAUX CLAIRS,703.1,6,EUR/100 kg net,COT-VRO-veaux_bouch_synthese-A23-S39.csv
2023,40,,2023-10-02,2023-10-08,ENTREE ABATTOIR,6.55,0.01,EUR/kg carcasse,COT-VRO-veaux_PMP-A23-S40.csv
2023,40,,2023-10-02,2023-10-08,NON ELEVES AU PIS,6.5,0.05,EUR/kg carcasse,COT-VRO-veaux_PMP-A23-S40.csv
2023,40,,2023-10-02,2023-10-08,ELEVES AU PIS,9.2,-0.69,EUR/kg carcasse,COT-VRO-veaux_PMP-A23-S40.csv
2023,40,,2023-10-02,2023-10-08,PRIX MOYEN PONDERE AU 100KILO NET (NON ÉLEVÉS AU PIS),650.1,5.3,EUR/100 kg net,COT-VRO-veaux_bouch_non_pis-A23-S40.csv
2023,40,,2023-10-02,2023-10-08,PRIX MOYEN PONDERE AU 100KILO NET (ÉLEVÉS AU PIS),919.8,-69.3,EUR/100 kg net,COT-VRO-veaux_bouch_pis-A23-S40.csv
2023,40,,2023-10-02,2023-10-08,PRIX MOYEN PONDERE AUX 100 KG VIF,654.7,0.9,EUR/100 kg vif,COT-VRO-veaux_bouch_synthese-A23-S40.csv
2023,40,,2023-10-02,2023-10-08,PRIX MOYEN PONDERE AUX 100 KG NET DES VEAUX CLAIRS,701.5,-1.6,EUR/100 kg net,COT-VRO-veaux_bouch_synthese-A23-S40.csv
2023,41,,2023-10-09,2023-10-15,ENTREE ABATTOIR,6.5,-0.05,EUR/kg carcasse,COT-VRO-veaux_PMP-A23-S41.csv
2023,41,,2023-10-09,2023-10-15,NON ELEVES AU PIS,6.48,-0.02,EUR/kg carcasse,COT-VRO-veaux_PMP-A23-S41.csv
2023,41,,2023-10-09,2023-10-15,ELEVES AU PIS,9.51,0.31,EUR/kg carcasse,COT-VRO-veaux_PMP-A23-S41.csv
2023,41,,2023-10-09,2023-10-15,PRIX MOYEN PONDERE AU 100KILO NET (NON ÉLEVÉS AU PIS),647.7,-2.4,EUR/100 kg net,COT-VRO-veaux_bouch_non_pis-A23-S41.csv
2023,41,,2023-10-09,2023-10-15,PRIX MOYEN PONDERE AU 100KILO NET (ÉLEVÉS AU PIS),950.6,30.8,EUR/100 kg net,COT-VRO-veaux_bouch_pis-A23-S41.csv
2023,41,,2023-10-09,2023-10-15,PRIX MOYEN PONDERE AUX 100 KG VIF,649.9,-4.8,EUR/100 kg vif,COT-VRO-veaux_bouch_synthese-A23-S41.csv
2023,41,,2023-10-09,2023-10-15,PRIX MOYEN PONDERE AUX 100 KG NET DES VEAUX CLAIRS,698.3,-3.2,EUR/100 kg net,COT-VRO-veaux_bouch_synthese-A23-S41.csv
2023,42,,2023-10-16,2023-10-22,ENTREE ABATTOIR,6.55,0.05,EUR/kg carcasse,COT-VRO-veaux_PMP-A23-S42.csv
2023,42,,2023-10-16,2023-10-22,NON ELEVES AU PIS,6.47,-0.01,EUR/kg carcasse,COT-VRO-veaux_PMP-A23-S42.csv
2023,42,,2023-10-16,2023-10-22,ELEVES AU PIS,9.59,0.08,EUR/kg carcasse,COT-VRO-veaux_PMP-A23-S42.csv
2023,42,,2023-10-16,2023-10-22,PRIX MOYEN PONDERE AU 100KILO NET (NON ÉLEVÉS AU PIS),647,-0.7,EUR/100 kg net,COT-VRO-veaux_bouch_non_pis-A23-S42.csv
2023,42,,2023-10-16,2023-10-22,PRIX MOYEN PONDERE AU 100KILO NET (ÉLEVÉS AU PIS),958.7,8.1,EUR/100 kg net,COT-VRO-veaux_bouch_pis-A23-S42.csv
2023,42,,2023-10-16,2023-10-22,PRIX MOYEN PONDERE AUX 100 KG VIF,655.1,5.2,EUR/100 kg vif,COT-VRO-veaux_bouch_synthese-A23-S42.csv
2023,42,,2023-10-16,2023-10-22,PRIX MOYEN PONDERE AUX 100 KG NET DES VEAUX CLAIRS,710.3,12,EUR/100 kg net,COT-VRO-veaux_bouch_synthese-A23-S42.csv
2023,43,,2023-10-23,2023-10-29,ENTREE ABATTOIR,6.6,0.05,EUR/kg carcasse,COT-VRO-veaux_PMP-A23-S43.csv
2023,43,,2023-10-23,2023-10-29,NON ELEVES AU PIS,6.59,0.12,EUR/kg carcasse,COT-VRO-veaux_PMP-A23-S43.csv
2023,43,,2023-10-23,2023-10-29,ELEVES AU PIS,9.35,-0.24,EUR/kg carcasse,COT-VRO-veaux_PMP-A23-S43.csv
2023,43,,2023-10-23,2023-10-29,PRIX MOYEN PONDERE AU 100KILO NET (NON ÉLEVÉS AU PIS),658.6,11.6,EUR/100 kg net,COT-VRO-veaux_bouch_non_pis-A23-S43.csv
2023,43,,2023-10-23,2023-10-29,PRIX MOYEN PONDERE AU 100KILO NET (ÉLEVÉS AU PIS),935,-23.7,EUR/100 kg net,COT-VRO-veaux_bouch_pis-A23-S43.csv
2023,43,,2023-10-23,2023-10-29,PRIX MOYEN PONDERE AUX 100 KG VIF,659.8,4.7,EUR/100 kg vif,COT-VRO-veaux_bouch_synthese-A23-S43.csv
2023,43,,2023-10-23,2023-10-29,PRIX MOYEN PONDERE AUX 100 KG NET DES VEAUX CLAIRS,709.3,-1,EUR/100 kg net,COT-VRO-veaux_bouch_synthese-A23-S43.csv
2023,44,,2023-10-30,2023-11-05,ENTREE ABATTOIR,6.72,0.12,EUR/kg carcasse,COT-VRO-veaux_PMP-A23-S44.csv
2023,44,,2023-10-30,2023-11-05,NON ELEVES AU PIS,6.64,0.05,EUR/kg carcasse,COT-VRO-veaux_PMP-A23-S44.csv
2023,44,,2023-10-30,2023-11-05,ELEVES AU PIS,9.52,0.17,EUR/kg carcasse,COT-VRO-veaux_PMP-A23-S44.csv
2023,44,,2023-10-30,2023-11-05,PRIX MOYEN PONDERE AU 100KILO NET (NON ÉLEVÉS AU PIS),663.7,5.1,EUR/100 kg net,COT-VRO-veaux_bouch_non_pis-A23-S44.csv
2023,44,,2023-10-30,2023-11-05,PRIX MOYEN PONDERE AU 100KILO NET (ÉLEVÉS AU PIS),951.6,16.6,EUR/100 kg net,COT-VRO-veaux_bouch_pis-A23-S44.csv
2023,44,,2023-10-30,2023-11-05,PRIX MOYEN PONDERE AUX 100 KG VIF,672.1,12.3,EUR/100 kg vif,COT-VRO-veaux_bouch_synthese-A23-S44.csv
2023,44,,2023-10-30,2023-11-05,PRIX MOYEN PONDERE AUX 100 KG NET DES VEAUX CLAIRS,722.3,13,EUR/100 kg net,COT-VRO-veaux_bouch_synthese-A23-S44.csv
2023,45,,2023-11-06,2023-11-12,ENTREE ABATTOIR,6.72,0,EUR/kg carcasse,COT-VRO-veaux_PMP-A23-S45.csv
2023,45,,2023-11-06,2023-11-12,NON ELEVES AU PIS,6.67,0.03,EUR/kg carcasse,COT-VRO-veaux_PMP-A23-S45.csv
2023,45,,2023-11-06,2023-11-12,ELEVES AU PIS,9.38,-0.14,EUR/kg carcasse,COT-VRO-veaux_PMP-A23-S45.csv
2023,45,,2023-11-06,2023-11-12,PRIX MOYEN PONDERE AU 100KILO NET (NON ÉLEVÉS AU PIS),667.1,3.4,EUR/100 kg net,COT-VRO-veaux_bouch_non_pis-A23-S45.csv
2023,45,,2023-11-06,2023-11-12,PRIX MOYEN PONDERE AU 100KILO NET (ÉLEVÉS AU PIS),938,-13.6,EUR/100 kg net,COT-VRO-veaux_bouch_pis-A23-S45.csv
2023,45,,2023-11-06,2023-11-12,PRIX MOYEN PONDERE AUX 100 KG VIF,672.1,0,EUR/100 kg vif,COT-VRO-veaux_bouch_synthese-A23-S45.csv
2023,45,,2023-11-06,2023-11-12,PRIX MOYEN PONDERE AUX 100 KG NET DES VEAUX CLAIRS,729.7,7.4,EUR/100 kg net,COT-VRO-veaux_bouch_synthese-A23-S45.csv
2023,46,,2023-11-13,2023-11-19,ENTREE ABATTOIR,6.74,0.02,EUR/kg carcasse,COT-VRO-veaux_PMP-A23-S46.csv
2023,46,,2023-11-13,2023-11-19,NON ELEVES AU PIS,6.75,0.08,EUR/kg carcasse,COT-VRO-veaux_PMP-A23-S46.csv
2023,46,,2023-11-13,2023-11-19,ELEVES AU PIS,9.9,0.52,EUR/kg carcasse,COT-VRO-veaux_PMP-A23-S46.csv
2023,46,,2023-11-13,2023-11-19,PRIX MOYEN PONDERE AU 100KILO NET (NON ÉLEVÉS AU PIS),674.5,7.4,EUR/100 kg net,COT-VRO-veaux_bouch_non_pis-A23-S46.csv
2023,46,,2023-11-13,2023-11-19,PRIX MOYEN PONDERE AU 100KILO NET (ÉLEVÉS AU PIS),989.7,51.7,EUR/100 kg net,COT-VRO-veaux_bouch_pis-A23-S46.csv
2023,46,,2023-11-13,2023-11-19,PRIX MOYEN PONDERE AUX 100 KG VIF,673.5,1.4,EUR/100 kg vif,COT-VRO-veaux_bouch_synthese-A23-S46.csv
2023,46,,2023-11-13,2023-11-19,PRIX MOYEN PONDERE AUX 100 KG NET DES VEAUX CLAIRS,727,-2.7,EUR/100 kg net,COT-VRO-veaux_bouch_synthese-A23-S46.csv
2023,47,,2023-11-20,2023-11-26,ENTREE ABATTOIR,6.89,0.15,EUR/kg carcasse,COT-VRO-veaux_PMP-A23-S47.csv
2023,47,,2023-11-20,2023-11-26,NON ELEVES AU PIS,6.84,0.09,EUR/kg carcasse,COT-VRO-veaux_PMP-A23-S47.csv
2023,47,,2023-11-20,2023-11-26,ELEVES AU PIS,9.48,-0.42,EUR/kg carcasse,COT-VRO-veaux_PMP-A23-S47.csv
2023,47,,2023-11-20,2023-11-26,PRIX MOYEN PONDERE AU 100KILO NET (NON ÉLEVÉS AU PIS),684.1,9.6,EUR/100 kg net,COT-VRO-veaux_bouch_non_pis-A23-S47.csv
2023,47,,2023-11-20,2023-11-26,PRIX MOYEN PONDERE AU 100KILO NET (ÉLEVÉS AU PIS),948.4,-41.3,EUR/100 kg net,COT-VRO-veaux_bouch_pis-A23-S47.csv
2023,47,,2023-11-20,2023-11-26,PRIX MOYEN PONDERE AUX 100 KG VIF,689.2,15.7,EUR/100 kg vif,COT-VRO-veaux_bouch_synthese-A23-S47.csv
2023,47,,2023-11-20,2023-11-26,PRIX MOYEN PONDERE AUX 100 KG NET DES VEAUX CLAIRS,740,13,EUR/100 kg net,COT-VRO-veaux_bouch_synthese-A23-S47.csv
2023,48,,2023-11-27,2023-12-03,ENTREE ABATTOIR,6.91,0.02,EUR/kg carcasse,COT-VRO-veaux_PMP-A23-S48.csv
2023,48,,2023-11-27,2023-12-03,NON ELEVES AU PIS,6.86,0.02,EUR/kg carcasse,COT-VRO-veaux_PMP-A23-S48.csv
2023,48,,2023-11-27,2023-12-03,ELEVES AU PIS,9.84,0.36,EUR/kg carcasse,COT-VRO-veaux_PMP-A23-S48.csv
2023,48,,2023-11-27,2023-12-03,PRIX MOYEN PONDERE AU 100KILO NET (NON ÉLEVÉS AU PIS),686.1,2,EUR/100 kg net,COT-VRO-veaux_bouch_non_pis-A23-S48.csv
2023,48,,2023-11-27,2023-12-03,PRIX MOYEN PONDERE AU 100KILO NET (ÉLEVÉS AU PIS),984.1,35.7,EUR/100 kg net,COT-VRO-veaux_bouch_pis-A23-S48.csv
2023,48,,2023-11-27,2023-12-03,PRIX MOYEN PONDERE AUX 100 KG VIF,691.4,2.2,EUR/100 kg vif,COT-VRO-veaux_bouch_synthese-A23-S48.csv
2023,48,,2023-11-27,2023-12-03,PRIX MOYEN PONDERE AUX 100 KG NET DES VEAUX CLAIRS,742.9,2.9,EUR/100 kg net,COT-VRO-veaux_bouch_synthese-A23-S48.csv
2023,49,,2023-12-04,2023-12-10,ENTREE ABATTOIR,7.04,0.13,EUR/kg carcasse,COT-VRO-veaux_PMP-A23-S49.csv
2023,49,,2023-12-04,2023-12-10,NON ELEVES AU PIS,6.95,0.09,EUR/kg carcasse,COT-VRO-veaux_PMP-A23-S49.csv
2023,49,,2023-12-04,2023-12-10,ELEVES AU PIS,10.33,0.49,EUR/kg carcasse,COT-VRO-veaux_PMP-A23-S49.csv
2023,49,,2023-12-04,2023-12-10,PRIX MOYEN PONDERE AU 100KILO NET (NON ÉLEVÉS AU PIS),695.3,9.2,EUR/100 kg net,COT-VRO-veaux_bouch_non_pis-A23-S49.csv
2023,49,,2023-12-04,2023-12-10,PRIX MOYEN PONDERE AU 100KILO NET (ÉLEVÉS AU PIS),1033.1,49,EUR/100 kg net,COT-VRO-veaux_bouch_pis-A23-S49.csv
2023,49,,2023-12-04,2023-12-10,PRIX MOYEN PONDERE AUX 100 KG VIF,703.8,12.4,EUR/100 kg vif,COT-VRO-veaux_bouch_synthese-A23-S49.csv
2023,49,,2023-12-04,2023-12-10,PRIX MOYEN PONDERE AUX 100 KG NET DES VEAUX CLAIRS,754.3,11.4,EUR/100 kg net,COT-VRO-veaux_bouch_synthese-A23-S49.csv
2023,50,,2023-12-11,2023-12-17,ENTREE ABATTOIR,7.02,-0.02,EUR/kg carcasse,COT-VRO-veaux_PMP-A23-S50.csv
2023,50,,2023-12-11,2023-12-17,NON ELEVES AU PIS,6.96,0.01,EUR/kg carcasse,COT-VRO-veaux_PMP-A23-S50.csv
2023,50,,2023-12-11,2023-12-17,ELEVES AU PIS,9.89,-0.44,EUR/kg carcasse,COT-VRO-veaux_PMP-A23-S50.csv
2023,50,,2023-12-11,2023-12-17,PRIX MOYEN PONDERE AU 100KILO NET (NON ÉLEVÉS AU PIS),695.5,0.2,EUR/100 kg net,COT-VRO-veaux_bouch_non_pis-A23-S50.csv
2023,50,,2023-12-11,2023-12-17,PRIX MOYEN PONDERE AU 100KILO NET (ÉLEVÉS AU PIS),988.8,-44.3,EUR/100 kg net,COT-VRO-veaux_bouch_pis-A23-S50.csv
2023,50,,2023-12-11,2023-12-17,PRIX MOYEN PONDERE AUX 100 KG VIF,702.3,-1.5,EUR/100 kg vif,COT-VRO-veaux_bouch_synthese-A23-S50.csv
2023,50,,2023-12-11,2023-12-17,PRIX MOYEN PONDERE AUX 100 KG NET DES VEAUX CLAIRS,754.9,0.6,EUR/100 kg net,COT-VRO-veaux_bouch_synthese-A23-S50.csv
2023,51,,2023-12-18,2023-12-24,ENTREE ABATTOIR,7.03,0.01,EUR/kg carcasse,COT-VRO-veaux_PMP-A23-S51.csv
2023,51,,2023-12-18,2023-12-24,NON ELEVES AU PIS,6.96,0,EUR/kg carcasse,COT-VRO-veaux_PMP-A23-S51.csv
2023,51,,2023-12-18,2023-12-24,ELEVES AU PIS,9.84,-0.05,EUR/kg carcasse,COT-VRO-veaux_PMP-A23-S51.csv
2023,51,,2023-12-18,2023-12-24,PRIX MOYEN PONDERE AU 100KILO NET (NON ÉLEVÉS AU PIS),695.5,0,EUR/100 kg net,COT-VRO-veaux_bouch_non_pis-A23-S51.csv
2023,51,,2023-12-18,2023-12-24,PRIX MOYEN PONDERE AU 100KILO NET (ÉLEVÉS AU PIS),983.8,-5,EUR/100 kg net,COT-VRO-veaux_bouch_pis-A23-S51.csv
2023,51,,2023-12-18,2023-12-24,PRIX MOYEN PONDERE AUX 100 KG VIF,703.4,1.1,EUR/100 kg vif,COT-VRO-veaux_bouch_synthese-A23-S51.csv
2023,51,,2023-12-18,2023-12-24,PRIX MOYEN PONDERE AUX 100 KG NET DES VEAUX CLAIRS,756.6,1.7,EUR/100 kg net,COT-VRO-veaux_bouch_synthese-A23-S51.csv
2023,52,,2023-12-25,2023-12-31,ENTREE ABATTOIR,7.06,0.03,EUR/kg carcasse,COT-VRO-veaux_PMP-A23-S52.csv
2023,52,,2023-12-25,2023-12-31,NON ELEVES AU PIS,6.99,0.03,EUR/kg carcasse,COT-VRO-veaux_PMP-A23-S52.csv
2023,52,,2023-12-25,2023-12-31,ELEVES AU PIS,9.98,0.14,EUR/kg carcasse,COT-VRO-veaux_PMP-A23-S52.csv
2023,52,,2023-12-25,2023-12-31,PRIX MOYEN PONDERE AU 100KILO NET (NON ÉLEVÉS AU PIS),698.5,3,EUR/100 kg net,COT-VRO-veaux_bouch_non_pis-A23-S52.csv
2023,52,,2023-12-25,2023-12-31,PRIX MOYEN PONDERE AU 100KILO NET (ÉLEVÉS AU PIS),998.3,14.5,EUR/100 kg net,COT-VRO-veaux_bouch_pis-A23-S52.csv
2023,52,,2023-12-25,2023-12-31,PRIX MOYEN PONDERE AUX 100 KG VIF,705.5,2.1,EUR/100 kg vif,COT-VRO-veaux_bouch_synthese-A23-S52.csv
2023,52,,2023-12-25,2023-12-31,PRIX MOYEN PONDERE AUX 100 KG NET DES VEAUX CLAIRS,754.2,-2.4,EUR/100 kg net,COT-VRO-veaux_bouch_synthese-A23-S52.csv
2024,1,,2024-01-01,2024-01-07,ENTREE ABATTOIR,7,-0.06,EUR/kg carcasse,COT-VRO-veaux_PMP-A24-S01.csv
2024,1,,2024-01-01,2024-01-07,NON ELEVES AU PIS,6.99,0,EUR/kg carcasse,COT-VRO-veaux_PMP-A24-S01.csv
2024,1,,2024-01-01,2024-01-07,ELEVES AU PIS,10.12,0.14,EUR/kg carcasse,COT-VRO-veaux_PMP-A24-S01.csv
2024,1,,2024-01-01,2024-01-07,PRIX MOYEN PONDERE AU 100KILO NET (NON ÉLEVÉS AU PIS),699,0.5,EUR/100 kg net,COT-VRO-veaux_bouch_non_pis-A24-S01.csv
2024,1,,2024-01-01,2024-01-07,PRIX MOYEN PONDERE AU 100KILO NET (ÉLEVÉS AU PIS),1012,13.7,EUR/100 kg net,COT-VRO-veaux_bouch_pis-A24-S01.csv
2024,1,,2024-01-01,2024-01-07,PRIX MOYEN PONDERE AUX 100 KG VIF,699.9,-5.6,EUR/100 kg vif,COT-VRO-veaux_bouch_synthese-A24-S01.csv
2024,1,,2024-01-01,2024-01-07,PRIX MOYEN PONDERE AUX 100 KG NET DES VEAUX CLAIRS,751.7,-2.5,EUR/100 kg net,COT-VRO-veaux_bouch_synthese-A24-S01.csv
2024,2,,2024-01-08,2024-01-14,ENTREE ABATTOIR,7.1,0.1,EUR/kg carcasse,COT-VRO-veaux_PMP-A24-S02.csv
2024,2,,2024-01-08,2024-01-14,NON ELEVES AU PIS,7.02,0.03,EUR/kg carcasse,COT-VRO-veaux_PMP-A24-S02.csv
2024,2,,2024-01-08,2024-01-14,ELEVES AU PIS,10.13,0.01,EUR/kg carcasse,COT-VRO-veaux_PMP-A24-S02.csv
2024,2,,2024-01-08,2024-01-14,PRIX MOYEN PONDERE AU 100KILO NET (NON ÉLEVÉS AU PIS),701.8,2.8,EUR/100 kg net,COT-VRO-veaux_bouch_non_pis-A24-S02.csv
2024,2,,2024-01-08,2024-01-14,PRIX MOYEN PONDERE AU 100KILO NET (ÉLEVÉS AU PIS),1013,1,EUR/100 kg net,COT-VRO-veaux_bouch_pis-A24-S02.csv
2024,2,,2024-01-08,2024-01-14,PRIX MOYEN PONDERE AUX 100 KG VIF,710.1,10.2,EUR/100 kg vif,COT-VRO-veaux_bouch_synthese-A24-S02.csv
2024,2,,2024-01-08,2024-01-14,PRIX MOYEN PONDERE AUX 100 KG NET DES VEAUX CLAIRS,756.4,4.7,EUR/100 kg net,COT-VRO-veaux_bouch_synthese-A24-S02.csv
2024,3,,2024-01-15,2024-01-21,ENTREE ABATTOIR,7.09,-0.01,EUR/kg carcasse,COT-VRO-veaux_PMP-A24-S03.csv
2024,3,,2024-01-15,2024-01-21,NON ELEVES AU PIS,7.06,0.04,EUR/kg carcasse,COT-VRO-veaux_PMP-A24-S03.csv
2024,3,,2024-01-15,2024-01-21,ELEVES AU PIS,10.07,-0.06,EUR/kg carcasse,COT-VRO-veaux_PMP-A24-S03.csv
2024,3,,2024-01-15,2024-01-21,PRIX MOYEN PONDERE AU 100KILO NET (NON ÉLEVÉS AU PIS),705.7,3.9,EUR/100 kg net,COT-VRO-veaux_bouch_non_pis-A24-S03.csv
2024,3,,2024-01-15,2024-01-21,PRIX MOYEN PONDERE AU 100KILO NET (ÉLEVÉS AU PIS),1006.8,-6.2,EUR/100 kg net,COT-VRO-veaux_bouch_pis-A24-S03.csv
2024,3,,2024-01-15,2024-01-21,PRIX MOYEN PONDERE AUX 100 KG VIF,708.9,-1.2,EUR/100 kg vif,COT-VRO-veaux_bouch_synthese-A24-S03.csv
2024,3,,2024-01-15,2024-01-21,PRIX MOYEN PONDERE AUX 100 KG NET DES VEAUX CLAIRS,755.7,-0.7,EUR/100 kg net,COT-VRO-veaux_bouch_synthese-A24-S03.csv
2024,4,,2024-01-22,2024-01-28,ENTREE ABATTOIR,7,-0.09,EUR/kg carcasse,COT-VRO-veaux_PMP-A24-S04.csv
2024,4,,2024-01-22,2024-01-28,NON ELEVES AU PIS,6.99,-0.07,EUR/kg carcasse,COT-VRO-veaux_PMP-A24-S04.csv
2024,4,,2024-01-22,2024-01-28,ELEVES AU PIS,9.83,-0.24,EUR/kg carcasse,COT-VRO-veaux_PMP-A24-S04.csv
2024,4,,2024-01-22,2024-01-28,PRIX MOYEN PONDERE AU 100KILO NET (NON ÉLEVÉS AU PIS),699.1,-6.6,EUR/100 kg net,COT-VRO-veaux_bouch_non_pis-A24-S04.csv
2024,4,,2024-01-22,2024-01-28,PRIX MOYEN PONDERE AU 100KILO NET (ÉLEVÉS AU PIS),982.7,-24.1,EUR/100 kg net,COT-VRO-veaux_bouch_pis-A24-S04.csv
2024,4,,2024-01-22,2024-01-28,PRIX MOYEN PONDERE AUX 100 KG VIF,699.5,-9.4,EUR/100 kg vif,COT-VRO-veaux_bouch_synthese-A24-S04.csv
2024,4,,2024-01-22,2024-01-28,PRIX MOYEN PONDERE AUX 100 KG NET DES VEAUX CLAIRS,752.9,-2.8,EUR/100 kg net,COT-VRO-veaux_bouch_synthese-A24-S04.csv
2024,5,,2024-01-29,2024-02-04,ENTREE ABATTOIR,7.04,0.04,EUR/kg carcasse,COT-VRO-veaux_PMP-A24-S05.csv
2024,5,,2024-01-29,2024-02-04,NON ELEVES AU PIS,7.05,0.06,EUR/kg carcasse,COT-VRO-veaux_PMP-A24-S05.csv
2024,5,,2024-01-29,2024-02-04,ELEVES AU PIS,9.98,0.15,EUR/kg carcasse,COT-VRO-veaux_PMP-A24-S05.csv
2024,5,,2024-01-29,2024-02-04,PRIX MOYEN PONDERE AU 100KILO NET (NON ÉLEVÉS AU PIS),704.8,5.7,EUR/100 kg net,COT-VRO-veaux_bouch_non_pis-A24-S05.csv
2024,5,,2024-01-29,2024-02-04,PRIX MOYEN PONDERE AU 100KILO NET (ÉLEVÉS AU PIS),998,15.3,EUR/100 kg net,COT-VRO-veaux_bouch_pis-A24-S05.csv
2024,5,,2024-01-29,2024-02-04,PRIX MOYEN PONDERE AUX 100 KG VIF,704.1,4.6,EUR/100 kg vif,COT-VRO-veaux_bouch_synthese-A24-S05.csv
2024,5,,2024-01-29,2024-02-04,PRIX MOYEN PONDERE AUX 100 KG NET DES VEAUX CLAIRS,750.5,-2.4,EUR/100 kg net,COT-VRO-veaux_bouch_synthese-A24-S05.csv
2024,6,,2024-02-05,2024-02-11,ENTREE ABATTOIR,7.06,0.02,EUR/kg carcasse,COT-VRO-veaux_PMP-A24-S06.csv
2024,6,,2024-02-05,2024-02-11,NON ELEVES AU PIS,7.02,-0.03,EUR/kg carcasse,COT-VRO-veaux_PMP-A24-S06.csv
2024,6,,2024-02-05,2024-02-11,ELEVES AU PIS,9.81,-0.17,EUR/kg carcasse,COT-VRO-veaux_PMP-A24-S06.csv
2024,6,,2024-02-05,2024-02-11,PRIX MOYEN PONDERE AU 100KILO NET (NON ÉLEVÉS AU PIS),702,-2.8,EUR/100 kg net,COT-VRO-veaux_bouch_non_pis-A24-S06.csv
2024,6,,2024-02-05,2024-02-11,PRIX MOYEN PONDERE AU 100KILO NET (ÉLEVÉS AU PIS),980.8,-17.2,EUR/100 kg net,COT-VRO-veaux_bouch_pis-A24-S06.csv
2024,6,,2024-02-05,2024-02-11,PRIX MOYEN PONDERE AUX 100 KG VIF,706.2,2.1,EUR/100 kg vif,COT-VRO-veaux_bouch_synthese-A24-S06.csv
2024,6,,2024-02-05,2024-02-11,PRIX MOYEN PONDERE AUX 100 KG NET DES VEAUX CLAIRS,754.2,3.7,EUR/100 kg net,COT-VRO-veaux_bouch_synthese-A24-S06.csv
2024,7,,2024-02-12,2024-02-18,ENTREE ABATTOIR,6.99,-0.07,EUR/kg carcasse,COT-VRO-veaux_PMP-A24-S07.csv
2024,7,,2024-02-12,2024-02-18,NON ELEVES AU PIS,6.96,-0.06,EUR/kg carcasse,COT-VRO-veaux_PMP-A24-S07.csv
2024,7,,2024-02-12,2024-02-18,ELEVES AU PIS,9.91,0.1,EUR/kg carcasse,COT-VRO-veaux_PMP-A24-S07.csv
2024,7,,2024-02-12,2024-02-18,PRIX MOYEN PONDERE AU 100KILO NET (NON ÉLEVÉS AU PIS),695.8,-6.2,EUR/100 kg net,COT-VRO-veaux_bouch_non_pis-A24-S07.csv
2024,7,,2024-02-12,2024-02-18,PRIX MOYEN PONDERE AU 100KILO NET (ÉLEVÉS AU PIS),990.9,10.1,EUR/100 kg net,COT-VRO-veaux_bouch_pis-A24-S07.csv
2024,7,,2024-02-12,2024-02-18,PRIX MOYEN PONDERE AUX 100 KG VIF,698.6,-7.6,EUR/100 kg vif,COT-VRO-veaux_bouch_synthese-A24-S07.csv
2024,7,,2024-02-12,2024-02-18,PRIX MOYEN PONDERE AUX 100 KG NET DES VEAUX CLAIRS,758.8,4.6,EUR/100 kg net,COT-VRO-veaux_bouch_synthese-A24-S07.csv
2024,8,,2024-02-19,2024-02-25,ENTREE ABATTOIR,7.02,0.03,EUR/kg carcasse,COT-VRO-veaux_PMP-A24-S08.csv
2024,8,,2024-02-19,2024-02-25,NON ELEVES AU PIS,7.03,0.07,EUR/kg carcasse,COT-VRO-veaux_PMP-A24-S08.csv
2024,8,,2024-02-19,2024-02-25,ELEVES AU PIS,10.03,0.12,EUR/kg carcasse,COT-VRO-veaux_PMP-A24-S08.csv
2024,8,,2024-02-19,2024-02-25,PRIX MOYEN PONDERE AU 100KILO NET (NON ÉLEVÉS AU PIS),702.8,7,EUR/100 kg net,COT-VRO-veaux_bouch_non_pis-A24-S08.csv
2024,8,,2024-02-19,2024-02-25,PRIX MOYEN PONDERE AU 100KILO NET (ÉLEVÉS AU PIS),1003.2,12.3,EUR/100 kg net,COT-VRO-veaux_bouch_pis-A24-S08.csv
2024,8,,2024-02-19,2024-02-25,PRIX MOYEN PONDERE AUX 100 KG VIF,702.1,3.5,EUR/100 kg vif,COT-VRO-veaux_bouch_synthese-A24-S08.csv
2024,8,,2024-02-19,2024-02-25,PRIX MOYEN PONDERE AUX 100 KG NET DES VEAUX CLAIRS,755.8,-3,EUR/100 kg net,COT-VRO-veaux_bouch_synthese-A24-S08.csv
2024,9,,2024-02-26,2024-03-03,ENTREE ABATTOIR,7.08,0.06,EUR/kg carcasse,COT-VRO-veaux_PMP-A24-S09.csv
2024,9,,2024-02-26,2024-03-03,NON ELEVES AU PIS,7.04,0.01,EUR/kg carcasse,COT-VRO-veaux_PMP-A24-S09.csv
2024,9,,2024-02-26,2024-03-03,ELEVES AU PIS,9.9,-0.13,EUR/kg carcasse,COT-VRO-veaux_PMP-A24-S09.csv
2024,9,,2024-02-26,2024-03-03,PRIX MOYEN PONDERE AU 100KILO NET (NON ÉLEVÉS AU PIS),704.4,1.6,EUR/100 kg net,COT-VRO-veaux_bouch_non_pis-A24-S09.csv
2024,9,,2024-02-26,2024-03-03,PRIX MOYEN PONDERE AU 100KILO NET (ÉLEVÉS AU PIS),989.7,-13.5,EUR/100 kg net,COT-VRO-veaux_bouch_pis-A24-S09.csv
2024,9,,2024-02-26,2024-03-03,PRIX MOYEN PONDERE AUX 100 KG VIF,708.3,6.2,EUR/100 kg vif,COT-VRO-veaux_bouch_synthese-A24-S09.csv
2024,9,,2024-02-26,2024-03-03,PRIX MOYEN PONDERE AUX 100 KG NET DES VEAUX CLAIRS,751.4,-4.4,EUR/100 kg net,COT-VRO-veaux_bouch_synthese-A24-S09.csv
2024,10,,2024-03-04,2024-03-10,ENTREE ABATTOIR,7,-0.08,EUR/kg carcasse,COT-VRO-veaux_PMP-A24-S10.csv
2024,10,,2024-03-04,2024-03-10,NON ELEVES AU PIS,6.97,-0.07,EUR/kg carcasse,COT-VRO-veaux_PMP-A24-S10.csv
2024,10,,2024-03-04,2024-03-10,ELEVES AU PIS,9.94,0.04,EUR/kg carcasse,COT-VRO-veaux_PMP-A24-S10.csv
2024,10,,2024-03-04,2024-03-10,PRIX MOYEN PONDERE AU 100KILO NET (NON ÉLEVÉS AU PIS),696.6,-7.8,EUR/100 kg net,COT-VRO-veaux_bouch_non_pis-A24-S10.csv
2024,10,,2024-03-04,2024-03-10,PRIX MOYEN PONDERE AU 100KILO NET (ÉLEVÉS AU PIS),993.8,4.1,EUR/100 kg net,COT-VRO-veaux_bouch_pis-A24-S10.csv
2024,10,,2024-03-04,2024-03-10,PRIX MOYEN PONDERE AUX 100 KG VIF,700.4,-7.9,EUR/100 kg vif,COT-VRO-veaux_bouch_synthese-A24-S10.csv
2024,10,,2024-03-04,2024-03-10,PRIX MOYEN PONDERE AUX 100 KG NET DES VEAUX CLAIRS,751.9,0.5,EUR/100 kg net,COT-VRO-veaux_bouch_synthese-A24-S10.csv
2024,11,,2024-03-11,2024-03-17,ENTREE ABATTOIR,7.09,0.09,EUR/kg carcasse,COT-VRO-veaux_PMP-A24-S11.csv
2024,11,,2024-03-11,2024-03-17,NON ELEVES AU PIS,7.01,0.04,EUR/kg carcasse,COT-VRO-veaux_PMP-A24-S11.csv
2024,11,,2024-03-11,2024-03-17,ELEVES AU PIS,9.83,-0.11,EUR/kg carcasse,COT-VRO-veaux_PMP-A24-S11.csv
2024,11,,2024-03-11,2024-03-17,PRIX MOYEN PONDERE AU 100KILO NET (NON ÉLEVÉS AU PIS),701.4,4.8,EUR/100 kg net,COT-VRO-veaux_bouch_non_pis-A24-S11.csv
2024,11,,2024-03-11,2024-03-17,PRIX MOYEN PONDERE AU 100KILO NET (ÉLEVÉS AU PIS),982.5,-11.3,EUR/100 kg net,COT-VRO-veaux_bouch_pis-A24-S11.csv
2024,11,,2024-03-11,2024-03-17,PRIX MOYEN PONDERE AUX 100 KG VIF,708.6,8.2,EUR/100 kg vif,COT-VRO-veaux_bouch_synthese-A24-S11.csv
2024,11,,2024-03-11,2024-03-17,PRIX MOYEN PONDERE AUX 100 KG NET DES VEAUX CLAIRS,752.7,0.8,EUR/100 kg net,COT-VRO-veaux_bouch_synthese-A24-S11.csv
2024,12,,2024-03-18,2024-03-24,ENTREE ABATTOIR,7.04,-0.05,EUR/kg carcasse,COT-VRO-veaux_PMP-A24-S12.csv
2024,12,,2024-03-18,2024-03-24,NON ELEVES AU PIS,6.96,-0.05,EUR/kg carcasse,COT-VRO-veaux_PMP-A24-S12.csv
2024,12,,2024-03-18,2024-03-24,ELEVES AU PIS,10.26,0.43,EUR/kg carcasse,COT-VRO-veaux_PMP-A24-S12.csv
2024,12,,2024-03-18,2024-03-24,PRIX MOYEN PONDERE AU 100KILO NET (NON ÉLEVÉS AU PIS),696,-5.4,EUR/100 kg net,COT-VRO-veaux_bouch_non_pis-A24-S12.csv
2024,12,,2024-03-18,2024-03-24,PRIX MOYEN PONDERE AU 100KILO NET (ÉLEVÉS AU PIS),1025.9,43.4,EUR/100 kg net,COT-VRO-veaux_bouch_pis-A24-S12.csv
2024,12,,2024-03-18,2024-03-24,PRIX MOYEN PONDERE AUX 100 KG VIF,703.5,-5.1,EUR/100 kg vif,COT-VRO-veaux_bouch_synthese-A24-S12.csv
2024,12,,2024-03-18,2024-03-24,PRIX MOYEN PONDERE AUX 100 KG NET DES VEAUX CLAIRS,753.7,1,EUR/100 kg net,COT-VRO-veaux_bouch_synthese-A24-S12.csv
2024,13,,2024-03-25,2024-03-31,ENTREE ABATTOIR,7,-0.04,EUR/kg carcasse,COT-VRO-veaux_PMP-A24-S13.csv
2024,13,,2024-03-25,2024-03-31,NON ELEVES AU PIS,6.94,-0.02,EUR/kg carcasse,COT-VRO-veaux_PMP-A24-S13.csv
2024,13,,2024-03-25,2024-03-31,ELEVES AU PIS,9.92,-0.34,EUR/kg carcasse,COT-VRO-veaux_PMP-A24-S13.csv
2024,13,,2024-03-25,2024-03-31,PRIX MOYEN PONDERE AU 100KILO NET (NON ÉLEVÉS AU PIS),693.5,-2.5,EUR/100 kg net,COT-VRO-veaux_bouch_non_pis-A24-S13.csv
2024,13,,2024-03-25,2024-03-31,PRIX MOYEN PONDERE AU 100KILO NET (ÉLEVÉS AU PIS),992.2,-33.7,EUR/100 kg net,COT-VRO-veaux_bouch_pis-A24-S13.csv
2024,13,,2024-03-25,2024-03-31,PRIX MOYEN PONDERE AUX 100 KG VIF,699.5,-4,EUR/100 kg vif,COT-VRO-veaux_bouch_synthese-A24-S13.csv
2024,13,,2024-03-25,2024-03-31,PRIX MOYEN PONDERE AUX 100 KG NET DES VEAUX CLAIRS,751.3,-2.4,EUR/100 kg net,COT-VRO-veaux_bouch_synthese-A24-S13.csv
2024,14,,2024-04-01,2024-04-07,ENTREE ABATTOIR,6.97,-0.03,EUR/kg carcasse,COT-VRO-veaux_PMP-A24-S14.csv
2024,14,,2024-04-01,2024-04-07,NON ELEVES AU PIS,6.96,0.02,EUR/kg carcasse,COT-VRO-veaux_PMP-A24-S14.csv
2024,14,,2024-04-01,2024-04-07,ELEVES AU PIS,10,0.08,EUR/kg carcasse,COT-VRO-veaux_PMP-A24-S14.csv
2024,14,,2024-04-01,2024-04-07,PRIX MOYEN PONDERE AU 100KILO NET (NON ÉLEVÉS AU PIS),696.3,2.8,EUR/100 kg net,COT-VRO-veaux_bouch_non_pis-A24-S14.csv
2024,14,,2024-04-01,2024-04-07,PRIX MOYEN PONDERE AU 100KILO NET (ÉLEVÉS AU PIS),1000.1,7.9,EUR/100 kg net,COT-VRO-veaux_bouch_pis-A24-S14.csv
2024,14,,2024-04-01,2024-04-07,PRIX MOYEN PONDERE AUX 100 KG VIF,697.1,-2.4,EUR/100 kg vif,COT-VRO-veaux_bouch_synthese-A24-S14.csv
2024,14,,2024-04-01,2024-04-07,PRIX MOYEN PONDERE AUX 100 KG NET DES VEAUX CLAIRS,746.3,-5,EUR/100 kg net,COT-VRO-veaux_bouch_synthese-A24-S14.csv
2024,15,,2024-04-08,2024-04-14,ENTREE ABATTOIR,6.98,0.01,EUR/kg carcasse,COT-VRO-veaux_PMP-A24-S15.csv
2024,15,,2024-04-08,2024-04-14,NON ELEVES AU PIS,6.99,0.03,EUR/kg carcasse,COT-VRO-veaux_PMP-A24-S15.csv
2024,15,,2024-04-08,2024-04-14,ELEVES AU PIS,9.84,-0.16,EUR/kg carcasse,COT-VRO-veaux_PMP-A24-S15.csv
2024,15,,2024-04-08,2024-04-14,PRIX MOYEN PONDERE AU 100KILO NET (NON ÉLEVÉS AU PIS),698.5,2.2,EUR/100 kg net,COT-VRO-veaux_bouch_non_pis-A24-S15.csv
2024,15,,2024-04-08,2024-04-14,PRIX MOYEN PONDERE AU 100KILO NET (ÉLEVÉS AU PIS),983.6,-16.5,EUR/100 kg net,COT-VRO-veaux_bouch_pis-A24-S15.csv
2024,15,,2024-04-08,2024-04-14,PRIX MOYEN PONDERE AUX 100 KG VIF,698.4,1.3,EUR/100 kg vif,COT-VRO-veaux_bouch_synthese-A24-S15.csv
2024,15,,2024-04-08,2024-04-14,PRIX MOYEN PONDERE AUX 100 KG NET DES VEAUX CLAIRS,744.4,-1.9,EUR/100 kg net,COT-VRO-veaux_bouch_synthese-A24-S15.csv
2024,16,,2024-04-15,2024-04-21,ENTREE ABATTOIR,6.99,0.01,EUR/kg carcasse,COT-VRO-veaux_PMP-A24-S16.csv
2024,16,,2024-04-15,2024-04-21,NON ELEVES AU PIS,6.93,-0.06,EUR/kg carcasse,COT-VRO-veaux_PMP-A24-S16.csv
2024,16,,2024-04-15,2024-04-21,ELEVES AU PIS,9.74,-0.1,EUR/kg carcasse,COT-VRO-veaux_PMP-A24-S16.csv
2024,16,,2024-04-15,2024-04-21,PRIX MOYEN PONDERE AU 100KILO NET (NON ÉLEVÉS AU PIS),693.2,-5.3,EUR/100 kg net,COT-VRO-veaux_bouch_non_pis-A24-S16.csv
2024,16,,2024-04-15,2024-04-21,PRIX MOYEN PONDERE AU 100KILO NET (ÉLEVÉS AU PIS),973.5,-10.1,EUR/100 kg net,COT-VRO-veaux_bouch_pis-A24-S16.csv
2024,16,,2024-04-15,2024-04-21,PRIX MOYEN PONDERE AUX 100 KG VIF,699.4,1,EUR/100 kg vif,COT-VRO-veaux_bouch_synthese-A24-S16.csv
2024,16,,2024-04-15,2024-04-21,PRIX MOYEN PONDERE AUX 100 KG NET DES VEAUX CLAIRS,744.1,-0.3,EUR/100 kg net,COT-VRO-veaux_bouch_synthese-A24-S16.csv
2024,17,,2024-04-22,2024-04-28,ENTREE ABATTOIR,6.94,-0.05,EUR/kg carcasse,COT-VRO-veaux_PMP-A24-S17.csv
2024,17,,2024-04-22,2024-04-28,NON ELEVES AU PIS,6.89,-0.04,EUR/kg carcasse,COT-VRO-veaux_PMP-A24-S17.csv
2024,17,,2024-04-22,2024-04-28,ELEVES AU PIS,9.62,-0.12,EUR/kg carcasse,COT-VRO-veaux_PMP-A24-S17.csv
2024,17,,2024-04-22,2024-04-28,PRIX MOYEN PONDERE AU 100KILO NET (NON ÉLEVÉS AU PIS),689.1,-4.1,EUR/100 kg net,COT-VRO-veaux_bouch_non_pis-A24-S17.csv
2024,17,,2024-04-22,2024-04-28,PRIX MOYEN PONDERE AU 100KILO NET (ÉLEVÉS AU PIS),961.7,-11.8,EUR/100 kg net,COT-VRO-veaux_bouch_pis-A24-S17.csv
2024,17,,2024-04-22,2024-04-28,PRIX MOYEN PONDERE AUX 100 KG VIF,693.5,-5.9,EUR/100 kg vif,COT-VRO-veaux_bouch_synthese-A24-S17.csv
2024,17,,2024-04-22,2024-04-28,PRIX MOYEN PONDERE AUX 100 KG NET DES VEAUX CLAIRS,741.4,-2.7,EUR/100 kg net,COT-VRO-veaux_bouch_synthese-A24-S17.csv
2024,18,,2024-04-29,2024-05-05,ENTREE ABATTOIR,6.95,0.01,EUR/kg carcasse,COT-VRO-veaux_PMP-A24-S18.csv
2024,18,,2024-04-29,2024-05-05,NON ELEVES AU PIS,6.92,0.03,EUR/kg carcasse,COT-VRO-veaux_PMP-A24-S18.csv
2024,18,,2024-04-29,2024-05-05,ELEVES AU PIS,9.9,0.28,EUR/kg carcasse,COT-VRO-veaux_PMP-A24-S18.csv
2024,18,,2024-04-29,2024-05-05,PRIX MOYEN PONDERE AU 100KILO NET (NON ÉLEVÉS AU PIS),691.7,2.6,EUR/100 kg net,COT-VRO-veaux_bouch_non_pis-A24-S18.csv
2024,18,,2024-04-29,2024-05-05,PRIX MOYEN PONDERE AU 100KILO NET (ÉLEVÉS AU PIS),989.6,27.9,EUR/100 kg net,COT-VRO-veaux_bouch_pis-A24-S18.csv
2024,18,,2024-04-29,2024-05-05,PRIX MOYEN PONDERE AUX 100 KG VIF,694.8,1.3,EUR/100 kg vif,COT-VRO-veaux_bouch_synthese-A24-S18.csv
2024,18,,2024-04-29,2024-05-05,PRIX MOYEN PONDERE AUX 100 KG NET DES VEAUX CLAIRS,739.3,-2.1,EUR/100 kg net,COT-VRO-veaux_bouch_synthese-A24-S18.csv
2024,19,,2024-05-06,2024-05-12,ENTREE ABATTOIR,6.98,0.03,EUR/kg carcasse,COT-VRO-veaux_PMP-A24-S19.csv
2024,19,,2024-05-06,2024-05-12,NON ELEVES AU PIS,6.93,0.01,EUR/kg carcasse,COT-VRO-veaux_PMP-A24-S19.csv
2024,19,,2024-05-06,2024-05-12,ELEVES AU PIS,9.86,-0.04,EUR/kg carcasse,COT-VRO-veaux_PMP-A24-S19.csv
2024,19,,2024-05-06,2024-05-12,PRIX MOYEN PONDERE AU 100KILO NET (NON ÉLEVÉS AU PIS),693.2,1.5,EUR/100 kg net,COT-VRO-veaux_bouch_non_pis-A24-S19.csv
2024,19,,2024-05-06,2024-05-12,PRIX MOYEN PONDERE AU 100KILO NET (ÉLEVÉS AU PIS),985.7,-3.9,EUR/100 kg net,COT-VRO-veaux_bouch_pis-A24-S19.csv
2024,19,,2024-05-06,2024-05-12,PRIX MOYEN PONDERE AUX 100 KG VIF,698.2,3.4,EUR/100 kg vif,COT-VRO-veaux_bouch_synthese-A24-S19.csv
2024,19,,2024-05-06,2024-05-12,PRIX MOYEN PONDERE AUX 100 KG NET DES VEAUX CLAIRS,737.5,-1.8,EUR/100 kg net,COT-VRO-veaux_bouch_synthese-A24-S19.csv
2024,20,,2024-05-13,2024-05-19,ENTREE ABATTOIR,6.94,-0.04,EUR/kg carcasse,COT-VRO-veaux_PMP-A24-S20.csv
2024,20,,2024-05-13,2024-05-19,NON ELEVES AU PIS,6.9,-0.03,EUR/kg carcasse,COT-VRO-veaux_PMP-A24-S20.csv
2024,20,,2024-05-13,2024-05-19,ELEVES AU PIS,9.9,0.04,EUR/kg carcasse,COT-VRO-veaux_PMP-A24-S20.csv
2024,20,,2024-05-13,2024-05-19,PRIX MOYEN PONDERE AU 100KILO NET (NON ÉLEVÉS AU PIS),689.8,-3.4,EUR/100 kg net,COT-VRO-veaux_bouch_non_pis-A24-S20.csv
2024,20,,2024-05-13,2024-05-19,PRIX MOYEN PONDERE AU 100KILO NET (ÉLEVÉS AU PIS),989.9,4.2,EUR/100 kg net,COT-VRO-veaux_bouch_pis-A24-S20.csv
2024,20,,2024-05-13,2024-05-19,PRIX MOYEN PONDERE AUX 100 KG VIF,694.1,-4.1,EUR/100 kg vif,COT-VRO-veaux_bouch_synthese-A24-S20.csv
2024,20,,2024-05-13,2024-05-19,PRIX MOYEN PONDERE AUX 100 KG NET DES VEAUX CLAIRS,739,1.5,EUR/100 kg net,COT-VRO-veaux_bouch_synthese-A24-S20.csv
2024,21,,2024-05-20,2024-05-26,ENTREE ABATTOIR,6.91,-0.03,EUR/kg carcasse,COT-VRO-veaux_PMP-A24-S21.csv
2024,21,,2024-05-20,2024-05-26,NON ELEVES AU PIS,6.83,-0.07,EUR/kg carcasse,COT-VRO-veaux_PMP-A24-S21.csv
2024,21,,2024-05-20,2024-05-26,ELEVES AU PIS,9.79,-0.11,EUR/kg carcasse,COT-VRO-veaux_PMP-A24-S21.csv
2024,21,,2024-05-20,2024-05-26,PRIX MOYEN PONDERE AU 100KILO NET (NON ÉLEVÉS AU PIS),683.1,-6.7,EUR/100 kg net,COT-VRO-veaux_bouch_non_pis-A24-S21.csv
2024,21,,2024-05-20,2024-05-26,PRIX MOYEN PONDERE AU 100KILO NET (ÉLEVÉS AU PIS),979.3,-10.6,EUR/100 kg net,COT-VRO-veaux_bouch_pis-A24-S21.csv
2024,21,,2024-05-20,2024-05-26,PRIX MOYEN PONDERE AUX 100 KG VIF,690.5,-3.6,EUR/100 kg vif,COT-VRO-veaux_bouch_synthese-A24-S21.csv
2024,21,,2024-05-20,2024-05-26,PRIX MOYEN PONDERE AUX 100 KG NET DES VEAUX CLAIRS,738.8,-0.2,EUR/100 kg net,COT-VRO-veaux_bouch_synthese-A24-S21.csv
2024,22,,2024-05-27,2024-06-02,ENTREE ABATTOIR,6.88,-0.03,EUR/kg carcasse,COT-VRO-veaux_PMP-A24-S22.csv
2024,22,,2024-05-27,2024-06-02,NON ELEVES AU PIS,6.85,0.02,EUR/kg carcasse,COT-VRO-veaux_PMP-A24-S22.csv
2024,22,,2024-05-27,2024-06-02,ELEVES AU PIS,9.7,-0.09,EUR/kg carcasse,COT-VRO-veaux_PMP-A24-S22.csv
2024,22,,2024-05-27,2024-06-02,PRIX MOYEN PONDERE AU 100KILO NET (NON ÉLEVÉS AU PIS),685.2,2.1,EUR/100 kg net,COT-VRO-veaux_bouch_non_pis-A24-S22.csv
2024,22,,2024-05-27,2024-06-02,PRIX MOYEN PONDERE AU 100KILO NET (ÉLEVÉS AU PIS),969.7,-9.6,EUR/100 kg net,COT-VRO-veaux_bouch_pis-A24-S22.csv
2024,22,,2024-05-27,2024-06-02,PRIX MOYEN PONDERE AUX 100 KG VIF,688.1,-2.4,EUR/100 kg vif,COT-VRO-veaux_bouch_synthese-A24-S22.csv
2024,22,,2024-05-27,2024-06-02,PRIX MOYEN PONDERE AUX 100 KG NET DES VEAUX CLAIRS,734.2,-4.6,EUR/100 kg net,COT-VRO-veaux_bouch_synthese-A24-S22.csv
2024,23,,2024-06-03,2024-06-09,ENTREE ABATTOIR,6.7,-0.18,EUR/kg carcasse,COT-VRO-veaux_PMP-A24-S23.csv
2024,23,,2024-06-03,2024-06-09,NON ELEVES AU PIS,6.73,-0.12,EUR/kg carcasse,COT-VRO-veaux_PMP-A24-S23.csv
2024,23,,2024-06-03,2024-06-09,ELEVES AU PIS,9.74,0.04,EUR/kg carcasse,COT-VRO-veaux_PMP-A24-S23.csv
2024,23,,2024-06-03,2024-06-09,PRIX MOYEN PONDERE AU 100KILO NET (NON ÉLEVÉS AU PIS),673.2,-12,EUR/100 kg net,COT-VRO-veaux_bouch_non_pis-A24-S23.csv
2024,23,,2024-06-03,2024-06-09,PRIX MOYEN PONDERE AU 100KILO NET (ÉLEVÉS AU PIS),974.4,4.7,EUR/100 kg net,COT-VRO-veaux_bouch_pis-A24-S23.csv
2024,23,,2024-06-03,2024-06-09,PRIX MOYEN PONDERE AUX 100 KG VIF,669.8,-18.3,EUR/100 kg vif,COT-VRO-veaux_bouch_synthese-A24-S23.csv
2024,23,,2024-06-03,2024-06-09,PRIX MOYEN PONDERE AUX 100 KG NET DES VEAUX CLAIRS,718,-16.2,EUR/100 kg net,COT-VRO-veaux_bouch_synthese-A24-S23.csv
2024,24,,2024-06-10,2024-06-16,ENTREE ABATTOIR,6.8,0.1,EUR/kg carcasse,COT-VRO-veaux_PMP-A24-S24.csv
2024,24,,2024-06-10,2024-06-16,NON ELEVES AU PIS,6.73,0,EUR/kg carcasse,COT-VRO-veaux_PMP-A24-S24.csv
2024,24,,2024-06-10,2024-06-16,ELEVES AU PIS,9.75,0.01,EUR/kg carcasse,COT-VRO-veaux_PMP-A24-S24.csv
2024,24,,2024-06-10,2024-06-16,PRIX MOYEN PONDERE AU 100KILO NET (NON ÉLEVÉS AU PIS),673.4,0.2,EUR/100 kg net,COT-VRO-veaux_bouch_non_pis-A24-S24.csv
2024,24,,2024-06-10,2024-06-16,PRIX MOYEN PONDERE AU 100KILO NET (ÉLEVÉS AU PIS),974.9,0.5,EUR/100 kg net,COT-VRO-veaux_bouch_pis-A24-S24.csv
2024,24,,2024-06-10,2024-06-16,PRIX MOYEN PONDERE AUX 100 KG VIF,680.2,10.4,EUR/100 kg vif,COT-VRO-veaux_bouch_synthese-A24-S24.csv
2024,24,,2024-06-10,2024-06-16,PRIX MOYEN PONDERE AUX 100 KG NET DES VEAUX CLAIRS,726.9,8.9,EUR/100 kg net,COT-VRO-veaux_bouch_synthese-A24-S24.csv
2024,25,,2024-06-17,2024-06-23,ENTREE ABATTOIR,6.77,-0.03,EUR/kg carcasse,COT-VRO-veaux_PMP-A24-S25.csv
2024,25,,2024-06-17,2024-06-23,NON ELEVES AU PIS,6.7,-0.03,EUR/kg carcasse,COT-VRO-veaux_PMP-A24-S25.csv
2024,25,,2024-06-17,2024-06-23,ELEVES AU PIS,9.56,-0.19,EUR/kg carcasse,COT-VRO-veaux_PMP-A24-S25.csv
2024,25,,2024-06-17,2024-06-23,PRIX MOYEN PONDERE AU 100KILO NET (NON ÉLEVÉS AU PIS),669.8,-3.6,EUR/100 kg net,COT-VRO-veaux_bouch_non_pis-A24-S25.csv
2024,25,,2024-06-17,2024-06-23,PRIX MOYEN PONDERE AU 100KILO NET (ÉLEVÉS AU PIS),956,-18.9,EUR/100 kg net,COT-VRO-veaux_bouch_pis-A24-S25.csv
2024,25,,2024-06-17,2024-06-23,PRIX MOYEN PONDERE AUX 100 KG VIF,676.5,-3.7,EUR/100 kg vif,COT-VRO-veaux_bouch_synthese-A24-S25.csv
2024,25,,2024-06-17,2024-06-23,PRIX MOYEN PONDERE AUX 100 KG NET DES VEAUX CLAIRS,721.6,-5.3,EUR/100 kg net,COT-VRO-veaux_bouch_synthese-A24-S25.csv
2024,26,,2024-06-24,2024-06-30,ENTREE ABATTOIR,6.66,-0.11,EUR/kg carcasse,COT-VRO-veaux_PMP-A24-S26.csv
2024,26,,2024-06-24,2024-06-30,NON ELEVES AU PIS,6.67,-0.03,EUR/kg carcasse,COT-VRO-veaux_PMP-A24-S26.csv
2024,26,,2024-06-24,2024-06-30,ELEVES AU PIS,9.25,-0.31,EUR/kg carcasse,COT-VRO-veaux_PMP-A24-S26.csv
2024,26,,2024-06-24,2024-06-30,PRIX MOYEN PONDERE AU 100KILO NET (NON ÉLEVÉS AU PIS),667.1,-2.7,EUR/100 kg net,COT-VRO-veaux_bouch_non_pis-A24-S26.csv
2024,26,,2024-06-24,2024-06-30,PRIX MOYEN PONDERE AU 100KILO NET (ÉLEVÉS AU PIS),925,-31,EUR/100 kg net,COT-VRO-veaux_bouch_pis-A24-S26.csv
2024,26,,2024-06-24,2024-06-30,PRIX MOYEN PONDERE AUX 100 KG VIF,665.5,-11,EUR/100 kg vif,COT-VRO-veaux_bouch_synthese-A24-S26.csv
2024,26,,2024-06-24,2024-06-30,PRIX MOYEN PONDERE AUX 100 KG NET DES VEAUX CLAIRS,716,-5.6,EUR/100 kg net,COT-VRO-veaux_bouch_synthese-A24-S26.csv
2024,27,,2024-07-01,2024-07-07,ENTREE ABATTOIR,6.69,0.03,EUR/kg carcasse,COT-VRO-veaux_PMP-A24-S27.csv
2024,27,,2024-07-01,2024-07-07,NON ELEVES AU PIS,6.64,-0.03,EUR/kg carcasse,COT-VRO-veaux_PMP-A24-S27.csv
2024,27,,2024-07-01,2024-07-07,ELEVES AU PIS,9.78,0.53,EUR/kg carcasse,COT-VRO-veaux_PMP-A24-S27.csv
2024,27,,2024-07-01,2024-07-07,PRIX MOYEN PONDERE AU 100KILO NET (NON ÉLEVÉS AU PIS),663.8,-3.3,EUR/100 kg net,COT-VRO-veaux_bouch_non_pis-A24-S27.csv
2024,27,,2024-07-01,2024-07-07,PRIX MOYEN PONDERE AU 100KILO NET (ÉLEVÉS AU PIS),978.2,53.2,EUR/100 kg net,COT-VRO-veaux_bouch_pis-A24-S27.csv
2024,27,,2024-07-01,2024-07-07,PRIX MOYEN PONDERE AUX 100 KG VIF,669.3,3.8,EUR/100 kg vif,COT-VRO-veaux_bouch_synthese-A24-S27.csv
2024,27,,2024-07-01,2024-07-07,PRIX MOYEN PONDERE AUX 100 KG NET DES VEAUX CLAIRS,717.1,1.1,EUR/100 kg net,COT-VRO-veaux_bouch_synthese-A24-S27.csv
2024,28,,2024-07-08,2024-07-14,ENTREE ABATTOIR,6.69,0,EUR/kg carcasse,COT-VRO-veaux_PMP-A24-S28.csv
2024,28,,2024-07-08,2024-07-14,NON ELEVES AU PIS,6.67,0.03,EUR/kg carcasse,COT-VRO-veaux_PMP-A24-S28.csv
2024,28,,2024-07-08,2024-07-14,ELEVES AU PIS,9.65,-0.13,EUR/kg carcasse,COT-VRO-veaux_PMP-A24-S28.csv
2024,28,,2024-07-08,2024-07-14,PRIX MOYEN PONDERE AU 100KILO NET (NON ÉLEVÉS AU PIS),667.2,3.4,EUR/100 kg net,COT-VRO-veaux_bouch_non_pis-A24-S28.csv
2024,28,,2024-07-08,2024-07-14,PRIX MOYEN PONDERE AU 100KILO NET (ÉLEVÉS AU PIS),964.6,-13.6,EUR/100 kg net,COT-VRO-veaux_bouch_pis-A24-S28.csv
2024,28,,2024-07-08,2024-07-14,PRIX MOYEN PONDERE AUX 100 KG VIF,668.5,-0.8,EUR/100 kg vif,COT-VRO-veaux_bouch_synthese-A24-S28.csv
2024,28,,2024-07-08,2024-07-14,PRIX MOYEN PONDERE AUX 100 KG NET DES VEAUX CLAIRS,717.7,0.6,EUR/100 kg net,COT-VRO-veaux_bouch_synthese-A24-S28.csv
2024,29,,2024-07-15,2024-07-21,ENTREE ABATTOIR,6.7,0.01,EUR/kg carcasse,COT-VRO-veaux_PMP-A24-S29.csv
2024,29,,2024-07-15,2024-07-21,NON ELEVES AU PIS,6.71,0.04,EUR/kg carcasse,COT-VRO-veaux_PMP-A24-S29.csv
2024,29,,2024-07-15,2024-07-21,ELEVES AU PIS,9.61,-0.04,EUR/kg carcasse,COT-VRO-veaux_PMP-A24-S29.csv
2024,29,,2024-07-15,2024-07-21,PRIX MOYEN PONDERE AU 100KILO NET (NON ÉLEVÉS AU PIS),670.7,3.5,EUR/100 kg net,COT-VRO-veaux_bouch_non_pis-A24-S29.csv
2024,29,,2024-07-15,2024-07-21,PRIX MOYEN PONDERE AU 100KILO NET (ÉLEVÉS AU PIS),960.5,-4.1,EUR/100 kg net,COT-VRO-veaux_bouch_pis-A24-S29.csv
2024,29,,2024-07-15,2024-07-21,PRIX MOYEN PONDERE AUX 100 KG VIF,669.7,1.2,EUR/100 kg vif,COT-VRO-veaux_bouch_synthese-A24-S29.csv
2024,29,,2024-07-15,2024-07-21,PRIX MOYEN PONDERE AUX 100 KG NET DES VEAUX CLAIRS,718.6,0.9,EUR/100 kg net,COT-VRO-veaux_bouch_synthese-A24-S29.csv
2024,30,,2024-07-22,2024-07-28,ENTREE ABATTOIR,6.73,0.03,EUR/kg carcasse,COT-VRO-veaux_PMP-A24-S30.csv
2024,30,,2024-07-22,2024-07-28,NON ELEVES AU PIS,6.68,-0.03,EUR/kg carcasse,COT-VRO-veaux_PMP-A24-S30.csv
2024,30,,2024-07-22,2024-07-28,ELEVES AU PIS,9.68,0.07,EUR/kg carcasse,COT-VRO-veaux_PMP-A24-S30.csv
2024,30,,2024-07-22,2024-07-28,PRIX MOYEN PONDERE AU 100KILO NET (NON ÉLEVÉS AU PIS),668.2,-2.5,EUR/100 kg net,COT-VRO-veaux_bouch_non_pis-A24-S30.csv
2024,30,,2024-07-22,2024-07-28,PRIX MOYEN PONDERE AU 100KILO NET (ÉLEVÉS AU PIS),968.1,7.6,EUR/100 kg net,COT-VRO-veaux_bouch_pis-A24-S30.csv
2024,30,,2024-07-22,2024-07-28,PRIX MOYEN PONDERE AUX 100 KG VIF,672.8,3.1,EUR/100 kg vif,COT-VRO-veaux_bouch_synthese-A24-S30.csv
2024,30,,2024-07-22,2024-07-28,PRIX MOYEN PONDERE AUX 100 KG NET DES VEAUX CLAIRS,716.2,-2.4,EUR/100 kg net,COT-VRO-veaux_bouch_synthese-A24-S30.csv
2024,31,,2024-07-29,2024-08-04,ENTREE ABATTOIR,6.65,-0.08,EUR/kg carcasse,COT-VRO-veaux_PMP-A24-S31.csv
2024,31,,2024-07-29,2024-08-04,NON ELEVES AU PIS,6.63,-0.05,EUR/kg carcasse,COT-VRO-veaux_PMP-A24-S31.csv
2024,31,,2024-07-29,2024-08-04,ELEVES AU PIS,9.43,-0.25,EUR/kg carcasse,COT-VRO-veaux_PMP-A24-S31.csv
2024,31,,2024-07-29,2024-08-04,PRIX MOYEN PONDERE AU 100KILO NET (NON ÉLEVÉS AU PIS),663.2,-5,EUR/100 kg net,COT-VRO-veaux_bouch_non_pis-A24-S31.csv
2024,31,,2024-07-29,2024-08-04,PRIX MOYEN PONDERE AU 100KILO NET (ÉLEVÉS AU PIS),942.5,-25.6,EUR/100 kg net,COT-VRO-veaux_bouch_pis-A24-S31.csv
2024,31,,2024-07-29,2024-08-04,PRIX MOYEN PONDERE AUX 100 KG VIF,664.8,-8,EUR/100 kg vif,COT-VRO-veaux_bouch_synthese-A24-S31.csv
2024,31,,2024-07-29,2024-08-04,PRIX MOYEN PONDERE AUX 100 KG NET DES VEAUX CLAIRS,716.8,0.6,EUR/100 kg net,COT-VRO-veaux_bouch_synthese-A24-S31.csv
2024,32,,2024-08-05,2024-08-11,ENTREE ABATTOIR,6.68,0.03,EUR/kg carcasse,COT-VRO-veaux_PMP-A24-S32.csv
2024,32,,2024-08-05,2024-08-11,NON ELEVES AU PIS,6.63,0,EUR/kg carcasse,COT-VRO-veaux_PMP-A24-S32.csv
2024,32,,2024-08-05,2024-08-11,ELEVES AU PIS,9.54,0.11,EUR/kg carcasse,COT-VRO-veaux_PMP-A24-S32.csv
2024,32,,2024-08-05,2024-08-11,PRIX MOYEN PONDERE AU 100KILO NET (NON ÉLEVÉS AU PIS),662.8,-0.4,EUR/100 kg net,COT-VRO-veaux_bouch_non_pis-A24-S32.csv
2024,32,,2024-08-05,2024-08-11,PRIX MOYEN PONDERE AU 100KILO NET (ÉLEVÉS AU PIS),953.6,11.1,EUR/100 kg net,COT-VRO-veaux_bouch_pis-A24-S32.csv
2024,32,,2024-08-05,2024-08-11,PRIX MOYEN PONDERE AUX 100 KG VIF,668.2,3.4,EUR/100 kg vif,COT-VRO-veaux_bouch_synthese-A24-S32.csv
2024,32,,2024-08-05,2024-08-11,PRIX MOYEN PONDERE AUX 100 KG NET DES VEAUX CLAIRS,714.5,-2.3,EUR/100 kg net,COT-VRO-veaux_bouch_synthese-A24-S32.csv
2024,33,,2024-08-12,2024-08-18,ENTREE ABATTOIR,6.76,0.08,EUR/kg carcasse,COT-VRO-veaux_PMP-A24-S33.csv
2024,33,,2024-08-12,2024-08-18,NON ELEVES AU PIS,6.72,0.09,EUR/kg carcasse,COT-VRO-veaux_PMP-A24-S33.csv
2024,33,,2024-08-12,2024-08-18,ELEVES AU PIS,9.47,-0.07,EUR/kg carcasse,COT-VRO-veaux_PMP-A24-S33.csv
2024,33,,2024-08-12,2024-08-18,PRIX MOYEN PONDERE AU 100KILO NET (NON ÉLEVÉS AU PIS),671.8,9,EUR/100 kg net,COT-VRO-veaux_bouch_non_pis-A24-S33.csv
2024,33,,2024-08-12,2024-08-18,PRIX MOYEN PONDERE AU 100KILO NET (ÉLEVÉS AU PIS),947.4,-6.2,EUR/100 kg net,COT-VRO-veaux_bouch_pis-A24-S33.csv
2024,33,,2024-08-12,2024-08-18,PRIX MOYEN PONDERE AUX 100 KG VIF,676.2,8,EUR/100 kg vif,COT-VRO-veaux_bouch_synthese-A24-S33.csv
2024,33,,2024-08-12,2024-08-18,PRIX MOYEN PONDERE AUX 100 KG NET DES VEAUX CLAIRS,715.1,0.6,EUR/100 kg net,COT-VRO-veaux_bouch_synthese-A24-S33.csv
2024,34,,2024-08-19,2024-08-25,ENTREE ABATTOIR,6.68,-0.08,EUR/kg carcasse,COT-VRO-veaux_PMP-A24-S34.csv
2024,34,,2024-08-19,2024-08-25,NON ELEVES AU PIS,6.64,-0.08,EUR/kg carcasse,COT-VRO-veaux_PMP-A24-S34.csv
2024,34,,2024-08-19,2024-08-25,ELEVES AU PIS,9.76,0.29,EUR/kg carcasse,COT-VRO-veaux_PMP-A24-S34.csv
2024,34,,2024-08-19,2024-08-25,PRIX MOYEN PONDERE AU 100KILO NET (NON ÉLEVÉS AU PIS),663.6,-8.2,EUR/100 kg net,COT-VRO-veaux_bouch_non_pis-A24-S34.csv
2024,34,,2024-08-19,2024-08-25,PRIX MOYEN PONDERE AU 100KILO NET (ÉLEVÉS AU PIS),975.6,28.2,EUR/100 kg net,COT-VRO-veaux_bouch_pis-A24-S34.csv
2024,34,,2024-08-19,2024-08-25,PRIX MOYEN PONDERE AUX 100 KG VIF,668.3,-7.9,EUR/100 kg vif,COT-VRO-veaux_bouch_synthese-A24-S34.csv
2024,34,,2024-08-19,2024-08-25,PRIX MOYEN PONDERE AUX 100 KG NET DES VEAUX CLAIRS,712.1,-3,EUR/100 kg net,COT-VRO-veaux_bouch_synthese-A24-S34.csv
2024,35,,2024-08-26,2024-09-01,ENTREE ABATTOIR,6.74,0.06,EUR/kg carcasse,COT-VRO-veaux_PMP-A24-S35.csv
2024,35,,2024-08-26,2024-09-01,NON ELEVES AU PIS,6.67,0.03,EUR/kg carcasse,COT-VRO-veaux_PMP-A24-S35.csv
2024,35,,2024-08-26,2024-09-01,ELEVES AU PIS,9.6,-0.16,EUR/kg carcasse,COT-VRO-veaux_PMP-A24-S35.csv
2024,35,,2024-08-26,2024-09-01,PRIX MOYEN PONDERE AU 100KILO NET (NON ÉLEVÉS AU PIS),667,3.4,EUR/100 kg net,COT-VRO-veaux_bouch_non_pis-A24-S35.csv
2024,35,,2024-08-26,2024-09-01,PRIX MOYEN PONDERE AU 100KILO NET (ÉLEVÉS AU PIS),959.5,-16.1,EUR/100 kg net,COT-VRO-veaux_bouch_pis-A24-S35.csv
2024,35,,2024-08-26,2024-09-01,PRIX MOYEN PONDERE AUX 100 KG VIF,673.5,5.2,EUR/100 kg vif,COT-VRO-veaux_bouch_synthese-A24-S35.csv
2024,35,,2024-08-26,2024-09-01,PRIX MOYEN PONDERE AUX 100 KG NET DES VEAUX CLAIRS,718.5,6.4,EUR/100 kg net,COT-VRO-veaux_bouch_synthese-A24-S35.csv
2024,36,,2024-09-02,2024-09-08,ENTREE ABATTOIR,6.75,0.01,EUR/kg carcasse,COT-VRO-veaux_PMP-A24-S36.csv
2024,36,,2024-09-02,2024-09-08,NON ELEVES AU PIS,6.74,0.07,EUR/kg carcasse,COT-VRO-veaux_PMP-A24-S36.csv
2024,36,,2024-09-02,2024-09-08,ELEVES AU PIS,9.83,0.23,EUR/kg carcasse,COT-VRO-veaux_PMP-A24-S36.csv
2024,36,,2024-09-02,2024-09-08,PRIX MOYEN PONDERE AU 100KILO NET (NON ÉLEVÉS AU PIS),673.6,6.6,EUR/100 kg net,COT-VRO-veaux_bouch_non_pis-A24-S36.csv
2024,36,,2024-09-02,2024-09-08,PRIX MOYEN PONDERE AU 100KILO NET (ÉLEVÉS AU PIS),982.6,23.1,EUR/100 kg net,COT-VRO-veaux_bouch_pis-A24-S36.csv
2024,36,,2024-09-02,2024-09-08,PRIX MOYEN PONDERE AUX 100 KG VIF,675.1,1.6,EUR/100 kg vif,COT-VRO-veaux_bouch_synthese-A24-S36.csv
2024,36,,2024-09-02,2024-09-08,PRIX MOYEN PONDERE AUX 100 KG NET DES VEAUX CLAIRS,724.2,5.7,EUR/100 kg net,COT-VRO-veaux_bouch_synthese-A24-S36.csv
2024,37,,2024-09-09,2024-09-15,ENTREE ABATTOIR,6.88,0.13,EUR/kg carcasse,COT-VRO-veaux_PMP-A24-S37.csv
2024,37,,2024-09-09,2024-09-15,NON ELEVES AU PIS,6.8,0.06,EUR/kg carcasse,COT-VRO-veaux_PMP-A24-S37.csv
2024,37,,2024-09-09,2024-09-15,ELEVES AU PIS,9.72,-0.11,EUR/kg carcasse,COT-VRO-veaux_PMP-A24-S37.csv
2024,37,,2024-09-09,2024-09-15,PRIX MOYEN PONDERE AU 100KILO NET (NON ÉLEVÉS AU PIS),680.1,6.5,EUR/100 kg net,COT-VRO-veaux_bouch_non_pis-A24-S37.csv
2024,37,,2024-09-09,2024-09-15,PRIX MOYEN PONDERE AU 100KILO NET (ÉLEVÉS AU PIS),972,-10.6,EUR/100 kg net,COT-VRO-veaux_bouch_pis-A24-S37.csv
2024,37,,2024-09-09,2024-09-15,PRIX MOYEN PONDERE AUX 100 KG VIF,687.5,12.4,EUR/100 kg vif,COT-VRO-veaux_bouch_synthese-A24-S37.csv
2024,37,,2024-09-09,2024-09-15,PRIX MOYEN PONDERE AUX 100 KG NET DES VEAUX CLAIRS,727.7,3.5,EUR/100 kg net,COT-VRO-veaux_bouch_synthese-A24-S37.csv
2024,38,,2024-09-16,2024-09-22,ENTREE ABATTOIR,6.89,0.01,EUR/kg carcasse,COT-VRO-veaux_PMP-A24-S38.csv
2024,38,,2024-09-16,2024-09-22,NON ELEVES AU PIS,6.82,0.02,EUR/kg carcasse,COT-VRO-veaux_PMP-A24-S38.csv
2024,38,,2024-09-16,2024-09-22,ELEVES AU PIS,10.11,0.39,EUR/kg carcasse,COT-VRO-veaux_PMP-A24-S38.csv
2024,38,,2024-09-16,2024-09-22,PRIX MOYEN PONDERE AU 100KILO NET (NON ÉLEVÉS AU PIS),682.3,2.2,EUR/100 kg net,COT-VRO-veaux_bouch_non_pis-A24-S38.csv
2024,38,,2024-09-16,2024-09-22,PRIX MOYEN PONDERE AU 100KILO NET (ÉLEVÉS AU PIS),1011.3,39.3,EUR/100 kg net,COT-VRO-veaux_bouch_pis-A24-S38.csv
2024,38,,2024-09-16,2024-09-22,PRIX MOYEN PONDERE AUX 100 KG VIF,689.4,1.9,EUR/100 kg vif,COT-VRO-veaux_bouch_synthese-A24-S38.csv
2024,38,,2024-09-16,2024-09-22,PRIX MOYEN PONDERE AUX 100 KG NET DES VEAUX CLAIRS,735.6,7.9,EUR/100 kg net,COT-VRO-veaux_bouch_synthese-A24-S38.csv
2024,39,,2024-09-23,2024-09-29,ENTREE ABATTOIR,6.91,0.02,EUR/kg carcasse,COT-VRO-veaux_PMP-A24-S39.csv
2024,39,,2024-09-23,2024-09-29,NON ELEVES AU PIS,6.86,0.04,EUR/kg carcasse,COT-VRO-veaux_PMP-A24-S39.csv
2024,39,,2024-09-23,2024-09-29,ELEVES AU PIS,9.79,-0.32,EUR/kg carcasse,COT-VRO-veaux_PMP-A24-S39.csv
2024,39,,2024-09-23,2024-09-29,PRIX MOYEN PONDERE AU 100KILO NET (NON ÉLEVÉS AU PIS),686.2,3.9,EUR/100 kg net,COT-VRO-veaux_bouch_non_pis-A24-S39.csv
2024,39,,2024-09-23,2024-09-29,PRIX MOYEN PONDERE AU 100KILO NET (ÉLEVÉS AU PIS),979,-32.3,EUR/100 kg net,COT-VRO-veaux_bouch_pis-A24-S39.csv
2024,39,,2024-09-23,2024-09-29,PRIX MOYEN PONDERE AUX 100 KG VIF,690.6,1.2,EUR/100 kg vif,COT-VRO-veaux_bouch_synthese-A24-S39.csv
2024,39,,2024-09-23,2024-09-29,PRIX MOYEN PONDERE AUX 100 KG NET DES VEAUX CLAIRS,735.7,0.1,EUR/100 kg net,COT-VRO-veaux_bouch_synthese-A24-S39.csv
2024,40,,2024-09-30,2024-10-06,ENTREE ABATTOIR,6.93,0.02,EUR/kg carcasse,COT-VRO-veaux_PMP-A24-S40.csv
2024,40,,2024-09-30,2024-10-06,NON ELEVES AU PIS,6.95,0.09,EUR/kg carcasse,COT-VRO-veaux_PMP-A24-S40.csv
2024,40,,2024-09-30,2024-10-06,ELEVES AU PIS,9.97,0.18,EUR/kg carcasse,COT-VRO-veaux_PMP-A24-S40.csv
2024,40,,2024-09-30,2024-10-06,PRIX MOYEN PONDERE AU 100KILO NET (NON ÉLEVÉS AU PIS),695.1,8.9,EUR/100 kg net,COT-VRO-veaux_bouch_non_pis-A24-S40.csv
2024,40,,2024-09-30,2024-10-06,PRIX MOYEN PONDERE AU 100KILO NET (ÉLEVÉS AU PIS),996.8,17.8,EUR/100 kg net,COT-VRO-veaux_bouch_pis-A24-S40.csv
2024,40,,2024-09-30,2024-10-06,PRIX MOYEN PONDERE AUX 100 KG VIF,692.8,2.2,EUR/100 kg vif,COT-VRO-veaux_bouch_synthese-A24-S40.csv
2024,40,,2024-09-30,2024-10-06,PRIX MOYEN PONDERE AUX 100 KG NET DES VEAUX CLAIRS,740.8,5.1,EUR/100 kg net,COT-VRO-veaux_bouch_synthese-A24-S40.csv
2024,41,,2024-10-07,2024-10-13,ENTREE ABATTOIR,7.09,0.16,EUR/kg carcasse,COT-VRO-veaux_PMP-A24-S41.csv
2024,41,,2024-10-07,2024-10-13,NON ELEVES AU PIS,7.07,0.12,EUR/kg carcasse,COT-VRO-veaux_PMP-A24-S41.csv
2024,41,,2024-10-07,2024-10-13,ELEVES AU PIS,9.96,-0.01,EUR/kg carcasse,COT-VRO-veaux_PMP-A24-S41.csv
2024,41,,2024-10-07,2024-10-13,PRIX MOYEN PONDERE AU 100KILO NET (NON ÉLEVÉS AU PIS),706.7,11.6,EUR/100 kg net,COT-VRO-veaux_bouch_non_pis-A24-S41.csv
2024,41,,2024-10-07,2024-10-13,PRIX MOYEN PONDERE AU 100KILO NET (ÉLEVÉS AU PIS),996.4,-0.4,EUR/100 kg net,COT-VRO-veaux_bouch_pis-A24-S41.csv
2024,41,,2024-10-07,2024-10-13,PRIX MOYEN PONDERE AUX 100 KG VIF,708.7,15.9,EUR/100 kg vif,COT-VRO-veaux_bouch_synthese-A24-S41.csv
2024,41,,2024-10-07,2024-10-13,PRIX MOYEN PONDERE AUX 100 KG NET DES VEAUX CLAIRS,748.1,7.3,EUR/100 kg net,COT-VRO-veaux_bouch_synthese-A24-S41.csv
2024,42,,2024-10-14,2024-10-20,ENTREE ABATTOIR,7.13,0.04,EUR/kg carcasse,COT-VRO-veaux_PMP-A24-S42.csv
2024,42,,2024-10-14,2024-10-20,NON ELEVES AU PIS,7.09,0.02,EUR/kg carcasse,COT-VRO-veaux_PMP-A24-S42.csv
2024,42,,2024-10-14,2024-10-20,ELEVES AU PIS,10.05,0.09,EUR/kg carcasse,COT-VRO-veaux_PMP-A24-S42.csv
2024,42,,2024-10-14,2024-10-20,PRIX MOYEN PONDERE AU 100KILO NET (NON ÉLEVÉS AU PIS),708.7,2,EUR/100 kg net,COT-VRO-veaux_bouch_non_pis-A24-S42.csv
2024,42,,2024-10-14,2024-10-20,PRIX MOYEN PONDERE AU 100KILO NET (ÉLEVÉS AU PIS),1005,8.6,EUR/100 kg net,COT-VRO-veaux_bouch_pis-A24-S42.csv
2024,42,,2024-10-14,2024-10-20,PRIX MOYEN PONDERE AUX 100 KG VIF,713.4,4.7,EUR/100 kg vif,COT-VRO-veaux_bouch_synthese-A24-S42.csv
2024,42,,2024-10-14,2024-10-20,PRIX MOYEN PONDERE AUX 100 KG NET DES VEAUX CLAIRS,754.4,6.3,EUR/100 kg net,COT-VRO-veaux_bouch_synthese-A24-S42.csv
2024,43,,2024-10-21,2024-10-27,ENTREE ABATTOIR,7.25,0.12,EUR/kg carcasse,COT-VRO-veaux_PMP-A24-S43.csv
2024,43,,2024-10-21,2024-10-27,NON ELEVES AU PIS,7.18,0.09,EUR/kg carcasse,COT-VRO-veaux_PMP-A24-S43.csv
2024,43,,2024-10-21,2024-10-27,ELEVES AU PIS,9.99,-0.06,EUR/kg carcasse,COT-VRO-veaux_PMP-A24-S43.csv
2024,43,,2024-10-21,2024-10-27,PRIX MOYEN PONDERE AU 100KILO NET (NON ÉLEVÉS AU PIS),717.8,9.1,EUR/100 kg net,COT-VRO-veaux_bouch_non_pis-A24-S43.csv
2024,43,,2024-10-21,2024-10-27,PRIX MOYEN PONDERE AU 100KILO NET (ÉLEVÉS AU PIS),999.4,-5.6,EUR/100 kg net,COT-VRO-veaux_bouch_pis-A24-S43.csv
2024,43,,2024-10-21,2024-10-27,PRIX MOYEN PONDERE AUX 100 KG VIF,725.2,11.8,EUR/100 kg vif,COT-VRO-veaux_bouch_synthese-A24-S43.csv
2024,43,,2024-10-21,2024-10-27,PRIX MOYEN PONDERE AUX 100 KG NET DES VEAUX CLAIRS,764.3,9.9,EUR/100 kg net,COT-VRO-veaux_bouch_synthese-A24-S43.csv
2024,44,,2024-10-28,2024-11-03,ENTREE ABATTOIR,7.24,-0.01,EUR/kg carcasse,COT-VRO-veaux_PMP-A24-S44.csv
2024,44,,2024-10-28,2024-11-03,NON ELEVES AU PIS,7.22,0.04,EUR/kg carcasse,COT-VRO-veaux_PMP-A24-S44.csv
2024,44,,2024-10-28,2024-11-03,ELEVES AU PIS,10.16,0.17,EUR/kg carcasse,COT-VRO-veaux_PMP-A24-S44.csv
2024,44,,2024-10-28,2024-11-03,PRIX MOYEN PONDERE AU 100KILO NET (NON ÉLEVÉS AU PIS),722.3,4.5,EUR/100 kg net,COT-VRO-veaux_bouch_non_pis-A24-S44.csv
2024,44,,2024-10-28,2024-11-03,PRIX MOYEN PONDERE AU 100KILO NET (ÉLEVÉS AU PIS),1015.6,16.2,EUR/100 kg net,COT-VRO-veaux_bouch_pis-A24-S44.csv
2024,44,,2024-10-28,2024-11-03,PRIX MOYEN PONDERE AUX 100 KG VIF,723.9,-1.3,EUR/100 kg vif,COT-VRO-veaux_bouch_synthese-A24-S44.csv
2024,44,,2024-10-28,2024-11-03,PRIX MOYEN PONDERE AUX 100 KG NET DES VEAUX CLAIRS,762.9,-1.4,EUR/100 kg net,COT-VRO-veaux_bouch_synthese-A24-S44.csv
2024,45,,2024-11-04,2024-11-10,ENTREE ABATTOIR,7.28,0.04,EUR/kg carcasse,COT-VRO-veaux_PMP-A24-S45.csv
2024,45,,2024-11-04,2024-11-10,NON ELEVES AU PIS,7.29,0.07,EUR/kg carcasse,COT-VRO-veaux_PMP-A24-S45.csv
2024,45,,2024-11-04,2024-11-10,ELEVES AU PIS,9.94,-0.22,EUR/kg carcasse,COT-VRO-veaux_PMP-A24-S45.csv
2024,45,,2024-11-04,2024-11-10,PRIX MOYEN PONDERE AU 100KILO NET (NON ÉLEVÉS AU PIS),728.8,6.5,EUR/100 kg net,COT-VRO-veaux_bouch_non_pis-A24-S45.csv
2024,45,,2024-11-04,2024-11-10,PRIX MOYEN PONDERE AU 100KILO NET (ÉLEVÉS AU PIS),994.4,-21.2,EUR/100 kg net,COT-VRO-veaux_bouch_pis-A24-S45.csv
2024,45,,2024-11-04,2024-11-10,PRIX MOYEN PONDERE AUX 100 KG VIF,728.4,4.5,EUR/100 kg vif,COT-VRO-veaux_bouch_synthese-A24-S45.csv
2024,45,,2024-11-04,2024-11-10,PRIX MOYEN PONDERE AUX 100 KG NET DES VEAUX CLAIRS,765.4,2.5,EUR/100 kg net,COT-VRO-veaux_bouch_synthese-A24-S45.csv
2024,46,,2024-11-11,2024-11-17,ENTREE ABATTOIR,7.31,0.03,EUR/kg carcasse,COT-VRO-veaux_PMP-A24-S46.csv
2024,46,,2024-11-11,2024-11-17,NON ELEVES AU PIS,7.25,-0.04,EUR/kg carcasse,COT-VRO-veaux_PMP-A24-S46.csv
2024,46,,2024-11-11,2024-11-17,ELEVES AU PIS,10.16,0.22,EUR/kg carcasse,COT-VRO-veaux_PMP-A24-S46.csv
2024,46,,2024-11-11,2024-11-17,PRIX MOYEN PONDERE AU 100KILO NET (NON ÉLEVÉS AU PIS),725.4,-3.4,EUR/100 kg net,COT-VRO-veaux_bouch_non_pis-A24-S46.csv
2024,46,,2024-11-11,2024-11-17,PRIX MOYEN PONDERE AU 100KILO NET (ÉLEVÉS AU PIS),1016.4,22,EUR/100 kg net,COT-VRO-veaux_bouch_pis-A24-S46.csv
2024,46,,2024-11-11,2024-11-17,PRIX MOYEN PONDERE AUX 100 KG VIF,731.2,2.8,EUR/100 kg vif,COT-VRO-veaux_bouch_synthese-A24-S46.csv
2024,46,,2024-11-11,2024-11-17,PRIX MOYEN PONDERE AUX 100 KG NET DES VEAUX CLAIRS,772,6.6,EUR/100 kg net,COT-VRO-veaux_bouch_synthese-A24-S46.csv
2024,47,,2024-11-18,2024-11-24,ENTREE ABATTOIR,7.37,0.06,EUR/kg carcasse,COT-VRO-veaux_PMP-A24-S47.csv
2024,47,,2024-11-18,2024-11-24,NON ELEVES AU PIS,7.33,0.08,EUR/kg carcasse,COT-VRO-veaux_PMP-A24-S47.csv
2024,47,,2024-11-18,2024-11-24,ELEVES AU PIS,10.28,0.12,EUR/kg carcasse,COT-VRO-veaux_PMP-A24-S47.csv
2024,47,,2024-11-18,2024-11-24,PRIX MOYEN PONDERE AU 100KILO NET (NON ÉLEVÉS AU PIS),732.9,7.5,EUR/100 kg net,COT-VRO-veaux_bouch_non_pis-A24-S47.csv
2024,47,,2024-11-18,2024-11-24,PRIX MOYEN PONDERE AU 100KILO NET (ÉLEVÉS AU PIS),1027.8,11.4,EUR/100 kg net,COT-VRO-veaux_bouch_pis-A24-S47.csv
2024,47,,2024-11-18,2024-11-24,PRIX MOYEN PONDERE AUX 100 KG VIF,737.1,5.9,EUR/100 kg vif,COT-VRO-veaux_bouch_synthese-A24-S47.csv
2024,47,,2024-11-18,2024-11-24,PRIX MOYEN PONDERE AUX 100 KG NET DES VEAUX CLAIRS,778.5,6.5,EUR/100 kg net,COT-VRO-veaux_bouch_synthese-A24-S47.csv
2024,48,,2024-11-25,2024-12-01,ENTREE ABATTOIR,7.34,-0.03,EUR/kg carcasse,COT-VRO-veaux_PMP-A24-S48.csv
2024,48,,2024-11-25,2024-12-01,NON ELEVES AU PIS,7.35,0.02,EUR/kg carcasse,COT-VRO-veaux_PMP-A24-S48.csv
2024,48,,2024-11-25,2024-12-01,ELEVES AU PIS,9.89,-0.39,EUR/kg carcasse,COT-VRO-veaux_PMP-A24-S48.csv
2024,48,,2024-11-25,2024-12-01,PRIX MOYEN PONDERE AU 100KILO NET (NON ÉLEVÉS AU PIS),735.4,2.5,EUR/100 kg net,COT-VRO-veaux_bouch_non_pis-A24-S48.csv
2024,48,,2024-11-25,2024-12-01,PRIX MOYEN PONDERE AU 100KILO NET (ÉLEVÉS AU PIS),989,-38.8,EUR/100 kg net,COT-VRO-veaux_bouch_pis-A24-S48.csv
2024,48,,2024-11-25,2024-12-01,PRIX MOYEN PONDERE AUX 100 KG VIF,734.3,-2.8,EUR/100 kg vif,COT-VRO-veaux_bouch_synthese-A24-S48.csv
2024,48,,2024-11-25,2024-12-01,PRIX MOYEN PONDERE AUX 100 KG NET DES VEAUX CLAIRS,776.6,-1.9,EUR/100 kg net,COT-VRO-veaux_bouch_synthese-A24-S48.csv
2024,49,,2024-12-02,2024-12-08,ENTREE ABATTOIR,7.3,-0.04,EUR/kg carcasse,COT-VRO-veaux_PMP-A24-S49.csv
2024,49,,2024-12-02,2024-12-08,NON ELEVES AU PIS,7.31,-0.04,EUR/kg carcasse,COT-VRO-veaux_PMP-A24-S49.csv
2024,49,,2024-12-02,2024-12-08,ELEVES AU PIS,10.44,0.55,EUR/kg carcasse,COT-VRO-veaux_PMP-A24-S49.csv
2024,49,,2024-12-02,2024-12-08,PRIX MOYEN PONDERE AU 100KILO NET (NON ÉLEVÉS AU PIS),730.8,-4.6,EUR/100 kg net,COT-VRO-veaux_bouch_non_pis-A24-S49.csv
2024,49,,2024-12-02,2024-12-08,PRIX MOYEN PONDERE AU 100KILO NET (ÉLEVÉS AU PIS),1043.6,54.6,EUR/100 kg net,COT-VRO-veaux_bouch_pis-A24-S49.csv
2024,49,,2024-12-02,2024-12-08,PRIX MOYEN PONDERE AUX 100 KG VIF,730.3,-4,EUR/100 kg vif,COT-VRO-veaux_bouch_synthese-A24-S49.csv
2024,49,,2024-12-02,2024-12-08,PRIX MOYEN PONDERE AUX 100 KG NET DES VEAUX CLAIRS,779.9,3.3,EUR/100 kg net,COT-VRO-veaux_bouch_synthese-A24-S49.csv
2024,50,,2024-12-09,2024-12-15,ENTREE ABATTOIR,7.38,0.08,EUR/kg carcasse,COT-VRO-veaux_PMP-A24-S50.csv
2024,50,,2024-12-09,2024-12-15,NON ELEVES AU PIS,7.35,0.04,EUR/kg carcasse,COT-VRO-veaux_PMP-A24-S50.csv
2024,50,,2024-12-09,2024-12-15,ELEVES AU PIS,10.18,-0.26,EUR/kg carcasse,COT-VRO-veaux_PMP-A24-S50.csv
2024,50,,2024-12-09,2024-12-15,PRIX MOYEN PONDERE AU 100KILO NET (NON ÉLEVÉS AU PIS),735.1,4.3,EUR/100 kg net,COT-VRO-veaux_bouch_non_pis-A24-S50.csv
2024,50,,2024-12-09,2024-12-15,PRIX MOYEN PONDERE AU 100KILO NET (ÉLEVÉS AU PIS),1018.2,-25.4,EUR/100 kg net,COT-VRO-veaux_bouch_pis-A24-S50.csv
2024,50,,2024-12-09,2024-12-15,PRIX MOYEN PONDERE AUX 100 KG VIF,737.9,7.6,EUR/100 kg vif,COT-VRO-veaux_bouch_synthese-A24-S50.csv
2024,50,,2024-12-09,2024-12-15,PRIX MOYEN PONDERE AUX 100 KG NET DES VEAUX CLAIRS,786.4,6.5,EUR/100 kg net,COT-VRO-veaux_bouch_synthese-A24-S50.csv
2024,51,,2024-12-16,2024-12-22,ENTREE ABATTOIR,7.38,0,EUR/kg carcasse,COT-VRO-veaux_PMP-A24-S51.csv
2024,51,,2024-12-16,2024-12-22,NON ELEVES AU PIS,7.41,0.06,EUR/kg carcasse,COT-VRO-veaux_PMP-A24-S51.csv
2024,51,,2024-12-16,2024-12-22,ELEVES AU PIS,10.22,0.04,EUR/kg carcasse,COT-VRO-veaux_PMP-A24-S51.csv
2024,51,,2024-12-16,2024-12-22,PRIX MOYEN PONDERE AU 100KILO NET (NON ÉLEVÉS AU PIS),741.4,6.3,EUR/100 kg net,COT-VRO-veaux_bouch_non_pis-A24-S51.csv
2024,51,,2024-12-16,2024-12-22,PRIX MOYEN PONDERE AU 100KILO NET (ÉLEVÉS AU PIS),1022,3.8,EUR/100 kg net,COT-VRO-veaux_bouch_pis-A24-S51.csv
2024,51,,2024-12-16,2024-12-22,PRIX MOYEN PONDERE AUX 100 KG VIF,738,0.1,EUR/100 kg vif,COT-VRO-veaux_bouch_synthese-A24-S51.csv
2024,51,,2024-12-16,2024-12-22,PRIX MOYEN PONDERE AUX 100 KG NET DES VEAUX CLAIRS,787.7,1.3,EUR/100 kg net,COT-VRO-veaux_bouch_synthese-A24-S51.csv
2024,52,,2024-12-23,2024-12-29,ENTREE ABATTOIR,7.34,-0.04,EUR/kg carcasse,COT-VRO-veaux_PMP-A24-S52.csv
2024,52,,2024-12-23,2024-12-29,NON ELEVES AU PIS,7.38,-0.03,EUR/kg carcasse,COT-VRO-veaux_PMP-A24-S52.csv
2024,52,,2024-12-23,2024-12-29,ELEVES AU PIS,10.35,0.13,EUR/kg carcasse,COT-VRO-veaux_PMP-A24-S52.csv
2024,52,,2024-12-23,2024-12-29,PRIX MOYEN PONDERE AU 100KILO NET (NON ÉLEVÉS AU PIS),737.5,-3.9,EUR/100 kg net,COT-VRO-veaux_bouch_non_pis-A24-S52.csv
2024,52,,2024-12-23,2024-12-29,PRIX MOYEN PONDERE AU 100KILO NET (ÉLEVÉS AU PIS),1035.1,13.1,EUR/100 kg net,COT-VRO-veaux_bouch_pis-A24-S52.csv
2024,52,,2024-12-23,2024-12-29,PRIX MOYEN PONDERE AUX 100 KG VIF,733.5,-4.5,EUR/100 kg vif,COT-VRO-veaux_bouch_synthese-A24-S52.csv
2024,52,,2024-12-23,2024-12-29,PRIX MOYEN PONDERE AUX 100 KG NET DES VEAUX CLAIRS,785.5,-2.2,EUR/100 kg net,COT-VRO-veaux_bouch_synthese-A24-S52.csv
2025,1,,2024-12-30,2025-01-05,ENTREE ABATTOIR,7.42,0.08,EUR/kg carcasse,COT-VRO-veaux_PMP-A25-S01.csv
2025,1,,2024-12-30,2025-01-05,NON ELEVES AU PIS,7.4,0.02,EUR/kg carcasse,COT-VRO-veaux_PMP-A25-S01.csv
2025,1,,2024-12-30,2025-01-05,ELEVES AU PIS,10.25,-0.1,EUR/kg carcasse,COT-VRO-veaux_PMP-A25-S01.csv
2025,1,,2024-12-30,2025-01-05,PRIX MOYEN PONDERE AU 100KILO NET (NON ÉLEVÉS AU PIS),740.1,2.6,EUR/100 kg net,COT-VRO-veaux_bouch_non_pis-A25-S01.csv
2025,1,,2024-12-30,2025-01-05,PRIX MOYEN PONDERE AU 100KILO NET (ÉLEVÉS AU PIS),1025.2,-9.9,EUR/100 kg net,COT-VRO-veaux_bouch_pis-A25-S01.csv
2025,1,,2024-12-30,2025-01-05,PRIX MOYEN PONDERE AUX 100 KG VIF,741.7,8.2,EUR/100 kg vif,COT-VRO-veaux_bouch_synthese-A25-S01.csv
2025,1,,2024-12-30,2025-01-05,PRIX MOYEN PONDERE AUX 100 KG NET DES VEAUX CLAIRS,791.1,5.6,EUR/100 kg net,COT-VRO-veaux_bouch_synthese-A25-S01.csv
2025,2,,2025-01-06,2025-01-12,ENTREE ABATTOIR,7.35,-0.07,EUR/kg carcasse,COT-VRO-veaux_PMP-A25-S02.csv
2025,2,,2025-01-06,2025-01-12,NON ELEVES AU PIS,7.36,-0.04,EUR/kg carcasse,COT-VRO-veaux_PMP-A25-S02.csv
2025,2,,2025-01-06,2025-01-12,ELEVES AU PIS,10.42,0.17,EUR/kg carcasse,COT-VRO-veaux_PMP-A25-S02.csv
2025,2,,2025-01-06,2025-01-12,PRIX MOYEN PONDERE AU 100KILO NET (NON ÉLEVÉS AU PIS),736.3,-3.8,EUR/100 kg net,COT-VRO-veaux_bouch_non_pis-A25-S02.csv
2025,2,,2025-01-06,2025-01-12,PRIX MOYEN PONDERE AU 100KILO NET (ÉLEVÉS AU PIS),1041.8,16.6,EUR/100 kg net,COT-VRO-veaux_bouch_pis-A25-S02.csv
2025,2,,2025-01-06,2025-01-12,PRIX MOYEN PONDERE AUX 100 KG VIF,735,-6.7,EUR/100 kg vif,COT-VRO-veaux_bouch_synthese-A25-S02.csv
2025,2,,2025-01-06,2025-01-12,PRIX MOYEN PONDERE AUX 100 KG NET DES VEAUX CLAIRS,783.1,-8,EUR/100 kg net,COT-VRO-veaux_bouch_synthese-A25-S02.csv
2025,3,,2025-01-13,2025-01-19,ENTREE ABATTOIR,7.44,0.09,EUR/kg carcasse,COT-VRO-veaux_PMP-A25-S03.csv
2025,3,,2025-01-13,2025-01-19,NON ELEVES AU PIS,7.47,0.11,EUR/kg carcasse,COT-VRO-veaux_PMP-A25-S03.csv
2025,3,,2025-01-13,2025-01-19,ELEVES AU PIS,10.46,0.04,EUR/kg carcasse,COT-VRO-veaux_PMP-A25-S03.csv
2025,3,,2025-01-13,2025-01-19,PRIX MOYEN PONDERE AU 100KILO NET (NON ÉLEVÉS AU PIS),746.7,10.4,EUR/100 kg net,COT-VRO-veaux_bouch_non_pis-A25-S03.csv
2025,3,,2025-01-13,2025-01-19,PRIX MOYEN PONDERE AU 100KILO NET (ÉLEVÉS AU PIS),1045.9,4.1,EUR/100 kg net,COT-VRO-veaux_bouch_pis-A25-S03.csv
2025,3,,2025-01-13,2025-01-19,PRIX MOYEN PONDERE AUX 100 KG VIF,744,9,EUR/100 kg vif,COT-VRO-veaux_bouch_synthese-A25-S03.csv
2025,3,,2025-01-13,2025-01-19,PRIX MOYEN PONDERE AUX 100 KG NET DES VEAUX CLAIRS,789.6,6.5,EUR/100 kg net,COT-VRO-veaux_bouch_synthese-A25-S03.csv
2025,4,,2025-01-20,2025-01-26,ENTREE ABATTOIR,7.45,0.01,EUR/kg carcasse,COT-VRO-veaux_PMP-A25-S04.csv
2025,4,,2025-01-20,2025-01-26,NON ELEVES AU PIS,7.42,-0.05,EUR/kg carcasse,COT-VRO-veaux_PMP-A25-S04.csv
2025,4,,2025-01-20,2025-01-26,ELEVES AU PIS,10.45,-0.01,EUR/kg carcasse,COT-VRO-veaux_PMP-A25-S04.csv
2025,4,,2025-01-20,2025-01-26,PRIX MOYEN PONDERE AU 100KILO NET (NON ÉLEVÉS AU PIS),741.8,-4.9,EUR/100 kg net,COT-VRO-veaux_bouch_non_pis-A25-S04.csv
2025,4,,2025-01-20,2025-01-26,PRIX MOYEN PONDERE AU 100KILO NET (ÉLEVÉS AU PIS),1044.8,-1.1,EUR/100 kg net,COT-VRO-veaux_bouch_pis-A25-S04.csv
2025,4,,2025-01-20,2025-01-26,PRIX MOYEN PONDERE AUX 100 KG VIF,745.3,1.3,EUR/100 kg vif,COT-VRO-veaux_bouch_synthese-A25-S04.csv
2025,4,,2025-01-20,2025-01-26,PRIX MOYEN PONDERE AUX 100 KG NET DES VEAUX CLAIRS,787.2,-2.4,EUR/100 kg net,COT-VRO-veaux_bouch_synthese-A25-S04.csv
2025,5,,2025-01-27,2025-02-02,ENTREE ABATTOIR,7.44,-0.01,EUR/kg carcasse,COT-VRO-veaux_PMP-A25-S05.csv
2025,5,,2025-01-27,2025-02-02,NON ELEVES AU PIS,7.41,-0.01,EUR/kg carcasse,COT-VRO-veaux_PMP-A25-S05.csv
2025,5,,2025-01-27,2025-02-02,ELEVES AU PIS,10.34,-0.11,EUR/kg carcasse,COT-VRO-veaux_PMP-A25-S05.csv
2025,5,,2025-01-27,2025-02-02,PRIX MOYEN PONDERE AU 100KILO NET (NON ÉLEVÉS AU PIS),741.4,-0.4,EUR/100 kg net,COT-VRO-veaux_bouch_non_pis-A25-S05.csv
2025,5,,2025-01-27,2025-02-02,PRIX MOYEN PONDERE AU 100KILO NET (ÉLEVÉS AU PIS),1034.4,-10.4,EUR/100 kg net,COT-VRO-veaux_bouch_pis-A25-S05.csv
2025,5,,2025-01-27,2025-02-02,PRIX MOYEN PONDERE AUX 100 KG VIF,744.4,-0.9,EUR/100 kg vif,COT-VRO-veaux_bouch_synthese-A25-S05.csv
2025,5,,2025-01-27,2025-02-02,PRIX MOYEN PONDERE AUX 100 KG NET DES VEAUX CLAIRS,787.5,0.3,EUR/100 kg net,COT-VRO-veaux_bouch_synthese-A25-S05.csv
2025,6,,2025-02-03,2025-02-09,ENTREE ABATTOIR,7.47,0.03,EUR/kg carcasse,COT-VRO-veaux_PMP-A25-S06.csv
2025,6,,2025-02-03,2025-02-09,NON ELEVES AU PIS,7.45,0.04,EUR/kg carcasse,COT-VRO-veaux_PMP-A25-S06.csv
2025,6,,2025-02-03,2025-02-09,ELEVES AU PIS,10.32,-0.02,EUR/kg carcasse,COT-VRO-veaux_PMP-A25-S06.csv
2025,6,,2025-02-03,2025-02-09,PRIX MOYEN PONDERE AU 100KILO NET (NON ÉLEVÉS AU PIS),744.9,3.5,EUR/100 kg net,COT-VRO-veaux_bouch_non_pis-A25-S06.csv
2025,6,,2025-02-03,2025-02-09,PRIX MOYEN PONDERE AU 100KILO NET (ÉLEVÉS AU PIS),1031.8,-2.6,EUR/100 kg net,COT-VRO-veaux_bouch_pis-A25-S06.csv
2025,6,,2025-02-03,2025-02-09,PRIX MOYEN PONDERE AUX 100 KG VIF,747.4,3,EUR/100 kg vif,COT-VRO-veaux_bouch_synthese-A25-S06.csv
2025,6,,2025-02-03,2025-02-09,PRIX MOYEN PONDERE AUX 100 KG NET DES VEAUX CLAIRS,792.1,4.6,EUR/100 kg net,COT-VRO-veaux_bouch_synthese-A25-S06.csv
2025,7,,2025-02-10,2025-02-16,ENTREE ABATTOIR,7.44,-0.03,EUR/kg carcasse,COT-VRO-veaux_PMP-A25-S07.csv
2025,7,,2025-02-10,2025-02-16,NON ELEVES AU PIS,7.44,-0.01,EUR/kg carcasse,COT-VRO-veaux_PMP-A25-S07.csv
2025,7,,2025-02-10,2025-02-16,ELEVES AU PIS,10.36,0.04,EUR/kg carcasse,COT-VRO-veaux_PMP-A25-S07.csv
2025,7,,2025-02-10,2025-02-16,PRIX MOYEN PONDERE AU 100KILO NET (NON ÉLEVÉS AU PIS),744.1,-0.8,EUR/100 kg net,COT-VRO-veaux_bouch_non_pis-A25-S07.csv
2025,7,,2025-02-10,2025-02-16,PRIX MOYEN PONDERE AU 100KILO NET (ÉLEVÉS AU PIS),1035.5,3.7,EUR/100 kg net,COT-VRO-veaux_bouch_pis-A25-S07.csv
2025,7,,2025-02-10,2025-02-16,PRIX MOYEN PONDERE AUX 100 KG VIF,744.2,-3.2,EUR/100 kg vif,COT-VRO-veaux_bouch_synthese-A25-S07.csv
2025,7,,2025-02-10,2025-02-16,PRIX MOYEN PONDERE AUX 100 KG NET DES VEAUX CLAIRS,793.1,1,EUR/100 kg net,COT-VRO-veaux_bouch_synthese-A25-S07.csv
2025,8,,2025-02-17,2025-02-23,ENTREE ABATTOIR,7.47,0.03,EUR/kg carcasse,COT-VRO-veaux_PMP-A25-S08.csv
2025,8,,2025-02-17,2025-02-23,NON ELEVES AU PIS,7.45,0.01,EUR/kg carcasse,COT-VRO-veaux_PMP-A25-S08.csv
2025,8,,2025-02-17,2025-02-23,ELEVES AU PIS,10.4,0.04,EUR/kg carcasse,COT-VRO-veaux_PMP-A25-S08.csv
2025,8,,2025-02-17,2025-02-23,PRIX MOYEN PONDERE AU 100KILO NET (NON ÉLEVÉS AU PIS),744.7,0.6,EUR/100 kg net,COT-VRO-veaux_bouch_non_pis-A25-S08.csv
2025,8,,2025-02-17,2025-02-23,PRIX MOYEN PONDERE AU 100KILO NET (ÉLEVÉS AU PIS),1039.6,4.1,EUR/100 kg net,COT-VRO-veaux_bouch_pis-A25-S08.csv
2025,8,,2025-02-17,2025-02-23,PRIX MOYEN PONDERE AUX 100 KG VIF,746.9,2.7,EUR/100 kg vif,COT-VRO-veaux_bouch_synthese-A25-S08.csv
2025,8,,2025-02-17,2025-02-23,PRIX MOYEN PONDERE AUX 100 KG NET DES VEAUX CLAIRS,791.1,-2,EUR/100 kg net,COT-VRO-veaux_bouch_synthese-A25-S08.csv
2025,9,,2025-02-24,2025-03-02,ENTREE ABATTOIR,7.57,0.1,EUR/kg carcasse,COT-VRO-veaux_PMP-A25-S09.csv
2025,9,,2025-02-24,2025-03-02,NON ELEVES AU PIS,7.54,0.09,EUR/kg carcasse,COT-VRO-veaux_PMP-A25-S09.csv
2025,9,,2025-02-24,2025-03-02,ELEVES AU PIS,10.34,-0.06,EUR/kg carcasse,COT-VRO-veaux_PMP-A25-S09.csv
2025,9,,2025-02-24,2025-03-02,PRIX MOYEN PONDERE AU 100KILO NET (NON ÉLEVÉS AU PIS),753.7,9,EUR/100 kg net,COT-VRO-veaux_bouch_non_pis-A25-S09.csv
2025,9,,2025-02-24,2025-03-02,PRIX MOYEN PONDERE AU 100KILO NET (ÉLEVÉS AU PIS),1034,-5.6,EUR/100 kg net,COT-VRO-veaux_bouch_pis-A25-S09.csv
2025,9,,2025-02-24,2025-03-02,PRIX MOYEN PONDERE AUX 100 KG VIF,757.2,10.3,EUR/100 kg vif,COT-VRO-veaux_bouch_synthese-A25-S09.csv
2025,9,,2025-02-24,2025-03-02,PRIX MOYEN PONDERE AUX 100 KG NET DES VEAUX CLAIRS,791.7,0.6,EUR/100 kg net,COT-VRO-veaux_bouch_synthese-A25-S09.csv
2025,10,,2025-03-03,2025-03-09,ENTREE ABATTOIR,7.43,-0.14,EUR/kg carcasse,COT-VRO-veaux_PMP-A25-S10.csv
2025,10,,2025-03-03,2025-03-09,NON ELEVES AU PIS,7.45,-0.09,EUR/kg carcasse,COT-VRO-veaux_PMP-A25-S10.csv
2025,10,,2025-03-03,2025-03-09,ELEVES AU PIS,10.42,0.08,EUR/kg carcasse,COT-VRO-veaux_PMP-A25-S10.csv
2025,10,,2025-03-03,2025-03-09,PRIX MOYEN PONDERE AU 100KILO NET (NON ÉLEVÉS AU PIS),744.8,-8.9,EUR/100 kg net,COT-VRO-veaux_bouch_non_pis-A25-S10.csv
2025,10,,2025-03-03,2025-03-09,PRIX MOYEN PONDERE AU 100KILO NET (ÉLEVÉS AU PIS),1041.6,7.6,EUR/100 kg net,COT-VRO-veaux_bouch_pis-A25-S10.csv
2025,10,,2025-03-03,2025-03-09,PRIX MOYEN PONDERE AUX 100 KG VIF,742.9,-14.3,EUR/100 kg vif,COT-VRO-veaux_bouch_synthese-A25-S10.csv
2025,10,,2025-03-03,2025-03-09,PRIX MOYEN PONDERE AUX 100 KG NET DES VEAUX CLAIRS,793.9,2.2,EUR/100 kg net,COT-VRO-veaux_bouch_synthese-A25-S10.csv
2025,11,,2025-03-10,2025-03-16,ENTREE ABATTOIR,7.52,0.09,EUR/kg carcasse,COT-VRO-veaux_PMP-A25-S11.csv
2025,11,,2025-03-10,2025-03-16,NON ELEVES AU PIS,7.54,0.09,EUR/kg carcasse,COT-VRO-veaux_PMP-A25-S11.csv
2025,11,,2025-03-10,2025-03-16,ELEVES AU PIS,10.49,0.07,EUR/kg carcasse,COT-VRO-veaux_PMP-A25-S11.csv
2025,11,,2025-03-10,2025-03-16,PRIX MOYEN PONDERE AU 100KILO NET (NON ÉLEVÉS AU PIS),754.1,9.3,EUR/100 kg net,COT-VRO-veaux_bouch_non_pis-A25-S11.csv
2025,11,,2025-03-10,2025-03-16,PRIX MOYEN PONDERE AU 100KILO NET (ÉLEVÉS AU PIS),1048.6,7,EUR/100 kg net,COT-VRO-veaux_bouch_pis-A25-S11.csv
2025,11,,2025-03-10,2025-03-16,PRIX MOYEN PONDERE AUX 100 KG VIF,751.8,8.9,EUR/100 kg vif,COT-VRO-veaux_bouch_synthese-A25-S11.csv
2025,11,,2025-03-10,2025-03-16,PRIX MOYEN PONDERE AUX 100 KG NET DES VEAUX CLAIRS,792.7,-1.2,EUR/100 kg net,COT-VRO-veaux_bouch_synthese-A25-S11.csv
2025,12,,2025-03-17,2025-03-23,ENTREE ABATTOIR,7.56,0.04,EUR/kg carcasse,COT-VRO-veaux_PMP-A25-S12.csv
2025,12,,2025-03-17,2025-03-23,NON ELEVES AU PIS,7.51,-0.03,EUR/kg carcasse,COT-VRO-veaux_PMP-A25-S12.csv
2025,12,,2025-03-17,2025-03-23,ELEVES AU PIS,10.56,0.07,EUR/kg carcasse,COT-VRO-veaux_PMP-A25-S12.csv
2025,12,,2025-03-17,2025-03-23,PRIX MOYEN PONDERE AU 100KILO NET (NON ÉLEVÉS AU PIS),751.3,-2.8,EUR/100 kg net,COT-VRO-veaux_bouch_non_pis-A25-S12.csv
2025,12,,2025-03-17,2025-03-23,PRIX MOYEN PONDERE AU 100KILO NET (ÉLEVÉS AU PIS),1055.6,7,EUR/100 kg net,COT-VRO-veaux_bouch_pis-A25-S12.csv
2025,12,,2025-03-17,2025-03-23,PRIX MOYEN PONDERE AUX 100 KG VIF,755.8,4,EUR/100 kg vif,COT-VRO-veaux_bouch_synthese-A25-S12.csv
2025,12,,2025-03-17,2025-03-23,PRIX MOYEN PONDERE AUX 100 KG NET DES VEAUX CLAIRS,799.9,7.2,EUR/100 kg net,COT-VRO-veaux_bouch_synthese-A25-S12.csv
2025,13,,2025-03-24,2025-03-30,ENTREE ABATTOIR,7.6,0.04,EUR/kg carcasse,COT-VRO-veaux_PMP-A25-S13.csv
2025,13,,2025-03-24,2025-03-30,NON ELEVES AU PIS,7.56,0.05,EUR/kg carcasse,COT-VRO-veaux_PMP-A25-S13.csv
2025,13,,2025-03-24,2025-03-30,ELEVES AU PIS,10.5,-0.06,EUR/kg carcasse,COT-VRO-veaux_PMP-A25-S13.csv
2025,13,,2025-03-24,2025-03-30,PRIX MOYEN PONDERE AU 100KILO NET (NON ÉLEVÉS AU PIS),755.9,4.6,EUR/100 kg net,COT-VRO-veaux_bouch_non_pis-A25-S13.csv
2025,13,,2025-03-24,2025-03-30,PRIX MOYEN PONDERE AU 100KILO NET (ÉLEVÉS AU PIS),1049.5,-6.1,EUR/100 kg net,COT-VRO-veaux_bouch_pis-A25-S13.csv
2025,13,,2025-03-24,2025-03-30,PRIX MOYEN PONDERE AUX 100 KG VIF,760.3,4.5,EUR/100 kg vif,COT-VRO-veaux_bouch_synthese-A25-S13.csv
2025,13,,2025-03-24,2025-03-30,PRIX MOYEN PONDERE AUX 100 KG NET DES VEAUX CLAIRS,802.1,2.2,EUR/100 kg net,COT-VRO-veaux_bouch_synthese-A25-S13.csv
2025,14,,2025-03-31,2025-04-06,ENTREE ABATTOIR,7.58,-0.02,EUR/kg carcasse,COT-VRO-veaux_PMP-A25-S14.csv
2025,14,,2025-03-31,2025-04-06,NON ELEVES AU PIS,7.56,0,EUR/kg carcasse,COT-VRO-veaux_PMP-A25-S14.csv
2025,14,,2025-03-31,2025-04-06,ELEVES AU PIS,10.44,-0.06,EUR/kg carcasse,COT-VRO-veaux_PMP-A25-S14.csv
2025,14,,2025-03-31,2025-04-06,PRIX MOYEN PONDERE AU 100KILO NET (NON ÉLEVÉS AU PIS),755.9,0,EUR/100 kg net,COT-VRO-veaux_bouch_non_pis-A25-S14.csv
2025,14,,2025-03-31,2025-04-06,PRIX MOYEN PONDERE AU 100KILO NET (ÉLEVÉS AU PIS),1043.9,-5.6,EUR/100 kg net,COT-VRO-veaux_bouch_pis-A25-S14.csv
2025,14,,2025-03-31,2025-04-06,PRIX MOYEN PONDERE AUX 100 KG VIF,758.3,-2,EUR/100 kg vif,COT-VRO-veaux_bouch_synthese-A25-S14.csv
2025,14,,2025-03-31,2025-04-06,PRIX MOYEN PONDERE AUX 100 KG NET DES VEAUX CLAIRS,801.8,-0.3,EUR/100 kg net,COT-VRO-veaux_bouch_synthese-A25-S14.csv
2025,15,,2025-04-07,2025-04-13,ENTREE ABATTOIR,7.66,0.08,EUR/kg carcasse,COT-VRO-veaux_PMP-A25-S15.csv
2025,15,,2025-04-07,2025-04-13,NON ELEVES AU PIS,7.61,0.05,EUR/kg carcasse,COT-VRO-veaux_PMP-A25-S15.csv
2025,15,,2025-04-07,2025-04-13,ELEVES AU PIS,11.01,0.57,EUR/kg carcasse,COT-VRO-veaux_PMP-A25-S15.csv
2025,15,,2025-04-07,2025-04-13,PRIX MOYEN PONDERE AU 100KILO NET (NON ÉLEVÉS AU PIS),761.1,5.2,EUR/100 kg net,COT-VRO-veaux_bouch_non_pis-A25-S15.csv
2025,15,,2025-04-07,2025-04-13,PRIX MOYEN PONDERE AU 100KILO NET (ÉLEVÉS AU PIS),1100.7,56.8,EUR/100 kg net,COT-VRO-veaux_bouch_pis-A25-S15.csv
2025,15,,2025-04-07,2025-04-13,PRIX MOYEN PONDERE AUX 100 KG VIF,766,7.7,EUR/100 kg vif,COT-VRO-veaux_bouch_synthese-A25-S15.csv
2025,15,,2025-04-07,2025-04-13,PRIX MOYEN PONDERE AUX 100 KG NET DES VEAUX CLAIRS,805.4,3.6,EUR/100 kg net,COT-VRO-veaux_bouch_synthese-A25-S15.csv
2025,16,,2025-04-14,2025-04-20,ENTREE ABATTOIR,7.74,0.08,EUR/kg carcasse,COT-VRO-veaux_PMP-A25-S16.csv
2025,16,,2025-04-14,2025-04-20,NON ELEVES AU PIS,7.68,0.07,EUR/kg carcasse,COT-VRO-veaux_PMP-A25-S16.csv
2025,16,,2025-04-14,2025-04-20,ELEVES AU PIS,10.49,-0.52,EUR/kg carcasse,COT-VRO-veaux_PMP-A25-S16.csv
2025,16,,2025-04-14,2025-04-20,PRIX MOYEN PONDERE AU 100KILO NET (NON ÉLEVÉS AU PIS),767.6,6.5,EUR/100 kg net,COT-VRO-veaux_bouch_non_pis-A25-S16.csv
2025,16,,2025-04-14,2025-04-20,PRIX MOYEN PONDERE AU 100KILO NET (ÉLEVÉS AU PIS),1048.6,-52.1,EUR/100 kg net,COT-VRO-veaux_bouch_pis-A25-S16.csv
2025,16,,2025-04-14,2025-04-20,PRIX MOYEN PONDERE AUX 100 KG VIF,774.1,8.1,EUR/100 kg vif,COT-VRO-veaux_bouch_synthese-A25-S16.csv
2025,16,,2025-04-14,2025-04-20,PRIX MOYEN PONDERE AUX 100 KG NET DES VEAUX CLAIRS,809.4,4,EUR/100 kg net,COT-VRO-veaux_bouch_synthese-A25-S16.csv
2025,17,,2025-04-21,2025-04-27,ENTREE ABATTOIR,7.72,-0.02,EUR/kg carcasse,COT-VRO-veaux_PMP-A25-S17.csv
2025,17,,2025-04-21,2025-04-27,NON ELEVES AU PIS,7.66,-0.02,EUR/kg carcasse,COT-VRO-veaux_PMP-A25-S17.csv
2025,17,,2025-04-21,2025-04-27,ELEVES AU PIS,10.36,-0.13,EUR/kg carcasse,COT-VRO-veaux_PMP-A25-S17.csv
2025,17,,2025-04-21,2025-04-27,PRIX MOYEN PONDERE AU 100KILO NET (NON ÉLEVÉS AU PIS),765.7,-1.9,EUR/100 kg net,COT-VRO-veaux_bouch_non_pis-A25-S17.csv
2025,17,,2025-04-21,2025-04-27,PRIX MOYEN PONDERE AU 100KILO NET (ÉLEVÉS AU PIS),1035.5,-13.1,EUR/100 kg net,COT-VRO-veaux_bouch_pis-A25-S17.csv
2025,17,,2025-04-21,2025-04-27,PRIX MOYEN PONDERE AUX 100 KG VIF,771.5,-2.6,EUR/100 kg vif,COT-VRO-veaux_bouch_synthese-A25-S17.csv
2025,17,,2025-04-21,2025-04-27,PRIX MOYEN PONDERE AUX 100 KG NET DES VEAUX CLAIRS,807,-2.4,EUR/100 kg net,COT-VRO-veaux_bouch_synthese-A25-S17.csv
2025,18,,2025-04-28,2025-05-04,ENTREE ABATTOIR,7.67,-0.05,EUR/kg carcasse,COT-VRO-veaux_PMP-A25-S18.csv
2025,18,,2025-04-28,2025-05-04,NON ELEVES AU PIS,7.63,-0.03,EUR/kg carcasse,COT-VRO-veaux_PMP-A25-S18.csv
2025,18,,2025-04-28,2025-05-04,ELEVES AU PIS,10.72,0.36,EUR/kg carcasse,COT-VRO-veaux_PMP-A25-S18.csv
2025,18,,2025-04-28,2025-05-04,PRIX MOYEN PONDERE AU 100KILO NET (NON ÉLEVÉS AU PIS),763,-2.7,EUR/100 kg net,COT-VRO-veaux_bouch_non_pis-A25-S18.csv
2025,18,,2025-04-28,2025-05-04,PRIX MOYEN PONDERE AU 100KILO NET (ÉLEVÉS AU PIS),1071.7,36.2,EUR/100 kg net,COT-VRO-veaux_bouch_pis-A25-S18.csv
2025,18,,2025-04-28,2025-05-04,PRIX MOYEN PONDERE AUX 100 KG VIF,767.1,-4.4,EUR/100 kg vif,COT-VRO-veaux_bouch_synthese-A25-S18.csv
2025,18,,2025-04-28,2025-05-04,PRIX MOYEN PONDERE AUX 100 KG NET DES VEAUX CLAIRS,808.9,1.9,EUR/100 kg net,COT-VRO-veaux_bouch_synthese-A25-S18.csv
2025,19,,2025-05-05,2025-05-11,ENTREE ABATTOIR,7.63,-0.04,EUR/kg carcasse,COT-VRO-veaux_PMP-A25-S19.csv
2025,19,,2025-05-05,2025-05-11,NON ELEVES AU PIS,7.64,0.01,EUR/kg carcasse,COT-VRO-veaux_PMP-A25-S19.csv
2025,19,,2025-05-05,2025-05-11,ELEVES AU PIS,10.56,-0.16,EUR/kg carcasse,COT-VRO-veaux_PMP-A25-S19.csv
2025,19,,2025-05-05,2025-05-11,PRIX MOYEN PONDERE AU 100KILO NET (NON ÉLEVÉS AU PIS),764.4,1.4,EUR/100 kg net,COT-VRO-veaux_bouch_non_pis-A25-S19.csv
2025,19,,2025-05-05,2025-05-11,PRIX MOYEN PONDERE AU 100KILO NET (ÉLEVÉS AU PIS),1055.9,-15.8,EUR/100 kg net,COT-VRO-veaux_bouch_pis-A25-S19.csv
2025,19,,2025-05-05,2025-05-11,PRIX MOYEN PONDERE AUX 100 KG VIF,762.6,-4.5,EUR/100 kg vif,COT-VRO-veaux_bouch_synthese-A25-S19.csv
2025,19,,2025-05-05,2025-05-11,PRIX MOYEN PONDERE AUX 100 KG NET DES VEAUX CLAIRS,805.3,-3.6,EUR/100 kg net,COT-VRO-veaux_bouch_synthese-A25-S19.csv
2025,20,,2025-05-12,2025-05-18,ENTREE ABATTOIR,7.6,-0.03,EUR/kg carcasse,COT-VRO-veaux_PMP-A25-S20.csv
2025,20,,2025-05-12,2025-05-18,NON ELEVES AU PIS,7.54,-0.1,EUR/kg carcasse,COT-VRO-veaux_PMP-A25-S20.csv
2025,20,,2025-05-12,2025-05-18,ELEVES AU PIS,10.42,-0.14,EUR/kg carcasse,COT-VRO-veaux_PMP-A25-S20.csv
2025,20,,2025-05-12,2025-05-18,PRIX MOYEN PONDERE AU 100KILO NET (NON ÉLEVÉS AU PIS),754.2,-10.2,EUR/100 kg net,COT-VRO-veaux_bouch_non_pis-A25-S20.csv
2025,20,,2025-05-12,2025-05-18,PRIX MOYEN PONDERE AU 100KILO NET (ÉLEVÉS AU PIS),1042.1,-13.8,EUR/100 kg net,COT-VRO-veaux_bouch_pis-A25-S20.csv
2025,20,,2025-05-12,2025-05-18,PRIX MOYEN PONDERE AUX 100 KG VIF,760,-2.6,EUR/100 kg vif,COT-VRO-veaux_bouch_synthese-A25-S20.csv
2025,20,,2025-05-12,2025-05-18,PRIX MOYEN PONDERE AUX 100 KG NET DES VEAUX CLAIRS,798.6,-6.7,EUR/100 kg net,COT-VRO-veaux_bouch_synthese-A25-S20.csv
2025,21,,2025-05-19,2025-05-25,ENTREE ABATTOIR,7.51,-0.09,EUR/kg carcasse,COT-VRO-veaux_PMP-A25-S21.csv
2025,21,,2025-05-19,2025-05-25,NON ELEVES AU PIS,7.52,-0.02,EUR/kg carcasse,COT-VRO-veaux_PMP-A25-S21.csv
2025,21,,2025-05-19,2025-05-25,ELEVES AU PIS,10.38,-0.04,EUR/kg carcasse,COT-VRO-veaux_PMP-A25-S21.csv
2025,21,,2025-05-19,2025-05-25,PRIX MOYEN PONDERE AU 100KILO NET (NON ÉLEVÉS AU PIS),751.8,-2.4,EUR/100 kg net,COT-VRO-veaux_bouch_non_pis-A25-S21.csv
2025,21,,2025-05-19,2025-05-25,PRIX MOYEN PONDERE AU 100KILO NET (ÉLEVÉS AU PIS),1038,-4.1,EUR/100 kg net,COT-VRO-veaux_bouch_pis-A25-S21.csv
2025,21,,2025-05-19,2025-05-25,PRIX MOYEN PONDERE AUX 100 KG VIF,750.7,-9.3,EUR/100 kg vif,COT-VRO-veaux_bouch_synthese-A25-S21.csv
2025,21,,2025-05-19,2025-05-25,PRIX MOYEN PONDERE AUX 100 KG NET DES VEAUX CLAIRS,795.6,-3,EUR/100 kg net,COT-VRO-veaux_bouch_synthese-A25-S21.csv
2025,22,,2025-05-26,2025-06-01,ENTREE ABATTOIR,7.52,0.01,EUR/kg carcasse,COT-VRO-veaux_PMP-A25-S22.csv
2025,22,,2025-05-26,2025-06-01,NON ELEVES AU PIS,7.5,-0.02,EUR/kg carcasse,COT-VRO-veaux_PMP-A25-S22.csv
2025,22,,2025-05-26,2025-06-01,ELEVES AU PIS,10.51,0.13,EUR/kg carcasse,COT-VRO-veaux_PMP-A25-S22.csv
2025,22,,2025-05-26,2025-06-01,PRIX MOYEN PONDERE AU 100KILO NET (NON ÉLEVÉS AU PIS),750.1,-1.7,EUR/100 kg net,COT-VRO-veaux_bouch_non_pis-A25-S22.csv
2025,22,,2025-05-26,2025-06-01,PRIX MOYEN PONDERE AU 100KILO NET (ÉLEVÉS AU PIS),1050.6,12.6,EUR/100 kg net,COT-VRO-veaux_bouch_pis-A25-S22.csv
2025,22,,2025-05-26,2025-06-01,PRIX MOYEN PONDERE AUX 100 KG VIF,752,1.3,EUR/100 kg vif,COT-VRO-veaux_bouch_synthese-A25-S22.csv
2025,22,,2025-05-26,2025-06-01,PRIX MOYEN PONDERE AUX 100 KG NET DES VEAUX CLAIRS,792.2,-3.4,EUR/100 kg net,COT-VRO-veaux_bouch_synthese-A25-S22.csv
2025,23,,2025-06-02,2025-06-08,ENTREE ABATTOIR,7.47,-0.05,EUR/kg carcasse,COT-VRO-veaux_PMP-A25-S23.csv
2025,23,,2025-06-02,2025-06-08,NON ELEVES AU PIS,7.49,-0.01,EUR/kg carcasse,COT-VRO-veaux_PMP-A25-S23.csv
2025,23,,2025-06-02,2025-06-08,ELEVES AU PIS,10.73,0.22,EUR/kg carcasse,COT-VRO-veaux_PMP-A25-S23.csv
2025,23,,2025-06-02,2025-06-08,PRIX MOYEN PONDERE AU 100KILO NET (NON ÉLEVÉS AU PIS),749.3,-0.8,EUR/100 kg net,COT-VRO-veaux_bouch_non_pis-A25-S23.csv
2025,23,,2025-06-02,2025-06-08,PRIX MOYEN PONDERE AU 100KILO NET (ÉLEVÉS AU PIS),1072.7,22.1,EUR/100 kg net,COT-VRO-veaux_bouch_pis-A25-S23.csv
2025,23,,2025-06-02,2025-06-08,PRIX MOYEN PONDERE AUX 100 KG VIF,746.7,-5.3,EUR/100 kg vif,COT-VRO-veaux_bouch_synthese-A25-S23.csv
2025,23,,2025-06-02,2025-06-08,PRIX MOYEN PONDERE AUX 100 KG NET DES VEAUX CLAIRS,786,-6.2,EUR/100 kg net,COT-VRO-veaux_bouch_synthese-A25-S23.csv
2025,24,,2025-06-09,2025-06-15,ENTREE ABATTOIR,7.4,-0.07,EUR/kg carcasse,COT-VRO-veaux_PMP-A25-S24.csv
2025,24,,2025-06-09,2025-06-15,NON ELEVES AU PIS,7.45,-0.04,EUR/kg carcasse,COT-VRO-veaux_PMP-A25-S24.csv
2025,24,,2025-06-09,2025-06-15,ELEVES AU PIS,10.75,0.02,EUR/kg carcasse,COT-VRO-veaux_PMP-A25-S24.csv
2025,24,,2025-06-09,2025-06-15,PRIX MOYEN PONDERE AU 100KILO NET (NON ÉLEVÉS AU PIS),745.3,-4,EUR/100 kg net,COT-VRO-veaux_bouch_non_pis-A25-S24.csv
2025,24,,2025-06-09,2025-06-15,PRIX MOYEN PONDERE AU 100KILO NET (ÉLEVÉS AU PIS),1074.5,1.8,EUR/100 kg net,COT-VRO-veaux_bouch_pis-A25-S24.csv
2025,24,,2025-06-09,2025-06-15,PRIX MOYEN PONDERE AUX 100 KG VIF,740.3,-6.4,EUR/100 kg vif,COT-VRO-veaux_bouch_synthese-A25-S24.csv
2025,24,,2025-06-09,2025-06-15,PRIX MOYEN PONDERE AUX 100 KG NET DES VEAUX CLAIRS,788.3,2.3,EUR/100 kg net,COT-VRO-veaux_bouch_synthese-A25-S24.csv
2025,25,,2025-06-16,2025-06-22,ENTREE ABATTOIR,7.41,0.01,EUR/kg carcasse,COT-VRO-veaux_PMP-A25-S25.csv
2025,25,,2025-06-16,2025-06-22,NON ELEVES AU PIS,7.47,0.02,EUR/kg carcasse,COT-VRO-veaux_PMP-A25-S25.csv
2025,25,,2025-06-16,2025-06-22,ELEVES AU PIS,10.43,-0.32,EUR/kg carcasse,COT-VRO-veaux_PMP-A25-S25.csv
2025,25,,2025-06-16,2025-06-22,PRIX MOYEN PONDERE AU 100KILO NET (NON ÉLEVÉS AU PIS),746.8,1.5,EUR/100 kg net,COT-VRO-veaux_bouch_non_pis-A25-S25.csv
2025,25,,2025-06-16,2025-06-22,PRIX MOYEN PONDERE AU 100KILO NET (ÉLEVÉS AU PIS),1042.8,-31.7,EUR/100 kg net,COT-VRO-veaux_bouch_pis-A25-S25.csv
2025,25,,2025-06-16,2025-06-22,PRIX MOYEN PONDERE AUX 100 KG VIF,741,0.7,EUR/100 kg vif,COT-VRO-veaux_bouch_synthese-A25-S25.csv
2025,25,,2025-06-16,2025-06-22,PRIX MOYEN PONDERE AUX 100 KG NET DES VEAUX CLAIRS,780.5,-7.8,EUR/100 kg net,COT-VRO-veaux_bouch_synthese-A25-S25.csv
2025,26,,2025-06-23,2025-06-29,ENTREE ABATTOIR,7.39,-0.02,EUR/kg carcasse,COT-VRO-veaux_PMP-A25-S26.csv
2025,26,,2025-06-23,2025-06-29,NON ELEVES AU PIS,7.43,-0.04,EUR/kg carcasse,COT-VRO-veaux_PMP-A25-S26.csv
2025,26,,2025-06-23,2025-06-29,ELEVES AU PIS,10.59,0.16,EUR/kg carcasse,COT-VRO-veaux_PMP-A25-S26.csv
2025,26,,2025-06-23,2025-06-29,PRIX MOYEN PONDERE AU 100KILO NET (NON ÉLEVÉS AU PIS),742.8,-4,EUR/100 kg net,COT-VRO-veaux_bouch_non_pis-A25-S26.csv
2025,26,,2025-06-23,2025-06-29,PRIX MOYEN PONDERE AU 100KILO NET (ÉLEVÉS AU PIS),1059,16.2,EUR/100 kg net,COT-VRO-veaux_bouch_pis-A25-S26.csv
2025,26,,2025-06-23,2025-06-29,PRIX MOYEN PONDERE AUX 100 KG VIF,738.8,-2.2,EUR/100 kg vif,COT-VRO-veaux_bouch_synthese-A25-S26.csv
2025,26,,2025-06-23,2025-06-29,PRIX MOYEN PONDERE AUX 100 KG NET DES VEAUX CLAIRS,781,0.5,EUR/100 kg net,COT-VRO-veaux_bouch_synthese-A25-S26.csv
2025,27,,2025-06-30,2025-07-06,ENTREE ABATTOIR,7.42,0.03,EUR/kg carcasse,COT-VRO-veaux_PMP-A25-S27.csv
2025,27,,2025-06-30,2025-07-06,NON ELEVES AU PIS,7.44,0.01,EUR/kg carcasse,COT-VRO-veaux_PMP-A25-S27.csv
2025,27,,2025-06-30,2025-07-06,ELEVES AU PIS,10.54,-0.05,EUR/kg carcasse,COT-VRO-veaux_PMP-A25-S27.csv
2025,27,,2025-06-30,2025-07-06,PRIX MOYEN PONDERE AU 100KILO NET (NON ÉLEVÉS AU PIS),743.5,0.7,EUR/100 kg net,COT-VRO-veaux_bouch_non_pis-A25-S27.csv
2025,27,,2025-06-30,2025-07-06,PRIX MOYEN PONDERE AU 100KILO NET (ÉLEVÉS AU PIS),1053.7,-5.3,EUR/100 kg net,COT-VRO-veaux_bouch_pis-A25-S27.csv
2025,27,,2025-06-30,2025-07-06,PRIX MOYEN PONDERE AUX 100 KG VIF,741.7,2.9,EUR/100 kg vif,COT-VRO-veaux_bouch_synthese-A25-S27.csv
2025,27,,2025-06-30,2025-07-06,PRIX MOYEN PONDERE AUX 100 KG NET DES VEAUX CLAIRS,783.1,2.1,EUR/100 kg net,COT-VRO-veaux_bouch_synthese-A25-S27.csv
2025,28,,2025-07-07,2025-07-13,ENTREE ABATTOIR,7.48,0.06,EUR/kg carcasse,COT-VRO-veaux_PMP-A25-S28.csv
2025,28,,2025-07-07,2025-07-13,NON ELEVES AU PIS,7.48,0.04,EUR/kg carcasse,COT-VRO-veaux_PMP-A25-S28.csv
2025,28,,2025-07-07,2025-07-13,ELEVES AU PIS,10.54,0,EUR/kg carcasse,COT-VRO-veaux_PMP-A25-S28.csv
2025,28,,2025-07-07,2025-07-13,PRIX MOYEN PONDERE AU 100KILO NET (NON ÉLEVÉS AU PIS),748.2,4.7,EUR/100 kg net,COT-VRO-veaux_bouch_non_pis-A25-S28.csv
2025,28,,2025-07-07,2025-07-13,PRIX MOYEN PONDERE AU 100KILO NET (ÉLEVÉS AU PIS),1054.4,0.7,EUR/100 kg net,COT-VRO-veaux_bouch_pis-A25-S28.csv
2025,28,,2025-07-07,2025-07-13,PRIX MOYEN PONDERE AUX 100 KG VIF,748.3,6.6,EUR/100 kg vif,COT-VRO-veaux_bouch_synthese-A25-S28.csv
2025,28,,2025-07-07,2025-07-13,PRIX MOYEN PONDERE AUX 100 KG NET DES VEAUX CLAIRS,786.6,3.5,EUR/100 kg net,COT-VRO-veaux_bouch_synthese-A25-S28.csv
2025,29,,2025-07-14,2025-07-20,ENTREE ABATTOIR,7.42,-0.06,EUR/kg carcasse,COT-VRO-veaux_PMP-A25-S29.csv
2025,29,,2025-07-14,2025-07-20,NON ELEVES AU PIS,7.42,-0.06,EUR/kg carcasse,COT-VRO-veaux_PMP-A25-S29.csv
2025,29,,2025-07-14,2025-07-20,ELEVES AU PIS,10.41,-0.13,EUR/kg carcasse,COT-VRO-veaux_PMP-A25-S29.csv
2025,29,,2025-07-14,2025-07-20,PRIX MOYEN PONDERE AU 100KILO NET (NON ÉLEVÉS AU PIS),742,-6.2,EUR/100 kg net,COT-VRO-veaux_bouch_non_pis-A25-S29.csv
2025,29,,2025-07-14,2025-07-20,PRIX MOYEN PONDERE AU 100KILO NET (ÉLEVÉS AU PIS),1040.7,-13.7,EUR/100 kg net,COT-VRO-veaux_bouch_pis-A25-S29.csv
2025,29,,2025-07-14,2025-07-20,PRIX MOYEN PONDERE AUX 100 KG VIF,741.8,-6.5,EUR/100 kg vif,COT-VRO-veaux_bouch_synthese-A25-S29.csv
2025,29,,2025-07-14,2025-07-20,PRIX MOYEN PONDERE AUX 100 KG NET DES VEAUX CLAIRS,779.2,-7.4,EUR/100 kg net,COT-VRO-veaux_bouch_synthese-A25-S29.csv
2025,30,,2025-07-21,2025-07-27,ENTREE ABATTOIR,7.43,0.01,EUR/kg carcasse,COT-VRO-veaux_PMP-A25-S30.csv
2025,30,,2025-07-21,2025-07-27,NON ELEVES AU PIS,7.44,0.02,EUR/kg carcasse,COT-VRO-veaux_PMP-A25-S30.csv
2025,30,,2025-07-21,2025-07-27,ELEVES AU PIS,10.29,-0.12,EUR/kg carcasse,COT-VRO-veaux_PMP-A25-S30.csv
2025,30,,2025-07-21,2025-07-27,PRIX MOYEN PONDERE AU 100KILO NET (NON ÉLEVÉS AU PIS),743.7,1.7,EUR/100 kg net,COT-VRO-veaux_bouch_non_pis-A25-S30.csv
2025,30,,2025-07-21,2025-07-27,PRIX MOYEN PONDERE AU 100KILO NET (ÉLEVÉS AU PIS),1029,-11.7,EUR/100 kg net,COT-VRO-veaux_bouch_pis-A25-S30.csv
2025,30,,2025-07-21,2025-07-27,PRIX MOYEN PONDERE AUX 100 KG VIF,743.3,1.5,EUR/100 kg vif,COT-VRO-veaux_bouch_synthese-A25-S30.csv
2025,30,,2025-07-21,2025-07-27,PRIX MOYEN PONDERE AUX 100 KG NET DES VEAUX CLAIRS,781.9,2.7,EUR/100 kg net,COT-VRO-veaux_bouch_synthese-A25-S30.csv
2025,31,,2025-07-28,2025-08-03,ENTREE ABATTOIR,7.44,0.01,EUR/kg carcasse,COT-VRO-veaux_PMP-A25-S31.csv
2025,31,,2025-07-28,2025-08-03,NON ELEVES AU PIS,7.46,0.02,EUR/kg carcasse,COT-VRO-veaux_PMP-A25-S31.csv
2025,31,,2025-07-28,2025-08-03,ELEVES AU PIS,9.94,-0.35,EUR/kg carcasse,COT-VRO-veaux_PMP-A25-S31.csv
2025,31,,2025-07-28,2025-08-03,PRIX MOYEN PONDERE AU 100KILO NET (NON ÉLEVÉS AU PIS),745.9,2.2,EUR/100 kg net,COT-VRO-veaux_bouch_non_pis-A25-S31.csv
2025,31,,2025-07-28,2025-08-03,PRIX MOYEN PONDERE AU 100KILO NET (ÉLEVÉS AU PIS),993.8,-35.2,EUR/100 kg net,COT-VRO-veaux_bouch_pis-A25-S31.csv
2025,31,,2025-07-28,2025-08-03,PRIX MOYEN PONDERE AUX 100 KG VIF,744,0.7,EUR/100 kg vif,COT-VRO-veaux_bouch_synthese-A25-S31.csv
2025,31,,2025-07-28,2025-08-03,PRIX MOYEN PONDERE AUX 100 KG NET DES VEAUX CLAIRS,783.9,2,EUR/100 kg net,COT-VRO-veaux_bouch_synthese-A25-S31.csv
2025,32,,2025-08-04,2025-08-10,PRIX MOYEN PONDERE AU 100KILO NET (NON ÉLEVÉS AU PIS),749,3.1,EUR/100 kg net,COT-VRO-veaux_bouch_non_pis-A25-S32.csv
2025,32,,2025-08-04,2025-08-10,PRIX MOYEN PONDERE AU 100KILO NET (ÉLEVÉS AU PIS),1037.6,43.8,EUR/100 kg net,COT-VRO-veaux_bouch_pis-A25-S32.csv
2025,32,,2025-08-04,2025-08-10,PRIX MOYEN PONDERE AUX 100 KG VIF,754.9,10.9,EUR/100 kg vif,COT-VRO-veaux_bouch_synthese-A25-S32.csv
2025,32,,2025-08-04,2025-08-10,PRIX MOYEN PONDERE AUX 100 KG NET DES VEAUX CLAIRS,789.1,5.2,EUR/100 kg net,COT-VRO-veaux_bouch_synthese-A25-S32.csv
2025,33,,2025-08-11,2025-08-17,ENTREE ABATTOIR,7.46,-0.09,EUR/kg carcasse,COT-VRO-veaux_PMP-A25-S33.csv
2025,33,,2025-08-11,2025-08-17,NON ELEVES AU PIS,7.48,-0.01,EUR/kg carcasse,COT-VRO-veaux_PMP-A25-S33.csv
2025,33,,2025-08-11,2025-08-17,ELEVES AU PIS,10.56,0.18,EUR/kg carcasse,COT-VRO-veaux_PMP-A25-S33.csv
2025,33,,2025-08-11,2025-08-17,PRIX MOYEN PONDERE AU 100KILO NET (NON ÉLEVÉS AU PIS),747.8,-1.2,EUR/100 kg net,COT-VRO-veaux_bouch_non_pis-A25-S33.csv
2025,33,,2025-08-11,2025-08-17,PRIX MOYEN PONDERE AU 100KILO NET (ÉLEVÉS AU PIS),1055.7,18.1,EUR/100 kg net,COT-VRO-veaux_bouch_pis-A25-S33.csv
2025,33,,2025-08-11,2025-08-17,PRIX MOYEN PONDERE AUX 100 KG VIF,746,-8.9,EUR/100 kg vif,COT-VRO-veaux_bouch_synthese-A25-S33.csv
2025,33,,2025-08-11,2025-08-17,PRIX MOYEN PONDERE AUX 100 KG NET DES VEAUX CLAIRS,784.5,-4.6,EUR/100 kg net,COT-VRO-veaux_bouch_synthese-A25-S33.csv
2025,34,,2025-08-18,2025-08-24,ENTREE ABATTOIR,7.5,0.04,EUR/kg carcasse,COT-VRO-veaux_PMP-A25-S34.csv
2025,34,,2025-08-18,2025-08-24,NON ELEVES AU PIS,7.48,0,EUR/kg carcasse,COT-VRO-veaux_PMP-A25-S34.csv
2025,34,,2025-08-18,2025-08-24,ELEVES AU PIS,10.55,-0.01,EUR/kg carcasse,COT-VRO-veaux_PMP-A25-S34.csv
2025,34,,2025-08-18,2025-08-24,PRIX MOYEN PONDERE AU 100KILO NET (NON ÉLEVÉS AU PIS),748.1,0.3,EUR/100 kg net,COT-VRO-veaux_bouch_non_pis-A25-S34.csv
2025,34,,2025-08-18,2025-08-24,PRIX MOYEN PONDERE AU 100KILO NET (ÉLEVÉS AU PIS),1055.3,-0.4,EUR/100 kg net,COT-VRO-veaux_bouch_pis-A25-S34.csv
2025,34,,2025-08-18,2025-08-24,PRIX MOYEN PONDERE AUX 100 KG VIF,750.4,4.4,EUR/100 kg vif,COT-VRO-veaux_bouch_synthese-A25-S34.csv
2025,34,,2025-08-18,2025-08-24,PRIX MOYEN PONDERE AUX 100 KG NET DES VEAUX CLAIRS,791.4,6.9,EUR/100 kg net,COT-VRO-veaux_bouch_synthese-A25-S34.csv
2025,35,,2025-08-25,2025-08-31,ENTREE ABATTOIR,7.5,0,EUR/kg carcasse,COT-VRO-veaux_PMP-A25-S35.csv
2025,35,,2025-08-25,2025-08-31,NON ELEVES AU PIS,7.52,0.04,EUR/kg carcasse,COT-VRO-veaux_PMP-A25-S35.csv
2025,35,,2025-08-25,2025-08-31,ELEVES AU PIS,10.98,0.43,EUR/kg carcasse,COT-VRO-veaux_PMP-A25-S35.csv
2025,35,,2025-08-25,2025-08-31,PRIX MOYEN PONDERE AU 100KILO NET (NON ÉLEVÉS AU PIS),751.9,3.8,EUR/100 kg net,COT-VRO-veaux_bouch_non_pis-A25-S35.csv
2025,35,,2025-08-25,2025-08-31,PRIX MOYEN PONDERE AU 100KILO NET (ÉLEVÉS AU PIS),1097.9,42.6,EUR/100 kg net,COT-VRO-veaux_bouch_pis-A25-S35.csv
2025,35,,2025-08-25,2025-08-31,PRIX MOYEN PONDERE AUX 100 KG VIF,749.6,-0.8,EUR/100 kg vif,COT-VRO-veaux_bouch_synthese-A25-S35.csv
2025,35,,2025-08-25,2025-08-31,PRIX MOYEN PONDERE AUX 100 KG NET DES VEAUX CLAIRS,794.1,2.7,EUR/100 kg net,COT-VRO-veaux_bouch_synthese-A25-S35.csv
2025,36,,2025-09-01,2025-09-07,ENTREE ABATTOIR,7.72,0.22,EUR/kg carcasse,COT-VRO-veaux_PMP-A25-S36.csv
2025,36,,2025-09-01,2025-09-07,NON ELEVES AU PIS,7.68,0.16,EUR/kg carcasse,COT-VRO-veaux_PMP-A25-S36.csv
2025,36,,2025-09-01,2025-09-07,ELEVES AU PIS,10.72,-0.26,EUR/kg carcasse,COT-VRO-veaux_PMP-A25-S36.csv
2025,36,,2025-09-01,2025-09-07,PRIX MOYEN PONDERE AU 100KILO NET (NON ÉLEVÉS AU PIS),768.4,16.5,EUR/100 kg net,COT-VRO-veaux_bouch_non_pis-A25-S36.csv
2025,36,,2025-09-01,2025-09-07,PRIX MOYEN PONDERE AU 100KILO NET (ÉLEVÉS AU PIS),1071.9,-26,EUR/100 kg net,COT-VRO-veaux_bouch_pis-A25-S36.csv
2025,36,,2025-09-01,2025-09-07,PRIX MOYEN PONDERE AUX 100 KG VIF,771.7,22.1,EUR/100 kg vif,COT-VRO-veaux_bouch_synthese-A25-S36.csv
2025,36,,2025-09-01,2025-09-07,PRIX MOYEN PONDERE AUX 100 KG NET DES VEAUX CLAIRS,809.7,15.6,EUR/100 kg net,COT-VRO-veaux_bouch_synthese-A25-S36.csv
2025,37,,2025-09-08,2025-09-14,ENTREE ABATTOIR,7.89,0.17,EUR/kg carcasse,COT-VRO-veaux_PMP-A25-S37.csv
2025,37,,2025-09-08,2025-09-14,NON ELEVES AU PIS,7.84,0.16,EUR/kg carcasse,COT-VRO-veaux_PMP-A25-S37.csv
2025,37,,2025-09-08,2025-09-14,ELEVES AU PIS,10.9,0.18,EUR/kg carcasse,COT-VRO-veaux_PMP-A25-S37.csv
2025,37,,2025-09-08,2025-09-14,PRIX MOYEN PONDERE AU 100KILO NET (NON ÉLEVÉS AU PIS),784.1,15.7,EUR/100 kg net,COT-VRO-veaux_bouch_non_pis-A25-S37.csv
2025,37,,2025-09-08,2025-09-14,PRIX MOYEN PONDERE AU 100KILO NET (ÉLEVÉS AU PIS),1089.9,18,EUR/100 kg net,COT-VRO-veaux_bouch_pis-A25-S37.csv
2025,37,,2025-09-08,2025-09-14,PRIX MOYEN PONDERE AUX 100 KG VIF,789.2,17.5,EUR/100 kg vif,COT-VRO-veaux_bouch_synthese-A25-S37.csv
2025,37,,2025-09-08,2025-09-14,PRIX MOYEN PONDERE AUX 100 KG NET DES VEAUX CLAIRS,820.9,11.2,EUR/100 kg net,COT-VRO-veaux_bouch_synthese-A25-S37.csv
2025,38,,2025-09-15,2025-09-21,ENTREE ABATTOIR,7.97,0.08,EUR/kg carcasse,COT-VRO-veaux_PMP-A25-S38.csv
2025,38,,2025-09-15,2025-09-21,NON ELEVES AU PIS,7.93,0.09,EUR/kg carcasse,COT-VRO-veaux_PMP-A25-S38.csv
2025,38,,2025-09-15,2025-09-21,ELEVES AU PIS,10.87,-0.03,EUR/kg carcasse,COT-VRO-veaux_PMP-A25-S38.csv
2025,38,,2025-09-15,2025-09-21,PRIX MOYEN PONDERE AU 100KILO NET (NON ÉLEVÉS AU PIS),793.2,9.1,EUR/100 kg net,COT-VRO-veaux_bouch_non_pis-A25-S38.csv
2025,38,,2025-09-15,2025-09-21,PRIX MOYEN PONDERE AU 100KILO NET (ÉLEVÉS AU PIS),1087.3,-2.6,EUR/100 kg net,COT-VRO-veaux_bouch_pis-A25-S38.csv
2025,38,,2025-09-15,2025-09-21,PRIX MOYEN PONDERE AUX 100 KG VIF,796.5,7.3,EUR/100 kg vif,COT-VRO-veaux_bouch_synthese-A25-S38.csv
2025,38,,2025-09-15,2025-09-21,PRIX MOYEN PONDERE AUX 100 KG NET DES VEAUX CLAIRS,834.8,13.9,EUR/100 kg net,COT-VRO-veaux_bouch_synthese-A25-S38.csv
2025,39,,2025-09-22,2025-09-28,ENTREE ABATTOIR,8.06,0.09,EUR/kg carcasse,COT-VRO-veaux_PMP-A25-S39.csv
2025,39,,2025-09-22,2025-09-28,NON ELEVES AU PIS,8.02,0.09,EUR/kg carcasse,COT-VRO-veaux_PMP-A25-S39.csv
2025,39,,2025-09-22,2025-09-28,ELEVES AU PIS,11.07,0.2,EUR/kg carcasse,COT-VRO-veaux_PMP-A25-S39.csv
2025,39,,2025-09-22,2025-09-28,PRIX MOYEN PONDERE AU 100KILO NET (NON ÉLEVÉS AU PIS),802,8.8,EUR/100 kg net,COT-VRO-veaux_bouch_non_pis-A25-S39.csv
2025,39,,2025-09-22,2025-09-28,PRIX MOYEN PONDERE AU 100KILO NET (ÉLEVÉS AU PIS),1106.6,19.3,EUR/100 kg net,COT-VRO-veaux_bouch_pis-A25-S39.csv
2025,39,,2025-09-22,2025-09-28,PRIX MOYEN PONDERE AUX 100 KG VIF,805.5,9,EUR/100 kg vif,COT-VRO-veaux_bouch_synthese-A25-S39.csv
2025,39,,2025-09-22,2025-09-28,PRIX MOYEN PONDERE AUX 100 KG NET DES VEAUX CLAIRS,844.4,9.6,EUR/100 kg net,COT-VRO-veaux_bouch_synthese-A25-S39.csv
2025,40,,2025-09-29,2025-10-05,ENTREE ABATTOIR,8.14,0.08,EUR/kg carcasse,COT-VRO-veaux_PMP-A25-S40.csv
2025,40,,2025-09-29,2025-10-05,NON ELEVES AU PIS,8.12,0.1,EUR/kg carcasse,COT-VRO-veaux_PMP-A25-S40.csv
2025,40,,2025-09-29,2025-10-05,ELEVES AU PIS,11.41,0.34,EUR/kg carcasse,COT-VRO-veaux_PMP-A25-S40.csv
2025,40,,2025-09-29,2025-10-05,PRIX MOYEN PONDERE AU 100KILO NET (NON ÉLEVÉS AU PIS),811.9,9.9,EUR/100 kg net,COT-VRO-veaux_bouch_non_pis-A25-S40.csv
2025,40,,2025-09-29,2025-10-05,PRIX MOYEN PONDERE AU 100KILO NET (ÉLEVÉS AU PIS),1141.1,34.5,EUR/100 kg net,COT-VRO-veaux_bouch_pis-A25-S40.csv
2025,40,,2025-09-29,2025-10-05,PRIX MOYEN PONDERE AUX 100 KG VIF,814.4,8.9,EUR/100 kg vif,COT-VRO-veaux_bouch_synthese-A25-S40.csv
2025,40,,2025-09-29,2025-10-05,PRIX MOYEN PONDERE AUX 100 KG NET DES VEAUX CLAIRS,851.1,6.7,EUR/100 kg net,COT-VRO-veaux_bouch_synthese-A25-S40.csv
2025,41,,2025-10-06,2025-10-12,ENTREE ABATTOIR,8.28,0.14,EUR/kg carcasse,COT-VRO-veaux_PMP-A25-S41.csv
2025,41,,2025-10-06,2025-10-12,NON ELEVES AU PIS,8.29,0.17,EUR/kg carcasse,COT-VRO-veaux_PMP-A25-S41.csv
2025,41,,2025-10-06,2025-10-12,ELEVES AU PIS,11.39,-0.02,EUR/kg carcasse,COT-VRO-veaux_PMP-A25-S41.csv
2025,41,,2025-10-06,2025-10-12,PRIX MOYEN PONDERE AU 100KILO NET (NON ÉLEVÉS AU PIS),829.1,17.2,EUR/100 kg net,COT-VRO-veaux_bouch_non_pis-A25-S41.csv
2025,41,,2025-10-06,2025-10-12,PRIX MOYEN PONDERE AU 100KILO NET (ÉLEVÉS AU PIS),1139.2,-1.9,EUR/100 kg net,COT-VRO-veaux_bouch_pis-A25-S41.csv
2025,41,,2025-10-06,2025-10-12,PRIX MOYEN PONDERE AUX 100 KG VIF,828.1,13.7,EUR/100 kg vif,COT-VRO-veaux_bouch_synthese-A25-S41.csv
2025,41,,2025-10-06,2025-10-12,PRIX MOYEN PONDERE AUX 100 KG NET DES VEAUX CLAIRS,865.2,14.1,EUR/100 kg net,COT-VRO-veaux_bouch_synthese-A25-S41.csv
2025,42,,2025-10-13,2025-10-19,ENTREE ABATTOIR,8.36,0.08,EUR/kg carcasse,COT-VRO-veaux_PMP-A25-S42.csv
2025,42,,2025-10-13,2025-10-19,NON ELEVES AU PIS,8.35,0.06,EUR/kg carcasse,COT-VRO-veaux_PMP-A25-S42.csv
2025,42,,2025-10-13,2025-10-19,ELEVES AU PIS,11.66,0.27,EUR/kg carcasse,COT-VRO-veaux_PMP-A25-S42.csv
2025,42,,2025-10-13,2025-10-19,PRIX MOYEN PONDERE AU 100KILO NET (NON ÉLEVÉS AU PIS),835.3,6.2,EUR/100 kg net,COT-VRO-veaux_bouch_non_pis-A25-S42.csv
2025,42,,2025-10-13,2025-10-19,PRIX MOYEN PONDERE AU 100KILO NET (ÉLEVÉS AU PIS),1165.6,26.4,EUR/100 kg net,COT-VRO-veaux_bouch_pis-A25-S42.csv
2025,42,,2025-10-13,2025-10-19,PRIX MOYEN PONDERE AUX 100 KG VIF,836.1,8,EUR/100 kg vif,COT-VRO-veaux_bouch_synthese-A25-S42.csv
2025,42,,2025-10-13,2025-10-19,PRIX MOYEN PONDERE AUX 100 KG NET DES VEAUX CLAIRS,873.3,8.1,EUR/100 kg net,COT-VRO-veaux_bouch_synthese-A25-S42.csv
2025,43,,2025-10-20,2025-10-26,ENTREE ABATTOIR,8.37,0.01,EUR/kg carcasse,COT-VRO-veaux_PMP-A25-S43.csv
2025,43,,2025-10-20,2025-10-26,NON ELEVES AU PIS,8.42,0.07,EUR/kg carcasse,COT-VRO-veaux_PMP-A25-S43.csv
2025,43,,2025-10-20,2025-10-26,ELEVES AU PIS,11.59,-0.07,EUR/kg carcasse,COT-VRO-veaux_PMP-A25-S43.csv
2025,43,,2025-10-20,2025-10-26,PRIX MOYEN PONDERE AU 100KILO NET (NON ÉLEVÉS AU PIS),841.9,6.6,EUR/100 kg net,COT-VRO-veaux_bouch_non_pis-A25-S43.csv
2025,43,,2025-10-20,2025-10-26,PRIX MOYEN PONDERE AU 100KILO NET (ÉLEVÉS AU PIS),1159.1,-6.5,EUR/100 kg net,COT-VRO-veaux_bouch_pis-A25-S43.csv
2025,43,,2025-10-20,2025-10-26,PRIX MOYEN PONDERE AUX 100 KG VIF,836.8,0.7,EUR/100 kg vif,COT-VRO-veaux_bouch_synthese-A25-S43.csv
2025,43,,2025-10-20,2025-10-26,PRIX MOYEN PONDERE AUX 100 KG NET DES VEAUX CLAIRS,880.6,7.3,EUR/100 kg net,COT-VRO-veaux_bouch_synthese-A25-S43.csv
2025,44,,2025-10-27,2025-11-02,ENTREE ABATTOIR,8.43,0.06,EUR/kg carcasse,COT-VRO-veaux_PMP-A25-S44.csv
2025,44,,2025-10-27,2025-11-02,NON ELEVES AU PIS,8.49,0.07,EUR/kg carcasse,COT-VRO-veaux_PMP-A25-S44.csv
2025,44,,2025-10-27,2025-11-02,ELEVES AU PIS,11.37,-0.22,EUR/kg carcasse,COT-VRO-veaux_PMP-A25-S44.csv
2025,44,,2025-10-27,2025-11-02,PRIX MOYEN PONDERE AU 100KILO NET (NON ÉLEVÉS AU PIS),848.7,6.8,EUR/100 kg net,COT-VRO-veaux_bouch_non_pis-A25-S44.csv
2025,44,,2025-10-27,2025-11-02,PRIX MOYEN PONDERE AU 100KILO NET (ÉLEVÉS AU PIS),1136.7,-22.4,EUR/100 kg net,COT-VRO-veaux_bouch_pis-A25-S44.csv
2025,44,,2025-10-27,2025-11-02,PRIX MOYEN PONDERE AUX 100 KG VIF,843.3,6.5,EUR/100 kg vif,COT-VRO-veaux_bouch_synthese-A25-S44.csv
2025,44,,2025-10-27,2025-11-02,PRIX MOYEN PONDERE AUX 100 KG NET DES VEAUX CLAIRS,879.4,-1.2,EUR/100 kg net,COT-VRO-veaux_bouch_synthese-A25-S44.csv
2025,45,,2025-11-03,2025-11-09,ENTREE ABATTOIR,8.38,-0.05,EUR/kg carcasse,COT-VRO-veaux_PMP-A25-S45.csv
2025,45,,2025-11-03,2025-11-09,NON ELEVES AU PIS,8.5,0.01,EUR/kg carcasse,COT-VRO-veaux_PMP-A25-S45.csv
2025,45,,2025-11-03,2025-11-09,ELEVES AU PIS,11.59,0.22,EUR/kg carcasse,COT-VRO-veaux_PMP-A25-S45.csv
2025,45,,2025-11-03,2025-11-09,PRIX MOYEN PONDERE AU 100KILO NET (NON ÉLEVÉS AU PIS),850.4,1.7,EUR/100 kg net,COT-VRO-veaux_bouch_non_pis-A25-S45.csv
2025,45,,2025-11-03,2025-11-09,PRIX MOYEN PONDERE AU 100KILO NET (ÉLEVÉS AU PIS),1158.7,22,EUR/100 kg net,COT-VRO-veaux_bouch_pis-A25-S45.csv
2025,45,,2025-11-03,2025-11-09,PRIX MOYEN PONDERE AUX 100 KG VIF,838.3,-5,EUR/100 kg vif,COT-VRO-veaux_bouch_synthese-A25-S45.csv
2025,45,,2025-11-03,2025-11-09,PRIX MOYEN PONDERE AUX 100 KG NET DES VEAUX CLAIRS,881.5,2.1,EUR/100 kg net,COT-VRO-veaux_bouch_synthese-A25-S45.csv
2025,46,,2025-11-10,2025-11-16,PRIX MOYEN PONDERE AU 100KILO NET (NON ÉLEVÉS AU PIS),860.2,9.8,EUR/100 kg net,COT-VRO-veaux_bouch_non_pis-A25-S46.csv
2025,46,,2025-11-10,2025-11-16,PRIX MOYEN PONDERE AU 100KILO NET (ÉLEVÉS AU PIS),1197.7,39,EUR/100 kg net,COT-VRO-veaux_bouch_pis-A25-S46.csv
2025,46,,2025-11-10,2025-11-16,PRIX MOYEN PONDERE AUX 100 KG VIF,863.2,24.9,EUR/100 kg vif,COT-VRO-veaux_bouch_synthese-A25-S46.csv
2025,46,,2025-11-10,2025-11-16,PRIX MOYEN PONDERE AUX 100 KG NET DES VEAUX CLAIRS,903.6,22.1,EUR/100 kg net,COT-VRO-veaux_bouch_synthese-A25-S46.csv
2025,47,,2025-11-17,2025-11-23,ENTREE ABATTOIR,8.56,-0.07,EUR/kg carcasse,COT-VRO-veaux_PMP-A25-S47.csv
2025,47,,2025-11-17,2025-11-23,NON ELEVES AU PIS,8.59,-0.01,EUR/kg carcasse,COT-VRO-veaux_PMP-A25-S47.csv
2025,47,,2025-11-17,2025-11-23,ELEVES AU PIS,11.81,-0.17,EUR/kg carcasse,COT-VRO-veaux_PMP-A25-S47.csv
2025,47,,2025-11-17,2025-11-23,PRIX MOYEN PONDERE AU 100KILO NET (NON ÉLEVÉS AU PIS),859.2,-1,EUR/100 kg net,COT-VRO-veaux_bouch_non_pis-A25-S47.csv
2025,47,,2025-11-17,2025-11-23,PRIX MOYEN PONDERE AU 100KILO NET (ÉLEVÉS AU PIS),1181.1,-16.6,EUR/100 kg net,COT-VRO-veaux_bouch_pis-A25-S47.csv
2025,47,,2025-11-17,2025-11-23,PRIX MOYEN PONDERE AUX 100 KG VIF,856.4,-6.8,EUR/100 kg vif,COT-VRO-veaux_bouch_synthese-A25-S47.csv
2025,47,,2025-11-17,2025-11-23,PRIX MOYEN PONDERE AUX 100 KG NET DES VEAUX CLAIRS,909.7,6.1,EUR/100 kg net,COT-VRO-veaux_bouch_synthese-A25-S47.csv
2025,48,,2025-11-24,2025-11-30,ENTREE ABATTOIR,8.65,0.09,EUR/kg carcasse,COT-VRO-veaux_PMP-A25-S48.csv
2025,48,,2025-11-24,2025-11-30,NON ELEVES AU PIS,8.61,0.02,EUR/kg carcasse,COT-VRO-veaux_PMP-A25-S48.csv
2025,48,,2025-11-24,2025-11-30,ELEVES AU PIS,11.91,0.1,EUR/kg carcasse,COT-VRO-veaux_PMP-A25-S48.csv
2025,48,,2025-11-24,2025-11-30,PRIX MOYEN PONDERE AU 100KILO NET (NON ÉLEVÉS AU PIS),860.7,1.5,EUR/100 kg net,COT-VRO-veaux_bouch_non_pis-A25-S48.csv
2025,48,,2025-11-24,2025-11-30,PRIX MOYEN PONDERE AU 100KILO NET (ÉLEVÉS AU PIS),1191.1,10,EUR/100 kg net,COT-VRO-veaux_bouch_pis-A25-S48.csv
2025,48,,2025-11-24,2025-11-30,PRIX MOYEN PONDERE AUX 100 KG VIF,865.1,8.7,EUR/100 kg vif,COT-VRO-veaux_bouch_synthese-A25-S48.csv
2025,48,,2025-11-24,2025-11-30,PRIX MOYEN PONDERE AUX 100 KG NET DES VEAUX CLAIRS,909.7,0,EUR/100 kg net,COT-VRO-veaux_bouch_synthese-A25-S48.csv
2025,49,,2025-12-01,2025-12-07,ENTREE ABATTOIR,8.63,-0.02,EUR/kg carcasse,COT-VRO-veaux_PMP-A25-S49.csv
2025,49,,2025-12-01,2025-12-07,NON ELEVES AU PIS,8.65,0.04,EUR/kg carcasse,COT-VRO-veaux_PMP-A25-S49.csv
2025,49,,2025-12-01,2025-12-07,ELEVES AU PIS,12.04,0.13,EUR/kg carcasse,COT-VRO-veaux_PMP-A25-S49.csv
2025,49,,2025-12-01,2025-12-07,PRIX MOYEN PONDERE AU 100KILO NET (NON ÉLEVÉS AU PIS),864.8,4.1,EUR/100 kg net,COT-VRO-veaux_bouch_non_pis-A25-S49.csv
2025,49,,2025-12-01,2025-12-07,PRIX MOYEN PONDERE AU 100KILO NET (ÉLEVÉS AU PIS),1203.6,12.5,EUR/100 kg net,COT-VRO-veaux_bouch_pis-A25-S49.csv
2025,49,,2025-12-01,2025-12-07,PRIX MOYEN PONDERE AUX 100 KG VIF,863.2,-1.9,EUR/100 kg vif,COT-VRO-veaux_bouch_synthese-A25-S49.csv
2025,49,,2025-12-01,2025-12-07,PRIX MOYEN PONDERE AUX 100 KG NET DES VEAUX CLAIRS,915.1,5.4,EUR/100 kg net,COT-VRO-veaux_bouch_synthese-A25-S49.csv
2025,50,,2025-12-08,2025-12-14,ENTREE ABATTOIR,8.7,0.07,EUR/kg carcasse,COT-VRO-veaux_PMP-A25-S50.csv
2025,50,,2025-12-08,2025-12-14,NON ELEVES AU PIS,8.74,0.09,EUR/kg carcasse,COT-VRO-veaux_PMP-A25-S50.csv
2025,50,,2025-12-08,2025-12-14,ELEVES AU PIS,12.12,0.08,EUR/kg carcasse,COT-VRO-veaux_PMP-A25-S50.csv
2025,50,,2025-12-08,2025-12-14,PRIX MOYEN PONDERE AU 100KILO NET (NON ÉLEVÉS AU PIS),874.4,9.6,EUR/100 kg net,COT-VRO-veaux_bouch_non_pis-A25-S50.csv
2025,50,,2025-12-08,2025-12-14,PRIX MOYEN PONDERE AU 100KILO NET (ÉLEVÉS AU PIS),1212,8.4,EUR/100 kg net,COT-VRO-veaux_bouch_pis-A25-S50.csv
2025,50,,2025-12-08,2025-12-14,PRIX MOYEN PONDERE AUX 100 KG VIF,870,6.8,EUR/100 kg vif,COT-VRO-veaux_bouch_synthese-A25-S50.csv
2025,50,,2025-12-08,2025-12-14,PRIX MOYEN PONDERE AUX 100 KG NET DES VEAUX CLAIRS,918.5,3.4,EUR/100 kg net,COT-VRO-veaux_bouch_synthese-A25-S50.csv
2025,51,,2025-12-15,2025-12-21,ENTREE ABATTOIR,8.8,0.1,EUR/kg carcasse,COT-VRO-veaux_PMP-A25-S51.csv
2025,51,,2025-12-15,2025-12-21,NON ELEVES AU PIS,8.79,0.05,EUR/kg carcasse,COT-VRO-veaux_PMP-A25-S51.csv
2025,51,,2025-12-15,2025-12-21,ELEVES AU PIS,11.9,-0.22,EUR/kg carcasse,COT-VRO-veaux_PMP-A25-S51.csv
2025,51,,2025-12-15,2025-12-21,PRIX MOYEN PONDERE AU 100KILO NET (NON ÉLEVÉS AU PIS),879.2,4.8,EUR/100 kg net,COT-VRO-veaux_bouch_non_pis-A25-S51.csv
2025,51,,2025-12-15,2025-12-21,PRIX MOYEN PONDERE AU 100KILO NET (ÉLEVÉS AU PIS),1190.2,-21.8,EUR/100 kg net,COT-VRO-veaux_bouch_pis-A25-S51.csv
2025,51,,2025-12-15,2025-12-21,PRIX MOYEN PONDERE AUX 100 KG VIF,879.9,9.9,EUR/100 kg vif,COT-VRO-veaux_bouch_synthese-A25-S51.csv
2025,51,,2025-12-15,2025-12-21,PRIX MOYEN PONDERE AUX 100 KG NET DES VEAUX CLAIRS,921.1,2.6,EUR/100 kg net,COT-VRO-veaux_bouch_synthese-A25-S51.csv
2025,52,,2025-12-22,2025-12-28,ENTREE ABATTOIR,8.87,0.07,EUR/kg carcasse,COT-VRO-veaux_PMP-A25-S52.csv
2025,52,,2025-12-22,2025-12-28,NON ELEVES AU PIS,8.86,0.07,EUR/kg carcasse,COT-VRO-veaux_PMP-A25-S52.csv
2025,52,,2025-12-22,2025-12-28,ELEVES AU PIS,12.08,0.18,EUR/kg carcasse,COT-VRO-veaux_PMP-A25-S52.csv
2025,52,,2025-12-22,2025-12-28,PRIX MOYEN PONDERE AU 100KILO NET (NON ÉLEVÉS AU PIS),885.7,6.5,EUR/100 kg net,COT-VRO-veaux_bouch_non_pis-A25-S52.csv
2025,52,,2025-12-22,2025-12-28,PRIX MOYEN PONDERE AU 100KILO NET (ÉLEVÉS AU PIS),1207.9,17.7,EUR/100 kg net,COT-VRO-veaux_bouch_pis-A25-S52.csv
2025,52,,2025-12-22,2025-12-28,PRIX MOYEN PONDERE AUX 100 KG VIF,886.8,6.9,EUR/100 kg vif,COT-VRO-veaux_bouch_synthese-A25-S52.csv
2025,52,,2025-12-22,2025-12-28,PRIX MOYEN PONDERE AUX 100 KG NET DES VEAUX CLAIRS,922.7,1.6,EUR/100 kg net,COT-VRO-veaux_bouch_synthese-A25-S52.csv
2026,1,,2025-12-29,2026-01-04,ENTREE ABATTOIR,8.76,-0.11,EUR/kg carcasse,COT-VRO-veaux_PMP-A26-S01.csv
2026,1,,2025-12-29,2026-01-04,NON ELEVES AU PIS,8.86,0,EUR/kg carcasse,COT-VRO-veaux_PMP-A26-S01.csv
2026,1,,2025-12-29,2026-01-04,ELEVES AU PIS,11.86,-0.22,EUR/kg carcasse,COT-VRO-veaux_PMP-A26-S01.csv
2026,1,,2025-12-29,2026-01-04,PRIX MOYEN PONDERE AU 100KILO NET (NON ÉLEVÉS AU PIS),885.9,0.2,EUR/100 kg net,COT-VRO-veaux_bouch_non_pis-A26-S01.csv
2026,1,,2025-12-29,2026-01-04,PRIX MOYEN PONDERE AU 100KILO NET (ÉLEVÉS AU PIS),1185.8,-22.1,EUR/100 kg net,COT-VRO-veaux_bouch_pis-A26-S01.csv
2026,1,,2025-12-29,2026-01-04,PRIX MOYEN PONDERE AUX 100 KG VIF,876.1,-10.7,EUR/100 kg vif,COT-VRO-veaux_bouch_synthese-A26-S01.csv
2026,1,,2025-12-29,2026-01-04,PRIX MOYEN PONDERE AUX 100 KG NET DES VEAUX CLAIRS,914.3,-8.4,EUR/100 kg net,COT-VRO-veaux_bouch_synthese-A26-S01.csv
2026,2,,2026-01-05,2026-01-11,ENTREE ABATTOIR,8.89,0.13,EUR/kg carcasse,COT-VRO-veaux_PMP-A26-S02.csv
2026,2,,2026-01-05,2026-01-11,NON ELEVES AU PIS,8.87,0.01,EUR/kg carcasse,COT-VRO-veaux_PMP-A26-S02.csv
2026,2,,2026-01-05,2026-01-11,ELEVES AU PIS,11.86,0,EUR/kg carcasse,COT-VRO-veaux_PMP-A26-S02.csv
2026,2,,2026-01-05,2026-01-11,PRIX MOYEN PONDERE AU 100KILO NET (NON ÉLEVÉS AU PIS),887.1,1.2,EUR/100 kg net,COT-VRO-veaux_bouch_non_pis-A26-S02.csv
2026,2,,2026-01-05,2026-01-11,PRIX MOYEN PONDERE AU 100KILO NET (ÉLEVÉS AU PIS),1186.4,0.6,EUR/100 kg net,COT-VRO-veaux_bouch_pis-A26-S02.csv
2026,2,,2026-01-05,2026-01-11,PRIX MOYEN PONDERE AUX 100 KG VIF,889.1,13,EUR/100 kg vif,COT-VRO-veaux_bouch_synthese-A26-S02.csv
2026,2,,2026-01-05,2026-01-11,PRIX MOYEN PONDERE AUX 100 KG NET DES VEAUX CLAIRS,922.4,8.1,EUR/100 kg net,COT-VRO-veaux_bouch_synthese-A26-S02.csv
2026,3,,2026-01-12,2026-01-18,ENTREE ABATTOIR,8.91,0.02,EUR/kg carcasse,COT-VRO-veaux_PMP-A26-S03.csv
2026,3,,2026-01-12,2026-01-18,NON ELEVES AU PIS,8.87,0,EUR/kg carcasse,COT-VRO-veaux_PMP-A26-S03.csv
2026,3,,2026-01-12,2026-01-18,ELEVES AU PIS,12.64,0.78,EUR/kg carcasse,COT-VRO-veaux_PMP-A26-S03.csv
2026,3,,2026-01-12,2026-01-18,PRIX MOYEN PONDERE AU 100KILO NET (NON ÉLEVÉS AU PIS),887.2,0.1,EUR/100 kg net,COT-VRO-veaux_bouch_non_pis-A26-S03.csv
2026,3,,2026-01-12,2026-01-18,PRIX MOYEN PONDERE AU 100KILO NET (ÉLEVÉS AU PIS),1263.7,77.3,EUR/100 kg net,COT-VRO-veaux_bouch_pis-A26-S03.csv
2026,3,,2026-01-12,2026-01-18,PRIX MOYEN PONDERE AUX 100 KG VIF,891,1.9,EUR/100 kg vif,COT-VRO-veaux_bouch_synthese-A26-S03.csv
2026,3,,2026-01-12,2026-01-18,PRIX MOYEN PONDERE AUX 100 KG NET DES VEAUX CLAIRS,936,13.6,EUR/100 kg net,COT-VRO-veaux_bouch_synthese-A26-S03.csv
2026,4,,2026-01-19,2026-01-25,ENTREE ABATTOIR,8.87,-0.04,EUR/kg carcasse,COT-VRO-veaux_PMP-A26-S04.csv
2026,4,,2026-01-19,2026-01-25,NON ELEVES AU PIS,8.93,0.06,EUR/kg carcasse,COT-VRO-veaux_PMP-A26-S04.csv
2026,4,,2026-01-19,2026-01-25,ELEVES AU PIS,12.22,-0.42,EUR/kg carcasse,COT-VRO-veaux_PMP-A26-S04.csv
2026,4,,2026-01-19,2026-01-25,PRIX MOYEN PONDERE AU 100KILO NET (NON ÉLEVÉS AU PIS),892.5,5.3,EUR/100 kg net,COT-VRO-veaux_bouch_non_pis-A26-S04.csv
2026,4,,2026-01-19,2026-01-25,PRIX MOYEN PONDERE AU 100KILO NET (ÉLEVÉS AU PIS),1221.6,-42.1,EUR/100 kg net,COT-VRO-veaux_bouch_pis-A26-S04.csv
2026,4,,2026-01-19,2026-01-25,PRIX MOYEN PONDERE AUX 100 KG VIF,887.2,-3.8,EUR/100 kg vif,COT-VRO-veaux_bouch_synthese-A26-S04.csv
2026,4,,2026-01-19,2026-01-25,PRIX MOYEN PONDERE AUX 100 KG NET DES VEAUX CLAIRS,931.1,-4.9,EUR/100 kg net,COT-VRO-veaux_bouch_synthese-A26-S04.csv
2026,5,,2026-01-26,2026-02-01,ENTREE ABATTOIR,8.95,0.08,EUR/kg carcasse,COT-VRO-veaux_PMP-A26-S05.csv
2026,5,,2026-01-26,2026-02-01,NON ELEVES AU PIS,8.95,0.02,EUR/kg carcasse,COT-VRO-veaux_PMP-A26-S05.csv
2026,5,,2026-01-26,2026-02-01,ELEVES AU PIS,12.17,-0.05,EUR/kg carcasse,COT-VRO-veaux_PMP-A26-S05.csv
2026,5,,2026-01-26,2026-02-01,PRIX MOYEN PONDERE AU 100KILO NET (NON ÉLEVÉS AU PIS),894.8,2.3,EUR/100 kg net,COT-VRO-veaux_bouch_non_pis-A26-S05.csv
2026,5,,2026-01-26,2026-02-01,PRIX MOYEN PONDERE AU 100KILO NET (ÉLEVÉS AU PIS),1217.4,-4.2,EUR/100 kg net,COT-VRO-veaux_bouch_pis-A26-S05.csv
2026,5,,2026-01-26,2026-02-01,PRIX MOYEN PONDERE AUX 100 KG VIF,895,7.8,EUR/100 kg vif,COT-VRO-veaux_bouch_synthese-A26-S05.csv
2026,5,,2026-01-26,2026-02-01,PRIX MOYEN PONDERE AUX 100 KG NET DES VEAUX CLAIRS,938.6,7.5,EUR/100 kg net,COT-VRO-veaux_bouch_synthese-A26-S05.csv
2026,6,,2026-02-02,2026-02-08,ENTREE ABATTOIR,8.96,0.01,EUR/kg carcasse,COT-VRO-veaux_PMP-A26-S06.csv
2026,6,,2026-02-02,2026-02-08,NON ELEVES AU PIS,9.01,0.06,EUR/kg carcasse,COT-VRO-veaux_PMP-A26-S06.csv
2026,6,,2026-02-02,2026-02-08,ELEVES AU PIS,12.15,-0.02,EUR/kg carcasse,COT-VRO-veaux_PMP-A26-S06.csv
2026,6,,2026-02-02,2026-02-08,PRIX MOYEN PONDERE AU 100KILO NET (NON ÉLEVÉS AU PIS),900.5,5.7,EUR/100 kg net,COT-VRO-veaux_bouch_non_pis-A26-S06.csv
2026,6,,2026-02-02,2026-02-08,PRIX MOYEN PONDERE AU 100KILO NET (ÉLEVÉS AU PIS),1215.4,-2,EUR/100 kg net,COT-VRO-veaux_bouch_pis-A26-S06.csv
2026,6,,2026-02-02,2026-02-08,PRIX MOYEN PONDERE AUX 100 KG VIF,896.4,1.4,EUR/100 kg vif,COT-VRO-veaux_bouch_synthese-A26-S06.csv
2026,6,,2026-02-02,2026-02-08,PRIX MOYEN PONDERE AUX 100 KG NET DES VEAUX CLAIRS,939.4,0.8,EUR/100 kg net,COT-VRO-veaux_bouch_synthese-A26-S06.csv
2026,7,,2026-02-09,2026-02-15,ENTREE ABATTOIR,8.99,0.03,EUR/kg carcasse,COT-VRO-veaux_PMP-A26-S07.csv
2026,7,,2026-02-09,2026-02-15,NON ELEVES AU PIS,9.04,0.03,EUR/kg carcasse,COT-VRO-veaux_PMP-A26-S07.csv
2026,7,,2026-02-09,2026-02-15,ELEVES AU PIS,12.28,0.13,EUR/kg carcasse,COT-VRO-veaux_PMP-A26-S07.csv
2026,7,,2026-02-09,2026-02-15,PRIX MOYEN PONDERE AU 100KILO NET (NON ÉLEVÉS AU PIS),904.2,3.7,EUR/100 kg net,COT-VRO-veaux_bouch_non_pis-A26-S07.csv
2026,7,,2026-02-09,2026-02-15,PRIX MOYEN PONDERE AU 100KILO NET (ÉLEVÉS AU PIS),1227.7,12.3,EUR/100 kg net,COT-VRO-veaux_bouch_pis-A26-S07.csv
2026,7,,2026-02-09,2026-02-15,PRIX MOYEN PONDERE AUX 100 KG VIF,899.3,2.9,EUR/100 kg vif,COT-VRO-veaux_bouch_synthese-A26-S07.csv
2026,7,,2026-02-09,2026-02-15,PRIX MOYEN PONDERE AUX 100 KG NET DES VEAUX CLAIRS,943.2,3.8,EUR/100 kg net,COT-VRO-veaux_bouch_synthese-A26-S07.csv
2026,8,,2026-02-16,2026-02-22,ENTREE ABATTOIR,9.08,0.09,EUR/kg carcasse,COT-VRO-veaux_PMP-A26-S08.csv
2026,8,,2026-02-16,2026-02-22,NON ELEVES AU PIS,9.04,0,EUR/kg carcasse,COT-VRO-veaux_PMP-A26-S08.csv
2026,8,,2026-02-16,2026-02-22,ELEVES AU PIS,11.91,-0.37,EUR/kg carcasse,COT-VRO-veaux_PMP-A26-S08.csv
2026,8,,2026-02-16,2026-02-22,PRIX MOYEN PONDERE AU 100KILO NET (NON ÉLEVÉS AU PIS),903.9,-0.3,EUR/100 kg net,COT-VRO-veaux_bouch_non_pis-A26-S08.csv
2026,8,,2026-02-16,2026-02-22,PRIX MOYEN PONDERE AU 100KILO NET (ÉLEVÉS AU PIS),1190.9,-36.8,EUR/100 kg net,COT-VRO-veaux_bouch_pis-A26-S08.csv
2026,8,,2026-02-16,2026-02-22,PRIX MOYEN PONDERE AUX 100 KG VIF,908.3,9,EUR/100 kg vif,COT-VRO-veaux_bouch_synthese-A26-S08.csv
2026,8,,2026-02-16,2026-02-22,PRIX MOYEN PONDERE AUX 100 KG NET DES VEAUX CLAIRS,949.3,6.1,EUR/100 kg net,COT-VRO-veaux_bouch_synthese-A26-S08.csv
2026,9,,2026-02-23,2026-03-01,ENTREE ABATTOIR,9.03,-0.05,EUR/kg carcasse,COT-VRO-veaux_PMP-A26-S09.csv
2026,9,,2026-02-23,2026-03-01,NON ELEVES AU PIS,9.05,0.01,EUR/kg carcasse,COT-VRO-veaux_PMP-A26-S09.csv
2026,9,,2026-02-23,2026-03-01,ELEVES AU PIS,11.93,0.02,EUR/kg carcasse,COT-VRO-veaux_PMP-A26-S09.csv
2026,9,,2026-02-23,2026-03-01,PRIX MOYEN PONDERE AU 100KILO NET (NON ÉLEVÉS AU PIS),905.2,1.3,EUR/100 kg net,COT-VRO-veaux_bouch_non_pis-A26-S09.csv
2026,9,,2026-02-23,2026-03-01,PRIX MOYEN PONDERE AU 100KILO NET (ÉLEVÉS AU PIS),1193.4,2.5,EUR/100 kg net,COT-VRO-veaux_bouch_pis-A26-S09.csv
2026,9,,2026-02-23,2026-03-01,PRIX MOYEN PONDERE AUX 100 KG VIF,903.2,-5.1,EUR/100 kg vif,COT-VRO-veaux_bouch_synthese-A26-S09.csv
2026,9,,2026-02-23,2026-03-01,PRIX MOYEN PONDERE AUX 100 KG NET DES VEAUX CLAIRS,945.2,-4.1,EUR/100 kg net,COT-VRO-veaux_bouch_synthese-A26-S09.csv
2026,10,,2026-03-02,2026-03-08,ENTREE ABATTOIR,9.07,0.04,EUR/kg carcasse,COT-VRO-veaux_PMP-A26-S10.csv
2026,10,,2026-03-02,2026-03-08,NON ELEVES AU PIS,9.08,0.03,EUR/kg carcasse,COT-VRO-veaux_PMP-A26-S10.csv
2026,10,,2026-03-02,2026-03-08,ELEVES AU PIS,11.89,-0.04,EUR/kg carcasse,COT-VRO-veaux_PMP-A26-S10.csv
2026,10,,2026-03-02,2026-03-08,PRIX MOYEN PONDERE AU 100KILO NET (NON ÉLEVÉS AU PIS),907.8,2.6,EUR/100 kg net,COT-VRO-veaux_bouch_non_pis-A26-S10.csv
2026,10,,2026-03-02,2026-03-08,PRIX MOYEN PONDERE AU 100KILO NET (ÉLEVÉS AU PIS),1188.6,-4.8,EUR/100 kg net,COT-VRO-veaux_bouch_pis-A26-S10.csv
2026,10,,2026-03-02,2026-03-08,PRIX MOYEN PONDERE AUX 100 KG VIF,906.6,3.4,EUR/100 kg vif,COT-VRO-veaux_bouch_synthese-A26-S10.csv
2026,10,,2026-03-02,2026-03-08,PRIX MOYEN PONDERE AUX 100 KG NET DES VEAUX CLAIRS,952.1,6.9,EUR/100 kg net,COT-VRO-veaux_bouch_synthese-A26-S10.csv
2026,11,,2026-03-09,2026-03-15,ENTREE ABATTOIR,9.09,0.02,EUR/kg carcasse,COT-VRO-veaux_PMP-A26-S11.csv
2026,11,,2026-03-09,2026-03-15,NON ELEVES AU PIS,9.09,0.01,EUR/kg carcasse,COT-VRO-veaux_PMP-A26-S11.csv
2026,11,,2026-03-09,2026-03-15,ELEVES AU PIS,11.93,0.04,EUR/kg carcasse,COT-VRO-veaux_PMP-A26-S11.csv
2026,11,,2026-03-09,2026-03-15,PRIX MOYEN PONDERE AU 100KILO NET (NON ÉLEVÉS AU PIS),909,1.2,EUR/100 kg net,COT-VRO-veaux_bouch_non_pis-A26-S11.csv
2026,11,,2026-03-09,2026-03-15,PRIX MOYEN PONDERE AU 100KILO NET (ÉLEVÉS AU PIS),1192.7,4.1,EUR/100 kg net,COT-VRO-veaux_bouch_pis-A26-S11.csv
2026,11,,2026-03-09,2026-03-15,PRIX MOYEN PONDERE AUX 100 KG VIF,908.9,2.3,EUR/100 kg vif,COT-VRO-veaux_bouch_synthese-A26-S11.csv
2026,11,,2026-03-09,2026-03-15,PRIX MOYEN PONDERE AUX 100 KG NET DES VEAUX CLAIRS,948.8,-3.3,EUR/100 kg net,COT-VRO-veaux_bouch_synthese-A26-S11.csv
2026,12,,2026-03-16,2026-03-22,ENTREE ABATTOIR,9.13,0.04,EUR/kg carcasse,COT-VRO-veaux_PMP-A26-S12.csv
2026,12,,2026-03-16,2026-03-22,NON ELEVES AU PIS,9.11,0.02,EUR/kg carcasse,COT-VRO-veaux_PMP-A26-S12.csv
2026,12,,2026-03-16,2026-03-22,ELEVES AU PIS,11.93,0,EUR/kg carcasse,COT-VRO-veaux_PMP-A26-S12.csv
2026,12,,2026-03-16,2026-03-22,PRIX MOYEN PONDERE AU 100KILO NET (NON ÉLEVÉS AU PIS),911.1,2.1,EUR/100 kg net,COT-VRO-veaux_bouch_non_pis-A26-S12.csv
2026,12,,2026-03-16,2026-03-22,PRIX MOYEN PONDERE AU 100KILO NET (ÉLEVÉS AU PIS),1193.4,0.7,EUR/100 kg net,COT-VRO-veaux_bouch_pis-A26-S12.csv
2026,12,,2026-03-16,2026-03-22,PRIX MOYEN PONDERE AUX 100 KG VIF,912.5,3.6,EUR/100 kg vif,COT-VRO-veaux_bouch_synthese-A26-S12.csv
2026,12,,2026-03-16,2026-03-22,PRIX MOYEN PONDERE AUX 100 KG NET DES VEAUX CLAIRS,948,-0.8,EUR/100 kg net,COT-VRO-veaux_bouch_synthese-A26-S12.csv
2026,13,,2026-03-23,2026-03-29,ENTREE ABATTOIR,9.02,-0.11,EUR/kg carcasse,COT-VRO-veaux_PMP-A26-S13.csv
2026,13,,2026-03-23,2026-03-29,NON ELEVES AU PIS,9.01,-0.1,EUR/kg carcasse,COT-VRO-veaux_PMP-A26-S13.csv
2026,13,,2026-03-23,2026-03-29,ELEVES AU PIS,12.64,0.71,EUR/kg carcasse,COT-VRO-veaux_PMP-A26-S13.csv
2026,13,,2026-03-23,2026-03-29,PRIX MOYEN PONDERE AU 100KILO NET (NON ÉLEVÉS AU PIS),901.4,-9.7,EUR/100 kg net,COT-VRO-veaux_bouch_non_pis-A26-S13.csv
2026,13,,2026-03-23,2026-03-29,PRIX MOYEN PONDERE AU 100KILO NET (ÉLEVÉS AU PIS),1263.8,70.4,EUR/100 kg net,COT-VRO-veaux_bouch_pis-A26-S13.csv
2026,13,,2026-03-23,2026-03-29,PRIX MOYEN PONDERE AUX 100 KG VIF,902.4,-10.1,EUR/100 kg vif,COT-VRO-veaux_bouch_synthese-A26-S13.csv
2026,13,,2026-03-23,2026-03-29,PRIX MOYEN PONDERE AUX 100 KG NET DES VEAUX CLAIRS,939.2,-8.8,EUR/100 kg net,COT-VRO-veaux_bouch_synthese-A26-S13.csv
2026,14,,2026-03-30,2026-04-05,ENTREE ABATTOIR,9.07,0.05,EUR/kg carcasse,COT-VRO-veaux_PMP-A26-S14.csv
2026,14,,2026-03-30,2026-04-05,NON ELEVES AU PIS,9.04,0.03,EUR/kg carcasse,COT-VRO-veaux_PMP-A26-S14.csv
2026,14,,2026-03-30,2026-04-05,ELEVES AU PIS,11.88,-0.76,EUR/kg carcasse,COT-VRO-veaux_PMP-A26-S14.csv
2026,14,,2026-03-30,2026-04-05,PRIX MOYEN PONDERE AU 100KILO NET (NON ÉLEVÉS AU PIS),903.8,2.4,EUR/100 kg net,COT-VRO-veaux_bouch_non_pis-A26-S14.csv
2026,14,,2026-03-30,2026-04-05,PRIX MOYEN PONDERE AU 100KILO NET (ÉLEVÉS AU PIS),1188.4,-75.4,EUR/100 kg net,COT-VRO-veaux_bouch_pis-A26-S14.csv
2026,14,,2026-03-30,2026-04-05,PRIX MOYEN PONDERE AUX 100 KG VIF,906.8,4.4,EUR/100 kg vif,COT-VRO-veaux_bouch_synthese-A26-S14.csv
2026,14,,2026-03-30,2026-04-05,PRIX MOYEN PONDERE AUX 100 KG NET DES VEAUX CLAIRS,937,-2.2,EUR/100 kg net,COT-VRO-veaux_bouch_synthese-A26-S14.csv
2026,15,,2026-04-06,2026-04-12,ENTREE ABATTOIR,8.94,-0.13,EUR/kg carcasse,COT-VRO-veaux_PMP-A26-S15.csv
2026,15,,2026-04-06,2026-04-12,NON ELEVES AU PIS,8.9,-0.14,EUR/kg carcasse,COT-VRO-veaux_PMP-A26-S15.csv
2026,15,,2026-04-06,2026-04-12,ELEVES AU PIS,12.19,0.31,EUR/kg carcasse,COT-VRO-veaux_PMP-A26-S15.csv
2026,15,,2026-04-06,2026-04-12,PRIX MOYEN PONDERE AU 100KILO NET (NON ÉLEVÉS AU PIS),890.4,-13.4,EUR/100 kg net,COT-VRO-veaux_bouch_non_pis-A26-S15.csv
2026,15,,2026-04-06,2026-04-12,PRIX MOYEN PONDERE AU 100KILO NET (ÉLEVÉS AU PIS),1218.9,30.5,EUR/100 kg net,COT-VRO-veaux_bouch_pis-A26-S15.csv
2026,15,,2026-04-06,2026-04-12,PRIX MOYEN PONDERE AUX 100 KG VIF,894.4,-12.4,EUR/100 kg vif,COT-VRO-veaux_bouch_synthese-A26-S15.csv
2026,15,,2026-04-06,2026-04-12,PRIX MOYEN PONDERE AUX 100 KG NET DES VEAUX CLAIRS,931.8,-5.2,EUR/100 kg net,COT-VRO-veaux_bouch_synthese-A26-S15.csv
2026,16,,2026-04-13,2026-04-19,ENTREE ABATTOIR,8.91,-0.03,EUR/kg carcasse,COT-VRO-veaux_PMP-A26-S16.csv
2026,16,,2026-04-13,2026-04-19,NON ELEVES AU PIS,8.89,-0.01,EUR/kg carcasse,COT-VRO-veaux_PMP-A26-S16.csv
2026,16,,2026-04-13,2026-04-19,ELEVES AU PIS,12.03,-0.16,EUR/kg carcasse,COT-VRO-veaux_PMP-A26-S16.csv
2026,16,,2026-04-13,2026-04-19,PRIX MOYEN PONDERE AU 100KILO NET (NON ÉLEVÉS AU PIS),888.6,-1.8,EUR/100 kg net,COT-VRO-veaux_bouch_non_pis-A26-S16.csv
2026,16,,2026-04-13,2026-04-19,PRIX MOYEN PONDERE AU 100KILO NET (ÉLEVÉS AU PIS),1203.2,-15.7,EUR/100 kg net,COT-VRO-veaux_bouch_pis-A26-S16.csv
2026,16,,2026-04-13,2026-04-19,PRIX MOYEN PONDERE AUX 100 KG VIF,891.1,-3.3,EUR/100 kg vif,COT-VRO-veaux_bouch_synthese-A26-S16.csv
2026,16,,2026-04-13,2026-04-19,PRIX MOYEN PONDERE AUX 100 KG NET DES VEAUX CLAIRS,921.1,-10.7,EUR/100 kg net,COT-VRO-veaux_bouch_synthese-A26-S16.csv
2026,17,,2026-04-20,2026-04-26,ENTREE ABATTOIR,8.76,-0.15,EUR/kg carcasse,COT-VRO-veaux_PMP-A26-S17.csv
2026,17,,2026-04-20,2026-04-26,NON ELEVES AU PIS,8.72,-0.17,EUR/kg carcasse,COT-VRO-veaux_PMP-A26-S17.csv
2026,17,,2026-04-20,2026-04-26,ELEVES AU PIS,12.06,0.03,EUR/kg carcasse,COT-VRO-veaux_PMP-A26-S17.csv
2026,17,,2026-04-20,2026-04-26,PRIX MOYEN PONDERE AU 100KILO NET (NON ÉLEVÉS AU PIS),871.7,-16.9,EUR/100 kg net,COT-VRO-veaux_bouch_non_pis-A26-S17.csv
2026,17,,2026-04-20,2026-04-26,PRIX MOYEN PONDERE AU 100KILO NET (ÉLEVÉS AU PIS),1205.5,2.3,EUR/100 kg net,COT-VRO-veaux_bouch_pis-A26-S17.csv
2026,17,,2026-04-20,2026-04-26,PRIX MOYEN PONDERE AUX 100 KG VIF,875.8,-15.3,EUR/100 kg vif,COT-VRO-veaux_bouch_synthese-A26-S17.csv
2026,17,,2026-04-20,2026-04-26,PRIX MOYEN PONDERE AUX 100 KG NET DES VEAUX CLAIRS,913.7,-7.4,EUR/100 kg net,COT-VRO-veaux_bouch_synthese-A26-S17.csv
2026,18,,2026-04-27,2026-05-03,ENTREE ABATTOIR,8.72,-0.04,EUR/kg carcasse,COT-VRO-veaux_PMP-A26-S18.csv
2026,18,,2026-04-27,2026-05-03,NON ELEVES AU PIS,8.7,-0.02,EUR/kg carcasse,COT-VRO-veaux_PMP-A26-S18.csv
2026,18,,2026-04-27,2026-05-03,ELEVES AU PIS,11.76,-0.3,EUR/kg carcasse,COT-VRO-veaux_PMP-A26-S18.csv
2026,18,,2026-04-27,2026-05-03,PRIX MOYEN PONDERE AU 100KILO NET (NON ÉLEVÉS AU PIS),869.8,-1.9,EUR/100 kg net,COT-VRO-veaux_bouch_non_pis-A26-S18.csv
2026,18,,2026-04-27,2026-05-03,PRIX MOYEN PONDERE AU 100KILO NET (ÉLEVÉS AU PIS),1176.3,-29.2,EUR/100 kg net,COT-VRO-veaux_bouch_pis-A26-S18.csv
2026,18,,2026-04-27,2026-05-03,PRIX MOYEN PONDERE AUX 100 KG VIF,872.2,-3.6,EUR/100 kg vif,COT-VRO-veaux_bouch_synthese-A26-S18.csv
2026,18,,2026-04-27,2026-05-03,PRIX MOYEN PONDERE AUX 100 KG NET DES VEAUX CLAIRS,910.5,-3.2,EUR/100 kg net,COT-VRO-veaux_bouch_synthese-A26-S18.csv
2026,19,,2026-05-04,2026-05-10,ENTREE ABATTOIR,8.53,-0.19,EUR/kg carcasse,COT-VRO-veaux_PMP-A26-S19.csv
2026,19,,2026-05-04,2026-05-10,NON ELEVES AU PIS,8.56,-0.14,EUR/kg carcasse,COT-VRO-veaux_PMP-A26-S19.csv
2026,19,,2026-05-04,2026-05-10,ELEVES AU PIS,12.01,0.25,EUR/kg carcasse,COT-VRO-veaux_PMP-A26-S19.csv
2026,19,,2026-05-04,2026-05-10,PRIX MOYEN PONDERE AU 100KILO NET (NON ÉLEVÉS AU PIS),855.9,-13.9,EUR/100 kg net,COT-VRO-veaux_bouch_non_pis-A26-S19.csv
2026,19,,2026-05-04,2026-05-10,PRIX MOYEN PONDERE AU 100KILO NET (ÉLEVÉS AU PIS),1200.8,24.5,EUR/100 kg net,COT-VRO-veaux_bouch_pis-A26-S19.csv
2026,19,,2026-05-04,2026-05-10,PRIX MOYEN PONDERE AUX 100 KG VIF,852.8,-19.4,EUR/100 kg vif,COT-VRO-veaux_bouch_synthese-A26-S19.csv
2026,19,,2026-05-04,2026-05-10,PRIX MOYEN PONDERE AUX 100 KG NET DES VEAUX CLAIRS,892.7,-17.8,EUR/100 kg net,COT-VRO-veaux_bouch_synthese-A26-S19.csv
2026,20,,2026-05-11,2026-05-17,ENTREE ABATTOIR,8.38,-0.15,EUR/kg carcasse,COT-VRO-veaux_PMP-A26-S20.csv
2026,20,,2026-05-11,2026-05-17,NON ELEVES AU PIS,8.4,-0.16,EUR/kg carcasse,COT-VRO-veaux_PMP-A26-S20.csv
2026,20,,2026-05-11,2026-05-17,ELEVES AU PIS,12.08,0.07,EUR/kg carcasse,COT-VRO-veaux_PMP-A26-S20.csv
2026,20,,2026-05-11,2026-05-17,PRIX MOYEN PONDERE AU 100KILO NET (NON ÉLEVÉS AU PIS),840.3,-15.6,EUR/100 kg net,COT-VRO-veaux_bouch_non_pis-A26-S20.csv
2026,20,,2026-05-11,2026-05-17,PRIX MOYEN PONDERE AU 100KILO NET (ÉLEVÉS AU PIS),1207.9,7.1,EUR/100 kg net,COT-VRO-veaux_bouch_pis-A26-S20.csv
2026,20,,2026-05-11,2026-05-17,PRIX MOYEN PONDERE AUX 100 KG VIF,838.2,-14.6,EUR/100 kg vif,COT-VRO-veaux_bouch_synthese-A26-S20.csv
2026,20,,2026-05-11,2026-05-17,PRIX MOYEN PONDERE AUX 100 KG NET DES VEAUX CLAIRS,878.6,-14.1,EUR/100 kg net,COT-VRO-veaux_bouch_synthese-A26-S20.csv
2026,21,,2026-05-18,2026-05-24,ENTREE ABATTOIR,8.38,0,EUR/kg carcasse,COT-VRO-veaux_PMP-A26-S21.csv
2026,21,,2026-05-18,2026-05-24,NON ELEVES AU PIS,8.29,-0.11,EUR/kg carcasse,COT-VRO-veaux_PMP-A26-S21.csv
2026,21,,2026-05-18,2026-05-24,ELEVES AU PIS,12.36,0.28,EUR/kg carcasse,COT-VRO-veaux_PMP-A26-S21.csv
2026,21,,2026-05-18,2026-05-24,PRIX MOYEN PONDERE AU 100KILO NET (NON ÉLEVÉS AU PIS),828.7,-11.6,EUR/100 kg net,COT-VRO-veaux_bouch_non_pis-A26-S21.csv
2026,21,,2026-05-18,2026-05-24,PRIX MOYEN PONDERE AU 100KILO NET (ÉLEVÉS AU PIS),1235.9,28,EUR/100 kg net,COT-VRO-veaux_bouch_pis-A26-S21.csv
2026,21,,2026-05-18,2026-05-24,PRIX MOYEN PONDERE AUX 100 KG VIF,837.6,-0.6,EUR/100 kg vif,COT-VRO-veaux_bouch_synthese-A26-S21.csv
2026,21,,2026-05-18,2026-05-24,PRIX MOYEN PONDERE AUX 100 KG NET DES VEAUX CLAIRS,871.4,-7.2,EUR/100 kg net,COT-VRO-veaux_bouch_synthese-A26-S21.csv
2026,22,,2026-05-25,2026-05-31,ENTREE ABATTOIR,8.2,-0.18,EUR/kg carcasse,COT-VRO-veaux_PMP-A26-S22.csv
2026,22,,2026-05-25,2026-05-31,NON ELEVES AU PIS,8.22,-0.07,EUR/kg carcasse,COT-VRO-veaux_PMP-A26-S22.csv
2026,22,,2026-05-25,2026-05-31,ELEVES AU PIS,12.12,-0.24,EUR/kg carcasse,COT-VRO-veaux_PMP-A26-S22.csv
2026,22,,2026-05-25,2026-05-31,PRIX MOYEN PONDERE AU 100KILO NET (NON ÉLEVÉS AU PIS),822.2,-6.5,EUR/100 kg net,COT-VRO-veaux_bouch_non_pis-A26-S22.csv
2026,22,,2026-05-25,2026-05-31,PRIX MOYEN PONDERE AU 100KILO NET (ÉLEVÉS AU PIS),1211.6,-24.3,EUR/100 kg net,COT-VRO-veaux_bouch_pis-A26-S22.csv
2026,22,,2026-05-25,2026-05-31,PRIX MOYEN PONDERE AUX 100 KG VIF,820.1,-17.5,EUR/100 kg vif,COT-VRO-veaux_bouch_synthese-A26-S22.csv
2026,22,,2026-05-25,2026-05-31,PRIX MOYEN PONDERE AUX 100 KG NET DES VEAUX CLAIRS,861.3,-10.1,EUR/100 kg net,COT-VRO-veaux_bouch_synthese-A26-S22.csv
2026,23,,2026-06-01,2026-06-07,ENTREE ABATTOIR,8.04,-0.16,EUR/kg carcasse,COT-VRO-veaux_PMP-A26-S23.csv
2026,23,,2026-06-01,2026-06-07,NON ELEVES AU PIS,8.02,-0.2,EUR/kg carcasse,COT-VRO-veaux_PMP-A26-S23.csv
2026,23,,2026-06-01,2026-06-07,ELEVES AU PIS,11.69,-0.43,EUR/kg carcasse,COT-VRO-veaux_PMP-A26-S23.csv
2026,23,,2026-06-01,2026-06-07,PRIX MOYEN PONDERE AU 100KILO NET (NON ÉLEVÉS AU PIS),801.6,-20.6,EUR/100 kg net,COT-VRO-veaux_bouch_non_pis-A26-S23.csv
2026,23,,2026-06-01,2026-06-07,PRIX MOYEN PONDERE AU 100KILO NET (ÉLEVÉS AU PIS),1168.8,-42.8,EUR/100 kg net,COT-VRO-veaux_bouch_pis-A26-S23.csv
2026,23,,2026-06-01,2026-06-07,PRIX MOYEN PONDERE AUX 100 KG VIF,803.9,-16.2,EUR/100 kg vif,COT-VRO-veaux_bouch_synthese-A26-S23.csv
2026,23,,2026-06-01,2026-06-07,PRIX MOYEN PONDERE AUX 100 KG NET DES VEAUX CLAIRS,840.9,-20.4,EUR/100 kg net,COT-VRO-veaux_bouch_synthese-A26-S23.csv
2026,24,,2026-06-08,2026-06-14,ENTREE ABATTOIR,7.97,-0.07,EUR/kg carcasse,COT-VRO-veaux_PMP-A26-S24.csv
2026,24,,2026-06-08,2026-06-14,NON ELEVES AU PIS,7.99,-0.03,EUR/kg carcasse,COT-VRO-veaux_PMP-A26-S24.csv
2026,24,,2026-06-08,2026-06-14,ELEVES AU PIS,11.92,0.23,EUR/kg carcasse,COT-VRO-veaux_PMP-A26-S24.csv
2026,24,,2026-06-08,2026-06-14,PRIX MOYEN PONDERE AU 100KILO NET (NON ÉLEVÉS AU PIS),798.6,-3,EUR/100 kg net,COT-VRO-veaux_bouch_non_pis-A26-S24.csv
2026,24,,2026-06-08,2026-06-14,PRIX MOYEN PONDERE AU 100KILO NET (ÉLEVÉS AU PIS),1192.1,23.3,EUR/100 kg net,COT-VRO-veaux_bouch_pis-A26-S24.csv
2026,24,,2026-06-08,2026-06-14,PRIX MOYEN PONDERE AUX 100 KG VIF,796.6,-7.3,EUR/100 kg vif,COT-VRO-veaux_bouch_synthese-A26-S24.csv
2026,24,,2026-06-08,2026-06-14,PRIX MOYEN PONDERE AUX 100 KG NET DES VEAUX CLAIRS,835.2,-5.7,EUR/100 kg net,COT-VRO-veaux_bouch_synthese-A26-S24.csv
2026,25,,2026-06-15,2026-06-21,ENTREE ABATTOIR,7.76,-0.21,EUR/kg carcasse,COT-VRO-veaux_PMP-A26-S25.csv
2026,25,,2026-06-15,2026-06-21,NON ELEVES AU PIS,7.75,-0.24,EUR/kg carcasse,COT-VRO-veaux_PMP-A26-S25.csv
2026,25,,2026-06-15,2026-06-21,ELEVES AU PIS,11.84,-0.08,EUR/kg carcasse,COT-VRO-veaux_PMP-A26-S25.csv
2026,25,,2026-06-15,2026-06-21,PRIX MOYEN PONDERE AU 100KILO NET (NON ÉLEVÉS AU PIS),774.8,-23.8,EUR/100 kg net,COT-VRO-veaux_bouch_non_pis-A26-S25.csv
2026,25,,2026-06-15,2026-06-21,PRIX MOYEN PONDERE AU 100KILO NET (ÉLEVÉS AU PIS),1184.4,-7.7,EUR/100 kg net,COT-VRO-veaux_bouch_pis-A26-S25.csv
2026,25,,2026-06-15,2026-06-21,PRIX MOYEN PONDERE AUX 100 KG VIF,775.9,-20.7,EUR/100 kg vif,COT-VRO-veaux_bouch_synthese-A26-S25.csv
2026,25,,2026-06-15,2026-06-21,PRIX MOYEN PONDERE AUX 100 KG NET DES VEAUX CLAIRS,820.2,-15,EUR/100 kg net,COT-VRO-veaux_bouch_synthese-A26-S25.csv
2026,26,,2026-06-22,2026-06-28,ENTREE ABATTOIR,7.8,0.04,EUR/kg carcasse,COT-VRO-veaux_PMP-A26-S26.csv
2026,26,,2026-06-22,2026-06-28,NON ELEVES AU PIS,7.78,0.03,EUR/kg carcasse,COT-VRO-veaux_PMP-A26-S26.csv
2026,26,,2026-06-22,2026-06-28,ELEVES AU PIS,11.58,-0.26,EUR/kg carcasse,COT-VRO-veaux_PMP-A26-S26.csv
2026,26,,2026-06-22,2026-06-28,PRIX MOYEN PONDERE AU 100KILO NET (NON ÉLEVÉS AU PIS),777.5,2.7,EUR/100 kg net,COT-VRO-veaux_bouch_non_pis-A26-S26.csv
2026,26,,2026-06-22,2026-06-28,PRIX MOYEN PONDERE AU 100KILO NET (ÉLEVÉS AU PIS),1158.1,-26.3,EUR/100 kg net,COT-VRO-veaux_bouch_pis-A26-S26.csv
2026,26,,2026-06-22,2026-06-28,PRIX MOYEN PONDERE AUX 100 KG VIF,780.3,4.4,EUR/100 kg vif,COT-VRO-veaux_bouch_synthese-A26-S26.csv
2026,26,,2026-06-22,2026-06-28,PRIX MOYEN PONDERE AUX 100 KG NET DES VEAUX CLAIRS,816.3,-3.9,EUR/100 kg net,COT-VRO-veaux_bouch_synthese-A26-S26.csv
2026,27,,2026-06-29,2026-07-05,ENTREE ABATTOIR,7.6,-0.2,EUR/kg carcasse,COT-VRO-veaux_PMP-A26-S27.csv
2026,27,,2026-06-29,2026-07-05,NON ELEVES AU PIS,7.59,-0.19,EUR/kg carcasse,COT-VRO-veaux_PMP-A26-S27.csv
2026,27,,2026-06-29,2026-07-05,ELEVES AU PIS,11.63,0.05,EUR/kg carcasse,COT-VRO-veaux_PMP-A26-S27.csv
2026,27,,2026-06-29,2026-07-05,PRIX MOYEN PONDERE AU 100KILO NET (NON ÉLEVÉS AU PIS),758.7,-18.8,EUR/100 kg net,COT-VRO-veaux_bouch_non_pis-A26-S27.csv
2026,27,,2026-06-29,2026-07-05,PRIX MOYEN PONDERE AU 100KILO NET (ÉLEVÉS AU PIS),1162.8,4.7,EUR/100 kg net,COT-VRO-veaux_bouch_pis-A26-S27.csv
2026,27,,2026-06-29,2026-07-05,PRIX MOYEN PONDERE AUX 100 KG VIF,759.5,-20.8,EUR/100 kg vif,COT-VRO-veaux_bouch_synthese-A26-S27.csv
2026,27,,2026-06-29,2026-07-05,PRIX MOYEN PONDERE AUX 100 KG NET DES VEAUX CLAIRS,806.9,-9.4,EUR/100 kg net,COT-VRO-veaux_bouch_synthese-A26-S27.csv
2026,28,,2026-07-06,2026-07-12,ENTREE ABATTOIR,7.48,-0.12,EUR/kg carcasse,COT-VRO-veaux_PMP-A26-S28.csv
2026,28,,2026-07-06,2026-07-12,NON ELEVES AU PIS,7.48,-0.11,EUR/kg carcasse,COT-VRO-veaux_PMP-A26-S28.csv
2026,28,,2026-07-06,2026-07-12,ELEVES AU PIS,11.71,0.08,EUR/kg carcasse,COT-VRO-veaux_PMP-A26-S28.csv
2026,28,,2026-07-06,2026-07-12,PRIX MOYEN PONDERE AU 100KILO NET (NON ÉLEVÉS AU PIS),747.6,-11.1,EUR/100 kg net,COT-VRO-veaux_bouch_non_pis-A26-S28.csv
2026,28,,2026-07-06,2026-07-12,PRIX MOYEN PONDERE AU 100KILO NET (ÉLEVÉS AU PIS),1171.4,8.6,EUR/100 kg net,COT-VRO-veaux_bouch_pis-A26-S28.csv
2026,28,,2026-07-06,2026-07-12,PRIX MOYEN PONDERE AUX 100 KG VIF,747.9,-11.6,EUR/100 kg vif,COT-VRO-veaux_bouch_synthese-A26-S28.csv
2026,28,,2026-07-06,2026-07-12,PRIX MOYEN PONDERE AUX 100 KG NET DES VEAUX CLAIRS,795.9,-11,EUR/100 kg net,COT-VRO-veaux_bouch_synthese-A26-S28.csv
2026,29,,2026-07-13,2026-07-19,ENTREE ABATTOIR,7.54,0.06,EUR/kg carcasse,COT-VRO-veaux_PMP-A26-S29.csv
2026,29,,2026-07-13,2026-07-19,NON ELEVES AU PIS,7.56,0.08,EUR/kg carcasse,COT-VRO-veaux_PMP-A26-S29.csv
2026,29,,2026-07-13,2026-07-19,ELEVES AU PIS,11.74,0.03,EUR/kg carcasse,COT-VRO-veaux_PMP-A26-S29.csv
2026,29,,2026-07-13,2026-07-19,PRIX MOYEN PONDERE AU 100KILO NET (NON ÉLEVÉS AU PIS),756.3,8.7,EUR/100 kg net,COT-VRO-veaux_bouch_non_pis-A26-S29.csv
2026,29,,2026-07-13,2026-07-19,PRIX MOYEN PONDERE AU 100KILO NET (ÉLEVÉS AU PIS),1174.4,3,EUR/100 kg net,COT-VRO-veaux_bouch_pis-A26-S29.csv
2026,29,,2026-07-13,2026-07-19,PRIX MOYEN PONDERE AUX 100 KG VIF,754.4,6.5,EUR/100 kg vif,COT-VRO-veaux_bouch_synthese-A26-S29.csv
2026,29,,2026-07-13,2026-07-19,PRIX MOYEN PONDERE AUX 100 KG NET DES VEAUX CLAIRS,789,-6.9,EUR/100 kg net,COT-VRO-veaux_bouch_synthese-A26-S29.csv
2026,30,,2026-07-20,2026-07-26,ENTREE ABATTOIR,7.5,-0.04,EUR/kg carcasse,COT-VRO-veaux_PMP-A26-S30.csv
2026,30,,2026-07-20,2026-07-26,NON ELEVES AU PIS,7.48,-0.08,EUR/kg carcasse,COT-VRO-veaux_PMP-A26-S30.csv
2026,30,,2026-07-20,2026-07-26,ELEVES AU PIS,11.7,-0.04,EUR/kg carcasse,COT-VRO-veaux_PMP-A26-S30.csv
2026,30,,2026-07-20,2026-07-26,PRIX MOYEN PONDERE AU 100KILO NET (NON ÉLEVÉS AU PIS),748.3,-8,EUR/100 kg net,COT-VRO-veaux_bouch_non_pis-A26-S30.csv
2026,30,,2026-07-20,2026-07-26,PRIX MOYEN PONDERE AU 100KILO NET (ÉLEVÉS AU PIS),1170,-4.4,EUR/100 kg net,COT-VRO-veaux_bouch_pis-A26-S30.csv
2026,30,,2026-07-20,2026-07-26,PRIX MOYEN PONDERE AUX 100 KG VIF,749.9,-4.5,EUR/100 kg vif,COT-VRO-veaux_bouch_synthese-A26-S30.csv
2026,30,,2026-07-20,2026-07-26,PRIX MOYEN PONDERE AUX 100 KG NET DES VEAUX CLAIRS,783.9,-5.1,EUR/100 kg net,COT-VRO-veaux_bouch_synthese-A26-S30.csv
2026,31,,2026-07-27,2026-08-02,ENTREE ABATTOIR,7.43,-0.07,EUR/kg carcasse,COT-VRO-veaux_PMP-A26-S31.csv
2026,31,,2026-07-27,2026-08-02,NON ELEVES AU PIS,7.39,-0.09,EUR/kg carcasse,COT-VRO-veaux_PMP-A26-S31.csv
2026,31,,2026-07-27,2026-08-02,ELEVES AU PIS,11.34,-0.36,EUR/kg carcasse,COT-VRO-veaux_PMP-A26-S31.csv
2026,31,,2026-07-27,2026-08-02,PRIX MOYEN PONDERE AU 100KILO NET (NON ÉLEVÉS AU PIS),739.4,-8.9,EUR/100 kg net,COT-VRO-veaux_bouch_non_pis-A26-S31.csv
2026,31,,2026-07-27,2026-08-02,PRIX MOYEN PONDERE AU 100KILO NET (ÉLEVÉS AU PIS),1133.7,-36.3,EUR/100 kg net,COT-VRO-veaux_bouch_pis-A26-S31.csv
2026,31,,2026-07-27,2026-08-02,PRIX MOYEN PONDERE AUX 100 KG VIF,742.6,-7.3,EUR/100 kg vif,COT-VRO-veaux_bouch_synthese-A26-S31.csv
2026,31,,2026-07-27,2026-08-02,PRIX MOYEN PONDERE AUX 100 KG NET DES VEAUX CLAIRS,787.4,3.5,EUR/100 kg net,COT-VRO-veaux_bouch_synthese-A26-S31.csv
2026,32,,2026-08-03,2026-08-09,ENTREE ABATTOIR,7.46,0.03,EUR/kg carcasse,COT-VRO-veaux_PMP-A26-S32.csv
2026,32,,2026-08-03,2026-08-09,NON ELEVES AU PIS,7.42,0.03,EUR/kg carcasse,COT-VRO-veaux_PMP-A26-S32.csv
2026,32,,2026-08-03,2026-08-09,ELEVES AU PIS,11.66,0.32,EUR/kg carcasse,COT-VRO-veaux_PMP-A26-S32.csv
2026,32,,2026-08-03,2026-08-09,PRIX MOYEN PONDERE AU 100KILO NET (NON ÉLEVÉS AU PIS),742.1,2.7,EUR/100 kg net,COT-VRO-veaux_bouch_non_pis-A26-S32.csv
2026,32,,2026-08-03,2026-08-09,PRIX MOYEN PONDERE AU 100KILO NET (ÉLEVÉS AU PIS),1165.9,32.2,EUR/100 kg net,COT-VRO-veaux_bouch_pis-A26-S32.csv
2026,32,,2026-08-03,2026-08-09,PRIX MOYEN PONDERE AUX 100 KG VIF,745.5,2.9,EUR/100 kg vif,COT-VRO-veaux_bouch_synthese-A26-S32.csv
2026,32,,2026-08-03,2026-08-09,PRIX MOYEN PONDERE AUX 100 KG NET DES VEAUX CLAIRS,788.2,0.8,EUR/100 kg net,COT-VRO-veaux_bouch_synthese-A26-S32.csv
2026,33,,2026-08-10,2026-08-16,ENTREE ABATTOIR,7.44,-0.02,EUR/kg carcasse,COT-VRO-veaux_PMP-A26-S33.csv
2026,33,,2026-08-10,2026-08-16,NON ELEVES AU PIS,7.46,0.04,EUR/kg carcasse,COT-VRO-veaux_PMP-A26-S33.csv
2026,33,,2026-08-10,2026-08-16,ELEVES AU PIS,11.83,0.17,EUR/kg carcasse,COT-VRO-veaux_PMP-A26-S33.csv
2026,33,,2026-08-10,2026-08-16,PRIX MOYEN PONDERE AU 100KILO NET (NON ÉLEVÉS AU PIS),746.4,4.3,EUR/100 kg net,COT-VRO-veaux_bouch_non_pis-A26-S33.csv
2026,33,,2026-08-10,2026-08-16,PRIX MOYEN PONDERE AU 100KILO NET (ÉLEVÉS AU PIS),1182.6,16.7,EUR/100 kg net,COT-VRO-veaux_bouch_pis-A26-S33.csv
2026,33,,2026-08-10,2026-08-16,PRIX MOYEN PONDERE AUX 100 KG VIF,744.3,-1.2,EUR/100 kg vif,COT-VRO-veaux_bouch_synthese-A26-S33.csv
2026,33,,2026-08-10,2026-08-16,PRIX MOYEN PONDERE AUX 100 KG NET DES VEAUX CLAIRS,788,-0.2,EUR/100 kg net,COT-VRO-veaux_bouch_synthese-A26-S33.csv
2026,34,,2026-08-17,2026-08-23,ENTREE ABATTOIR,7.48,0.04,EUR/kg carcasse,COT-VRO-veaux_PMP-A26-S34.csv
2026,34,,2026-08-17,2026-08-23,NON ELEVES AU PIS,7.44,-0.02,EUR/kg carcasse,COT-VRO-veaux_PMP-A26-S34.csv
2026,34,,2026-08-17,2026-08-23,ELEVES AU PIS,11.74,-0.09,EUR/kg carcasse,COT-VRO-veaux_PMP-A26-S34.csv
2026,34,,2026-08-17,2026-08-23,PRIX MOYEN PONDERE AU 100KILO NET (NON ÉLEVÉS AU PIS),744.2,-2.2,EUR/100 kg net,COT-VRO-veaux_bouch_non_pis-A26-S34.csv
2026,34,,2026-08-17,2026-08-23,PRIX MOYEN PONDERE AU 100KILO NET (ÉLEVÉS AU PIS),1174.2,-8.4,EUR/100 kg net,COT-VRO-veaux_bouch_pis-A26-S34.csv
2026,34,,2026-08-17,2026-08-23,PRIX MOYEN PONDERE AUX 100 KG VIF,747.9,3.6,EUR/100 kg vif,COT-VRO-veaux_bouch_synthese-A26-S34.csv
2026,34,,2026-08-17,2026-08-23,PRIX MOYEN PONDERE AUX 100 KG NET DES VEAUX CLAIRS,787.2,-0.8,EUR/100 kg net,COT-VRO-veaux_bouch_synthese-A26-S34.csv
2026,35,,2026-08-24,2026-08-30,ENTREE ABATTOIR,7.4,-0.08,EUR/kg carcasse,COT-VRO-veaux_PMP-A26-S35.csv
2026,35,,2026-08-24,2026-08-30,NON ELEVES AU PIS,7.43,-0.01,EUR/kg carcasse,COT-VRO-veaux_PMP-A26-S35.csv
2026,35,,2026-08-24,2026-08-30,ELEVES AU PIS,11.7,-0.04,EUR/kg carcasse,COT-VRO-veaux_PMP-A26-S35.csv
2026,35,,2026-08-24,2026-08-30,PRIX MOYEN PONDERE AU 100KILO NET (NON ÉLEVÉS AU PIS),742.6,-1.6,EUR/100 kg net,COT-VRO-veaux_bouch_non_pis-A26-S35.csv
2026,35,,2026-08-24,2026-08-30,PRIX MOYEN PONDERE AU 100KILO NET (ÉLEVÉS AU PIS),1170.1,-4.1,EUR/100 kg net,COT-VRO-veaux_bouch_pis-A26-S35.csv
2026,35,,2026-08-24,2026-08-30,PRIX MOYEN PONDERE AUX 100 KG VIF,739.5,-8.4,EUR/100 kg vif,COT-VRO-veaux_bouch_synthese-A26-S35.csv
2026,35,,2026-08-24,2026-08-30,PRIX MOYEN PONDERE AUX 100 KG NET DES VEAUX CLAIRS,785.7,-1.5,EUR/100 kg net,COT-VRO-veaux_bouch_synthese-A26-S35.csv
2026,36,,2026-08-31,2026-09-06,ENTREE ABATTOIR,7.5,0.1,EUR/kg carcasse,COT-VRO-veaux_PMP-A26-S36.csv
2026,36,,2026-08-31,2026-09-06,NON ELEVES AU PIS,7.47,0.04,EUR/kg carcasse,COT-VRO-veaux_PMP-A26-S36.csv
2026,36,,2026-08-31,2026-09-06,ELEVES AU PIS,11.57,-0.13,EUR/kg carcasse,COT-VRO-veaux_PMP-A26-S36.csv
2026,36,,2026-08-31,2026-09-06,PRIX MOYEN PONDERE AU 100KILO NET (NON ÉLEVÉS AU PIS),747,4.4,EUR/100 kg net,COT-VRO-veaux_bouch_non_pis-A26-S36.csv
2026,36,,2026-08-31,2026-09-06,PRIX MOYEN PONDERE AU 100KILO NET (ÉLEVÉS AU PIS),1156.6,-13.5,EUR/100 kg net,COT-VRO-veaux_bouch_pis-A26-S36.csv
2026,36,,2026-08-31,2026-09-06,PRIX MOYEN PONDERE AUX 100 KG VIF,749.6,10.1,EUR/100 kg vif,COT-VRO-veaux_bouch_synthese-A26-S36.csv
2026,36,,2026-08-31,2026-09-06,PRIX MOYEN PONDERE AUX 100 KG NET DES VEAUX CLAIRS,789.6,3.9,EUR/100 kg net,COT-VRO-veaux_bouch_synthese-A26-S36.csv
2026,37,,2026-09-07,2026-09-13,ENTREE ABATTOIR,7.61,0.11,EUR/kg carcasse,COT-VRO-veaux_PMP-A26-S37.csv
2026,37,,2026-09-07,2026-09-13,NON ELEVES AU PIS,7.57,0.1,EUR/kg carcasse,COT-VRO-veaux_PMP-A26-S37.csv
2026,37,,2026-09-07,2026-09-13,ELEVES AU PIS,11.76,0.19,EUR/kg carcasse,COT-VRO-veaux_PMP-A26-S37.csv
2026,37,,2026-09-07,2026-09-13,PRIX MOYEN PONDERE AU 100KILO NET (NON ÉLEVÉS AU PIS),756.5,9.5,EUR/100 kg net,COT-VRO-veaux_bouch_non_pis-A26-S37.csv
2026,37,,2026-09-07,2026-09-13,PRIX MOYEN PONDERE AU 100KILO NET (ÉLEVÉS AU PIS),1175.9,19.3,EUR/100 kg net,COT-VRO-veaux_bouch_pis-A26-S37.csv
2026,37,,2026-09-07,2026-09-13,PRIX MOYEN PONDERE AUX 100 KG VIF,760.8,11.2,EUR/100 kg vif,COT-VRO-veaux_bouch_synthese-A26-S37.csv
2026,37,,2026-09-07,2026-09-13,PRIX MOYEN PONDERE AUX 100 KG NET DES VEAUX CLAIRS,799.9,10.3,EUR/100 kg net,COT-VRO-veaux_bouch_synthese-A26-S37.csv
2026,38,,2026-09-14,2026-09-20,ENTREE ABATTOIR,7.68,0.07,EUR/kg carcasse,COT-VRO-veaux_PMP-A26-S38.csv
2026,38,,2026-09-14,2026-09-20,NON ELEVES AU PIS,7.64,0.07,EUR/kg carcasse,COT-VRO-veaux_PMP-A26-S38.csv
2026,38,,2026-09-14,2026-09-20,ELEVES AU PIS,11.88,0.12,EUR/kg carcasse,COT-VRO-veaux_PMP-A26-S38.csv
2026,38,,2026-09-14,2026-09-20,PRIX MOYEN PONDERE AU 100KILO NET (NON ÉLEVÉS AU PIS),763.7,7.2,EUR/100 kg net,COT-VRO-veaux_bouch_non_pis-A26-S38.csv
2026,38,,2026-09-14,2026-09-20,PRIX MOYEN PONDERE AU 100KILO NET (ÉLEVÉS AU PIS),1187.7,11.8,EUR/100 kg net,COT-VRO-veaux_bouch_pis-A26-S38.csv
2026,38,,2026-09-14,2026-09-20,PRIX MOYEN PONDERE AUX 100 KG VIF,767.7,6.9,EUR/100 kg vif,COT-VRO-veaux_bouch_synthese-A26-S38.csv
2026,38,,2026-09-14,2026-09-20,PRIX MOYEN PONDERE AUX 100 KG NET DES VEAUX CLAIRS,808.3,8.4,EUR/100 kg net,COT-VRO-veaux_bouch_synthese-A26-S38.csv
